id,true_label,pred_label,metadata,prob_0,prob_1,prob_2
test_Seq_2979,2,2,"benchmark=nucleotide_transformer_downstream_tasks;dataset=splice_sites_all;matching=kmer_balanced;matching_signature=(11, 'CAG');border_estimator=center_window_kmer_jsd;estimator=center_jsd;window=48;search_radius=24;kmer=2;top_ratio=0.25;score_scale=4.0;motif_weight=0.0;motif_radius=12;score_normalization=train_quantile;raw_border_score=0.317606;border_score=1.159356",0.23104560375213623,0.25697678327560425,0.5119776129722595
test_Seq_2853,2,2,"benchmark=nucleotide_transformer_downstream_tasks;dataset=splice_sites_all;matching=kmer_balanced;matching_signature=(8, 'TTC');border_estimator=center_window_kmer_jsd;estimator=center_jsd;window=48;search_radius=24;kmer=2;top_ratio=0.25;score_scale=4.0;motif_weight=0.0;motif_radius=12;score_normalization=train_quantile;raw_border_score=0.209544;border_score=0.994156",0.19656811654567719,0.2195923626422882,0.5838395357131958
test_Seq_2520,2,2,"benchmark=nucleotide_transformer_downstream_tasks;dataset=splice_sites_all;matching=kmer_balanced;matching_signature=(12, 'GGG');border_estimator=center_window_kmer_jsd;estimator=center_jsd;window=48;search_radius=24;kmer=2;top_ratio=0.25;score_scale=4.0;motif_weight=0.0;motif_radius=12;score_normalization=train_quantile;raw_border_score=0.205414;border_score=0.985267",0.3050656318664551,0.31410300731658936,0.38083136081695557
test_Seq_2632,2,2,"benchmark=nucleotide_transformer_downstream_tasks;dataset=splice_sites_all;matching=kmer_balanced;matching_signature=(14, 'CGG');border_estimator=center_window_kmer_jsd;estimator=center_jsd;window=48;search_radius=24;kmer=2;top_ratio=0.25;score_scale=4.0;motif_weight=0.0;motif_radius=12;score_normalization=train_quantile;raw_border_score=0.181279;border_score=0.921178",0.324474573135376,0.3252679705619812,0.3502574861049652
test_Seq_465,0,2,"benchmark=nucleotide_transformer_downstream_tasks;dataset=splice_sites_all;matching=kmer_balanced;matching_signature=(7, 'TTT');border_estimator=center_window_kmer_jsd;estimator=center_jsd;window=48;search_radius=24;kmer=2;top_ratio=0.25;score_scale=4.0;motif_weight=0.0;motif_radius=12;score_normalization=train_quantile;raw_border_score=0.246821;border_score=1.072689",0.2349862903356552,0.25743237137794495,0.5075812935829163
test_Seq_136,0,2,"benchmark=nucleotide_transformer_downstream_tasks;dataset=splice_sites_all;matching=kmer_balanced;matching_signature=(7, 'AAA');border_estimator=center_window_kmer_jsd;estimator=center_jsd;window=48;search_radius=24;kmer=2;top_ratio=0.25;score_scale=4.0;motif_weight=0.0;motif_radius=12;score_normalization=train_quantile;raw_border_score=0.251707;border_score=1.081889",0.22589080035686493,0.2517264783382416,0.5223827362060547
test_Seq_2365,2,2,"benchmark=nucleotide_transformer_downstream_tasks;dataset=splice_sites_all;matching=kmer_balanced;matching_signature=(8, 'GTG');border_estimator=center_window_kmer_jsd;estimator=center_jsd;window=48;search_radius=24;kmer=2;top_ratio=0.25;score_scale=4.0;motif_weight=0.0;motif_radius=12;score_normalization=train_quantile;raw_border_score=0.214478;border_score=1.005044",0.2605225145816803,0.2891271114349365,0.45035043358802795
test_Seq_667,0,2,"benchmark=nucleotide_transformer_downstream_tasks;dataset=splice_sites_all;matching=kmer_balanced;matching_signature=(8, 'TTT');border_estimator=center_window_kmer_jsd;estimator=center_jsd;window=48;search_radius=24;kmer=2;top_ratio=0.25;score_scale=4.0;motif_weight=0.0;motif_radius=12;score_normalization=train_quantile;raw_border_score=0.238838;border_score=1.056111",0.2517067790031433,0.2724606990814209,0.4758324921131134
test_Seq_2704,2,2,"benchmark=nucleotide_transformer_downstream_tasks;dataset=splice_sites_all;matching=kmer_balanced;matching_signature=(7, 'AAA');border_estimator=center_window_kmer_jsd;estimator=center_jsd;window=48;search_radius=24;kmer=2;top_ratio=0.25;score_scale=4.0;motif_weight=0.0;motif_radius=12;score_normalization=train_quantile;raw_border_score=0.169525;border_score=0.889667",0.2404932826757431,0.26887765526771545,0.49062907695770264
test_Seq_2921,2,2,"benchmark=nucleotide_transformer_downstream_tasks;dataset=splice_sites_all;matching=kmer_balanced;matching_signature=(7, 'TTT');border_estimator=center_window_kmer_jsd;estimator=center_jsd;window=48;search_radius=24;kmer=2;top_ratio=0.25;score_scale=4.0;motif_weight=0.0;motif_radius=12;score_normalization=train_quantile;raw_border_score=0.180431;border_score=0.918956",0.251569002866745,0.27525976300239563,0.473171204328537
test_Seq_1896,1,2,"benchmark=nucleotide_transformer_downstream_tasks;dataset=splice_sites_all;matching=kmer_balanced;matching_signature=(7, 'TAT');border_estimator=center_window_kmer_jsd;estimator=center_jsd;window=48;search_radius=24;kmer=2;top_ratio=0.25;score_scale=4.0;motif_weight=0.0;motif_radius=12;score_normalization=train_quantile;raw_border_score=0.165309;border_score=0.879800",0.24169474840164185,0.2680121958255768,0.49029305577278137
test_Seq_2417,2,2,"benchmark=nucleotide_transformer_downstream_tasks;dataset=splice_sites_all;matching=kmer_balanced;matching_signature=(8, 'TTT');border_estimator=center_window_kmer_jsd;estimator=center_jsd;window=48;search_radius=24;kmer=2;top_ratio=0.25;score_scale=4.0;motif_weight=0.0;motif_radius=12;score_normalization=train_quantile;raw_border_score=0.159951;border_score=0.867444",0.25540247559547424,0.2783782482147217,0.4662192165851593
test_Seq_1691,1,2,"benchmark=nucleotide_transformer_downstream_tasks;dataset=splice_sites_all;matching=kmer_balanced;matching_signature=(8, 'AAA');border_estimator=center_window_kmer_jsd;estimator=center_jsd;window=48;search_radius=24;kmer=2;top_ratio=0.25;score_scale=4.0;motif_weight=0.0;motif_radius=12;score_normalization=train_quantile;raw_border_score=0.174504;border_score=0.903622",0.20583567023277283,0.23042894899845123,0.5637353658676147
test_Seq_1909,1,2,"benchmark=nucleotide_transformer_downstream_tasks;dataset=splice_sites_all;matching=kmer_balanced;matching_signature=(10, 'CCA');border_estimator=center_window_kmer_jsd;estimator=center_jsd;window=48;search_radius=24;kmer=2;top_ratio=0.25;score_scale=4.0;motif_weight=0.0;motif_radius=12;score_normalization=train_quantile;raw_border_score=0.138644;border_score=0.829889",0.27144816517829895,0.3032413125038147,0.42531049251556396
test_Seq_1472,1,2,"benchmark=nucleotide_transformer_downstream_tasks;dataset=splice_sites_all;matching=kmer_balanced;matching_signature=(12, 'CTG');border_estimator=center_window_kmer_jsd;estimator=center_jsd;window=48;search_radius=24;kmer=2;top_ratio=0.25;score_scale=4.0;motif_weight=0.0;motif_radius=12;score_normalization=train_quantile;raw_border_score=0.156291;border_score=0.859800",0.30066758394241333,0.32084575295448303,0.378486692905426
test_Seq_1839,1,2,"benchmark=nucleotide_transformer_downstream_tasks;dataset=splice_sites_all;matching=kmer_balanced;matching_signature=(5, 'TTT');border_estimator=center_window_kmer_jsd;estimator=center_jsd;window=48;search_radius=24;kmer=2;top_ratio=0.25;score_scale=4.0;motif_weight=0.0;motif_radius=12;score_normalization=train_quantile;raw_border_score=0.221860;border_score=1.023222",0.25721925497055054,0.2804119884967804,0.46236878633499146
test_Seq_1350,1,2,"benchmark=nucleotide_transformer_downstream_tasks;dataset=splice_sites_all;matching=kmer_balanced;matching_signature=(8, 'AAA');border_estimator=center_window_kmer_jsd;estimator=center_jsd;window=48;search_radius=24;kmer=2;top_ratio=0.25;score_scale=4.0;motif_weight=0.0;motif_radius=12;score_normalization=train_quantile;raw_border_score=0.205385;border_score=0.985178",0.26753807067871094,0.29631033539772034,0.4361515939235687
test_Seq_633,0,2,"benchmark=nucleotide_transformer_downstream_tasks;dataset=splice_sites_all;matching=kmer_balanced;matching_signature=(8, 'AAA');border_estimator=center_window_kmer_jsd;estimator=center_jsd;window=48;search_radius=24;kmer=2;top_ratio=0.25;score_scale=4.0;motif_weight=0.0;motif_radius=12;score_normalization=train_quantile;raw_border_score=0.269802;border_score=1.109889",0.2619374692440033,0.2877431809902191,0.4503193795681
test_Seq_2419,2,2,"benchmark=nucleotide_transformer_downstream_tasks;dataset=splice_sites_all;matching=kmer_balanced;matching_signature=(13, 'GGG');border_estimator=center_window_kmer_jsd;estimator=center_jsd;window=48;search_radius=24;kmer=2;top_ratio=0.25;score_scale=4.0;motif_weight=0.0;motif_radius=12;score_normalization=train_quantile;raw_border_score=0.197733;border_score=0.965000",0.3063407242298126,0.3224228620529175,0.3712364137172699
test_Seq_2273,2,2,"benchmark=nucleotide_transformer_downstream_tasks;dataset=splice_sites_all;matching=kmer_balanced;matching_signature=(12, 'GGG');border_estimator=center_window_kmer_jsd;estimator=center_jsd;window=48;search_radius=24;kmer=2;top_ratio=0.25;score_scale=4.0;motif_weight=0.0;motif_radius=12;score_normalization=train_quantile;raw_border_score=0.166918;border_score=0.883933",0.28763070702552795,0.30245116353034973,0.4099180996417999
test_Seq_140,0,2,"benchmark=nucleotide_transformer_downstream_tasks;dataset=splice_sites_all;matching=kmer_balanced;matching_signature=(8, 'AAA');border_estimator=center_window_kmer_jsd;estimator=center_jsd;window=48;search_radius=24;kmer=2;top_ratio=0.25;score_scale=4.0;motif_weight=0.0;motif_radius=12;score_normalization=train_quantile;raw_border_score=0.395331;border_score=1.189000",0.2442176192998886,0.2625778913497925,0.4932045340538025
test_Seq_2560,2,2,"benchmark=nucleotide_transformer_downstream_tasks;dataset=splice_sites_all;matching=kmer_balanced;matching_signature=(7, 'TTT');border_estimator=center_window_kmer_jsd;estimator=center_jsd;window=48;search_radius=24;kmer=2;top_ratio=0.25;score_scale=4.0;motif_weight=0.0;motif_radius=12;score_normalization=train_quantile;raw_border_score=0.154750;border_score=0.856733",0.26707008481025696,0.29660651087760925,0.4363234341144562
test_Seq_1667,1,2,"benchmark=nucleotide_transformer_downstream_tasks;dataset=splice_sites_all;matching=kmer_balanced;matching_signature=(8, 'AAA');border_estimator=center_window_kmer_jsd;estimator=center_jsd;window=48;search_radius=24;kmer=2;top_ratio=0.25;score_scale=4.0;motif_weight=0.0;motif_radius=12;score_normalization=train_quantile;raw_border_score=0.176269;border_score=0.908867",0.267319917678833,0.29053995013237,0.442140132188797
test_Seq_2729,2,2,"benchmark=nucleotide_transformer_downstream_tasks;dataset=splice_sites_all;matching=kmer_balanced;matching_signature=(6, 'AAA');border_estimator=center_window_kmer_jsd;estimator=center_jsd;window=48;search_radius=24;kmer=2;top_ratio=0.25;score_scale=4.0;motif_weight=0.0;motif_radius=12;score_normalization=train_quantile;raw_border_score=0.229686;border_score=1.039133",0.2576426863670349,0.28401196002960205,0.45834535360336304
test_Seq_1169,1,2,"benchmark=nucleotide_transformer_downstream_tasks;dataset=splice_sites_all;matching=kmer_balanced;matching_signature=(9, 'TCT');border_estimator=center_window_kmer_jsd;estimator=center_jsd;window=48;search_radius=24;kmer=2;top_ratio=0.25;score_scale=4.0;motif_weight=0.0;motif_radius=12;score_normalization=train_quantile;raw_border_score=0.200967;border_score=0.973178",0.29899862408638,0.3282201588153839,0.3727811574935913
test_Seq_30,0,2,"benchmark=nucleotide_transformer_downstream_tasks;dataset=splice_sites_all;matching=kmer_balanced;matching_signature=(11, 'GGG');border_estimator=center_window_kmer_jsd;estimator=center_jsd;window=48;search_radius=24;kmer=2;top_ratio=0.25;score_scale=4.0;motif_weight=0.0;motif_radius=12;score_normalization=train_quantile;raw_border_score=0.149944;border_score=0.847667",0.32556432485580444,0.33381515741348267,0.3406204879283905
test_Seq_1473,1,2,"benchmark=nucleotide_transformer_downstream_tasks;dataset=splice_sites_all;matching=kmer_balanced;matching_signature=(9, 'AAA');border_estimator=center_window_kmer_jsd;estimator=center_jsd;window=48;search_radius=24;kmer=2;top_ratio=0.25;score_scale=4.0;motif_weight=0.0;motif_radius=12;score_normalization=train_quantile;raw_border_score=0.118431;border_score=0.810022",0.23013854026794434,0.25692373514175415,0.5129377245903015
test_Seq_2803,2,2,"benchmark=nucleotide_transformer_downstream_tasks;dataset=splice_sites_all;matching=kmer_balanced;matching_signature=(8, 'TTT');border_estimator=center_window_kmer_jsd;estimator=center_jsd;window=48;search_radius=24;kmer=2;top_ratio=0.25;score_scale=4.0;motif_weight=0.0;motif_radius=12;score_normalization=train_quantile;raw_border_score=0.216444;border_score=1.010067",0.2449297457933426,0.2760019302368164,0.4790683090686798
test_Seq_2930,2,2,"benchmark=nucleotide_transformer_downstream_tasks;dataset=splice_sites_all;matching=kmer_balanced;matching_signature=(6, 'TTT');border_estimator=center_window_kmer_jsd;estimator=center_jsd;window=48;search_radius=24;kmer=2;top_ratio=0.25;score_scale=4.0;motif_weight=0.0;motif_radius=12;score_normalization=train_quantile;raw_border_score=0.164815;border_score=0.878556",0.27275991439819336,0.3007822036743164,0.4264579117298126
test_Seq_2106,2,2,"benchmark=nucleotide_transformer_downstream_tasks;dataset=splice_sites_all;matching=kmer_balanced;matching_signature=(9, 'CAG');border_estimator=center_window_kmer_jsd;estimator=center_jsd;window=48;search_radius=24;kmer=2;top_ratio=0.25;score_scale=4.0;motif_weight=0.0;motif_radius=12;score_normalization=train_quantile;raw_border_score=0.349729;border_score=1.176822",0.22341924905776978,0.24895694851875305,0.5276238322257996
test_Seq_1104,1,2,"benchmark=nucleotide_transformer_downstream_tasks;dataset=splice_sites_all;matching=kmer_balanced;matching_signature=(8, 'TTT');border_estimator=center_window_kmer_jsd;estimator=center_jsd;window=48;search_radius=24;kmer=2;top_ratio=0.25;score_scale=4.0;motif_weight=0.0;motif_radius=12;score_normalization=train_quantile;raw_border_score=0.184519;border_score=0.928956",0.24441400170326233,0.27028244733810425,0.48530346155166626
test_Seq_1406,1,2,"benchmark=nucleotide_transformer_downstream_tasks;dataset=splice_sites_all;matching=kmer_balanced;matching_signature=(7, 'TTT');border_estimator=center_window_kmer_jsd;estimator=center_jsd;window=48;search_radius=24;kmer=2;top_ratio=0.25;score_scale=4.0;motif_weight=0.0;motif_radius=12;score_normalization=train_quantile;raw_border_score=0.290399;border_score=1.136556",0.24447405338287354,0.26746875047683716,0.4880571961402893
test_Seq_1677,1,2,"benchmark=nucleotide_transformer_downstream_tasks;dataset=splice_sites_all;matching=kmer_balanced;matching_signature=(8, 'TTT');border_estimator=center_window_kmer_jsd;estimator=center_jsd;window=48;search_radius=24;kmer=2;top_ratio=0.25;score_scale=4.0;motif_weight=0.0;motif_radius=12;score_normalization=train_quantile;raw_border_score=0.192714;border_score=0.951444",0.23408854007720947,0.26827213168144226,0.4976392984390259
test_Seq_1264,1,2,"benchmark=nucleotide_transformer_downstream_tasks;dataset=splice_sites_all;matching=kmer_balanced;matching_signature=(9, 'CTG');border_estimator=center_window_kmer_jsd;estimator=center_jsd;window=48;search_radius=24;kmer=2;top_ratio=0.25;score_scale=4.0;motif_weight=0.0;motif_radius=12;score_normalization=train_quantile;raw_border_score=0.157283;border_score=0.861711",0.267520010471344,0.28866979479789734,0.4438101351261139
test_Seq_1778,1,2,"benchmark=nucleotide_transformer_downstream_tasks;dataset=splice_sites_all;matching=kmer_balanced;matching_signature=(6, 'AAA');border_estimator=center_window_kmer_jsd;estimator=center_jsd;window=48;search_radius=24;kmer=2;top_ratio=0.25;score_scale=4.0;motif_weight=0.0;motif_radius=12;score_normalization=train_quantile;raw_border_score=0.314207;border_score=1.156867",0.26280465722084045,0.282655268907547,0.4545401334762573
test_Seq_2166,2,2,"benchmark=nucleotide_transformer_downstream_tasks;dataset=splice_sites_all;matching=kmer_balanced;matching_signature=(12, 'CCC');border_estimator=center_window_kmer_jsd;estimator=center_jsd;window=48;search_radius=24;kmer=2;top_ratio=0.25;score_scale=4.0;motif_weight=0.0;motif_radius=12;score_normalization=train_quantile;raw_border_score=0.228521;border_score=1.037044",0.31831589341163635,0.3238392174243927,0.35784485936164856
test_Seq_638,0,2,"benchmark=nucleotide_transformer_downstream_tasks;dataset=splice_sites_all;matching=kmer_balanced;matching_signature=(11, 'CTG');border_estimator=center_window_kmer_jsd;estimator=center_jsd;window=48;search_radius=24;kmer=2;top_ratio=0.25;score_scale=4.0;motif_weight=0.0;motif_radius=12;score_normalization=train_quantile;raw_border_score=0.134643;border_score=0.824778",0.29797816276550293,0.3228616714477539,0.3791601061820984
test_Seq_2238,2,2,"benchmark=nucleotide_transformer_downstream_tasks;dataset=splice_sites_all;matching=kmer_balanced;matching_signature=(13, 'GGG');border_estimator=center_window_kmer_jsd;estimator=center_jsd;window=48;search_radius=24;kmer=2;top_ratio=0.25;score_scale=4.0;motif_weight=0.0;motif_radius=12;score_normalization=train_quantile;raw_border_score=0.225393;border_score=1.030867",0.31843048334121704,0.3251754343509674,0.35639405250549316
test_Seq_1346,1,2,"benchmark=nucleotide_transformer_downstream_tasks;dataset=splice_sites_all;matching=kmer_balanced;matching_signature=(9, 'CTG');border_estimator=center_window_kmer_jsd;estimator=center_jsd;window=48;search_radius=24;kmer=2;top_ratio=0.25;score_scale=4.0;motif_weight=0.0;motif_radius=12;score_normalization=train_quantile;raw_border_score=0.242915;border_score=1.065356",0.23648008704185486,0.2646954655647278,0.49882444739341736
test_Seq_1365,1,2,"benchmark=nucleotide_transformer_downstream_tasks;dataset=splice_sites_all;matching=kmer_balanced;matching_signature=(7, 'TTT');border_estimator=center_window_kmer_jsd;estimator=center_jsd;window=48;search_radius=24;kmer=2;top_ratio=0.25;score_scale=4.0;motif_weight=0.0;motif_radius=12;score_normalization=train_quantile;raw_border_score=0.282451;border_score=1.127000",0.2490328997373581,0.2852709889411926,0.4656960964202881
test_Seq_1234,1,2,"benchmark=nucleotide_transformer_downstream_tasks;dataset=splice_sites_all;matching=kmer_balanced;matching_signature=(7, 'TTT');border_estimator=center_window_kmer_jsd;estimator=center_jsd;window=48;search_radius=24;kmer=2;top_ratio=0.25;score_scale=4.0;motif_weight=0.0;motif_radius=12;score_normalization=train_quantile;raw_border_score=0.210312;border_score=0.996022",0.2760661244392395,0.2995608150959015,0.424373060464859
test_Seq_2456,2,2,"benchmark=nucleotide_transformer_downstream_tasks;dataset=splice_sites_all;matching=kmer_balanced;matching_signature=(9, 'TTT');border_estimator=center_window_kmer_jsd;estimator=center_jsd;window=48;search_radius=24;kmer=2;top_ratio=0.25;score_scale=4.0;motif_weight=0.0;motif_radius=12;score_normalization=train_quantile;raw_border_score=0.255845;border_score=1.088956",0.28833284974098206,0.30750572681427,0.4041614234447479
test_Seq_481,0,2,"benchmark=nucleotide_transformer_downstream_tasks;dataset=splice_sites_all;matching=kmer_balanced;matching_signature=(10, 'CAG');border_estimator=center_window_kmer_jsd;estimator=center_jsd;window=48;search_radius=24;kmer=2;top_ratio=0.25;score_scale=4.0;motif_weight=0.0;motif_radius=12;score_normalization=train_quantile;raw_border_score=0.210384;border_score=0.996156",0.28925320506095886,0.30474597215652466,0.4060007929801941
test_Seq_1012,1,2,"benchmark=nucleotide_transformer_downstream_tasks;dataset=splice_sites_all;matching=kmer_balanced;matching_signature=(7, 'TTT');border_estimator=center_window_kmer_jsd;estimator=center_jsd;window=48;search_radius=24;kmer=2;top_ratio=0.25;score_scale=4.0;motif_weight=0.0;motif_radius=12;score_normalization=train_quantile;raw_border_score=0.215790;border_score=1.008156",0.24283641576766968,0.26814866065979004,0.48901498317718506
test_Seq_1439,1,2,"benchmark=nucleotide_transformer_downstream_tasks;dataset=splice_sites_all;matching=kmer_balanced;matching_signature=(9, 'CTG');border_estimator=center_window_kmer_jsd;estimator=center_jsd;window=48;search_radius=24;kmer=2;top_ratio=0.25;score_scale=4.0;motif_weight=0.0;motif_radius=12;score_normalization=train_quantile;raw_border_score=0.194698;border_score=0.956244",0.2992510199546814,0.3199854791164398,0.38076353073120117
test_Seq_910,0,2,"benchmark=nucleotide_transformer_downstream_tasks;dataset=splice_sites_all;matching=kmer_balanced;matching_signature=(11, 'CCA');border_estimator=center_window_kmer_jsd;estimator=center_jsd;window=48;search_radius=24;kmer=2;top_ratio=0.25;score_scale=4.0;motif_weight=0.0;motif_radius=12;score_normalization=train_quantile;raw_border_score=0.300198;border_score=1.146378",0.2631837725639343,0.27965208888053894,0.45716407895088196
test_Seq_2105,2,2,"benchmark=nucleotide_transformer_downstream_tasks;dataset=splice_sites_all;matching=kmer_balanced;matching_signature=(8, 'AAA');border_estimator=center_window_kmer_jsd;estimator=center_jsd;window=48;search_radius=24;kmer=2;top_ratio=0.25;score_scale=4.0;motif_weight=0.0;motif_radius=12;score_normalization=train_quantile;raw_border_score=0.274746;border_score=1.116956",0.2109745293855667,0.23886233568191528,0.5501631498336792
test_Seq_2945,2,2,"benchmark=nucleotide_transformer_downstream_tasks;dataset=splice_sites_all;matching=kmer_balanced;matching_signature=(10, 'CCA');border_estimator=center_window_kmer_jsd;estimator=center_jsd;window=48;search_radius=24;kmer=2;top_ratio=0.25;score_scale=4.0;motif_weight=0.0;motif_radius=12;score_normalization=train_quantile;raw_border_score=0.261890;border_score=1.098733",0.30003154277801514,0.31253281235694885,0.387435644865036
test_Seq_1989,1,2,"benchmark=nucleotide_transformer_downstream_tasks;dataset=splice_sites_all;matching=kmer_balanced;matching_signature=(6, 'TTT');border_estimator=center_window_kmer_jsd;estimator=center_jsd;window=48;search_radius=24;kmer=2;top_ratio=0.25;score_scale=4.0;motif_weight=0.0;motif_radius=12;score_normalization=train_quantile;raw_border_score=0.247959;border_score=1.075089",0.2679813802242279,0.28458741307258606,0.4474312365055084
test_Seq_1090,1,2,"benchmark=nucleotide_transformer_downstream_tasks;dataset=splice_sites_all;matching=kmer_balanced;matching_signature=(8, 'TTT');border_estimator=center_window_kmer_jsd;estimator=center_jsd;window=48;search_radius=24;kmer=2;top_ratio=0.25;score_scale=4.0;motif_weight=0.0;motif_radius=12;score_normalization=train_quantile;raw_border_score=0.239577;border_score=1.057489",0.18951871991157532,0.21432794630527496,0.5961533784866333
test_Seq_785,0,2,"benchmark=nucleotide_transformer_downstream_tasks;dataset=splice_sites_all;matching=kmer_balanced;matching_signature=(8, 'TTT');border_estimator=center_window_kmer_jsd;estimator=center_jsd;window=48;search_radius=24;kmer=2;top_ratio=0.25;score_scale=4.0;motif_weight=0.0;motif_radius=12;score_normalization=train_quantile;raw_border_score=0.211729;border_score=0.999222",0.283529669046402,0.30591437220573425,0.41055598855018616
test_Seq_1981,1,2,"benchmark=nucleotide_transformer_downstream_tasks;dataset=splice_sites_all;matching=kmer_balanced;matching_signature=(11, 'GGG');border_estimator=center_window_kmer_jsd;estimator=center_jsd;window=48;search_radius=24;kmer=2;top_ratio=0.25;score_scale=4.0;motif_weight=0.0;motif_radius=12;score_normalization=train_quantile;raw_border_score=0.180717;border_score=0.919667",0.3165680170059204,0.3261784315109253,0.3572534918785095
test_Seq_1804,1,2,"benchmark=nucleotide_transformer_downstream_tasks;dataset=splice_sites_all;matching=kmer_balanced;matching_signature=(6, 'TTT');border_estimator=center_window_kmer_jsd;estimator=center_jsd;window=48;search_radius=24;kmer=2;top_ratio=0.25;score_scale=4.0;motif_weight=0.0;motif_radius=12;score_normalization=train_quantile;raw_border_score=0.191568;border_score=0.948556",0.22694943845272064,0.2553345263004303,0.5177159905433655
test_Seq_2380,2,2,"benchmark=nucleotide_transformer_downstream_tasks;dataset=splice_sites_all;matching=kmer_balanced;matching_signature=(8, 'TTT');border_estimator=center_window_kmer_jsd;estimator=center_jsd;window=48;search_radius=24;kmer=2;top_ratio=0.25;score_scale=4.0;motif_weight=0.0;motif_radius=12;score_normalization=train_quantile;raw_border_score=0.187303;border_score=0.936822",0.2852374315261841,0.3119846284389496,0.4027779996395111
test_Seq_2423,2,2,"benchmark=nucleotide_transformer_downstream_tasks;dataset=splice_sites_all;matching=kmer_balanced;matching_signature=(7, 'TTT');border_estimator=center_window_kmer_jsd;estimator=center_jsd;window=48;search_radius=24;kmer=2;top_ratio=0.25;score_scale=4.0;motif_weight=0.0;motif_radius=12;score_normalization=train_quantile;raw_border_score=0.128517;border_score=0.817711",0.26340538263320923,0.291221559047699,0.4453730583190918
test_Seq_777,0,2,"benchmark=nucleotide_transformer_downstream_tasks;dataset=splice_sites_all;matching=kmer_balanced;matching_signature=(7, 'ATT');border_estimator=center_window_kmer_jsd;estimator=center_jsd;window=48;search_radius=24;kmer=2;top_ratio=0.25;score_scale=4.0;motif_weight=0.0;motif_radius=12;score_normalization=train_quantile;raw_border_score=0.247575;border_score=1.074111",0.21394082903862,0.2419307678937912,0.5441283583641052
test_Seq_2186,2,2,"benchmark=nucleotide_transformer_downstream_tasks;dataset=splice_sites_all;matching=kmer_balanced;matching_signature=(7, 'AAA');border_estimator=center_window_kmer_jsd;estimator=center_jsd;window=48;search_radius=24;kmer=2;top_ratio=0.25;score_scale=4.0;motif_weight=0.0;motif_radius=12;score_normalization=train_quantile;raw_border_score=0.136040;border_score=0.826733",0.2806105613708496,0.30598437786102295,0.41340506076812744
test_Seq_1116,1,2,"benchmark=nucleotide_transformer_downstream_tasks;dataset=splice_sites_all;matching=kmer_balanced;matching_signature=(6, 'AAA');border_estimator=center_window_kmer_jsd;estimator=center_jsd;window=48;search_radius=24;kmer=2;top_ratio=0.25;score_scale=4.0;motif_weight=0.0;motif_radius=12;score_normalization=train_quantile;raw_border_score=0.208159;border_score=0.990600",0.28296229243278503,0.29709553718566895,0.4199422299861908
test_Seq_967,0,2,"benchmark=nucleotide_transformer_downstream_tasks;dataset=splice_sites_all;matching=kmer_balanced;matching_signature=(8, 'TTT');border_estimator=center_window_kmer_jsd;estimator=center_jsd;window=48;search_radius=24;kmer=2;top_ratio=0.25;score_scale=4.0;motif_weight=0.0;motif_radius=12;score_normalization=train_quantile;raw_border_score=0.290994;border_score=1.137267",0.3172621428966522,0.3293496370315552,0.3533881604671478
test_Seq_656,0,0,"benchmark=nucleotide_transformer_downstream_tasks;dataset=splice_sites_all;matching=kmer_balanced;matching_signature=(13, 'GGC');border_estimator=center_window_kmer_jsd;estimator=center_jsd;window=48;search_radius=24;kmer=2;top_ratio=0.25;score_scale=4.0;motif_weight=0.0;motif_radius=12;score_normalization=train_quantile;raw_border_score=0.256349;border_score=1.089756",0.3609498143196106,0.3388199508190155,0.3002302348613739
test_Seq_1889,1,2,"benchmark=nucleotide_transformer_downstream_tasks;dataset=splice_sites_all;matching=kmer_balanced;matching_signature=(8, 'AGA');border_estimator=center_window_kmer_jsd;estimator=center_jsd;window=48;search_radius=24;kmer=2;top_ratio=0.25;score_scale=4.0;motif_weight=0.0;motif_radius=12;score_normalization=train_quantile;raw_border_score=0.291583;border_score=1.137978",0.24652233719825745,0.26593658328056335,0.48754116892814636
test_Seq_190,0,2,"benchmark=nucleotide_transformer_downstream_tasks;dataset=splice_sites_all;matching=kmer_balanced;matching_signature=(8, 'TTT');border_estimator=center_window_kmer_jsd;estimator=center_jsd;window=48;search_radius=24;kmer=2;top_ratio=0.25;score_scale=4.0;motif_weight=0.0;motif_radius=12;score_normalization=train_quantile;raw_border_score=0.491455;border_score=1.198022",0.2047746181488037,0.22581009566783905,0.5694152116775513
test_Seq_1732,1,2,"benchmark=nucleotide_transformer_downstream_tasks;dataset=splice_sites_all;matching=kmer_balanced;matching_signature=(6, 'TTT');border_estimator=center_window_kmer_jsd;estimator=center_jsd;window=48;search_radius=24;kmer=2;top_ratio=0.25;score_scale=4.0;motif_weight=0.0;motif_radius=12;score_normalization=train_quantile;raw_border_score=0.171222;border_score=0.893667",0.22375363111495972,0.24660775065422058,0.5296385884284973
test_Seq_1821,1,2,"benchmark=nucleotide_transformer_downstream_tasks;dataset=splice_sites_all;matching=kmer_balanced;matching_signature=(10, 'CTG');border_estimator=center_window_kmer_jsd;estimator=center_jsd;window=48;search_radius=24;kmer=2;top_ratio=0.25;score_scale=4.0;motif_weight=0.0;motif_radius=12;score_normalization=train_quantile;raw_border_score=0.183856;border_score=0.927044",0.30855444073677063,0.31637346744537354,0.37507209181785583
test_Seq_206,0,2,"benchmark=nucleotide_transformer_downstream_tasks;dataset=splice_sites_all;matching=kmer_balanced;matching_signature=(9, 'TTT');border_estimator=center_window_kmer_jsd;estimator=center_jsd;window=48;search_radius=24;kmer=2;top_ratio=0.25;score_scale=4.0;motif_weight=0.0;motif_radius=12;score_normalization=train_quantile;raw_border_score=0.240687;border_score=1.060467",0.2706232964992523,0.2953015863895416,0.43407517671585083
test_Seq_2087,2,2,"benchmark=nucleotide_transformer_downstream_tasks;dataset=splice_sites_all;matching=kmer_balanced;matching_signature=(10, 'TTT');border_estimator=center_window_kmer_jsd;estimator=center_jsd;window=48;search_radius=24;kmer=2;top_ratio=0.25;score_scale=4.0;motif_weight=0.0;motif_radius=12;score_normalization=train_quantile;raw_border_score=0.385226;border_score=1.187667",0.23501445353031158,0.25811994075775146,0.5068656206130981
test_Seq_853,0,2,"benchmark=nucleotide_transformer_downstream_tasks;dataset=splice_sites_all;matching=kmer_balanced;matching_signature=(8, 'TCT');border_estimator=center_window_kmer_jsd;estimator=center_jsd;window=48;search_radius=24;kmer=2;top_ratio=0.25;score_scale=4.0;motif_weight=0.0;motif_radius=12;score_normalization=train_quantile;raw_border_score=0.198794;border_score=0.968111",0.23487547039985657,0.26300325989723206,0.5021212697029114
test_Seq_977,0,2,"benchmark=nucleotide_transformer_downstream_tasks;dataset=splice_sites_all;matching=kmer_balanced;matching_signature=(7, 'TTT');border_estimator=center_window_kmer_jsd;estimator=center_jsd;window=48;search_radius=24;kmer=2;top_ratio=0.25;score_scale=4.0;motif_weight=0.0;motif_radius=12;score_normalization=train_quantile;raw_border_score=0.276634;border_score=1.119489",0.2566728889942169,0.2709936499595642,0.47233346104621887
test_Seq_2260,2,2,"benchmark=nucleotide_transformer_downstream_tasks;dataset=splice_sites_all;matching=kmer_balanced;matching_signature=(7, 'TTT');border_estimator=center_window_kmer_jsd;estimator=center_jsd;window=48;search_radius=24;kmer=2;top_ratio=0.25;score_scale=4.0;motif_weight=0.0;motif_radius=12;score_normalization=train_quantile;raw_border_score=0.148632;border_score=0.845356",0.23050352931022644,0.2571922540664673,0.5123042464256287
test_Seq_2151,2,2,"benchmark=nucleotide_transformer_downstream_tasks;dataset=splice_sites_all;matching=kmer_balanced;matching_signature=(6, 'TTA');border_estimator=center_window_kmer_jsd;estimator=center_jsd;window=48;search_radius=24;kmer=2;top_ratio=0.25;score_scale=4.0;motif_weight=0.0;motif_radius=12;score_normalization=train_quantile;raw_border_score=0.250746;border_score=1.080556",0.2614330053329468,0.2840738594532013,0.4544931948184967
test_Seq_1594,1,0,"benchmark=nucleotide_transformer_downstream_tasks;dataset=splice_sites_all;matching=kmer_balanced;matching_signature=(8, 'TTT');border_estimator=center_window_kmer_jsd;estimator=center_jsd;window=48;search_radius=24;kmer=2;top_ratio=0.25;score_scale=4.0;motif_weight=0.0;motif_radius=12;score_normalization=train_quantile;raw_border_score=0.214437;border_score=1.005000",0.34655138850212097,0.3453269600868225,0.3081216514110565
test_Seq_273,0,2,"benchmark=nucleotide_transformer_downstream_tasks;dataset=splice_sites_all;matching=kmer_balanced;matching_signature=(5, 'TTT');border_estimator=center_window_kmer_jsd;estimator=center_jsd;window=48;search_radius=24;kmer=2;top_ratio=0.25;score_scale=4.0;motif_weight=0.0;motif_radius=12;score_normalization=train_quantile;raw_border_score=0.200804;border_score=0.972911",0.23012274503707886,0.2511274516582489,0.5187497735023499
test_Seq_1927,1,2,"benchmark=nucleotide_transformer_downstream_tasks;dataset=splice_sites_all;matching=kmer_balanced;matching_signature=(12, 'CAG');border_estimator=center_window_kmer_jsd;estimator=center_jsd;window=48;search_radius=24;kmer=2;top_ratio=0.25;score_scale=4.0;motif_weight=0.0;motif_radius=12;score_normalization=train_quantile;raw_border_score=0.257381;border_score=1.091222",0.33540835976600647,0.3255172669887543,0.33907434344291687
test_Seq_2244,2,2,"benchmark=nucleotide_transformer_downstream_tasks;dataset=splice_sites_all;matching=kmer_balanced;matching_signature=(11, 'CTG');border_estimator=center_window_kmer_jsd;estimator=center_jsd;window=48;search_radius=24;kmer=2;top_ratio=0.25;score_scale=4.0;motif_weight=0.0;motif_radius=12;score_normalization=train_quantile;raw_border_score=0.188668;border_score=0.940378",0.3177337050437927,0.3275314271450043,0.354734867811203
test_Seq_113,0,2,"benchmark=nucleotide_transformer_downstream_tasks;dataset=splice_sites_all;matching=kmer_balanced;matching_signature=(8, 'TTT');border_estimator=center_window_kmer_jsd;estimator=center_jsd;window=48;search_radius=24;kmer=2;top_ratio=0.25;score_scale=4.0;motif_weight=0.0;motif_radius=12;score_normalization=train_quantile;raw_border_score=0.326924;border_score=1.164822",0.2799690365791321,0.29722848534584045,0.4228024184703827
test_Seq_2099,2,2,"benchmark=nucleotide_transformer_downstream_tasks;dataset=splice_sites_all;matching=kmer_balanced;matching_signature=(6, 'AAA');border_estimator=center_window_kmer_jsd;estimator=center_jsd;window=48;search_radius=24;kmer=2;top_ratio=0.25;score_scale=4.0;motif_weight=0.0;motif_radius=12;score_normalization=train_quantile;raw_border_score=0.251171;border_score=1.081089",0.26824676990509033,0.29726722836494446,0.4344860017299652
test_Seq_1238,1,2,"benchmark=nucleotide_transformer_downstream_tasks;dataset=splice_sites_all;matching=kmer_balanced;matching_signature=(6, 'AAA');border_estimator=center_window_kmer_jsd;estimator=center_jsd;window=48;search_radius=24;kmer=2;top_ratio=0.25;score_scale=4.0;motif_weight=0.0;motif_radius=12;score_normalization=train_quantile;raw_border_score=0.389653;border_score=1.188244",0.23753081262111664,0.26510921120643616,0.4973599314689636
test_Seq_224,0,2,"benchmark=nucleotide_transformer_downstream_tasks;dataset=splice_sites_all;matching=kmer_balanced;matching_signature=(6, 'TTT');border_estimator=center_window_kmer_jsd;estimator=center_jsd;window=48;search_radius=24;kmer=2;top_ratio=0.25;score_scale=4.0;motif_weight=0.0;motif_radius=12;score_normalization=train_quantile;raw_border_score=0.324594;border_score=1.163400",0.21771705150604248,0.2451874166727066,0.5370955467224121
test_Seq_1171,1,2,"benchmark=nucleotide_transformer_downstream_tasks;dataset=splice_sites_all;matching=kmer_balanced;matching_signature=(6, 'AAA');border_estimator=center_window_kmer_jsd;estimator=center_jsd;window=48;search_radius=24;kmer=2;top_ratio=0.25;score_scale=4.0;motif_weight=0.0;motif_radius=12;score_normalization=train_quantile;raw_border_score=0.139552;border_score=0.831178",0.264784574508667,0.2871665954589844,0.44804880023002625
test_Seq_1321,1,2,"benchmark=nucleotide_transformer_downstream_tasks;dataset=splice_sites_all;matching=kmer_balanced;matching_signature=(9, 'CTG');border_estimator=center_window_kmer_jsd;estimator=center_jsd;window=48;search_radius=24;kmer=2;top_ratio=0.25;score_scale=4.0;motif_weight=0.0;motif_radius=12;score_normalization=train_quantile;raw_border_score=0.213204;border_score=1.002378",0.3076430857181549,0.3334782123565674,0.3588787317276001
test_Seq_1657,1,2,"benchmark=nucleotide_transformer_downstream_tasks;dataset=splice_sites_all;matching=kmer_balanced;matching_signature=(9, 'TGT');border_estimator=center_window_kmer_jsd;estimator=center_jsd;window=48;search_radius=24;kmer=2;top_ratio=0.25;score_scale=4.0;motif_weight=0.0;motif_radius=12;score_normalization=train_quantile;raw_border_score=0.194596;border_score=0.955889",0.2626728415489197,0.2943110466003418,0.4430161416530609
test_Seq_2969,2,2,"benchmark=nucleotide_transformer_downstream_tasks;dataset=splice_sites_all;matching=kmer_balanced;matching_signature=(8, 'AAA');border_estimator=center_window_kmer_jsd;estimator=center_jsd;window=48;search_radius=24;kmer=2;top_ratio=0.25;score_scale=4.0;motif_weight=0.0;motif_radius=12;score_normalization=train_quantile;raw_border_score=0.115001;border_score=0.808156",0.2665606737136841,0.2894919812679291,0.4439474046230316
test_Seq_390,0,2,"benchmark=nucleotide_transformer_downstream_tasks;dataset=splice_sites_all;matching=kmer_balanced;matching_signature=(12, 'CCC');border_estimator=center_window_kmer_jsd;estimator=center_jsd;window=48;search_radius=24;kmer=2;top_ratio=0.25;score_scale=4.0;motif_weight=0.0;motif_radius=12;score_normalization=train_quantile;raw_border_score=0.275160;border_score=1.117489",0.2983259856700897,0.3083586096763611,0.3933154344558716
test_Seq_529,0,2,"benchmark=nucleotide_transformer_downstream_tasks;dataset=splice_sites_all;matching=kmer_balanced;matching_signature=(12, 'CCC');border_estimator=center_window_kmer_jsd;estimator=center_jsd;window=48;search_radius=24;kmer=2;top_ratio=0.25;score_scale=4.0;motif_weight=0.0;motif_radius=12;score_normalization=train_quantile;raw_border_score=0.252939;border_score=1.083889",0.29653602838516235,0.30941149592399597,0.3940524458885193
test_Seq_2805,2,2,"benchmark=nucleotide_transformer_downstream_tasks;dataset=splice_sites_all;matching=kmer_balanced;matching_signature=(6, 'TTT');border_estimator=center_window_kmer_jsd;estimator=center_jsd;window=48;search_radius=24;kmer=2;top_ratio=0.25;score_scale=4.0;motif_weight=0.0;motif_radius=12;score_normalization=train_quantile;raw_border_score=0.144769;border_score=0.838333",0.2396356761455536,0.2655012309551239,0.4948630630970001
test_Seq_2386,2,2,"benchmark=nucleotide_transformer_downstream_tasks;dataset=splice_sites_all;matching=kmer_balanced;matching_signature=(6, 'TTT');border_estimator=center_window_kmer_jsd;estimator=center_jsd;window=48;search_radius=24;kmer=2;top_ratio=0.25;score_scale=4.0;motif_weight=0.0;motif_radius=12;score_normalization=train_quantile;raw_border_score=0.112300;border_score=0.806644",0.25539591908454895,0.27438151836395264,0.4702226221561432
test_Seq_792,0,2,"benchmark=nucleotide_transformer_downstream_tasks;dataset=splice_sites_all;matching=kmer_balanced;matching_signature=(7, 'TTT');border_estimator=center_window_kmer_jsd;estimator=center_jsd;window=48;search_radius=24;kmer=2;top_ratio=0.25;score_scale=4.0;motif_weight=0.0;motif_radius=12;score_normalization=train_quantile;raw_border_score=0.250814;border_score=1.080556",0.2686145007610321,0.3000801205635071,0.4313053488731384
test_Seq_807,0,2,"benchmark=nucleotide_transformer_downstream_tasks;dataset=splice_sites_all;matching=kmer_balanced;matching_signature=(10, 'CTG');border_estimator=center_window_kmer_jsd;estimator=center_jsd;window=48;search_radius=24;kmer=2;top_ratio=0.25;score_scale=4.0;motif_weight=0.0;motif_radius=12;score_normalization=train_quantile;raw_border_score=0.171064;border_score=0.893311",0.2812083661556244,0.30375224351882935,0.4150393605232239
test_Seq_35,0,2,"benchmark=nucleotide_transformer_downstream_tasks;dataset=splice_sites_all;matching=kmer_balanced;matching_signature=(7, 'TTT');border_estimator=center_window_kmer_jsd;estimator=center_jsd;window=48;search_radius=24;kmer=2;top_ratio=0.25;score_scale=4.0;motif_weight=0.0;motif_radius=12;score_normalization=train_quantile;raw_border_score=0.176308;border_score=0.909133",0.24318334460258484,0.2652650475502014,0.4915515184402466
test_Seq_1516,1,2,"benchmark=nucleotide_transformer_downstream_tasks;dataset=splice_sites_all;matching=kmer_balanced;matching_signature=(5, 'TTT');border_estimator=center_window_kmer_jsd;estimator=center_jsd;window=48;search_radius=24;kmer=2;top_ratio=0.25;score_scale=4.0;motif_weight=0.0;motif_radius=12;score_normalization=train_quantile;raw_border_score=0.203719;border_score=0.980689",0.24089224636554718,0.2636600732803345,0.49544763565063477
test_Seq_1724,1,2,"benchmark=nucleotide_transformer_downstream_tasks;dataset=splice_sites_all;matching=kmer_balanced;matching_signature=(9, 'TGT');border_estimator=center_window_kmer_jsd;estimator=center_jsd;window=48;search_radius=24;kmer=2;top_ratio=0.25;score_scale=4.0;motif_weight=0.0;motif_radius=12;score_normalization=train_quantile;raw_border_score=0.144880;border_score=0.838511",0.2730026841163635,0.2881983816623688,0.4387989938259125
test_Seq_227,0,2,"benchmark=nucleotide_transformer_downstream_tasks;dataset=splice_sites_all;matching=kmer_balanced;matching_signature=(12, 'GGG');border_estimator=center_window_kmer_jsd;estimator=center_jsd;window=48;search_radius=24;kmer=2;top_ratio=0.25;score_scale=4.0;motif_weight=0.0;motif_radius=12;score_normalization=train_quantile;raw_border_score=0.246511;border_score=1.072244",0.3211621642112732,0.3154871165752411,0.3633507490158081
test_Seq_2249,2,2,"benchmark=nucleotide_transformer_downstream_tasks;dataset=splice_sites_all;matching=kmer_balanced;matching_signature=(9, 'TGT');border_estimator=center_window_kmer_jsd;estimator=center_jsd;window=48;search_radius=24;kmer=2;top_ratio=0.25;score_scale=4.0;motif_weight=0.0;motif_radius=12;score_normalization=train_quantile;raw_border_score=0.177953;border_score=0.913222",0.2979285418987274,0.308662474155426,0.39340895414352417
test_Seq_2674,2,2,"benchmark=nucleotide_transformer_downstream_tasks;dataset=splice_sites_all;matching=kmer_balanced;matching_signature=(6, 'TTT');border_estimator=center_window_kmer_jsd;estimator=center_jsd;window=48;search_radius=24;kmer=2;top_ratio=0.25;score_scale=4.0;motif_weight=0.0;motif_radius=12;score_normalization=train_quantile;raw_border_score=0.149415;border_score=0.846689",0.25709155201911926,0.2780574560165405,0.4648509919643402
test_Seq_499,0,2,"benchmark=nucleotide_transformer_downstream_tasks;dataset=splice_sites_all;matching=kmer_balanced;matching_signature=(6, 'TTT');border_estimator=center_window_kmer_jsd;estimator=center_jsd;window=48;search_radius=24;kmer=2;top_ratio=0.25;score_scale=4.0;motif_weight=0.0;motif_radius=12;score_normalization=train_quantile;raw_border_score=0.331537;border_score=1.167089",0.32097771763801575,0.3370903432369232,0.34193187952041626
test_Seq_2847,2,2,"benchmark=nucleotide_transformer_downstream_tasks;dataset=splice_sites_all;matching=kmer_balanced;matching_signature=(8, 'TTT');border_estimator=center_window_kmer_jsd;estimator=center_jsd;window=48;search_radius=24;kmer=2;top_ratio=0.25;score_scale=4.0;motif_weight=0.0;motif_radius=12;score_normalization=train_quantile;raw_border_score=0.422681;border_score=1.192600",0.25976070761680603,0.28878870606422424,0.45145055651664734
test_Seq_2892,2,2,"benchmark=nucleotide_transformer_downstream_tasks;dataset=splice_sites_all;matching=kmer_balanced;matching_signature=(9, 'CCT');border_estimator=center_window_kmer_jsd;estimator=center_jsd;window=48;search_radius=24;kmer=2;top_ratio=0.25;score_scale=4.0;motif_weight=0.0;motif_radius=12;score_normalization=train_quantile;raw_border_score=0.157594;border_score=0.862156",0.2607501447200775,0.2843674421310425,0.4548824727535248
test_Seq_568,0,2,"benchmark=nucleotide_transformer_downstream_tasks;dataset=splice_sites_all;matching=kmer_balanced;matching_signature=(9, 'TCT');border_estimator=center_window_kmer_jsd;estimator=center_jsd;window=48;search_radius=24;kmer=2;top_ratio=0.25;score_scale=4.0;motif_weight=0.0;motif_radius=12;score_normalization=train_quantile;raw_border_score=0.232853;border_score=1.045356",0.3114869296550751,0.32536569237709045,0.3631473481655121
test_Seq_843,0,2,"benchmark=nucleotide_transformer_downstream_tasks;dataset=splice_sites_all;matching=kmer_balanced;matching_signature=(7, 'AAA');border_estimator=center_window_kmer_jsd;estimator=center_jsd;window=48;search_radius=24;kmer=2;top_ratio=0.25;score_scale=4.0;motif_weight=0.0;motif_radius=12;score_normalization=train_quantile;raw_border_score=0.229766;border_score=1.039311",0.25374987721443176,0.2761528789997101,0.4700971841812134
test_Seq_2086,2,2,"benchmark=nucleotide_transformer_downstream_tasks;dataset=splice_sites_all;matching=kmer_balanced;matching_signature=(7, 'AAA');border_estimator=center_window_kmer_jsd;estimator=center_jsd;window=48;search_radius=24;kmer=2;top_ratio=0.25;score_scale=4.0;motif_weight=0.0;motif_radius=12;score_normalization=train_quantile;raw_border_score=0.271106;border_score=1.111711",0.25562408566474915,0.2765785753726959,0.4677973687648773
test_Seq_2940,2,2,"benchmark=nucleotide_transformer_downstream_tasks;dataset=splice_sites_all;matching=kmer_balanced;matching_signature=(13, 'GCC');border_estimator=center_window_kmer_jsd;estimator=center_jsd;window=48;search_radius=24;kmer=2;top_ratio=0.25;score_scale=4.0;motif_weight=0.0;motif_radius=12;score_normalization=train_quantile;raw_border_score=0.222148;border_score=1.023533",0.28600171208381653,0.28774523735046387,0.42625299096107483
test_Seq_1455,1,2,"benchmark=nucleotide_transformer_downstream_tasks;dataset=splice_sites_all;matching=kmer_balanced;matching_signature=(7, 'TTT');border_estimator=center_window_kmer_jsd;estimator=center_jsd;window=48;search_radius=24;kmer=2;top_ratio=0.25;score_scale=4.0;motif_weight=0.0;motif_radius=12;score_normalization=train_quantile;raw_border_score=0.278895;border_score=1.122778",0.26077497005462646,0.27511411905288696,0.4641108512878418
test_Seq_373,0,2,"benchmark=nucleotide_transformer_downstream_tasks;dataset=splice_sites_all;matching=kmer_balanced;matching_signature=(10, 'TGG');border_estimator=center_window_kmer_jsd;estimator=center_jsd;window=48;search_radius=24;kmer=2;top_ratio=0.25;score_scale=4.0;motif_weight=0.0;motif_radius=12;score_normalization=train_quantile;raw_border_score=0.286421;border_score=1.131844",0.28997740149497986,0.29780519008636475,0.4122173488140106
test_Seq_2063,2,2,"benchmark=nucleotide_transformer_downstream_tasks;dataset=splice_sites_all;matching=kmer_balanced;matching_signature=(7, 'AAA');border_estimator=center_window_kmer_jsd;estimator=center_jsd;window=48;search_radius=24;kmer=2;top_ratio=0.25;score_scale=4.0;motif_weight=0.0;motif_radius=12;score_normalization=train_quantile;raw_border_score=0.208550;border_score=0.991444",0.22587664425373077,0.25218868255615234,0.5219346880912781
test_Seq_369,0,2,"benchmark=nucleotide_transformer_downstream_tasks;dataset=splice_sites_all;matching=kmer_balanced;matching_signature=(8, 'AAA');border_estimator=center_window_kmer_jsd;estimator=center_jsd;window=48;search_radius=24;kmer=2;top_ratio=0.25;score_scale=4.0;motif_weight=0.0;motif_radius=12;score_normalization=train_quantile;raw_border_score=0.285830;border_score=1.131267",0.27186673879623413,0.29971691966056824,0.42841634154319763
test_Seq_1661,1,2,"benchmark=nucleotide_transformer_downstream_tasks;dataset=splice_sites_all;matching=kmer_balanced;matching_signature=(7, 'AAA');border_estimator=center_window_kmer_jsd;estimator=center_jsd;window=48;search_radius=24;kmer=2;top_ratio=0.25;score_scale=4.0;motif_weight=0.0;motif_radius=12;score_normalization=train_quantile;raw_border_score=0.300417;border_score=1.146689",0.23553183674812317,0.2587788999080658,0.505689263343811
test_Seq_1487,1,2,"benchmark=nucleotide_transformer_downstream_tasks;dataset=splice_sites_all;matching=kmer_balanced;matching_signature=(6, 'TTT');border_estimator=center_window_kmer_jsd;estimator=center_jsd;window=48;search_radius=24;kmer=2;top_ratio=0.25;score_scale=4.0;motif_weight=0.0;motif_radius=12;score_normalization=train_quantile;raw_border_score=0.247983;border_score=1.075089",0.23511238396167755,0.26285111904144287,0.5020365118980408
test_Seq_2340,2,2,"benchmark=nucleotide_transformer_downstream_tasks;dataset=splice_sites_all;matching=kmer_balanced;matching_signature=(8, 'TCT');border_estimator=center_window_kmer_jsd;estimator=center_jsd;window=48;search_radius=24;kmer=2;top_ratio=0.25;score_scale=4.0;motif_weight=0.0;motif_radius=12;score_normalization=train_quantile;raw_border_score=0.178590;border_score=0.914778",0.2494511604309082,0.264326274394989,0.4862225353717804
test_Seq_1444,1,2,"benchmark=nucleotide_transformer_downstream_tasks;dataset=splice_sites_all;matching=kmer_balanced;matching_signature=(13, 'CCC');border_estimator=center_window_kmer_jsd;estimator=center_jsd;window=48;search_radius=24;kmer=2;top_ratio=0.25;score_scale=4.0;motif_weight=0.0;motif_radius=12;score_normalization=train_quantile;raw_border_score=0.216359;border_score=1.009756",0.3179019093513489,0.3177267611026764,0.36437126994132996
test_Seq_336,0,2,"benchmark=nucleotide_transformer_downstream_tasks;dataset=splice_sites_all;matching=kmer_balanced;matching_signature=(8, 'TCT');border_estimator=center_window_kmer_jsd;estimator=center_jsd;window=48;search_radius=24;kmer=2;top_ratio=0.25;score_scale=4.0;motif_weight=0.0;motif_radius=12;score_normalization=train_quantile;raw_border_score=0.243151;border_score=1.065933",0.28837794065475464,0.30979931354522705,0.40182268619537354
test_Seq_507,0,2,"benchmark=nucleotide_transformer_downstream_tasks;dataset=splice_sites_all;matching=kmer_balanced;matching_signature=(10, 'CTG');border_estimator=center_window_kmer_jsd;estimator=center_jsd;window=48;search_radius=24;kmer=2;top_ratio=0.25;score_scale=4.0;motif_weight=0.0;motif_radius=12;score_normalization=train_quantile;raw_border_score=0.260858;border_score=1.097089",0.3072132468223572,0.3176308274269104,0.3751559853553772
test_Seq_1630,1,2,"benchmark=nucleotide_transformer_downstream_tasks;dataset=splice_sites_all;matching=kmer_balanced;matching_signature=(11, 'GTG');border_estimator=center_window_kmer_jsd;estimator=center_jsd;window=48;search_radius=24;kmer=2;top_ratio=0.25;score_scale=4.0;motif_weight=0.0;motif_radius=12;score_normalization=train_quantile;raw_border_score=0.223904;border_score=1.028022",0.3006618022918701,0.3151863217353821,0.3841518759727478
test_Seq_1330,1,2,"benchmark=nucleotide_transformer_downstream_tasks;dataset=splice_sites_all;matching=kmer_balanced;matching_signature=(8, 'TTT');border_estimator=center_window_kmer_jsd;estimator=center_jsd;window=48;search_radius=24;kmer=2;top_ratio=0.25;score_scale=4.0;motif_weight=0.0;motif_radius=12;score_normalization=train_quantile;raw_border_score=0.180698;border_score=0.919667",0.22250871360301971,0.2532612979412079,0.5242300033569336
test_Seq_1565,1,2,"benchmark=nucleotide_transformer_downstream_tasks;dataset=splice_sites_all;matching=kmer_balanced;matching_signature=(6, 'TTT');border_estimator=center_window_kmer_jsd;estimator=center_jsd;window=48;search_radius=24;kmer=2;top_ratio=0.25;score_scale=4.0;motif_weight=0.0;motif_radius=12;score_normalization=train_quantile;raw_border_score=0.086484;border_score=0.800778",0.2397274225950241,0.27061909437179565,0.48965346813201904
test_Seq_2306,2,2,"benchmark=nucleotide_transformer_downstream_tasks;dataset=splice_sites_all;matching=kmer_balanced;matching_signature=(6, 'TTT');border_estimator=center_window_kmer_jsd;estimator=center_jsd;window=48;search_radius=24;kmer=2;top_ratio=0.25;score_scale=4.0;motif_weight=0.0;motif_radius=12;score_normalization=train_quantile;raw_border_score=0.201795;border_score=0.975578",0.25376880168914795,0.2780163586139679,0.46821483969688416
test_Seq_2605,2,2,"benchmark=nucleotide_transformer_downstream_tasks;dataset=splice_sites_all;matching=kmer_balanced;matching_signature=(6, 'AAA');border_estimator=center_window_kmer_jsd;estimator=center_jsd;window=48;search_radius=24;kmer=2;top_ratio=0.25;score_scale=4.0;motif_weight=0.0;motif_radius=12;score_normalization=train_quantile;raw_border_score=0.190738;border_score=0.945889",0.2570226490497589,0.2867027223110199,0.4562745690345764
test_Seq_1098,1,2,"benchmark=nucleotide_transformer_downstream_tasks;dataset=splice_sites_all;matching=kmer_balanced;matching_signature=(11, 'CTG');border_estimator=center_window_kmer_jsd;estimator=center_jsd;window=48;search_radius=24;kmer=2;top_ratio=0.25;score_scale=4.0;motif_weight=0.0;motif_radius=12;score_normalization=train_quantile;raw_border_score=0.315749;border_score=1.158289",0.287789911031723,0.29888367652893066,0.4133264720439911
test_Seq_2239,2,2,"benchmark=nucleotide_transformer_downstream_tasks;dataset=splice_sites_all;matching=kmer_balanced;matching_signature=(8, 'TTT');border_estimator=center_window_kmer_jsd;estimator=center_jsd;window=48;search_radius=24;kmer=2;top_ratio=0.25;score_scale=4.0;motif_weight=0.0;motif_radius=12;score_normalization=train_quantile;raw_border_score=0.191342;border_score=0.948111",0.25760936737060547,0.2711847126483917,0.4712059497833252
test_Seq_2361,2,2,"benchmark=nucleotide_transformer_downstream_tasks;dataset=splice_sites_all;matching=kmer_balanced;matching_signature=(12, 'CCC');border_estimator=center_window_kmer_jsd;estimator=center_jsd;window=48;search_radius=24;kmer=2;top_ratio=0.25;score_scale=4.0;motif_weight=0.0;motif_radius=12;score_normalization=train_quantile;raw_border_score=0.099370;border_score=0.802733",0.2943238317966461,0.2987639605998993,0.4069121479988098
test_Seq_2653,2,2,"benchmark=nucleotide_transformer_downstream_tasks;dataset=splice_sites_all;matching=kmer_balanced;matching_signature=(7, 'AAA');border_estimator=center_window_kmer_jsd;estimator=center_jsd;window=48;search_radius=24;kmer=2;top_ratio=0.25;score_scale=4.0;motif_weight=0.0;motif_radius=12;score_normalization=train_quantile;raw_border_score=0.274353;border_score=1.116422",0.2804599106311798,0.30261969566345215,0.41692036390304565
test_Seq_2414,2,2,"benchmark=nucleotide_transformer_downstream_tasks;dataset=splice_sites_all;matching=kmer_balanced;matching_signature=(11, 'CAG');border_estimator=center_window_kmer_jsd;estimator=center_jsd;window=48;search_radius=24;kmer=2;top_ratio=0.25;score_scale=4.0;motif_weight=0.0;motif_radius=12;score_normalization=train_quantile;raw_border_score=0.319675;border_score=1.160956",0.22234435379505157,0.2472342699766159,0.5304213762283325
test_Seq_130,0,2,"benchmark=nucleotide_transformer_downstream_tasks;dataset=splice_sites_all;matching=kmer_balanced;matching_signature=(6, 'AAA');border_estimator=center_window_kmer_jsd;estimator=center_jsd;window=48;search_radius=24;kmer=2;top_ratio=0.25;score_scale=4.0;motif_weight=0.0;motif_radius=12;score_normalization=train_quantile;raw_border_score=0.189059;border_score=0.941578",0.2683422267436981,0.2860638499259949,0.4455939531326294
test_Seq_2294,2,2,"benchmark=nucleotide_transformer_downstream_tasks;dataset=splice_sites_all;matching=kmer_balanced;matching_signature=(12, 'CCC');border_estimator=center_window_kmer_jsd;estimator=center_jsd;window=48;search_radius=24;kmer=2;top_ratio=0.25;score_scale=4.0;motif_weight=0.0;motif_radius=12;score_normalization=train_quantile;raw_border_score=0.128827;border_score=0.818244",0.28156042098999023,0.29686954617500305,0.4215700328350067
test_Seq_281,0,2,"benchmark=nucleotide_transformer_downstream_tasks;dataset=splice_sites_all;matching=kmer_balanced;matching_signature=(10, 'CTG');border_estimator=center_window_kmer_jsd;estimator=center_jsd;window=48;search_radius=24;kmer=2;top_ratio=0.25;score_scale=4.0;motif_weight=0.0;motif_radius=12;score_normalization=train_quantile;raw_border_score=0.246658;border_score=1.072467",0.2910098433494568,0.30780813097953796,0.40118199586868286
test_Seq_1216,1,2,"benchmark=nucleotide_transformer_downstream_tasks;dataset=splice_sites_all;matching=kmer_balanced;matching_signature=(9, 'TTT');border_estimator=center_window_kmer_jsd;estimator=center_jsd;window=48;search_radius=24;kmer=2;top_ratio=0.25;score_scale=4.0;motif_weight=0.0;motif_radius=12;score_normalization=train_quantile;raw_border_score=0.216632;border_score=1.010733",0.24435512721538544,0.27092915773391724,0.4847157895565033
test_Seq_940,0,2,"benchmark=nucleotide_transformer_downstream_tasks;dataset=splice_sites_all;matching=kmer_balanced;matching_signature=(10, 'CCC');border_estimator=center_window_kmer_jsd;estimator=center_jsd;window=48;search_radius=24;kmer=2;top_ratio=0.25;score_scale=4.0;motif_weight=0.0;motif_radius=12;score_normalization=train_quantile;raw_border_score=0.275519;border_score=1.117800",0.26629841327667236,0.2816488444805145,0.45205268263816833
test_Seq_743,0,2,"benchmark=nucleotide_transformer_downstream_tasks;dataset=splice_sites_all;matching=kmer_balanced;matching_signature=(11, 'CTG');border_estimator=center_window_kmer_jsd;estimator=center_jsd;window=48;search_radius=24;kmer=2;top_ratio=0.25;score_scale=4.0;motif_weight=0.0;motif_radius=12;score_normalization=train_quantile;raw_border_score=0.171446;border_score=0.894822",0.3101663291454315,0.3206218183040619,0.3692118227481842
test_Seq_147,0,2,"benchmark=nucleotide_transformer_downstream_tasks;dataset=splice_sites_all;matching=kmer_balanced;matching_signature=(9, 'CTG');border_estimator=center_window_kmer_jsd;estimator=center_jsd;window=48;search_radius=24;kmer=2;top_ratio=0.25;score_scale=4.0;motif_weight=0.0;motif_radius=12;score_normalization=train_quantile;raw_border_score=0.151992;border_score=0.850867",0.25952085852622986,0.2791735827922821,0.46130555868148804
test_Seq_2829,2,2,"benchmark=nucleotide_transformer_downstream_tasks;dataset=splice_sites_all;matching=kmer_balanced;matching_signature=(13, 'GGG');border_estimator=center_window_kmer_jsd;estimator=center_jsd;window=48;search_radius=24;kmer=2;top_ratio=0.25;score_scale=4.0;motif_weight=0.0;motif_radius=12;score_normalization=train_quantile;raw_border_score=0.145272;border_score=0.839311",0.3039979636669159,0.30621105432510376,0.38979092240333557
test_Seq_2628,2,2,"benchmark=nucleotide_transformer_downstream_tasks;dataset=splice_sites_all;matching=kmer_balanced;matching_signature=(9, 'TTT');border_estimator=center_window_kmer_jsd;estimator=center_jsd;window=48;search_radius=24;kmer=2;top_ratio=0.25;score_scale=4.0;motif_weight=0.0;motif_radius=12;score_normalization=train_quantile;raw_border_score=0.150405;border_score=0.848200",0.25549277663230896,0.2751314342021942,0.4693758487701416
test_Seq_2626,2,2,"benchmark=nucleotide_transformer_downstream_tasks;dataset=splice_sites_all;matching=kmer_balanced;matching_signature=(12, 'CTG');border_estimator=center_window_kmer_jsd;estimator=center_jsd;window=48;search_radius=24;kmer=2;top_ratio=0.25;score_scale=4.0;motif_weight=0.0;motif_radius=12;score_normalization=train_quantile;raw_border_score=0.140128;border_score=0.831667",0.2983580231666565,0.30499401688575745,0.3966479003429413
test_Seq_363,0,2,"benchmark=nucleotide_transformer_downstream_tasks;dataset=splice_sites_all;matching=kmer_balanced;matching_signature=(11, 'CTC');border_estimator=center_window_kmer_jsd;estimator=center_jsd;window=48;search_radius=24;kmer=2;top_ratio=0.25;score_scale=4.0;motif_weight=0.0;motif_radius=12;score_normalization=train_quantile;raw_border_score=0.188525;border_score=0.940111",0.2884385883808136,0.3007676601409912,0.4107937216758728
test_Seq_2039,2,2,"benchmark=nucleotide_transformer_downstream_tasks;dataset=splice_sites_all;matching=kmer_balanced;matching_signature=(12, 'CTG');border_estimator=center_window_kmer_jsd;estimator=center_jsd;window=48;search_radius=24;kmer=2;top_ratio=0.25;score_scale=4.0;motif_weight=0.0;motif_radius=12;score_normalization=train_quantile;raw_border_score=0.175218;border_score=0.905489",0.2853742241859436,0.303387314081192,0.4112384617328644
test_Seq_1315,1,2,"benchmark=nucleotide_transformer_downstream_tasks;dataset=splice_sites_all;matching=kmer_balanced;matching_signature=(6, 'AAA');border_estimator=center_window_kmer_jsd;estimator=center_jsd;window=48;search_radius=24;kmer=2;top_ratio=0.25;score_scale=4.0;motif_weight=0.0;motif_radius=12;score_normalization=train_quantile;raw_border_score=0.217765;border_score=1.013133",0.2394830286502838,0.2677788734436035,0.49273809790611267
test_Seq_2424,2,2,"benchmark=nucleotide_transformer_downstream_tasks;dataset=splice_sites_all;matching=kmer_balanced;matching_signature=(6, 'TTT');border_estimator=center_window_kmer_jsd;estimator=center_jsd;window=48;search_radius=24;kmer=2;top_ratio=0.25;score_scale=4.0;motif_weight=0.0;motif_radius=12;score_normalization=train_quantile;raw_border_score=0.143338;border_score=0.836156",0.2235523909330368,0.24583517014980316,0.5306124091148376
test_Seq_267,0,2,"benchmark=nucleotide_transformer_downstream_tasks;dataset=splice_sites_all;matching=kmer_balanced;matching_signature=(8, 'TTT');border_estimator=center_window_kmer_jsd;estimator=center_jsd;window=48;search_radius=24;kmer=2;top_ratio=0.25;score_scale=4.0;motif_weight=0.0;motif_radius=12;score_normalization=train_quantile;raw_border_score=0.222162;border_score=1.023533",0.20377321541309357,0.22479316592216492,0.5714336037635803
test_Seq_1272,1,2,"benchmark=nucleotide_transformer_downstream_tasks;dataset=splice_sites_all;matching=kmer_balanced;matching_signature=(13, 'GGG');border_estimator=center_window_kmer_jsd;estimator=center_jsd;window=48;search_radius=24;kmer=2;top_ratio=0.25;score_scale=4.0;motif_weight=0.0;motif_radius=12;score_normalization=train_quantile;raw_border_score=0.418610;border_score=1.192333",0.3159555494785309,0.32784998416900635,0.35619452595710754
test_Seq_1747,1,2,"benchmark=nucleotide_transformer_downstream_tasks;dataset=splice_sites_all;matching=kmer_balanced;matching_signature=(9, 'TTT');border_estimator=center_window_kmer_jsd;estimator=center_jsd;window=48;search_radius=24;kmer=2;top_ratio=0.25;score_scale=4.0;motif_weight=0.0;motif_radius=12;score_normalization=train_quantile;raw_border_score=0.325619;border_score=1.164156",0.27154162526130676,0.2937741279602051,0.43468430638313293
test_Seq_1366,1,2,"benchmark=nucleotide_transformer_downstream_tasks;dataset=splice_sites_all;matching=kmer_balanced;matching_signature=(12, 'CTG');border_estimator=center_window_kmer_jsd;estimator=center_jsd;window=48;search_radius=24;kmer=2;top_ratio=0.25;score_scale=4.0;motif_weight=0.0;motif_radius=12;score_normalization=train_quantile;raw_border_score=0.088299;border_score=0.800911",0.30021771788597107,0.3142024278640747,0.38557979464530945
test_Seq_1634,1,2,"benchmark=nucleotide_transformer_downstream_tasks;dataset=splice_sites_all;matching=kmer_balanced;matching_signature=(6, 'TTT');border_estimator=center_window_kmer_jsd;estimator=center_jsd;window=48;search_radius=24;kmer=2;top_ratio=0.25;score_scale=4.0;motif_weight=0.0;motif_radius=12;score_normalization=train_quantile;raw_border_score=0.244108;border_score=1.067711",0.254472553730011,0.2734472453594208,0.4720802307128906
test_Seq_1464,1,2,"benchmark=nucleotide_transformer_downstream_tasks;dataset=splice_sites_all;matching=kmer_balanced;matching_signature=(6, 'TTT');border_estimator=center_window_kmer_jsd;estimator=center_jsd;window=48;search_radius=24;kmer=2;top_ratio=0.25;score_scale=4.0;motif_weight=0.0;motif_radius=12;score_normalization=train_quantile;raw_border_score=0.275525;border_score=1.117889",0.2687234580516815,0.28365758061408997,0.4476189911365509
test_Seq_1962,1,2,"benchmark=nucleotide_transformer_downstream_tasks;dataset=splice_sites_all;matching=kmer_balanced;matching_signature=(6, 'TTT');border_estimator=center_window_kmer_jsd;estimator=center_jsd;window=48;search_radius=24;kmer=2;top_ratio=0.25;score_scale=4.0;motif_weight=0.0;motif_radius=12;score_normalization=train_quantile;raw_border_score=0.179109;border_score=0.915711",0.2366510033607483,0.26487481594085693,0.49847421050071716
test_Seq_797,0,2,"benchmark=nucleotide_transformer_downstream_tasks;dataset=splice_sites_all;matching=kmer_balanced;matching_signature=(9, 'CAG');border_estimator=center_window_kmer_jsd;estimator=center_jsd;window=48;search_radius=24;kmer=2;top_ratio=0.25;score_scale=4.0;motif_weight=0.0;motif_radius=12;score_normalization=train_quantile;raw_border_score=0.233891;border_score=1.047400",0.2572341859340668,0.28128600120544434,0.46147990226745605
test_Seq_2582,2,2,"benchmark=nucleotide_transformer_downstream_tasks;dataset=splice_sites_all;matching=kmer_balanced;matching_signature=(11, 'CCC');border_estimator=center_window_kmer_jsd;estimator=center_jsd;window=48;search_radius=24;kmer=2;top_ratio=0.25;score_scale=4.0;motif_weight=0.0;motif_radius=12;score_normalization=train_quantile;raw_border_score=0.212938;border_score=1.001800",0.299559086561203,0.3105465769767761,0.38989442586898804
test_Seq_2317,2,2,"benchmark=nucleotide_transformer_downstream_tasks;dataset=splice_sites_all;matching=kmer_balanced;matching_signature=(7, 'TTT');border_estimator=center_window_kmer_jsd;estimator=center_jsd;window=48;search_radius=24;kmer=2;top_ratio=0.25;score_scale=4.0;motif_weight=0.0;motif_radius=12;score_normalization=train_quantile;raw_border_score=0.164331;border_score=0.877089",0.2506997287273407,0.27209290862083435,0.4772074222564697
test_Seq_1588,1,1,"benchmark=nucleotide_transformer_downstream_tasks;dataset=splice_sites_all;matching=kmer_balanced;matching_signature=(9, 'TGT');border_estimator=center_window_kmer_jsd;estimator=center_jsd;window=48;search_radius=24;kmer=2;top_ratio=0.25;score_scale=4.0;motif_weight=0.0;motif_radius=12;score_normalization=train_quantile;raw_border_score=0.217118;border_score=1.011578",0.3409631848335266,0.34854260087013245,0.31049421429634094
test_Seq_2341,2,2,"benchmark=nucleotide_transformer_downstream_tasks;dataset=splice_sites_all;matching=kmer_balanced;matching_signature=(9, 'AAG');border_estimator=center_window_kmer_jsd;estimator=center_jsd;window=48;search_radius=24;kmer=2;top_ratio=0.25;score_scale=4.0;motif_weight=0.0;motif_radius=12;score_normalization=train_quantile;raw_border_score=0.155140;border_score=0.857756",0.2812393307685852,0.29314595460891724,0.4256146550178528
test_Seq_1527,1,2,"benchmark=nucleotide_transformer_downstream_tasks;dataset=splice_sites_all;matching=kmer_balanced;matching_signature=(8, 'TTT');border_estimator=center_window_kmer_jsd;estimator=center_jsd;window=48;search_radius=24;kmer=2;top_ratio=0.25;score_scale=4.0;motif_weight=0.0;motif_radius=12;score_normalization=train_quantile;raw_border_score=0.224507;border_score=1.028867",0.300341933965683,0.32070034742355347,0.37895774841308594
test_Seq_431,0,2,"benchmark=nucleotide_transformer_downstream_tasks;dataset=splice_sites_all;matching=kmer_balanced;matching_signature=(10, 'CCT');border_estimator=center_window_kmer_jsd;estimator=center_jsd;window=48;search_radius=24;kmer=2;top_ratio=0.25;score_scale=4.0;motif_weight=0.0;motif_radius=12;score_normalization=train_quantile;raw_border_score=0.231828;border_score=1.043267",0.3025191128253937,0.3249310255050659,0.3725499212741852
test_Seq_2444,2,2,"benchmark=nucleotide_transformer_downstream_tasks;dataset=splice_sites_all;matching=kmer_balanced;matching_signature=(9, 'TTT');border_estimator=center_window_kmer_jsd;estimator=center_jsd;window=48;search_radius=24;kmer=2;top_ratio=0.25;score_scale=4.0;motif_weight=0.0;motif_radius=12;score_normalization=train_quantile;raw_border_score=0.143910;border_score=0.837222",0.2397841364145279,0.26699841022491455,0.4932175278663635
test_Seq_517,0,2,"benchmark=nucleotide_transformer_downstream_tasks;dataset=splice_sites_all;matching=kmer_balanced;matching_signature=(9, 'TTT');border_estimator=center_window_kmer_jsd;estimator=center_jsd;window=48;search_radius=24;kmer=2;top_ratio=0.25;score_scale=4.0;motif_weight=0.0;motif_radius=12;score_normalization=train_quantile;raw_border_score=0.123930;border_score=0.813356",0.28125083446502686,0.3046436607837677,0.41410550475120544
test_Seq_1764,1,2,"benchmark=nucleotide_transformer_downstream_tasks;dataset=splice_sites_all;matching=kmer_balanced;matching_signature=(9, 'TTT');border_estimator=center_window_kmer_jsd;estimator=center_jsd;window=48;search_radius=24;kmer=2;top_ratio=0.25;score_scale=4.0;motif_weight=0.0;motif_radius=12;score_normalization=train_quantile;raw_border_score=0.188020;border_score=0.939044",0.30068665742874146,0.3127571642398834,0.3865562379360199
test_Seq_1226,1,2,"benchmark=nucleotide_transformer_downstream_tasks;dataset=splice_sites_all;matching=kmer_balanced;matching_signature=(7, 'AAA');border_estimator=center_window_kmer_jsd;estimator=center_jsd;window=48;search_radius=24;kmer=2;top_ratio=0.25;score_scale=4.0;motif_weight=0.0;motif_radius=12;score_normalization=train_quantile;raw_border_score=0.265190;border_score=1.103978",0.2611238658428192,0.27425122261047363,0.46462494134902954
test_Seq_308,0,1,"benchmark=nucleotide_transformer_downstream_tasks;dataset=splice_sites_all;matching=kmer_balanced;matching_signature=(13, 'GGG');border_estimator=center_window_kmer_jsd;estimator=center_jsd;window=48;search_radius=24;kmer=2;top_ratio=0.25;score_scale=4.0;motif_weight=0.0;motif_radius=12;score_normalization=train_quantile;raw_border_score=0.231114;border_score=1.041622",0.34179407358169556,0.34230852127075195,0.3158974051475525
test_Seq_1613,1,2,"benchmark=nucleotide_transformer_downstream_tasks;dataset=splice_sites_all;matching=kmer_balanced;matching_signature=(6, 'TTT');border_estimator=center_window_kmer_jsd;estimator=center_jsd;window=48;search_radius=24;kmer=2;top_ratio=0.25;score_scale=4.0;motif_weight=0.0;motif_radius=12;score_normalization=train_quantile;raw_border_score=0.211167;border_score=0.998111",0.26119264960289,0.2827821373939514,0.4560251832008362
test_Seq_641,0,2,"benchmark=nucleotide_transformer_downstream_tasks;dataset=splice_sites_all;matching=kmer_balanced;matching_signature=(13, 'GGG');border_estimator=center_window_kmer_jsd;estimator=center_jsd;window=48;search_radius=24;kmer=2;top_ratio=0.25;score_scale=4.0;motif_weight=0.0;motif_radius=12;score_normalization=train_quantile;raw_border_score=0.277295;border_score=1.120467",0.3127761781215668,0.3189484477043152,0.36827534437179565
test_Seq_2460,2,2,"benchmark=nucleotide_transformer_downstream_tasks;dataset=splice_sites_all;matching=kmer_balanced;matching_signature=(8, 'TTT');border_estimator=center_window_kmer_jsd;estimator=center_jsd;window=48;search_radius=24;kmer=2;top_ratio=0.25;score_scale=4.0;motif_weight=0.0;motif_radius=12;score_normalization=train_quantile;raw_border_score=0.252758;border_score=1.083667",0.2217770665884018,0.2523272633552551,0.5258956551551819
test_Seq_1765,1,2,"benchmark=nucleotide_transformer_downstream_tasks;dataset=splice_sites_all;matching=kmer_balanced;matching_signature=(11, 'CCC');border_estimator=center_window_kmer_jsd;estimator=center_jsd;window=48;search_radius=24;kmer=2;top_ratio=0.25;score_scale=4.0;motif_weight=0.0;motif_radius=12;score_normalization=train_quantile;raw_border_score=0.150511;border_score=0.848422",0.2937903106212616,0.30413347482681274,0.40207621455192566
test_Seq_1289,1,2,"benchmark=nucleotide_transformer_downstream_tasks;dataset=splice_sites_all;matching=kmer_balanced;matching_signature=(12, 'CAG');border_estimator=center_window_kmer_jsd;estimator=center_jsd;window=48;search_radius=24;kmer=2;top_ratio=0.25;score_scale=4.0;motif_weight=0.0;motif_radius=12;score_normalization=train_quantile;raw_border_score=0.140272;border_score=0.831978",0.31664973497390747,0.32983335852622986,0.35351693630218506
test_Seq_226,0,2,"benchmark=nucleotide_transformer_downstream_tasks;dataset=splice_sites_all;matching=kmer_balanced;matching_signature=(12, 'CCC');border_estimator=center_window_kmer_jsd;estimator=center_jsd;window=48;search_radius=24;kmer=2;top_ratio=0.25;score_scale=4.0;motif_weight=0.0;motif_radius=12;score_normalization=train_quantile;raw_border_score=0.241306;border_score=1.061489",0.30213385820388794,0.3174295723438263,0.38043656945228577
test_Seq_2573,2,2,"benchmark=nucleotide_transformer_downstream_tasks;dataset=splice_sites_all;matching=kmer_balanced;matching_signature=(14, 'GGG');border_estimator=center_window_kmer_jsd;estimator=center_jsd;window=48;search_radius=24;kmer=2;top_ratio=0.25;score_scale=4.0;motif_weight=0.0;motif_radius=12;score_normalization=train_quantile;raw_border_score=0.187255;border_score=0.936689",0.30687767267227173,0.3138445019721985,0.379277765750885
test_Seq_2246,2,2,"benchmark=nucleotide_transformer_downstream_tasks;dataset=splice_sites_all;matching=kmer_balanced;matching_signature=(10, 'TGC');border_estimator=center_window_kmer_jsd;estimator=center_jsd;window=48;search_radius=24;kmer=2;top_ratio=0.25;score_scale=4.0;motif_weight=0.0;motif_radius=12;score_normalization=train_quantile;raw_border_score=0.132014;border_score=0.821578",0.30262815952301025,0.31894543766975403,0.3784264326095581
test_Seq_2752,2,2,"benchmark=nucleotide_transformer_downstream_tasks;dataset=splice_sites_all;matching=kmer_balanced;matching_signature=(6, 'TTT');border_estimator=center_window_kmer_jsd;estimator=center_jsd;window=48;search_radius=24;kmer=2;top_ratio=0.25;score_scale=4.0;motif_weight=0.0;motif_radius=12;score_normalization=train_quantile;raw_border_score=0.162742;border_score=0.873356",0.24254779517650604,0.27154532074928284,0.4859069287776947
test_Seq_2154,2,2,"benchmark=nucleotide_transformer_downstream_tasks;dataset=splice_sites_all;matching=kmer_balanced;matching_signature=(7, 'AAA');border_estimator=center_window_kmer_jsd;estimator=center_jsd;window=48;search_radius=24;kmer=2;top_ratio=0.25;score_scale=4.0;motif_weight=0.0;motif_radius=12;score_normalization=train_quantile;raw_border_score=0.173444;border_score=0.900378",0.23097458481788635,0.25382253527641296,0.5152028203010559
test_Seq_868,0,2,"benchmark=nucleotide_transformer_downstream_tasks;dataset=splice_sites_all;matching=kmer_balanced;matching_signature=(7, 'AAA');border_estimator=center_window_kmer_jsd;estimator=center_jsd;window=48;search_radius=24;kmer=2;top_ratio=0.25;score_scale=4.0;motif_weight=0.0;motif_radius=12;score_normalization=train_quantile;raw_border_score=0.153496;border_score=0.854422",0.23792439699172974,0.2653910219669342,0.4966845214366913
test_Seq_245,0,2,"benchmark=nucleotide_transformer_downstream_tasks;dataset=splice_sites_all;matching=kmer_balanced;matching_signature=(6, 'AAA');border_estimator=center_window_kmer_jsd;estimator=center_jsd;window=48;search_radius=24;kmer=2;top_ratio=0.25;score_scale=4.0;motif_weight=0.0;motif_radius=12;score_normalization=train_quantile;raw_border_score=0.228923;border_score=1.037933",0.22803226113319397,0.2534853219985962,0.5184823870658875
test_Seq_2966,2,2,"benchmark=nucleotide_transformer_downstream_tasks;dataset=splice_sites_all;matching=kmer_balanced;matching_signature=(12, 'CTG');border_estimator=center_window_kmer_jsd;estimator=center_jsd;window=48;search_radius=24;kmer=2;top_ratio=0.25;score_scale=4.0;motif_weight=0.0;motif_radius=12;score_normalization=train_quantile;raw_border_score=0.103134;border_score=0.803489",0.3065003752708435,0.3069497048854828,0.38654986023902893
test_Seq_2815,2,2,"benchmark=nucleotide_transformer_downstream_tasks;dataset=splice_sites_all;matching=kmer_balanced;matching_signature=(6, 'TTT');border_estimator=center_window_kmer_jsd;estimator=center_jsd;window=48;search_radius=24;kmer=2;top_ratio=0.25;score_scale=4.0;motif_weight=0.0;motif_radius=12;score_normalization=train_quantile;raw_border_score=0.194568;border_score=0.955844",0.25292453169822693,0.2768767476081848,0.47019869089126587
test_Seq_1770,1,2,"benchmark=nucleotide_transformer_downstream_tasks;dataset=splice_sites_all;matching=kmer_balanced;matching_signature=(6, 'TTT');border_estimator=center_window_kmer_jsd;estimator=center_jsd;window=48;search_radius=24;kmer=2;top_ratio=0.25;score_scale=4.0;motif_weight=0.0;motif_radius=12;score_normalization=train_quantile;raw_border_score=0.282675;border_score=1.127311",0.28451406955718994,0.305260568857193,0.41022542119026184
test_Seq_752,0,2,"benchmark=nucleotide_transformer_downstream_tasks;dataset=splice_sites_all;matching=kmer_balanced;matching_signature=(8, 'TTT');border_estimator=center_window_kmer_jsd;estimator=center_jsd;window=48;search_radius=24;kmer=2;top_ratio=0.25;score_scale=4.0;motif_weight=0.0;motif_radius=12;score_normalization=train_quantile;raw_border_score=0.348671;border_score=1.176333",0.2589207887649536,0.28189343214035034,0.45918577909469604
test_Seq_169,0,2,"benchmark=nucleotide_transformer_downstream_tasks;dataset=splice_sites_all;matching=kmer_balanced;matching_signature=(7, 'TTT');border_estimator=center_window_kmer_jsd;estimator=center_jsd;window=48;search_radius=24;kmer=2;top_ratio=0.25;score_scale=4.0;motif_weight=0.0;motif_radius=12;score_normalization=train_quantile;raw_border_score=0.183667;border_score=0.926511",0.26764312386512756,0.288381427526474,0.4439755082130432
test_Seq_601,0,2,"benchmark=nucleotide_transformer_downstream_tasks;dataset=splice_sites_all;matching=kmer_balanced;matching_signature=(7, 'AAA');border_estimator=center_window_kmer_jsd;estimator=center_jsd;window=48;search_radius=24;kmer=2;top_ratio=0.25;score_scale=4.0;motif_weight=0.0;motif_radius=12;score_normalization=train_quantile;raw_border_score=0.236901;border_score=1.052422",0.23093028366565704,0.25404465198516846,0.5150250792503357
test_Seq_2714,2,2,"benchmark=nucleotide_transformer_downstream_tasks;dataset=splice_sites_all;matching=kmer_balanced;matching_signature=(10, 'CTG');border_estimator=center_window_kmer_jsd;estimator=center_jsd;window=48;search_radius=24;kmer=2;top_ratio=0.25;score_scale=4.0;motif_weight=0.0;motif_radius=12;score_normalization=train_quantile;raw_border_score=0.101979;border_score=0.803222",0.2166348248720169,0.24234463274478912,0.5410205721855164
test_Seq_2831,2,2,"benchmark=nucleotide_transformer_downstream_tasks;dataset=splice_sites_all;matching=kmer_balanced;matching_signature=(9, 'TTT');border_estimator=center_window_kmer_jsd;estimator=center_jsd;window=48;search_radius=24;kmer=2;top_ratio=0.25;score_scale=4.0;motif_weight=0.0;motif_radius=12;score_normalization=train_quantile;raw_border_score=0.538496;border_score=1.199311",0.19625762104988098,0.22614067792892456,0.5776016712188721
test_Seq_1436,1,1,"benchmark=nucleotide_transformer_downstream_tasks;dataset=splice_sites_all;matching=kmer_balanced;matching_signature=(14, 'CGG');border_estimator=center_window_kmer_jsd;estimator=center_jsd;window=48;search_radius=24;kmer=2;top_ratio=0.25;score_scale=4.0;motif_weight=0.0;motif_radius=12;score_normalization=train_quantile;raw_border_score=0.255745;border_score=1.088822",0.3360271751880646,0.3407045006752014,0.3232683837413788
test_Seq_2571,2,0,"benchmark=nucleotide_transformer_downstream_tasks;dataset=splice_sites_all;matching=kmer_balanced;matching_signature=(13, 'GGG');border_estimator=center_window_kmer_jsd;estimator=center_jsd;window=48;search_radius=24;kmer=2;top_ratio=0.25;score_scale=4.0;motif_weight=0.0;motif_radius=12;score_normalization=train_quantile;raw_border_score=0.274581;border_score=1.116600",0.33630096912384033,0.3290309011936188,0.3346681296825409
test_Seq_1348,1,2,"benchmark=nucleotide_transformer_downstream_tasks;dataset=splice_sites_all;matching=kmer_balanced;matching_signature=(7, 'TTT');border_estimator=center_window_kmer_jsd;estimator=center_jsd;window=48;search_radius=24;kmer=2;top_ratio=0.25;score_scale=4.0;motif_weight=0.0;motif_radius=12;score_normalization=train_quantile;raw_border_score=0.231973;border_score=1.043800",0.23683254420757294,0.26525604724884033,0.49791139364242554
test_Seq_1013,1,2,"benchmark=nucleotide_transformer_downstream_tasks;dataset=splice_sites_all;matching=kmer_balanced;matching_signature=(5, 'TTT');border_estimator=center_window_kmer_jsd;estimator=center_jsd;window=48;search_radius=24;kmer=2;top_ratio=0.25;score_scale=4.0;motif_weight=0.0;motif_radius=12;score_normalization=train_quantile;raw_border_score=0.247839;border_score=1.074867",0.2483988255262375,0.2743779420852661,0.4772232174873352
test_Seq_1511,1,2,"benchmark=nucleotide_transformer_downstream_tasks;dataset=splice_sites_all;matching=kmer_balanced;matching_signature=(10, 'CCC');border_estimator=center_window_kmer_jsd;estimator=center_jsd;window=48;search_radius=24;kmer=2;top_ratio=0.25;score_scale=4.0;motif_weight=0.0;motif_radius=12;score_normalization=train_quantile;raw_border_score=0.202431;border_score=0.977178",0.2677076756954193,0.27502891421318054,0.45726341009140015
test_Seq_642,0,2,"benchmark=nucleotide_transformer_downstream_tasks;dataset=splice_sites_all;matching=kmer_balanced;matching_signature=(8, 'AAA');border_estimator=center_window_kmer_jsd;estimator=center_jsd;window=48;search_radius=24;kmer=2;top_ratio=0.25;score_scale=4.0;motif_weight=0.0;motif_radius=12;score_normalization=train_quantile;raw_border_score=0.132972;border_score=0.822733",0.24919907748699188,0.2770058810710907,0.47379496693611145
test_Seq_101,0,1,"benchmark=nucleotide_transformer_downstream_tasks;dataset=splice_sites_all;matching=kmer_balanced;matching_signature=(12, 'GGG');border_estimator=center_window_kmer_jsd;estimator=center_jsd;window=48;search_radius=24;kmer=2;top_ratio=0.25;score_scale=4.0;motif_weight=0.0;motif_radius=12;score_normalization=train_quantile;raw_border_score=0.217903;border_score=1.013489",0.34471625089645386,0.35170668363571167,0.30357712507247925
test_Seq_1730,1,2,"benchmark=nucleotide_transformer_downstream_tasks;dataset=splice_sites_all;matching=kmer_balanced;matching_signature=(10, 'CTG');border_estimator=center_window_kmer_jsd;estimator=center_jsd;window=48;search_radius=24;kmer=2;top_ratio=0.25;score_scale=4.0;motif_weight=0.0;motif_radius=12;score_normalization=train_quantile;raw_border_score=0.215127;border_score=1.006200",0.2894030213356018,0.30086371302604675,0.4097333252429962
test_Seq_2952,2,2,"benchmark=nucleotide_transformer_downstream_tasks;dataset=splice_sites_all;matching=kmer_balanced;matching_signature=(12, 'CCC');border_estimator=center_window_kmer_jsd;estimator=center_jsd;window=48;search_radius=24;kmer=2;top_ratio=0.25;score_scale=4.0;motif_weight=0.0;motif_radius=12;score_normalization=train_quantile;raw_border_score=0.322798;border_score=1.162644",0.28669899702072144,0.2977856397628784,0.41551530361175537
test_Seq_486,0,2,"benchmark=nucleotide_transformer_downstream_tasks;dataset=splice_sites_all;matching=kmer_balanced;matching_signature=(11, 'CCT');border_estimator=center_window_kmer_jsd;estimator=center_jsd;window=48;search_radius=24;kmer=2;top_ratio=0.25;score_scale=4.0;motif_weight=0.0;motif_radius=12;score_normalization=train_quantile;raw_border_score=0.257775;border_score=1.091756",0.28495553135871887,0.298688143491745,0.41635626554489136
test_Seq_1529,1,2,"benchmark=nucleotide_transformer_downstream_tasks;dataset=splice_sites_all;matching=kmer_balanced;matching_signature=(11, 'CTG');border_estimator=center_window_kmer_jsd;estimator=center_jsd;window=48;search_radius=24;kmer=2;top_ratio=0.25;score_scale=4.0;motif_weight=0.0;motif_radius=12;score_normalization=train_quantile;raw_border_score=0.159310;border_score=0.866200",0.30272212624549866,0.31812068819999695,0.3791572153568268
test_Seq_1512,1,2,"benchmark=nucleotide_transformer_downstream_tasks;dataset=splice_sites_all;matching=kmer_balanced;matching_signature=(7, 'TTT');border_estimator=center_window_kmer_jsd;estimator=center_jsd;window=48;search_radius=24;kmer=2;top_ratio=0.25;score_scale=4.0;motif_weight=0.0;motif_radius=12;score_normalization=train_quantile;raw_border_score=0.148834;border_score=0.845711",0.22032107412815094,0.24243350327014923,0.537245512008667
test_Seq_2972,2,2,"benchmark=nucleotide_transformer_downstream_tasks;dataset=splice_sites_all;matching=kmer_balanced;matching_signature=(13, 'GGG');border_estimator=center_window_kmer_jsd;estimator=center_jsd;window=48;search_radius=24;kmer=2;top_ratio=0.25;score_scale=4.0;motif_weight=0.0;motif_radius=12;score_normalization=train_quantile;raw_border_score=0.241456;border_score=1.061889",0.2995038628578186,0.30034565925598145,0.40015050768852234
test_Seq_2372,2,2,"benchmark=nucleotide_transformer_downstream_tasks;dataset=splice_sites_all;matching=kmer_balanced;matching_signature=(7, 'TTT');border_estimator=center_window_kmer_jsd;estimator=center_jsd;window=48;search_radius=24;kmer=2;top_ratio=0.25;score_scale=4.0;motif_weight=0.0;motif_radius=12;score_normalization=train_quantile;raw_border_score=0.267370;border_score=1.106156",0.3098047077655792,0.3215499222278595,0.3686453700065613
test_Seq_1773,1,2,"benchmark=nucleotide_transformer_downstream_tasks;dataset=splice_sites_all;matching=kmer_balanced;matching_signature=(7, 'AAA');border_estimator=center_window_kmer_jsd;estimator=center_jsd;window=48;search_radius=24;kmer=2;top_ratio=0.25;score_scale=4.0;motif_weight=0.0;motif_radius=12;score_normalization=train_quantile;raw_border_score=0.139039;border_score=0.830511",0.27988341450691223,0.3054850399494171,0.41463154554367065
test_Seq_1206,1,2,"benchmark=nucleotide_transformer_downstream_tasks;dataset=splice_sites_all;matching=kmer_balanced;matching_signature=(12, 'CAG');border_estimator=center_window_kmer_jsd;estimator=center_jsd;window=48;search_radius=24;kmer=2;top_ratio=0.25;score_scale=4.0;motif_weight=0.0;motif_radius=12;score_normalization=train_quantile;raw_border_score=0.244823;border_score=1.069000",0.31260985136032104,0.3104192614555359,0.37697088718414307
test_Seq_1404,1,2,"benchmark=nucleotide_transformer_downstream_tasks;dataset=splice_sites_all;matching=kmer_balanced;matching_signature=(6, 'AAA');border_estimator=center_window_kmer_jsd;estimator=center_jsd;window=48;search_radius=24;kmer=2;top_ratio=0.25;score_scale=4.0;motif_weight=0.0;motif_radius=12;score_normalization=train_quantile;raw_border_score=0.164477;border_score=0.877667",0.2827692925930023,0.3036131262779236,0.41361749172210693
test_Seq_1567,1,2,"benchmark=nucleotide_transformer_downstream_tasks;dataset=splice_sites_all;matching=kmer_balanced;matching_signature=(6, 'TTT');border_estimator=center_window_kmer_jsd;estimator=center_jsd;window=48;search_radius=24;kmer=2;top_ratio=0.25;score_scale=4.0;motif_weight=0.0;motif_radius=12;score_normalization=train_quantile;raw_border_score=0.291140;border_score=1.137444",0.23576869070529938,0.25814568996429443,0.5060856342315674
test_Seq_1254,1,2,"benchmark=nucleotide_transformer_downstream_tasks;dataset=splice_sites_all;matching=kmer_balanced;matching_signature=(6, 'TTT');border_estimator=center_window_kmer_jsd;estimator=center_jsd;window=48;search_radius=24;kmer=2;top_ratio=0.25;score_scale=4.0;motif_weight=0.0;motif_radius=12;score_normalization=train_quantile;raw_border_score=0.162770;border_score=0.873444",0.2488706409931183,0.2724648714065552,0.4786645174026489
test_Seq_2051,2,1,"benchmark=nucleotide_transformer_downstream_tasks;dataset=splice_sites_all;matching=kmer_balanced;matching_signature=(9, 'CAG');border_estimator=center_window_kmer_jsd;estimator=center_jsd;window=48;search_radius=24;kmer=2;top_ratio=0.25;score_scale=4.0;motif_weight=0.0;motif_radius=12;score_normalization=train_quantile;raw_border_score=0.198146;border_score=0.966244",0.3316485285758972,0.34303534030914307,0.3253161609172821
test_Seq_2219,2,2,"benchmark=nucleotide_transformer_downstream_tasks;dataset=splice_sites_all;matching=kmer_balanced;matching_signature=(6, 'AAA');border_estimator=center_window_kmer_jsd;estimator=center_jsd;window=48;search_radius=24;kmer=2;top_ratio=0.25;score_scale=4.0;motif_weight=0.0;motif_radius=12;score_normalization=train_quantile;raw_border_score=0.197435;border_score=0.964067",0.24132919311523438,0.26339223980903625,0.495278537273407
test_Seq_164,0,2,"benchmark=nucleotide_transformer_downstream_tasks;dataset=splice_sites_all;matching=kmer_balanced;matching_signature=(11, 'CCC');border_estimator=center_window_kmer_jsd;estimator=center_jsd;window=48;search_radius=24;kmer=2;top_ratio=0.25;score_scale=4.0;motif_weight=0.0;motif_radius=12;score_normalization=train_quantile;raw_border_score=0.307977;border_score=1.152111",0.293526828289032,0.3025777041912079,0.40389543771743774
test_Seq_560,0,2,"benchmark=nucleotide_transformer_downstream_tasks;dataset=splice_sites_all;matching=kmer_balanced;matching_signature=(13, 'GGG');border_estimator=center_window_kmer_jsd;estimator=center_jsd;window=48;search_radius=24;kmer=2;top_ratio=0.25;score_scale=4.0;motif_weight=0.0;motif_radius=12;score_normalization=train_quantile;raw_border_score=0.225714;border_score=1.031400",0.3074740171432495,0.3118433356285095,0.3806826174259186
test_Seq_427,0,2,"benchmark=nucleotide_transformer_downstream_tasks;dataset=splice_sites_all;matching=kmer_balanced;matching_signature=(7, 'TGA');border_estimator=center_window_kmer_jsd;estimator=center_jsd;window=48;search_radius=24;kmer=2;top_ratio=0.25;score_scale=4.0;motif_weight=0.0;motif_radius=12;score_normalization=train_quantile;raw_border_score=0.190940;border_score=0.946556",0.2893417775630951,0.30757248401641846,0.40308576822280884
test_Seq_2092,2,2,"benchmark=nucleotide_transformer_downstream_tasks;dataset=splice_sites_all;matching=kmer_balanced;matching_signature=(11, 'CCT');border_estimator=center_window_kmer_jsd;estimator=center_jsd;window=48;search_radius=24;kmer=2;top_ratio=0.25;score_scale=4.0;motif_weight=0.0;motif_radius=12;score_normalization=train_quantile;raw_border_score=0.153124;border_score=0.853622",0.2751554548740387,0.2790795862674713,0.4457648992538452
test_Seq_2240,2,2,"benchmark=nucleotide_transformer_downstream_tasks;dataset=splice_sites_all;matching=kmer_balanced;matching_signature=(9, 'CTG');border_estimator=center_window_kmer_jsd;estimator=center_jsd;window=48;search_radius=24;kmer=2;top_ratio=0.25;score_scale=4.0;motif_weight=0.0;motif_radius=12;score_normalization=train_quantile;raw_border_score=0.141432;border_score=0.833133",0.23165522515773773,0.262186199426651,0.5061585903167725
test_Seq_1843,1,2,"benchmark=nucleotide_transformer_downstream_tasks;dataset=splice_sites_all;matching=kmer_balanced;matching_signature=(10, 'CTC');border_estimator=center_window_kmer_jsd;estimator=center_jsd;window=48;search_radius=24;kmer=2;top_ratio=0.25;score_scale=4.0;motif_weight=0.0;motif_radius=12;score_normalization=train_quantile;raw_border_score=0.293874;border_score=1.140022",0.23193317651748657,0.25704509019851685,0.5110217332839966
test_Seq_1854,1,2,"benchmark=nucleotide_transformer_downstream_tasks;dataset=splice_sites_all;matching=kmer_balanced;matching_signature=(9, 'CAG');border_estimator=center_window_kmer_jsd;estimator=center_jsd;window=48;search_radius=24;kmer=2;top_ratio=0.25;score_scale=4.0;motif_weight=0.0;motif_radius=12;score_normalization=train_quantile;raw_border_score=0.214473;border_score=1.005044",0.24462111294269562,0.26120537519454956,0.49417349696159363
test_Seq_2040,2,2,"benchmark=nucleotide_transformer_downstream_tasks;dataset=splice_sites_all;matching=kmer_balanced;matching_signature=(5, 'TTT');border_estimator=center_window_kmer_jsd;estimator=center_jsd;window=48;search_radius=24;kmer=2;top_ratio=0.25;score_scale=4.0;motif_weight=0.0;motif_radius=12;score_normalization=train_quantile;raw_border_score=0.168992;border_score=0.888600",0.2544954717159271,0.27670544385910034,0.4687991142272949
test_Seq_2030,2,0,"benchmark=nucleotide_transformer_downstream_tasks;dataset=splice_sites_all;matching=kmer_balanced;matching_signature=(13, 'GGG');border_estimator=center_window_kmer_jsd;estimator=center_jsd;window=48;search_radius=24;kmer=2;top_ratio=0.25;score_scale=4.0;motif_weight=0.0;motif_radius=12;score_normalization=train_quantile;raw_border_score=0.230916;border_score=1.041222",0.3449571430683136,0.33593639731407166,0.31910645961761475
test_Seq_2032,2,2,"benchmark=nucleotide_transformer_downstream_tasks;dataset=splice_sites_all;matching=kmer_balanced;matching_signature=(9, 'TGG');border_estimator=center_window_kmer_jsd;estimator=center_jsd;window=48;search_radius=24;kmer=2;top_ratio=0.25;score_scale=4.0;motif_weight=0.0;motif_radius=12;score_normalization=train_quantile;raw_border_score=0.195918;border_score=0.959667",0.2934149503707886,0.3039684593677521,0.4026166498661041
test_Seq_2988,2,2,"benchmark=nucleotide_transformer_downstream_tasks;dataset=splice_sites_all;matching=kmer_balanced;matching_signature=(6, 'TTT');border_estimator=center_window_kmer_jsd;estimator=center_jsd;window=48;search_radius=24;kmer=2;top_ratio=0.25;score_scale=4.0;motif_weight=0.0;motif_radius=12;score_normalization=train_quantile;raw_border_score=0.124620;border_score=0.814156",0.25380176305770874,0.27917149662971497,0.4670267403125763
test_Seq_2293,2,2,"benchmark=nucleotide_transformer_downstream_tasks;dataset=splice_sites_all;matching=kmer_balanced;matching_signature=(5, 'TTT');border_estimator=center_window_kmer_jsd;estimator=center_jsd;window=48;search_radius=24;kmer=2;top_ratio=0.25;score_scale=4.0;motif_weight=0.0;motif_radius=12;score_normalization=train_quantile;raw_border_score=0.179768;border_score=0.917089",0.23594138026237488,0.260171115398407,0.5038874745368958
test_Seq_660,0,2,"benchmark=nucleotide_transformer_downstream_tasks;dataset=splice_sites_all;matching=kmer_balanced;matching_signature=(8, 'TTT');border_estimator=center_window_kmer_jsd;estimator=center_jsd;window=48;search_radius=24;kmer=2;top_ratio=0.25;score_scale=4.0;motif_weight=0.0;motif_radius=12;score_normalization=train_quantile;raw_border_score=0.314880;border_score=1.157311",0.28041741251945496,0.30190151929855347,0.4176810383796692
test_Seq_2917,2,2,"benchmark=nucleotide_transformer_downstream_tasks;dataset=splice_sites_all;matching=kmer_balanced;matching_signature=(6, 'TTT');border_estimator=center_window_kmer_jsd;estimator=center_jsd;window=48;search_radius=24;kmer=2;top_ratio=0.25;score_scale=4.0;motif_weight=0.0;motif_radius=12;score_normalization=train_quantile;raw_border_score=0.193320;border_score=0.952911",0.2644449770450592,0.2910821735858917,0.4444728493690491
test_Seq_219,0,0,"benchmark=nucleotide_transformer_downstream_tasks;dataset=splice_sites_all;matching=kmer_balanced;matching_signature=(14, 'CCC');border_estimator=center_window_kmer_jsd;estimator=center_jsd;window=48;search_radius=24;kmer=2;top_ratio=0.25;score_scale=4.0;motif_weight=0.0;motif_radius=12;score_normalization=train_quantile;raw_border_score=0.217508;border_score=1.012511",0.33959075808525085,0.3297281563282013,0.33068111538887024
test_Seq_2152,2,2,"benchmark=nucleotide_transformer_downstream_tasks;dataset=splice_sites_all;matching=kmer_balanced;matching_signature=(6, 'TTT');border_estimator=center_window_kmer_jsd;estimator=center_jsd;window=48;search_radius=24;kmer=2;top_ratio=0.25;score_scale=4.0;motif_weight=0.0;motif_radius=12;score_normalization=train_quantile;raw_border_score=0.195411;border_score=0.958289",0.23303116858005524,0.26598742604255676,0.5009813904762268
test_Seq_639,0,2,"benchmark=nucleotide_transformer_downstream_tasks;dataset=splice_sites_all;matching=kmer_balanced;matching_signature=(11, 'TGG');border_estimator=center_window_kmer_jsd;estimator=center_jsd;window=48;search_radius=24;kmer=2;top_ratio=0.25;score_scale=4.0;motif_weight=0.0;motif_radius=12;score_normalization=train_quantile;raw_border_score=0.201251;border_score=0.974022",0.2953073978424072,0.30014267563819885,0.4045499265193939
test_Seq_2603,2,2,"benchmark=nucleotide_transformer_downstream_tasks;dataset=splice_sites_all;matching=kmer_balanced;matching_signature=(13, 'GGG');border_estimator=center_window_kmer_jsd;estimator=center_jsd;window=48;search_radius=24;kmer=2;top_ratio=0.25;score_scale=4.0;motif_weight=0.0;motif_radius=12;score_normalization=train_quantile;raw_border_score=0.354543;border_score=1.178378",0.3319202661514282,0.3319522440433502,0.33612751960754395
test_Seq_2718,2,2,"benchmark=nucleotide_transformer_downstream_tasks;dataset=splice_sites_all;matching=kmer_balanced;matching_signature=(6, 'AAA');border_estimator=center_window_kmer_jsd;estimator=center_jsd;window=48;search_radius=24;kmer=2;top_ratio=0.25;score_scale=4.0;motif_weight=0.0;motif_radius=12;score_normalization=train_quantile;raw_border_score=0.267774;border_score=1.106867",0.2512616813182831,0.27486100792884827,0.4738774001598358
test_Seq_626,0,2,"benchmark=nucleotide_transformer_downstream_tasks;dataset=splice_sites_all;matching=kmer_balanced;matching_signature=(11, 'CCC');border_estimator=center_window_kmer_jsd;estimator=center_jsd;window=48;search_radius=24;kmer=2;top_ratio=0.25;score_scale=4.0;motif_weight=0.0;motif_radius=12;score_normalization=train_quantile;raw_border_score=0.240039;border_score=1.058422",0.32109713554382324,0.3222144842147827,0.35668835043907166
test_Seq_2627,2,1,"benchmark=nucleotide_transformer_downstream_tasks;dataset=splice_sites_all;matching=kmer_balanced;matching_signature=(7, 'TTT');border_estimator=center_window_kmer_jsd;estimator=center_jsd;window=48;search_radius=24;kmer=2;top_ratio=0.25;score_scale=4.0;motif_weight=0.0;motif_radius=12;score_normalization=train_quantile;raw_border_score=0.334319;border_score=1.168733",0.32778096199035645,0.3415968418121338,0.33062219619750977
test_Seq_1589,1,2,"benchmark=nucleotide_transformer_downstream_tasks;dataset=splice_sites_all;matching=kmer_balanced;matching_signature=(6, 'AAA');border_estimator=center_window_kmer_jsd;estimator=center_jsd;window=48;search_radius=24;kmer=2;top_ratio=0.25;score_scale=4.0;motif_weight=0.0;motif_radius=12;score_normalization=train_quantile;raw_border_score=0.353638;border_score=1.178022",0.2735599875450134,0.3010617792606354,0.4253782629966736
test_Seq_474,0,2,"benchmark=nucleotide_transformer_downstream_tasks;dataset=splice_sites_all;matching=kmer_balanced;matching_signature=(13, 'CTG');border_estimator=center_window_kmer_jsd;estimator=center_jsd;window=48;search_radius=24;kmer=2;top_ratio=0.25;score_scale=4.0;motif_weight=0.0;motif_radius=12;score_normalization=train_quantile;raw_border_score=0.126898;border_score=0.816378",0.32380548119544983,0.33004340529441833,0.34615111351013184
test_Seq_888,0,2,"benchmark=nucleotide_transformer_downstream_tasks;dataset=splice_sites_all;matching=kmer_balanced;matching_signature=(6, 'TTT');border_estimator=center_window_kmer_jsd;estimator=center_jsd;window=48;search_radius=24;kmer=2;top_ratio=0.25;score_scale=4.0;motif_weight=0.0;motif_radius=12;score_normalization=train_quantile;raw_border_score=0.249469;border_score=1.078067",0.24838007986545563,0.2700786292552948,0.4815412759780884
test_Seq_833,0,2,"benchmark=nucleotide_transformer_downstream_tasks;dataset=splice_sites_all;matching=kmer_balanced;matching_signature=(9, 'GAA');border_estimator=center_window_kmer_jsd;estimator=center_jsd;window=48;search_radius=24;kmer=2;top_ratio=0.25;score_scale=4.0;motif_weight=0.0;motif_radius=12;score_normalization=train_quantile;raw_border_score=0.193772;border_score=0.954111",0.3139288127422333,0.326951265335083,0.35911989212036133
test_Seq_2253,2,2,"benchmark=nucleotide_transformer_downstream_tasks;dataset=splice_sites_all;matching=kmer_balanced;matching_signature=(7, 'TTT');border_estimator=center_window_kmer_jsd;estimator=center_jsd;window=48;search_radius=24;kmer=2;top_ratio=0.25;score_scale=4.0;motif_weight=0.0;motif_radius=12;score_normalization=train_quantile;raw_border_score=0.111795;border_score=0.806333",0.2675580382347107,0.2865926921367645,0.4458491802215576
test_Seq_2426,2,2,"benchmark=nucleotide_transformer_downstream_tasks;dataset=splice_sites_all;matching=kmer_balanced;matching_signature=(8, 'TTT');border_estimator=center_window_kmer_jsd;estimator=center_jsd;window=48;search_radius=24;kmer=2;top_ratio=0.25;score_scale=4.0;motif_weight=0.0;motif_radius=12;score_normalization=train_quantile;raw_border_score=0.198881;border_score=0.968200",0.24250562489032745,0.2742635905742645,0.4832307696342468
test_Seq_2346,2,2,"benchmark=nucleotide_transformer_downstream_tasks;dataset=splice_sites_all;matching=kmer_balanced;matching_signature=(9, 'AAA');border_estimator=center_window_kmer_jsd;estimator=center_jsd;window=48;search_radius=24;kmer=2;top_ratio=0.25;score_scale=4.0;motif_weight=0.0;motif_radius=12;score_normalization=train_quantile;raw_border_score=0.307210;border_score=1.151578",0.21211771667003632,0.22784975171089172,0.5600325465202332
test_Seq_1996,1,2,"benchmark=nucleotide_transformer_downstream_tasks;dataset=splice_sites_all;matching=kmer_balanced;matching_signature=(7, 'TTT');border_estimator=center_window_kmer_jsd;estimator=center_jsd;window=48;search_radius=24;kmer=2;top_ratio=0.25;score_scale=4.0;motif_weight=0.0;motif_radius=12;score_normalization=train_quantile;raw_border_score=0.196323;border_score=0.960911",0.2338293343782425,0.26197755336761475,0.5041930675506592
test_Seq_1026,1,2,"benchmark=nucleotide_transformer_downstream_tasks;dataset=splice_sites_all;matching=kmer_balanced;matching_signature=(10, 'CCT');border_estimator=center_window_kmer_jsd;estimator=center_jsd;window=48;search_radius=24;kmer=2;top_ratio=0.25;score_scale=4.0;motif_weight=0.0;motif_radius=12;score_normalization=train_quantile;raw_border_score=0.151099;border_score=0.849133",0.30700066685676575,0.3226746618747711,0.37032464146614075
test_Seq_2863,2,2,"benchmark=nucleotide_transformer_downstream_tasks;dataset=splice_sites_all;matching=kmer_balanced;matching_signature=(8, 'AAA');border_estimator=center_window_kmer_jsd;estimator=center_jsd;window=48;search_radius=24;kmer=2;top_ratio=0.25;score_scale=4.0;motif_weight=0.0;motif_radius=12;score_normalization=train_quantile;raw_border_score=0.171935;border_score=0.896156",0.25106486678123474,0.2685626745223999,0.4803723990917206
test_Seq_68,0,2,"benchmark=nucleotide_transformer_downstream_tasks;dataset=splice_sites_all;matching=kmer_balanced;matching_signature=(6, 'TTT');border_estimator=center_window_kmer_jsd;estimator=center_jsd;window=48;search_radius=24;kmer=2;top_ratio=0.25;score_scale=4.0;motif_weight=0.0;motif_radius=12;score_normalization=train_quantile;raw_border_score=0.180041;border_score=0.917844",0.27667200565338135,0.2953728437423706,0.42795515060424805
test_Seq_2096,2,2,"benchmark=nucleotide_transformer_downstream_tasks;dataset=splice_sites_all;matching=kmer_balanced;matching_signature=(10, 'GGG');border_estimator=center_window_kmer_jsd;estimator=center_jsd;window=48;search_radius=24;kmer=2;top_ratio=0.25;score_scale=4.0;motif_weight=0.0;motif_radius=12;score_normalization=train_quantile;raw_border_score=0.354988;border_score=1.178600",0.3206969201564789,0.33138397336006165,0.3479191064834595
test_Seq_170,0,2,"benchmark=nucleotide_transformer_downstream_tasks;dataset=splice_sites_all;matching=kmer_balanced;matching_signature=(8, 'AAA');border_estimator=center_window_kmer_jsd;estimator=center_jsd;window=48;search_radius=24;kmer=2;top_ratio=0.25;score_scale=4.0;motif_weight=0.0;motif_radius=12;score_normalization=train_quantile;raw_border_score=0.248634;border_score=1.076378",0.24609868228435516,0.2714466154575348,0.48245471715927124
test_Seq_2950,2,2,"benchmark=nucleotide_transformer_downstream_tasks;dataset=splice_sites_all;matching=kmer_balanced;matching_signature=(12, 'GGG');border_estimator=center_window_kmer_jsd;estimator=center_jsd;window=48;search_radius=24;kmer=2;top_ratio=0.25;score_scale=4.0;motif_weight=0.0;motif_radius=12;score_normalization=train_quantile;raw_border_score=0.166496;border_score=0.882778",0.2932778596878052,0.30578771233558655,0.40093448758125305
test_Seq_2974,2,2,"benchmark=nucleotide_transformer_downstream_tasks;dataset=splice_sites_all;matching=kmer_balanced;matching_signature=(8, 'TTT');border_estimator=center_window_kmer_jsd;estimator=center_jsd;window=48;search_radius=24;kmer=2;top_ratio=0.25;score_scale=4.0;motif_weight=0.0;motif_radius=12;score_normalization=train_quantile;raw_border_score=0.207181;border_score=0.988733",0.23458075523376465,0.2501506805419922,0.5152685642242432
test_Seq_2726,2,2,"benchmark=nucleotide_transformer_downstream_tasks;dataset=splice_sites_all;matching=kmer_balanced;matching_signature=(6, 'TTT');border_estimator=center_window_kmer_jsd;estimator=center_jsd;window=48;search_radius=24;kmer=2;top_ratio=0.25;score_scale=4.0;motif_weight=0.0;motif_radius=12;score_normalization=train_quantile;raw_border_score=0.194901;border_score=0.956689",0.22870968282222748,0.25676727294921875,0.5145230293273926
test_Seq_1298,1,0,"benchmark=nucleotide_transformer_downstream_tasks;dataset=splice_sites_all;matching=kmer_balanced;matching_signature=(13, 'GGG');border_estimator=center_window_kmer_jsd;estimator=center_jsd;window=48;search_radius=24;kmer=2;top_ratio=0.25;score_scale=4.0;motif_weight=0.0;motif_radius=12;score_normalization=train_quantile;raw_border_score=0.206459;border_score=0.987044",0.34866756200790405,0.3454529941082001,0.3058794140815735
test_Seq_570,0,2,"benchmark=nucleotide_transformer_downstream_tasks;dataset=splice_sites_all;matching=kmer_balanced;matching_signature=(7, 'TTT');border_estimator=center_window_kmer_jsd;estimator=center_jsd;window=48;search_radius=24;kmer=2;top_ratio=0.25;score_scale=4.0;motif_weight=0.0;motif_radius=12;score_normalization=train_quantile;raw_border_score=0.252045;border_score=1.082333",0.2932504415512085,0.32138603925704956,0.38536351919174194
test_Seq_2716,2,2,"benchmark=nucleotide_transformer_downstream_tasks;dataset=splice_sites_all;matching=kmer_balanced;matching_signature=(7, 'TTT');border_estimator=center_window_kmer_jsd;estimator=center_jsd;window=48;search_radius=24;kmer=2;top_ratio=0.25;score_scale=4.0;motif_weight=0.0;motif_radius=12;score_normalization=train_quantile;raw_border_score=0.182397;border_score=0.923222",0.23228062689304352,0.2620656490325928,0.5056537985801697
test_Seq_1528,1,2,"benchmark=nucleotide_transformer_downstream_tasks;dataset=splice_sites_all;matching=kmer_balanced;matching_signature=(8, 'TTT');border_estimator=center_window_kmer_jsd;estimator=center_jsd;window=48;search_radius=24;kmer=2;top_ratio=0.25;score_scale=4.0;motif_weight=0.0;motif_radius=12;score_normalization=train_quantile;raw_border_score=0.288559;border_score=1.134867",0.2848658859729767,0.31049445271492004,0.40463966131210327
test_Seq_2207,2,2,"benchmark=nucleotide_transformer_downstream_tasks;dataset=splice_sites_all;matching=kmer_balanced;matching_signature=(7, 'AAA');border_estimator=center_window_kmer_jsd;estimator=center_jsd;window=48;search_radius=24;kmer=2;top_ratio=0.25;score_scale=4.0;motif_weight=0.0;motif_radius=12;score_normalization=train_quantile;raw_border_score=0.242084;border_score=1.063533",0.24651771783828735,0.2705831825733185,0.4828990697860718
test_Seq_937,0,2,"benchmark=nucleotide_transformer_downstream_tasks;dataset=splice_sites_all;matching=kmer_balanced;matching_signature=(6, 'AAA');border_estimator=center_window_kmer_jsd;estimator=center_jsd;window=48;search_radius=24;kmer=2;top_ratio=0.25;score_scale=4.0;motif_weight=0.0;motif_radius=12;score_normalization=train_quantile;raw_border_score=0.174677;border_score=0.903978",0.2530191242694855,0.2851521968841553,0.4618286192417145
test_Seq_2313,2,2,"benchmark=nucleotide_transformer_downstream_tasks;dataset=splice_sites_all;matching=kmer_balanced;matching_signature=(9, 'TTT');border_estimator=center_window_kmer_jsd;estimator=center_jsd;window=48;search_radius=24;kmer=2;top_ratio=0.25;score_scale=4.0;motif_weight=0.0;motif_radius=12;score_normalization=train_quantile;raw_border_score=0.299140;border_score=1.145489",0.25339919328689575,0.2827704846858978,0.4638303220272064
test_Seq_948,0,2,"benchmark=nucleotide_transformer_downstream_tasks;dataset=splice_sites_all;matching=kmer_balanced;matching_signature=(10, 'CCC');border_estimator=center_window_kmer_jsd;estimator=center_jsd;window=48;search_radius=24;kmer=2;top_ratio=0.25;score_scale=4.0;motif_weight=0.0;motif_radius=12;score_normalization=train_quantile;raw_border_score=0.215592;border_score=1.007622",0.273874968290329,0.29768306016921997,0.42844200134277344
test_Seq_406,0,2,"benchmark=nucleotide_transformer_downstream_tasks;dataset=splice_sites_all;matching=kmer_balanced;matching_signature=(7, 'TTT');border_estimator=center_window_kmer_jsd;estimator=center_jsd;window=48;search_radius=24;kmer=2;top_ratio=0.25;score_scale=4.0;motif_weight=0.0;motif_radius=12;score_normalization=train_quantile;raw_border_score=0.370225;border_score=1.184244",0.28509244322776794,0.2983552813529968,0.41655227541923523
test_Seq_1281,1,2,"benchmark=nucleotide_transformer_downstream_tasks;dataset=splice_sites_all;matching=kmer_balanced;matching_signature=(8, 'AAA');border_estimator=center_window_kmer_jsd;estimator=center_jsd;window=48;search_radius=24;kmer=2;top_ratio=0.25;score_scale=4.0;motif_weight=0.0;motif_radius=12;score_normalization=train_quantile;raw_border_score=0.197421;border_score=0.964067",0.24091990292072296,0.26822414994239807,0.49085599184036255
test_Seq_2834,2,2,"benchmark=nucleotide_transformer_downstream_tasks;dataset=splice_sites_all;matching=kmer_balanced;matching_signature=(7, 'TTT');border_estimator=center_window_kmer_jsd;estimator=center_jsd;window=48;search_radius=24;kmer=2;top_ratio=0.25;score_scale=4.0;motif_weight=0.0;motif_radius=12;score_normalization=train_quantile;raw_border_score=0.134471;border_score=0.824511",0.22046200931072235,0.23887108266353607,0.540666937828064
test_Seq_1886,1,2,"benchmark=nucleotide_transformer_downstream_tasks;dataset=splice_sites_all;matching=kmer_balanced;matching_signature=(8, 'AAA');border_estimator=center_window_kmer_jsd;estimator=center_jsd;window=48;search_radius=24;kmer=2;top_ratio=0.25;score_scale=4.0;motif_weight=0.0;motif_radius=12;score_normalization=train_quantile;raw_border_score=0.380935;border_score=1.186644",0.23850557208061218,0.257182776927948,0.5043116807937622
test_Seq_578,0,2,"benchmark=nucleotide_transformer_downstream_tasks;dataset=splice_sites_all;matching=kmer_balanced;matching_signature=(13, 'GGG');border_estimator=center_window_kmer_jsd;estimator=center_jsd;window=48;search_radius=24;kmer=2;top_ratio=0.25;score_scale=4.0;motif_weight=0.0;motif_radius=12;score_normalization=train_quantile;raw_border_score=0.209942;border_score=0.994911",0.2894294559955597,0.2979353964328766,0.4126352071762085
test_Seq_2958,2,2,"benchmark=nucleotide_transformer_downstream_tasks;dataset=splice_sites_all;matching=kmer_balanced;matching_signature=(10, 'TCT');border_estimator=center_window_kmer_jsd;estimator=center_jsd;window=48;search_radius=24;kmer=2;top_ratio=0.25;score_scale=4.0;motif_weight=0.0;motif_radius=12;score_normalization=train_quantile;raw_border_score=0.310353;border_score=1.154467",0.25995776057243347,0.2746998965740204,0.46534228324890137
test_Seq_1721,1,2,"benchmark=nucleotide_transformer_downstream_tasks;dataset=splice_sites_all;matching=kmer_balanced;matching_signature=(7, 'AAA');border_estimator=center_window_kmer_jsd;estimator=center_jsd;window=48;search_radius=24;kmer=2;top_ratio=0.25;score_scale=4.0;motif_weight=0.0;motif_radius=12;score_normalization=train_quantile;raw_border_score=0.357073;border_score=1.179400",0.23207591474056244,0.2578777074813843,0.5100463628768921
test_Seq_389,0,2,"benchmark=nucleotide_transformer_downstream_tasks;dataset=splice_sites_all;matching=kmer_balanced;matching_signature=(12, 'CCT');border_estimator=center_window_kmer_jsd;estimator=center_jsd;window=48;search_radius=24;kmer=2;top_ratio=0.25;score_scale=4.0;motif_weight=0.0;motif_radius=12;score_normalization=train_quantile;raw_border_score=0.171229;border_score=0.893711",0.30617383122444153,0.31397727131843567,0.3798488974571228
test_Seq_1260,1,2,"benchmark=nucleotide_transformer_downstream_tasks;dataset=splice_sites_all;matching=kmer_balanced;matching_signature=(12, 'GGG');border_estimator=center_window_kmer_jsd;estimator=center_jsd;window=48;search_radius=24;kmer=2;top_ratio=0.25;score_scale=4.0;motif_weight=0.0;motif_radius=12;score_normalization=train_quantile;raw_border_score=0.376092;border_score=1.185756",0.3308638036251068,0.32413068413734436,0.3450055420398712
test_Seq_1524,1,2,"benchmark=nucleotide_transformer_downstream_tasks;dataset=splice_sites_all;matching=kmer_balanced;matching_signature=(10, 'AGG');border_estimator=center_window_kmer_jsd;estimator=center_jsd;window=48;search_radius=24;kmer=2;top_ratio=0.25;score_scale=4.0;motif_weight=0.0;motif_radius=12;score_normalization=train_quantile;raw_border_score=0.276914;border_score=1.119800",0.29739272594451904,0.30948495864868164,0.39312225580215454
test_Seq_112,0,2,"benchmark=nucleotide_transformer_downstream_tasks;dataset=splice_sites_all;matching=kmer_balanced;matching_signature=(6, 'TTT');border_estimator=center_window_kmer_jsd;estimator=center_jsd;window=48;search_radius=24;kmer=2;top_ratio=0.25;score_scale=4.0;motif_weight=0.0;motif_radius=12;score_normalization=train_quantile;raw_border_score=0.235586;border_score=1.050244",0.25758957862854004,0.2840625047683716,0.458347886800766
test_Seq_1606,1,2,"benchmark=nucleotide_transformer_downstream_tasks;dataset=splice_sites_all;matching=kmer_balanced;matching_signature=(6, 'TTT');border_estimator=center_window_kmer_jsd;estimator=center_jsd;window=48;search_radius=24;kmer=2;top_ratio=0.25;score_scale=4.0;motif_weight=0.0;motif_radius=12;score_normalization=train_quantile;raw_border_score=0.254878;border_score=1.087178",0.26775896549224854,0.28532567620277405,0.44691532850265503
test_Seq_85,0,2,"benchmark=nucleotide_transformer_downstream_tasks;dataset=splice_sites_all;matching=kmer_balanced;matching_signature=(6, 'TTT');border_estimator=center_window_kmer_jsd;estimator=center_jsd;window=48;search_radius=24;kmer=2;top_ratio=0.25;score_scale=4.0;motif_weight=0.0;motif_radius=12;score_normalization=train_quantile;raw_border_score=0.374072;border_score=1.185222",0.23883327841758728,0.26305145025253296,0.49811527132987976
test_Seq_1359,1,2,"benchmark=nucleotide_transformer_downstream_tasks;dataset=splice_sites_all;matching=kmer_balanced;matching_signature=(6, 'TTT');border_estimator=center_window_kmer_jsd;estimator=center_jsd;window=48;search_radius=24;kmer=2;top_ratio=0.25;score_scale=4.0;motif_weight=0.0;motif_radius=12;score_normalization=train_quantile;raw_border_score=0.102117;border_score=0.803267",0.23989318311214447,0.2673037350177765,0.4928031861782074
test_Seq_2188,2,2,"benchmark=nucleotide_transformer_downstream_tasks;dataset=splice_sites_all;matching=kmer_balanced;matching_signature=(11, 'CCA');border_estimator=center_window_kmer_jsd;estimator=center_jsd;window=48;search_radius=24;kmer=2;top_ratio=0.25;score_scale=4.0;motif_weight=0.0;motif_radius=12;score_normalization=train_quantile;raw_border_score=0.172857;border_score=0.898556",0.2862158715724945,0.31226569414138794,0.4015183746814728
test_Seq_2673,2,2,"benchmark=nucleotide_transformer_downstream_tasks;dataset=splice_sites_all;matching=kmer_balanced;matching_signature=(7, 'TTT');border_estimator=center_window_kmer_jsd;estimator=center_jsd;window=48;search_radius=24;kmer=2;top_ratio=0.25;score_scale=4.0;motif_weight=0.0;motif_radius=12;score_normalization=train_quantile;raw_border_score=0.156671;border_score=0.860822",0.27704793214797974,0.29946771264076233,0.4234844148159027
test_Seq_14,0,2,"benchmark=nucleotide_transformer_downstream_tasks;dataset=splice_sites_all;matching=kmer_balanced;matching_signature=(10, 'CTG');border_estimator=center_window_kmer_jsd;estimator=center_jsd;window=48;search_radius=24;kmer=2;top_ratio=0.25;score_scale=4.0;motif_weight=0.0;motif_radius=12;score_normalization=train_quantile;raw_border_score=0.269421;border_score=1.109222",0.3070765733718872,0.32444292306900024,0.36848053336143494
test_Seq_109,0,2,"benchmark=nucleotide_transformer_downstream_tasks;dataset=splice_sites_all;matching=kmer_balanced;matching_signature=(13, 'CCC');border_estimator=center_window_kmer_jsd;estimator=center_jsd;window=48;search_radius=24;kmer=2;top_ratio=0.25;score_scale=4.0;motif_weight=0.0;motif_radius=12;score_normalization=train_quantile;raw_border_score=0.282753;border_score=1.127400",0.27327921986579895,0.278530478477478,0.4481903612613678
test_Seq_1885,1,2,"benchmark=nucleotide_transformer_downstream_tasks;dataset=splice_sites_all;matching=kmer_balanced;matching_signature=(8, 'TTT');border_estimator=center_window_kmer_jsd;estimator=center_jsd;window=48;search_radius=24;kmer=2;top_ratio=0.25;score_scale=4.0;motif_weight=0.0;motif_radius=12;score_normalization=train_quantile;raw_border_score=0.204447;border_score=0.982822",0.28293177485466003,0.30589908361434937,0.4111692011356354
test_Seq_1485,1,2,"benchmark=nucleotide_transformer_downstream_tasks;dataset=splice_sites_all;matching=kmer_balanced;matching_signature=(7, 'AAA');border_estimator=center_window_kmer_jsd;estimator=center_jsd;window=48;search_radius=24;kmer=2;top_ratio=0.25;score_scale=4.0;motif_weight=0.0;motif_radius=12;score_normalization=train_quantile;raw_border_score=0.269020;border_score=1.108644",0.2765977680683136,0.2992143929004669,0.4241877794265747
test_Seq_2858,2,2,"benchmark=nucleotide_transformer_downstream_tasks;dataset=splice_sites_all;matching=kmer_balanced;matching_signature=(7, 'TTT');border_estimator=center_window_kmer_jsd;estimator=center_jsd;window=48;search_radius=24;kmer=2;top_ratio=0.25;score_scale=4.0;motif_weight=0.0;motif_radius=12;score_normalization=train_quantile;raw_border_score=0.189481;border_score=0.942511",0.31640875339508057,0.3307991325855255,0.3527921438217163
test_Seq_1415,1,2,"benchmark=nucleotide_transformer_downstream_tasks;dataset=splice_sites_all;matching=kmer_balanced;matching_signature=(7, 'TTT');border_estimator=center_window_kmer_jsd;estimator=center_jsd;window=48;search_radius=24;kmer=2;top_ratio=0.25;score_scale=4.0;motif_weight=0.0;motif_radius=12;score_normalization=train_quantile;raw_border_score=0.183227;border_score=0.925578",0.23376783728599548,0.25482797622680664,0.5114042162895203
test_Seq_2932,2,2,"benchmark=nucleotide_transformer_downstream_tasks;dataset=splice_sites_all;matching=kmer_balanced;matching_signature=(5, 'TTT');border_estimator=center_window_kmer_jsd;estimator=center_jsd;window=48;search_radius=24;kmer=2;top_ratio=0.25;score_scale=4.0;motif_weight=0.0;motif_radius=12;score_normalization=train_quantile;raw_border_score=0.181933;border_score=0.922422",0.2182212620973587,0.24459010362625122,0.5371885895729065
test_Seq_2956,2,2,"benchmark=nucleotide_transformer_downstream_tasks;dataset=splice_sites_all;matching=kmer_balanced;matching_signature=(11, 'GGG');border_estimator=center_window_kmer_jsd;estimator=center_jsd;window=48;search_radius=24;kmer=2;top_ratio=0.25;score_scale=4.0;motif_weight=0.0;motif_radius=12;score_normalization=train_quantile;raw_border_score=0.151336;border_score=0.849667",0.3034570813179016,0.31077608466148376,0.385766863822937
test_Seq_2779,2,2,"benchmark=nucleotide_transformer_downstream_tasks;dataset=splice_sites_all;matching=kmer_balanced;matching_signature=(9, 'CAG');border_estimator=center_window_kmer_jsd;estimator=center_jsd;window=48;search_radius=24;kmer=2;top_ratio=0.25;score_scale=4.0;motif_weight=0.0;motif_radius=12;score_normalization=train_quantile;raw_border_score=0.184729;border_score=0.929622",0.25940120220184326,0.2831007242202759,0.45749813318252563
test_Seq_437,0,2,"benchmark=nucleotide_transformer_downstream_tasks;dataset=splice_sites_all;matching=kmer_balanced;matching_signature=(6, 'TTT');border_estimator=center_window_kmer_jsd;estimator=center_jsd;window=48;search_radius=24;kmer=2;top_ratio=0.25;score_scale=4.0;motif_weight=0.0;motif_radius=12;score_normalization=train_quantile;raw_border_score=0.282829;border_score=1.127533",0.30146315693855286,0.3236914873123169,0.37484532594680786
test_Seq_926,0,2,"benchmark=nucleotide_transformer_downstream_tasks;dataset=splice_sites_all;matching=kmer_balanced;matching_signature=(6, 'TTT');border_estimator=center_window_kmer_jsd;estimator=center_jsd;window=48;search_radius=24;kmer=2;top_ratio=0.25;score_scale=4.0;motif_weight=0.0;motif_radius=12;score_normalization=train_quantile;raw_border_score=0.285868;border_score=1.131267",0.27450963854789734,0.28752702474594116,0.4379633069038391
test_Seq_834,0,2,"benchmark=nucleotide_transformer_downstream_tasks;dataset=splice_sites_all;matching=kmer_balanced;matching_signature=(12, 'CTG');border_estimator=center_window_kmer_jsd;estimator=center_jsd;window=48;search_radius=24;kmer=2;top_ratio=0.25;score_scale=4.0;motif_weight=0.0;motif_radius=12;score_normalization=train_quantile;raw_border_score=0.170761;border_score=0.892556",0.29728466272354126,0.3030676245689392,0.3996477425098419
test_Seq_2893,2,2,"benchmark=nucleotide_transformer_downstream_tasks;dataset=splice_sites_all;matching=kmer_balanced;matching_signature=(8, 'TTT');border_estimator=center_window_kmer_jsd;estimator=center_jsd;window=48;search_radius=24;kmer=2;top_ratio=0.25;score_scale=4.0;motif_weight=0.0;motif_radius=12;score_normalization=train_quantile;raw_border_score=0.327267;border_score=1.164956",0.2149488627910614,0.2376880943775177,0.5473629832267761
test_Seq_2310,2,2,"benchmark=nucleotide_transformer_downstream_tasks;dataset=splice_sites_all;matching=kmer_balanced;matching_signature=(8, 'AAA');border_estimator=center_window_kmer_jsd;estimator=center_jsd;window=48;search_radius=24;kmer=2;top_ratio=0.25;score_scale=4.0;motif_weight=0.0;motif_radius=12;score_normalization=train_quantile;raw_border_score=0.293894;border_score=1.140022",0.24784265458583832,0.2828283905982971,0.46932893991470337
test_Seq_300,0,2,"benchmark=nucleotide_transformer_downstream_tasks;dataset=splice_sites_all;matching=kmer_balanced;matching_signature=(10, 'CCC');border_estimator=center_window_kmer_jsd;estimator=center_jsd;window=48;search_radius=24;kmer=2;top_ratio=0.25;score_scale=4.0;motif_weight=0.0;motif_radius=12;score_normalization=train_quantile;raw_border_score=0.286788;border_score=1.132689",0.28732064366340637,0.30329522490501404,0.40938419103622437
test_Seq_1257,1,2,"benchmark=nucleotide_transformer_downstream_tasks;dataset=splice_sites_all;matching=kmer_balanced;matching_signature=(12, 'CTG');border_estimator=center_window_kmer_jsd;estimator=center_jsd;window=48;search_radius=24;kmer=2;top_ratio=0.25;score_scale=4.0;motif_weight=0.0;motif_radius=12;score_normalization=train_quantile;raw_border_score=0.105510;border_score=0.803933",0.30895617604255676,0.31745097041130066,0.3735928237438202
test_Seq_2403,2,2,"benchmark=nucleotide_transformer_downstream_tasks;dataset=splice_sites_all;matching=kmer_balanced;matching_signature=(6, 'AAA');border_estimator=center_window_kmer_jsd;estimator=center_jsd;window=48;search_radius=24;kmer=2;top_ratio=0.25;score_scale=4.0;motif_weight=0.0;motif_radius=12;score_normalization=train_quantile;raw_border_score=0.192894;border_score=0.951667",0.27247634530067444,0.29722949862480164,0.4302942156791687
test_Seq_2123,2,2,"benchmark=nucleotide_transformer_downstream_tasks;dataset=splice_sites_all;matching=kmer_balanced;matching_signature=(10, 'CAG');border_estimator=center_window_kmer_jsd;estimator=center_jsd;window=48;search_radius=24;kmer=2;top_ratio=0.25;score_scale=4.0;motif_weight=0.0;motif_radius=12;score_normalization=train_quantile;raw_border_score=0.201741;border_score=0.975267",0.2282264083623886,0.26010599732398987,0.5116676092147827
test_Seq_563,0,2,"benchmark=nucleotide_transformer_downstream_tasks;dataset=splice_sites_all;matching=kmer_balanced;matching_signature=(6, 'AAA');border_estimator=center_window_kmer_jsd;estimator=center_jsd;window=48;search_radius=24;kmer=2;top_ratio=0.25;score_scale=4.0;motif_weight=0.0;motif_radius=12;score_normalization=train_quantile;raw_border_score=0.221037;border_score=1.021267",0.24346497654914856,0.2687372863292694,0.4877977967262268
test_Seq_290,0,2,"benchmark=nucleotide_transformer_downstream_tasks;dataset=splice_sites_all;matching=kmer_balanced;matching_signature=(13, 'CCC');border_estimator=center_window_kmer_jsd;estimator=center_jsd;window=48;search_radius=24;kmer=2;top_ratio=0.25;score_scale=4.0;motif_weight=0.0;motif_radius=12;score_normalization=train_quantile;raw_border_score=0.146456;border_score=0.841622",0.28826528787612915,0.30279046297073364,0.4089442491531372
test_Seq_2145,2,2,"benchmark=nucleotide_transformer_downstream_tasks;dataset=splice_sites_all;matching=kmer_balanced;matching_signature=(11, 'GGG');border_estimator=center_window_kmer_jsd;estimator=center_jsd;window=48;search_radius=24;kmer=2;top_ratio=0.25;score_scale=4.0;motif_weight=0.0;motif_radius=12;score_normalization=train_quantile;raw_border_score=0.193614;border_score=0.953711",0.3147949278354645,0.32177796959877014,0.363427072763443
test_Seq_489,0,2,"benchmark=nucleotide_transformer_downstream_tasks;dataset=splice_sites_all;matching=kmer_balanced;matching_signature=(6, 'TTT');border_estimator=center_window_kmer_jsd;estimator=center_jsd;window=48;search_radius=24;kmer=2;top_ratio=0.25;score_scale=4.0;motif_weight=0.0;motif_radius=12;score_normalization=train_quantile;raw_border_score=0.224092;border_score=1.028111",0.27800434827804565,0.30226603150367737,0.4197295904159546
test_Seq_315,0,2,"benchmark=nucleotide_transformer_downstream_tasks;dataset=splice_sites_all;matching=kmer_balanced;matching_signature=(8, 'TTT');border_estimator=center_window_kmer_jsd;estimator=center_jsd;window=48;search_radius=24;kmer=2;top_ratio=0.25;score_scale=4.0;motif_weight=0.0;motif_radius=12;score_normalization=train_quantile;raw_border_score=0.204497;border_score=0.982911",0.26417505741119385,0.2910348176956177,0.4447900950908661
test_Seq_1050,1,2,"benchmark=nucleotide_transformer_downstream_tasks;dataset=splice_sites_all;matching=kmer_balanced;matching_signature=(8, 'TTT');border_estimator=center_window_kmer_jsd;estimator=center_jsd;window=48;search_radius=24;kmer=2;top_ratio=0.25;score_scale=4.0;motif_weight=0.0;motif_radius=12;score_normalization=train_quantile;raw_border_score=0.269592;border_score=1.109533",0.2323216199874878,0.2641545534133911,0.5035238265991211
test_Seq_2134,2,2,"benchmark=nucleotide_transformer_downstream_tasks;dataset=splice_sites_all;matching=kmer_balanced;matching_signature=(7, 'TTT');border_estimator=center_window_kmer_jsd;estimator=center_jsd;window=48;search_radius=24;kmer=2;top_ratio=0.25;score_scale=4.0;motif_weight=0.0;motif_radius=12;score_normalization=train_quantile;raw_border_score=0.180780;border_score=0.919800",0.2733396589756012,0.29008668661117554,0.4365735948085785
test_Seq_1894,1,2,"benchmark=nucleotide_transformer_downstream_tasks;dataset=splice_sites_all;matching=kmer_balanced;matching_signature=(6, 'TTT');border_estimator=center_window_kmer_jsd;estimator=center_jsd;window=48;search_radius=24;kmer=2;top_ratio=0.25;score_scale=4.0;motif_weight=0.0;motif_radius=12;score_normalization=train_quantile;raw_border_score=0.187893;border_score=0.938644",0.2363821566104889,0.26300889253616333,0.5006089210510254
test_Seq_58,0,2,"benchmark=nucleotide_transformer_downstream_tasks;dataset=splice_sites_all;matching=kmer_balanced;matching_signature=(7, 'TTT');border_estimator=center_window_kmer_jsd;estimator=center_jsd;window=48;search_radius=24;kmer=2;top_ratio=0.25;score_scale=4.0;motif_weight=0.0;motif_radius=12;score_normalization=train_quantile;raw_border_score=0.466666;border_score=1.196778",0.24190950393676758,0.2733916640281677,0.4846988320350647
test_Seq_2769,2,2,"benchmark=nucleotide_transformer_downstream_tasks;dataset=splice_sites_all;matching=kmer_balanced;matching_signature=(7, 'TTT');border_estimator=center_window_kmer_jsd;estimator=center_jsd;window=48;search_radius=24;kmer=2;top_ratio=0.25;score_scale=4.0;motif_weight=0.0;motif_radius=12;score_normalization=train_quantile;raw_border_score=0.281493;border_score=1.125667",0.2416345626115799,0.2620183229446411,0.4963471293449402
test_Seq_2398,2,2,"benchmark=nucleotide_transformer_downstream_tasks;dataset=splice_sites_all;matching=kmer_balanced;matching_signature=(13, 'CCC');border_estimator=center_window_kmer_jsd;estimator=center_jsd;window=48;search_radius=24;kmer=2;top_ratio=0.25;score_scale=4.0;motif_weight=0.0;motif_radius=12;score_normalization=train_quantile;raw_border_score=0.197201;border_score=0.963489",0.2862137258052826,0.2964341938495636,0.4173520803451538
test_Seq_1822,1,2,"benchmark=nucleotide_transformer_downstream_tasks;dataset=splice_sites_all;matching=kmer_balanced;matching_signature=(8, 'TTT');border_estimator=center_window_kmer_jsd;estimator=center_jsd;window=48;search_radius=24;kmer=2;top_ratio=0.25;score_scale=4.0;motif_weight=0.0;motif_radius=12;score_normalization=train_quantile;raw_border_score=0.187558;border_score=0.937356",0.2723124027252197,0.3001520335674286,0.4275355339050293
test_Seq_2877,2,2,"benchmark=nucleotide_transformer_downstream_tasks;dataset=splice_sites_all;matching=kmer_balanced;matching_signature=(8, 'TTT');border_estimator=center_window_kmer_jsd;estimator=center_jsd;window=48;search_radius=24;kmer=2;top_ratio=0.25;score_scale=4.0;motif_weight=0.0;motif_radius=12;score_normalization=train_quantile;raw_border_score=0.285665;border_score=1.131089",0.25511273741722107,0.2762366533279419,0.46865057945251465
test_Seq_1317,1,1,"benchmark=nucleotide_transformer_downstream_tasks;dataset=splice_sites_all;matching=kmer_balanced;matching_signature=(9, 'CTG');border_estimator=center_window_kmer_jsd;estimator=center_jsd;window=48;search_radius=24;kmer=2;top_ratio=0.25;score_scale=4.0;motif_weight=0.0;motif_radius=12;score_normalization=train_quantile;raw_border_score=0.363949;border_score=1.182111",0.32874318957328796,0.34097838401794434,0.3302784562110901
test_Seq_2375,2,2,"benchmark=nucleotide_transformer_downstream_tasks;dataset=splice_sites_all;matching=kmer_balanced;matching_signature=(7, 'TGT');border_estimator=center_window_kmer_jsd;estimator=center_jsd;window=48;search_radius=24;kmer=2;top_ratio=0.25;score_scale=4.0;motif_weight=0.0;motif_radius=12;score_normalization=train_quantile;raw_border_score=0.240625;border_score=1.060422",0.2667798697948456,0.2879706621170044,0.44524943828582764
test_Seq_1866,1,2,"benchmark=nucleotide_transformer_downstream_tasks;dataset=splice_sites_all;matching=kmer_balanced;matching_signature=(9, 'TTT');border_estimator=center_window_kmer_jsd;estimator=center_jsd;window=48;search_radius=24;kmer=2;top_ratio=0.25;score_scale=4.0;motif_weight=0.0;motif_radius=12;score_normalization=train_quantile;raw_border_score=0.275695;border_score=1.118067",0.30145394802093506,0.3118453621864319,0.38670065999031067
test_Seq_549,0,2,"benchmark=nucleotide_transformer_downstream_tasks;dataset=splice_sites_all;matching=kmer_balanced;matching_signature=(7, 'AAA');border_estimator=center_window_kmer_jsd;estimator=center_jsd;window=48;search_radius=24;kmer=2;top_ratio=0.25;score_scale=4.0;motif_weight=0.0;motif_radius=12;score_normalization=train_quantile;raw_border_score=0.373083;border_score=1.185133",0.26826000213623047,0.2927687168121338,0.43897125124931335
test_Seq_400,0,2,"benchmark=nucleotide_transformer_downstream_tasks;dataset=splice_sites_all;matching=kmer_balanced;matching_signature=(8, 'TGT');border_estimator=center_window_kmer_jsd;estimator=center_jsd;window=48;search_radius=24;kmer=2;top_ratio=0.25;score_scale=4.0;motif_weight=0.0;motif_radius=12;score_normalization=train_quantile;raw_border_score=0.187762;border_score=0.938111",0.25477591156959534,0.2814577519893646,0.4637663662433624
test_Seq_2369,2,2,"benchmark=nucleotide_transformer_downstream_tasks;dataset=splice_sites_all;matching=kmer_balanced;matching_signature=(11, 'CTG');border_estimator=center_window_kmer_jsd;estimator=center_jsd;window=48;search_radius=24;kmer=2;top_ratio=0.25;score_scale=4.0;motif_weight=0.0;motif_radius=12;score_normalization=train_quantile;raw_border_score=0.168291;border_score=0.887178",0.29762765765190125,0.3098592460155487,0.39251306653022766
test_Seq_2284,2,2,"benchmark=nucleotide_transformer_downstream_tasks;dataset=splice_sites_all;matching=kmer_balanced;matching_signature=(11, 'CCT');border_estimator=center_window_kmer_jsd;estimator=center_jsd;window=48;search_radius=24;kmer=2;top_ratio=0.25;score_scale=4.0;motif_weight=0.0;motif_radius=12;score_normalization=train_quantile;raw_border_score=0.116618;border_score=0.809089",0.2594671845436096,0.28179556131362915,0.458737313747406
test_Seq_599,0,2,"benchmark=nucleotide_transformer_downstream_tasks;dataset=splice_sites_all;matching=kmer_balanced;matching_signature=(10, 'AAA');border_estimator=center_window_kmer_jsd;estimator=center_jsd;window=48;search_radius=24;kmer=2;top_ratio=0.25;score_scale=4.0;motif_weight=0.0;motif_radius=12;score_normalization=train_quantile;raw_border_score=0.301146;border_score=1.147400",0.24760927259922028,0.27050602436065674,0.48188474774360657
test_Seq_802,0,2,"benchmark=nucleotide_transformer_downstream_tasks;dataset=splice_sites_all;matching=kmer_balanced;matching_signature=(9, 'CAG');border_estimator=center_window_kmer_jsd;estimator=center_jsd;window=48;search_radius=24;kmer=2;top_ratio=0.25;score_scale=4.0;motif_weight=0.0;motif_radius=12;score_normalization=train_quantile;raw_border_score=0.182857;border_score=0.924467",0.2979002296924591,0.32151898741722107,0.38058072328567505
test_Seq_1690,1,2,"benchmark=nucleotide_transformer_downstream_tasks;dataset=splice_sites_all;matching=kmer_balanced;matching_signature=(8, 'TTT');border_estimator=center_window_kmer_jsd;estimator=center_jsd;window=48;search_radius=24;kmer=2;top_ratio=0.25;score_scale=4.0;motif_weight=0.0;motif_radius=12;score_normalization=train_quantile;raw_border_score=0.368019;border_score=1.183489",0.29291296005249023,0.3085407614707947,0.3985462188720703
test_Seq_2370,2,2,"benchmark=nucleotide_transformer_downstream_tasks;dataset=splice_sites_all;matching=kmer_balanced;matching_signature=(10, 'CTC');border_estimator=center_window_kmer_jsd;estimator=center_jsd;window=48;search_radius=24;kmer=2;top_ratio=0.25;score_scale=4.0;motif_weight=0.0;motif_radius=12;score_normalization=train_quantile;raw_border_score=0.240681;border_score=1.060467",0.22184468805789948,0.2382977455854416,0.5398575663566589
test_Seq_1024,1,2,"benchmark=nucleotide_transformer_downstream_tasks;dataset=splice_sites_all;matching=kmer_balanced;matching_signature=(13, 'GGG');border_estimator=center_window_kmer_jsd;estimator=center_jsd;window=48;search_radius=24;kmer=2;top_ratio=0.25;score_scale=4.0;motif_weight=0.0;motif_radius=12;score_normalization=train_quantile;raw_border_score=0.237797;border_score=1.054600",0.30544400215148926,0.3079109489917755,0.38664498925209045
test_Seq_1615,1,2,"benchmark=nucleotide_transformer_downstream_tasks;dataset=splice_sites_all;matching=kmer_balanced;matching_signature=(11, 'CAG');border_estimator=center_window_kmer_jsd;estimator=center_jsd;window=48;search_radius=24;kmer=2;top_ratio=0.25;score_scale=4.0;motif_weight=0.0;motif_radius=12;score_normalization=train_quantile;raw_border_score=0.190939;border_score=0.946556",0.32686248421669006,0.3360452651977539,0.33709222078323364
test_Seq_1760,1,2,"benchmark=nucleotide_transformer_downstream_tasks;dataset=splice_sites_all;matching=kmer_balanced;matching_signature=(8, 'TTT');border_estimator=center_window_kmer_jsd;estimator=center_jsd;window=48;search_radius=24;kmer=2;top_ratio=0.25;score_scale=4.0;motif_weight=0.0;motif_radius=12;score_normalization=train_quantile;raw_border_score=0.239219;border_score=1.056556",0.2538025677204132,0.2835690677165985,0.46262842416763306
test_Seq_2677,2,2,"benchmark=nucleotide_transformer_downstream_tasks;dataset=splice_sites_all;matching=kmer_balanced;matching_signature=(10, 'CAG');border_estimator=center_window_kmer_jsd;estimator=center_jsd;window=48;search_radius=24;kmer=2;top_ratio=0.25;score_scale=4.0;motif_weight=0.0;motif_radius=12;score_normalization=train_quantile;raw_border_score=0.269267;border_score=1.109044",0.2907302975654602,0.3049156367778778,0.40435412526130676
test_Seq_1041,1,2,"benchmark=nucleotide_transformer_downstream_tasks;dataset=splice_sites_all;matching=kmer_balanced;matching_signature=(7, 'AAA');border_estimator=center_window_kmer_jsd;estimator=center_jsd;window=48;search_radius=24;kmer=2;top_ratio=0.25;score_scale=4.0;motif_weight=0.0;motif_radius=12;score_normalization=train_quantile;raw_border_score=0.177727;border_score=0.912778",0.24858054518699646,0.26983940601348877,0.48158007860183716
test_Seq_537,0,2,"benchmark=nucleotide_transformer_downstream_tasks;dataset=splice_sites_all;matching=kmer_balanced;matching_signature=(7, 'TTT');border_estimator=center_window_kmer_jsd;estimator=center_jsd;window=48;search_radius=24;kmer=2;top_ratio=0.25;score_scale=4.0;motif_weight=0.0;motif_radius=12;score_normalization=train_quantile;raw_border_score=0.267194;border_score=1.105933",0.26998355984687805,0.2947065532207489,0.43530988693237305
test_Seq_2311,2,2,"benchmark=nucleotide_transformer_downstream_tasks;dataset=splice_sites_all;matching=kmer_balanced;matching_signature=(9, 'TTT');border_estimator=center_window_kmer_jsd;estimator=center_jsd;window=48;search_radius=24;kmer=2;top_ratio=0.25;score_scale=4.0;motif_weight=0.0;motif_radius=12;score_normalization=train_quantile;raw_border_score=0.261958;border_score=1.098822",0.28125035762786865,0.30088552832603455,0.4178641736507416
test_Seq_1807,1,2,"benchmark=nucleotide_transformer_downstream_tasks;dataset=splice_sites_all;matching=kmer_balanced;matching_signature=(7, 'TTT');border_estimator=center_window_kmer_jsd;estimator=center_jsd;window=48;search_radius=24;kmer=2;top_ratio=0.25;score_scale=4.0;motif_weight=0.0;motif_radius=12;score_normalization=train_quantile;raw_border_score=0.185186;border_score=0.931044",0.21348457038402557,0.24402953684329987,0.5424858927726746
test_Seq_964,0,2,"benchmark=nucleotide_transformer_downstream_tasks;dataset=splice_sites_all;matching=kmer_balanced;matching_signature=(7, 'TTT');border_estimator=center_window_kmer_jsd;estimator=center_jsd;window=48;search_radius=24;kmer=2;top_ratio=0.25;score_scale=4.0;motif_weight=0.0;motif_radius=12;score_normalization=train_quantile;raw_border_score=0.255250;border_score=1.087756",0.2651824951171875,0.30020231008529663,0.43461519479751587
test_Seq_1188,1,2,"benchmark=nucleotide_transformer_downstream_tasks;dataset=splice_sites_all;matching=kmer_balanced;matching_signature=(6, 'TTT');border_estimator=center_window_kmer_jsd;estimator=center_jsd;window=48;search_radius=24;kmer=2;top_ratio=0.25;score_scale=4.0;motif_weight=0.0;motif_radius=12;score_normalization=train_quantile;raw_border_score=0.253618;border_score=1.085178",0.26732659339904785,0.2933320105075836,0.43934133648872375
test_Seq_2711,2,2,"benchmark=nucleotide_transformer_downstream_tasks;dataset=splice_sites_all;matching=kmer_balanced;matching_signature=(11, 'CCT');border_estimator=center_window_kmer_jsd;estimator=center_jsd;window=48;search_radius=24;kmer=2;top_ratio=0.25;score_scale=4.0;motif_weight=0.0;motif_radius=12;score_normalization=train_quantile;raw_border_score=0.307747;border_score=1.151933",0.2783867120742798,0.2848286032676697,0.4367847442626953
test_Seq_364,0,2,"benchmark=nucleotide_transformer_downstream_tasks;dataset=splice_sites_all;matching=kmer_balanced;matching_signature=(10, 'GTG');border_estimator=center_window_kmer_jsd;estimator=center_jsd;window=48;search_radius=24;kmer=2;top_ratio=0.25;score_scale=4.0;motif_weight=0.0;motif_radius=12;score_normalization=train_quantile;raw_border_score=0.212607;border_score=1.001000",0.30338162183761597,0.3201068043708801,0.37651151418685913
test_Seq_2780,2,2,"benchmark=nucleotide_transformer_downstream_tasks;dataset=splice_sites_all;matching=kmer_balanced;matching_signature=(11, 'CAG');border_estimator=center_window_kmer_jsd;estimator=center_jsd;window=48;search_radius=24;kmer=2;top_ratio=0.25;score_scale=4.0;motif_weight=0.0;motif_radius=12;score_normalization=train_quantile;raw_border_score=0.240528;border_score=1.060022",0.22537124156951904,0.24998001754283905,0.5246486663818359
test_Seq_2353,2,2,"benchmark=nucleotide_transformer_downstream_tasks;dataset=splice_sites_all;matching=kmer_balanced;matching_signature=(12, 'GGG');border_estimator=center_window_kmer_jsd;estimator=center_jsd;window=48;search_radius=24;kmer=2;top_ratio=0.25;score_scale=4.0;motif_weight=0.0;motif_radius=12;score_normalization=train_quantile;raw_border_score=0.126377;border_score=0.816022",0.3018985092639923,0.3104460537433624,0.38765543699264526
test_Seq_44,0,2,"benchmark=nucleotide_transformer_downstream_tasks;dataset=splice_sites_all;matching=kmer_balanced;matching_signature=(7, 'TTT');border_estimator=center_window_kmer_jsd;estimator=center_jsd;window=48;search_radius=24;kmer=2;top_ratio=0.25;score_scale=4.0;motif_weight=0.0;motif_radius=12;score_normalization=train_quantile;raw_border_score=0.222246;border_score=1.023711",0.2447204291820526,0.2660880386829376,0.4891915023326874
test_Seq_211,0,2,"benchmark=nucleotide_transformer_downstream_tasks;dataset=splice_sites_all;matching=kmer_balanced;matching_signature=(10, 'TTT');border_estimator=center_window_kmer_jsd;estimator=center_jsd;window=48;search_radius=24;kmer=2;top_ratio=0.25;score_scale=4.0;motif_weight=0.0;motif_radius=12;score_normalization=train_quantile;raw_border_score=0.279051;border_score=1.122956",0.2010612189769745,0.22496061027050018,0.5739781856536865
test_Seq_2355,2,2,"benchmark=nucleotide_transformer_downstream_tasks;dataset=splice_sites_all;matching=kmer_balanced;matching_signature=(7, 'TTT');border_estimator=center_window_kmer_jsd;estimator=center_jsd;window=48;search_radius=24;kmer=2;top_ratio=0.25;score_scale=4.0;motif_weight=0.0;motif_radius=12;score_normalization=train_quantile;raw_border_score=0.182140;border_score=0.922600",0.24196916818618774,0.26318255066871643,0.4948483109474182
test_Seq_438,0,2,"benchmark=nucleotide_transformer_downstream_tasks;dataset=splice_sites_all;matching=kmer_balanced;matching_signature=(7, 'TTT');border_estimator=center_window_kmer_jsd;estimator=center_jsd;window=48;search_radius=24;kmer=2;top_ratio=0.25;score_scale=4.0;motif_weight=0.0;motif_radius=12;score_normalization=train_quantile;raw_border_score=0.167228;border_score=0.884733",0.24602456390857697,0.2751418650150299,0.4788335859775543
test_Seq_1926,1,2,"benchmark=nucleotide_transformer_downstream_tasks;dataset=splice_sites_all;matching=kmer_balanced;matching_signature=(5, 'TTT');border_estimator=center_window_kmer_jsd;estimator=center_jsd;window=48;search_radius=24;kmer=2;top_ratio=0.25;score_scale=4.0;motif_weight=0.0;motif_radius=12;score_normalization=train_quantile;raw_border_score=0.197715;border_score=0.964822",0.2527090311050415,0.27369624376296997,0.4735947847366333
test_Seq_1162,1,2,"benchmark=nucleotide_transformer_downstream_tasks;dataset=splice_sites_all;matching=kmer_balanced;matching_signature=(8, 'TTT');border_estimator=center_window_kmer_jsd;estimator=center_jsd;window=48;search_radius=24;kmer=2;top_ratio=0.25;score_scale=4.0;motif_weight=0.0;motif_radius=12;score_normalization=train_quantile;raw_border_score=0.394832;border_score=1.188956",0.2557598650455475,0.28471240401268005,0.45952779054641724
test_Seq_2615,2,2,"benchmark=nucleotide_transformer_downstream_tasks;dataset=splice_sites_all;matching=kmer_balanced;matching_signature=(6, 'TTT');border_estimator=center_window_kmer_jsd;estimator=center_jsd;window=48;search_radius=24;kmer=2;top_ratio=0.25;score_scale=4.0;motif_weight=0.0;motif_radius=12;score_normalization=train_quantile;raw_border_score=0.252823;border_score=1.083756",0.2172698676586151,0.24514925479888916,0.5375809073448181
test_Seq_1816,1,2,"benchmark=nucleotide_transformer_downstream_tasks;dataset=splice_sites_all;matching=kmer_balanced;matching_signature=(11, 'CCA');border_estimator=center_window_kmer_jsd;estimator=center_jsd;window=48;search_radius=24;kmer=2;top_ratio=0.25;score_scale=4.0;motif_weight=0.0;motif_radius=12;score_normalization=train_quantile;raw_border_score=0.198446;border_score=0.966911",0.2704348564147949,0.2893133759498596,0.44025176763534546
test_Seq_647,0,2,"benchmark=nucleotide_transformer_downstream_tasks;dataset=splice_sites_all;matching=kmer_balanced;matching_signature=(6, 'TTT');border_estimator=center_window_kmer_jsd;estimator=center_jsd;window=48;search_radius=24;kmer=2;top_ratio=0.25;score_scale=4.0;motif_weight=0.0;motif_radius=12;score_normalization=train_quantile;raw_border_score=0.270533;border_score=1.111000",0.24214285612106323,0.26920920610427856,0.4886479079723358
test_Seq_1639,1,2,"benchmark=nucleotide_transformer_downstream_tasks;dataset=splice_sites_all;matching=kmer_balanced;matching_signature=(11, 'GGG');border_estimator=center_window_kmer_jsd;estimator=center_jsd;window=48;search_radius=24;kmer=2;top_ratio=0.25;score_scale=4.0;motif_weight=0.0;motif_radius=12;score_normalization=train_quantile;raw_border_score=0.224032;border_score=1.028067",0.26125600934028625,0.288013756275177,0.45073017477989197
test_Seq_815,0,2,"benchmark=nucleotide_transformer_downstream_tasks;dataset=splice_sites_all;matching=kmer_balanced;matching_signature=(8, 'TTT');border_estimator=center_window_kmer_jsd;estimator=center_jsd;window=48;search_radius=24;kmer=2;top_ratio=0.25;score_scale=4.0;motif_weight=0.0;motif_radius=12;score_normalization=train_quantile;raw_border_score=0.341287;border_score=1.172778",0.23260536789894104,0.257118821144104,0.5102757811546326
test_Seq_1794,1,2,"benchmark=nucleotide_transformer_downstream_tasks;dataset=splice_sites_all;matching=kmer_balanced;matching_signature=(8, 'TTT');border_estimator=center_window_kmer_jsd;estimator=center_jsd;window=48;search_radius=24;kmer=2;top_ratio=0.25;score_scale=4.0;motif_weight=0.0;motif_radius=12;score_normalization=train_quantile;raw_border_score=0.408640;border_score=1.191267",0.298302561044693,0.3117445707321167,0.3899528980255127
test_Seq_1177,1,2,"benchmark=nucleotide_transformer_downstream_tasks;dataset=splice_sites_all;matching=kmer_balanced;matching_signature=(10, 'GGG');border_estimator=center_window_kmer_jsd;estimator=center_jsd;window=48;search_radius=24;kmer=2;top_ratio=0.25;score_scale=4.0;motif_weight=0.0;motif_radius=12;score_normalization=train_quantile;raw_border_score=0.222472;border_score=1.024244",0.23329439759254456,0.25196632742881775,0.5147392153739929
test_Seq_2907,2,2,"benchmark=nucleotide_transformer_downstream_tasks;dataset=splice_sites_all;matching=kmer_balanced;matching_signature=(9, 'TGG');border_estimator=center_window_kmer_jsd;estimator=center_jsd;window=48;search_radius=24;kmer=2;top_ratio=0.25;score_scale=4.0;motif_weight=0.0;motif_radius=12;score_normalization=train_quantile;raw_border_score=0.158971;border_score=0.865222",0.2212667167186737,0.24148529767990112,0.5372479557991028
test_Seq_1755,1,2,"benchmark=nucleotide_transformer_downstream_tasks;dataset=splice_sites_all;matching=kmer_balanced;matching_signature=(9, 'TCA');border_estimator=center_window_kmer_jsd;estimator=center_jsd;window=48;search_radius=24;kmer=2;top_ratio=0.25;score_scale=4.0;motif_weight=0.0;motif_radius=12;score_normalization=train_quantile;raw_border_score=0.173966;border_score=0.902022",0.28938645124435425,0.2994750440120697,0.41113850474357605
test_Seq_1731,1,2,"benchmark=nucleotide_transformer_downstream_tasks;dataset=splice_sites_all;matching=kmer_balanced;matching_signature=(9, 'TTT');border_estimator=center_window_kmer_jsd;estimator=center_jsd;window=48;search_radius=24;kmer=2;top_ratio=0.25;score_scale=4.0;motif_weight=0.0;motif_radius=12;score_normalization=train_quantile;raw_border_score=0.236064;border_score=1.050956",0.3008660078048706,0.31528404355049133,0.3838499188423157
test_Seq_2633,2,2,"benchmark=nucleotide_transformer_downstream_tasks;dataset=splice_sites_all;matching=kmer_balanced;matching_signature=(10, 'TTT');border_estimator=center_window_kmer_jsd;estimator=center_jsd;window=48;search_radius=24;kmer=2;top_ratio=0.25;score_scale=4.0;motif_weight=0.0;motif_radius=12;score_normalization=train_quantile;raw_border_score=0.391136;border_score=1.188467",0.28035402297973633,0.2963167428970337,0.42332926392555237
test_Seq_249,0,2,"benchmark=nucleotide_transformer_downstream_tasks;dataset=splice_sites_all;matching=kmer_balanced;matching_signature=(8, 'TTT');border_estimator=center_window_kmer_jsd;estimator=center_jsd;window=48;search_radius=24;kmer=2;top_ratio=0.25;score_scale=4.0;motif_weight=0.0;motif_radius=12;score_normalization=train_quantile;raw_border_score=0.501324;border_score=1.198644",0.2545487880706787,0.28524357080459595,0.46020764112472534
test_Seq_342,0,2,"benchmark=nucleotide_transformer_downstream_tasks;dataset=splice_sites_all;matching=kmer_balanced;matching_signature=(10, 'CCT');border_estimator=center_window_kmer_jsd;estimator=center_jsd;window=48;search_radius=24;kmer=2;top_ratio=0.25;score_scale=4.0;motif_weight=0.0;motif_radius=12;score_normalization=train_quantile;raw_border_score=0.222435;border_score=1.024156",0.2501884996891022,0.27629780769348145,0.47351372241973877
test_Seq_2546,2,2,"benchmark=nucleotide_transformer_downstream_tasks;dataset=splice_sites_all;matching=kmer_balanced;matching_signature=(10, 'CTG');border_estimator=center_window_kmer_jsd;estimator=center_jsd;window=48;search_radius=24;kmer=2;top_ratio=0.25;score_scale=4.0;motif_weight=0.0;motif_radius=12;score_normalization=train_quantile;raw_border_score=0.170567;border_score=0.892022",0.3017883598804474,0.31765317916870117,0.38055840134620667
test_Seq_494,0,2,"benchmark=nucleotide_transformer_downstream_tasks;dataset=splice_sites_all;matching=kmer_balanced;matching_signature=(9, 'TTT');border_estimator=center_window_kmer_jsd;estimator=center_jsd;window=48;search_radius=24;kmer=2;top_ratio=0.25;score_scale=4.0;motif_weight=0.0;motif_radius=12;score_normalization=train_quantile;raw_border_score=0.222360;border_score=1.024022",0.29142725467681885,0.31277021765708923,0.39580249786376953
test_Seq_678,0,2,"benchmark=nucleotide_transformer_downstream_tasks;dataset=splice_sites_all;matching=kmer_balanced;matching_signature=(6, 'AAA');border_estimator=center_window_kmer_jsd;estimator=center_jsd;window=48;search_radius=24;kmer=2;top_ratio=0.25;score_scale=4.0;motif_weight=0.0;motif_radius=12;score_normalization=train_quantile;raw_border_score=0.190035;border_score=0.944378",0.2587452530860901,0.2747249901294708,0.46652981638908386
test_Seq_947,0,2,"benchmark=nucleotide_transformer_downstream_tasks;dataset=splice_sites_all;matching=kmer_balanced;matching_signature=(6, 'AAA');border_estimator=center_window_kmer_jsd;estimator=center_jsd;window=48;search_radius=24;kmer=2;top_ratio=0.25;score_scale=4.0;motif_weight=0.0;motif_radius=12;score_normalization=train_quantile;raw_border_score=0.338060;border_score=1.170911",0.2609294056892395,0.28463882207870483,0.45443183183670044
test_Seq_33,0,2,"benchmark=nucleotide_transformer_downstream_tasks;dataset=splice_sites_all;matching=kmer_balanced;matching_signature=(11, 'CAG');border_estimator=center_window_kmer_jsd;estimator=center_jsd;window=48;search_radius=24;kmer=2;top_ratio=0.25;score_scale=4.0;motif_weight=0.0;motif_radius=12;score_normalization=train_quantile;raw_border_score=0.276510;border_score=1.119267",0.3132373094558716,0.31892621517181396,0.36783653497695923
test_Seq_80,0,1,"benchmark=nucleotide_transformer_downstream_tasks;dataset=splice_sites_all;matching=kmer_balanced;matching_signature=(9, 'AAG');border_estimator=center_window_kmer_jsd;estimator=center_jsd;window=48;search_radius=24;kmer=2;top_ratio=0.25;score_scale=4.0;motif_weight=0.0;motif_radius=12;score_normalization=train_quantile;raw_border_score=0.186138;border_score=0.933578",0.3358394205570221,0.3381068706512451,0.3260537385940552
test_Seq_851,0,2,"benchmark=nucleotide_transformer_downstream_tasks;dataset=splice_sites_all;matching=kmer_balanced;matching_signature=(9, 'CTC');border_estimator=center_window_kmer_jsd;estimator=center_jsd;window=48;search_radius=24;kmer=2;top_ratio=0.25;score_scale=4.0;motif_weight=0.0;motif_radius=12;score_normalization=train_quantile;raw_border_score=0.295658;border_score=1.141311",0.2890906035900116,0.3119144141674042,0.39899498224258423
test_Seq_508,0,2,"benchmark=nucleotide_transformer_downstream_tasks;dataset=splice_sites_all;matching=kmer_balanced;matching_signature=(7, 'TTT');border_estimator=center_window_kmer_jsd;estimator=center_jsd;window=48;search_radius=24;kmer=2;top_ratio=0.25;score_scale=4.0;motif_weight=0.0;motif_radius=12;score_normalization=train_quantile;raw_border_score=0.211146;border_score=0.998111",0.2323630303144455,0.25422343611717224,0.5134134888648987
test_Seq_1689,1,2,"benchmark=nucleotide_transformer_downstream_tasks;dataset=splice_sites_all;matching=kmer_balanced;matching_signature=(14, 'GGC');border_estimator=center_window_kmer_jsd;estimator=center_jsd;window=48;search_radius=24;kmer=2;top_ratio=0.25;score_scale=4.0;motif_weight=0.0;motif_radius=12;score_normalization=train_quantile;raw_border_score=0.199272;border_score=0.969222",0.3033486008644104,0.3132670521736145,0.3833842873573303
test_Seq_1562,1,2,"benchmark=nucleotide_transformer_downstream_tasks;dataset=splice_sites_all;matching=kmer_balanced;matching_signature=(6, 'TTT');border_estimator=center_window_kmer_jsd;estimator=center_jsd;window=48;search_radius=24;kmer=2;top_ratio=0.25;score_scale=4.0;motif_weight=0.0;motif_radius=12;score_normalization=train_quantile;raw_border_score=0.228402;border_score=1.036822",0.2517182528972626,0.27804887294769287,0.47023284435272217
test_Seq_2189,2,2,"benchmark=nucleotide_transformer_downstream_tasks;dataset=splice_sites_all;matching=kmer_balanced;matching_signature=(7, 'TGT');border_estimator=center_window_kmer_jsd;estimator=center_jsd;window=48;search_radius=24;kmer=2;top_ratio=0.25;score_scale=4.0;motif_weight=0.0;motif_radius=12;score_normalization=train_quantile;raw_border_score=0.183074;border_score=0.925133",0.23586569726467133,0.26192203164100647,0.5022122859954834
test_Seq_1521,1,2,"benchmark=nucleotide_transformer_downstream_tasks;dataset=splice_sites_all;matching=kmer_balanced;matching_signature=(6, 'TTT');border_estimator=center_window_kmer_jsd;estimator=center_jsd;window=48;search_radius=24;kmer=2;top_ratio=0.25;score_scale=4.0;motif_weight=0.0;motif_radius=12;score_normalization=train_quantile;raw_border_score=0.326836;border_score=1.164778",0.30274561047554016,0.3209035396575928,0.3763507902622223
test_Seq_2742,2,2,"benchmark=nucleotide_transformer_downstream_tasks;dataset=splice_sites_all;matching=kmer_balanced;matching_signature=(9, 'TGT');border_estimator=center_window_kmer_jsd;estimator=center_jsd;window=48;search_radius=24;kmer=2;top_ratio=0.25;score_scale=4.0;motif_weight=0.0;motif_radius=12;score_normalization=train_quantile;raw_border_score=0.188002;border_score=0.939000",0.26712262630462646,0.29037249088287354,0.4425048530101776
test_Seq_1263,1,2,"benchmark=nucleotide_transformer_downstream_tasks;dataset=splice_sites_all;matching=kmer_balanced;matching_signature=(10, 'GGG');border_estimator=center_window_kmer_jsd;estimator=center_jsd;window=48;search_radius=24;kmer=2;top_ratio=0.25;score_scale=4.0;motif_weight=0.0;motif_radius=12;score_normalization=train_quantile;raw_border_score=0.166125;border_score=0.881444",0.32162824273109436,0.3275419771671295,0.35082975029945374
test_Seq_2315,2,2,"benchmark=nucleotide_transformer_downstream_tasks;dataset=splice_sites_all;matching=kmer_balanced;matching_signature=(9, 'GGG');border_estimator=center_window_kmer_jsd;estimator=center_jsd;window=48;search_radius=24;kmer=2;top_ratio=0.25;score_scale=4.0;motif_weight=0.0;motif_radius=12;score_normalization=train_quantile;raw_border_score=0.399589;border_score=1.190067",0.28208133578300476,0.29839053750038147,0.41952815651893616
test_Seq_230,0,2,"benchmark=nucleotide_transformer_downstream_tasks;dataset=splice_sites_all;matching=kmer_balanced;matching_signature=(7, 'TTT');border_estimator=center_window_kmer_jsd;estimator=center_jsd;window=48;search_radius=24;kmer=2;top_ratio=0.25;score_scale=4.0;motif_weight=0.0;motif_radius=12;score_normalization=train_quantile;raw_border_score=0.170650;border_score=0.892289",0.24284599721431732,0.2641914188861847,0.4929625689983368
test_Seq_2620,2,2,"benchmark=nucleotide_transformer_downstream_tasks;dataset=splice_sites_all;matching=kmer_balanced;matching_signature=(10, 'GGG');border_estimator=center_window_kmer_jsd;estimator=center_jsd;window=48;search_radius=24;kmer=2;top_ratio=0.25;score_scale=4.0;motif_weight=0.0;motif_radius=12;score_normalization=train_quantile;raw_border_score=0.237597;border_score=1.054022",0.295414537191391,0.30680763721466064,0.39777785539627075
test_Seq_2082,2,2,"benchmark=nucleotide_transformer_downstream_tasks;dataset=splice_sites_all;matching=kmer_balanced;matching_signature=(8, 'TTT');border_estimator=center_window_kmer_jsd;estimator=center_jsd;window=48;search_radius=24;kmer=2;top_ratio=0.25;score_scale=4.0;motif_weight=0.0;motif_radius=12;score_normalization=train_quantile;raw_border_score=0.210392;border_score=0.996156",0.21778348088264465,0.23902130126953125,0.5431952476501465
test_Seq_2536,2,2,"benchmark=nucleotide_transformer_downstream_tasks;dataset=splice_sites_all;matching=kmer_balanced;matching_signature=(8, 'AAA');border_estimator=center_window_kmer_jsd;estimator=center_jsd;window=48;search_radius=24;kmer=2;top_ratio=0.25;score_scale=4.0;motif_weight=0.0;motif_radius=12;score_normalization=train_quantile;raw_border_score=0.178325;border_score=0.913978",0.27429476380348206,0.30179569125175476,0.4239095449447632
test_Seq_1438,1,2,"benchmark=nucleotide_transformer_downstream_tasks;dataset=splice_sites_all;matching=kmer_balanced;matching_signature=(9, 'TGG');border_estimator=center_window_kmer_jsd;estimator=center_jsd;window=48;search_radius=24;kmer=2;top_ratio=0.25;score_scale=4.0;motif_weight=0.0;motif_radius=12;score_normalization=train_quantile;raw_border_score=0.222870;border_score=1.025622",0.2948334515094757,0.3126140534877777,0.39255252480506897
test_Seq_1646,1,2,"benchmark=nucleotide_transformer_downstream_tasks;dataset=splice_sites_all;matching=kmer_balanced;matching_signature=(11, 'TGG');border_estimator=center_window_kmer_jsd;estimator=center_jsd;window=48;search_radius=24;kmer=2;top_ratio=0.25;score_scale=4.0;motif_weight=0.0;motif_radius=12;score_normalization=train_quantile;raw_border_score=0.276898;border_score=1.119756",0.30102378129959106,0.3165236711502075,0.3824525475502014
test_Seq_2760,2,2,"benchmark=nucleotide_transformer_downstream_tasks;dataset=splice_sites_all;matching=kmer_balanced;matching_signature=(12, 'CAG');border_estimator=center_window_kmer_jsd;estimator=center_jsd;window=48;search_radius=24;kmer=2;top_ratio=0.25;score_scale=4.0;motif_weight=0.0;motif_radius=12;score_normalization=train_quantile;raw_border_score=0.188189;border_score=0.939311",0.3070932626724243,0.3116791248321533,0.3812275826931
test_Seq_972,0,2,"benchmark=nucleotide_transformer_downstream_tasks;dataset=splice_sites_all;matching=kmer_balanced;matching_signature=(8, 'TTT');border_estimator=center_window_kmer_jsd;estimator=center_jsd;window=48;search_radius=24;kmer=2;top_ratio=0.25;score_scale=4.0;motif_weight=0.0;motif_radius=12;score_normalization=train_quantile;raw_border_score=0.112208;border_score=0.806644",0.2559070885181427,0.28693920373916626,0.45715370774269104
test_Seq_2358,2,2,"benchmark=nucleotide_transformer_downstream_tasks;dataset=splice_sites_all;matching=kmer_balanced;matching_signature=(10, 'TCT');border_estimator=center_window_kmer_jsd;estimator=center_jsd;window=48;search_radius=24;kmer=2;top_ratio=0.25;score_scale=4.0;motif_weight=0.0;motif_radius=12;score_normalization=train_quantile;raw_border_score=0.127763;border_score=0.817089",0.279194176197052,0.3046880066394806,0.41611775755882263
test_Seq_883,0,2,"benchmark=nucleotide_transformer_downstream_tasks;dataset=splice_sites_all;matching=kmer_balanced;matching_signature=(7, 'TTT');border_estimator=center_window_kmer_jsd;estimator=center_jsd;window=48;search_radius=24;kmer=2;top_ratio=0.25;score_scale=4.0;motif_weight=0.0;motif_radius=12;score_normalization=train_quantile;raw_border_score=0.298557;border_score=1.144778",0.2341066151857376,0.2557976543903351,0.5100957155227661
test_Seq_1781,1,2,"benchmark=nucleotide_transformer_downstream_tasks;dataset=splice_sites_all;matching=kmer_balanced;matching_signature=(8, 'TTT');border_estimator=center_window_kmer_jsd;estimator=center_jsd;window=48;search_radius=24;kmer=2;top_ratio=0.25;score_scale=4.0;motif_weight=0.0;motif_radius=12;score_normalization=train_quantile;raw_border_score=0.342676;border_score=1.173178",0.2605755031108856,0.2776760458946228,0.46174848079681396
test_Seq_2525,2,2,"benchmark=nucleotide_transformer_downstream_tasks;dataset=splice_sites_all;matching=kmer_balanced;matching_signature=(10, 'CTC');border_estimator=center_window_kmer_jsd;estimator=center_jsd;window=48;search_radius=24;kmer=2;top_ratio=0.25;score_scale=4.0;motif_weight=0.0;motif_radius=12;score_normalization=train_quantile;raw_border_score=0.165972;border_score=0.881222",0.2943362295627594,0.3113665282726288,0.39429721236228943
test_Seq_414,0,2,"benchmark=nucleotide_transformer_downstream_tasks;dataset=splice_sites_all;matching=kmer_balanced;matching_signature=(6, 'TTT');border_estimator=center_window_kmer_jsd;estimator=center_jsd;window=48;search_radius=24;kmer=2;top_ratio=0.25;score_scale=4.0;motif_weight=0.0;motif_radius=12;score_normalization=train_quantile;raw_border_score=0.293005;border_score=1.139311",0.24738764762878418,0.27038654685020447,0.4822257459163666
test_Seq_816,0,2,"benchmark=nucleotide_transformer_downstream_tasks;dataset=splice_sites_all;matching=kmer_balanced;matching_signature=(10, 'CAG');border_estimator=center_window_kmer_jsd;estimator=center_jsd;window=48;search_radius=24;kmer=2;top_ratio=0.25;score_scale=4.0;motif_weight=0.0;motif_radius=12;score_normalization=train_quantile;raw_border_score=0.469079;border_score=1.197000",0.228001207113266,0.24964028596878052,0.5223584771156311
test_Seq_1884,1,2,"benchmark=nucleotide_transformer_downstream_tasks;dataset=splice_sites_all;matching=kmer_balanced;matching_signature=(10, 'CCT');border_estimator=center_window_kmer_jsd;estimator=center_jsd;window=48;search_radius=24;kmer=2;top_ratio=0.25;score_scale=4.0;motif_weight=0.0;motif_radius=12;score_normalization=train_quantile;raw_border_score=0.208684;border_score=0.991844",0.28626349568367004,0.2955930233001709,0.41814345121383667
test_Seq_2054,2,2,"benchmark=nucleotide_transformer_downstream_tasks;dataset=splice_sites_all;matching=kmer_balanced;matching_signature=(9, 'TGT');border_estimator=center_window_kmer_jsd;estimator=center_jsd;window=48;search_radius=24;kmer=2;top_ratio=0.25;score_scale=4.0;motif_weight=0.0;motif_radius=12;score_normalization=train_quantile;raw_border_score=0.263173;border_score=1.101133",0.28880196809768677,0.31508347392082214,0.3961145877838135
test_Seq_2942,2,2,"benchmark=nucleotide_transformer_downstream_tasks;dataset=splice_sites_all;matching=kmer_balanced;matching_signature=(13, 'CCC');border_estimator=center_window_kmer_jsd;estimator=center_jsd;window=48;search_radius=24;kmer=2;top_ratio=0.25;score_scale=4.0;motif_weight=0.0;motif_radius=12;score_normalization=train_quantile;raw_border_score=0.159297;border_score=0.866200",0.31941208243370056,0.3120062053203583,0.36858171224594116
test_Seq_2540,2,2,"benchmark=nucleotide_transformer_downstream_tasks;dataset=splice_sites_all;matching=kmer_balanced;matching_signature=(6, 'TTT');border_estimator=center_window_kmer_jsd;estimator=center_jsd;window=48;search_radius=24;kmer=2;top_ratio=0.25;score_scale=4.0;motif_weight=0.0;motif_radius=12;score_normalization=train_quantile;raw_border_score=0.158186;border_score=0.863222",0.2546248733997345,0.26755857467651367,0.4778165817260742
test_Seq_2026,2,2,"benchmark=nucleotide_transformer_downstream_tasks;dataset=splice_sites_all;matching=kmer_balanced;matching_signature=(11, 'CCT');border_estimator=center_window_kmer_jsd;estimator=center_jsd;window=48;search_radius=24;kmer=2;top_ratio=0.25;score_scale=4.0;motif_weight=0.0;motif_radius=12;score_normalization=train_quantile;raw_border_score=0.154477;border_score=0.856333",0.31074175238609314,0.32473379373550415,0.3645244538784027
test_Seq_1280,1,2,"benchmark=nucleotide_transformer_downstream_tasks;dataset=splice_sites_all;matching=kmer_balanced;matching_signature=(12, 'CCC');border_estimator=center_window_kmer_jsd;estimator=center_jsd;window=48;search_radius=24;kmer=2;top_ratio=0.25;score_scale=4.0;motif_weight=0.0;motif_radius=12;score_normalization=train_quantile;raw_border_score=0.232709;border_score=1.044867",0.29096028208732605,0.30001962184906006,0.4090200960636139
test_Seq_730,0,2,"benchmark=nucleotide_transformer_downstream_tasks;dataset=splice_sites_all;matching=kmer_balanced;matching_signature=(6, 'AAA');border_estimator=center_window_kmer_jsd;estimator=center_jsd;window=48;search_radius=24;kmer=2;top_ratio=0.25;score_scale=4.0;motif_weight=0.0;motif_radius=12;score_normalization=train_quantile;raw_border_score=0.155658;border_score=0.858689",0.2623942494392395,0.2863486409187317,0.4512571096420288
test_Seq_2970,2,2,"benchmark=nucleotide_transformer_downstream_tasks;dataset=splice_sites_all;matching=kmer_balanced;matching_signature=(6, 'TTT');border_estimator=center_window_kmer_jsd;estimator=center_jsd;window=48;search_radius=24;kmer=2;top_ratio=0.25;score_scale=4.0;motif_weight=0.0;motif_radius=12;score_normalization=train_quantile;raw_border_score=0.216829;border_score=1.011089",0.23701222240924835,0.2662447392940521,0.49674299359321594
test_Seq_2452,2,2,"benchmark=nucleotide_transformer_downstream_tasks;dataset=splice_sites_all;matching=kmer_balanced;matching_signature=(10, 'CAG');border_estimator=center_window_kmer_jsd;estimator=center_jsd;window=48;search_radius=24;kmer=2;top_ratio=0.25;score_scale=4.0;motif_weight=0.0;motif_radius=12;score_normalization=train_quantile;raw_border_score=0.221585;border_score=1.022644",0.2924613058567047,0.30244600772857666,0.4050927460193634
test_Seq_1394,1,2,"benchmark=nucleotide_transformer_downstream_tasks;dataset=splice_sites_all;matching=kmer_balanced;matching_signature=(10, 'CCA');border_estimator=center_window_kmer_jsd;estimator=center_jsd;window=48;search_radius=24;kmer=2;top_ratio=0.25;score_scale=4.0;motif_weight=0.0;motif_radius=12;score_normalization=train_quantile;raw_border_score=0.233780;border_score=1.047044",0.22901959717273712,0.2588012218475342,0.5121791958808899
test_Seq_1371,1,2,"benchmark=nucleotide_transformer_downstream_tasks;dataset=splice_sites_all;matching=kmer_balanced;matching_signature=(9, 'GAG');border_estimator=center_window_kmer_jsd;estimator=center_jsd;window=48;search_radius=24;kmer=2;top_ratio=0.25;score_scale=4.0;motif_weight=0.0;motif_radius=12;score_normalization=train_quantile;raw_border_score=0.204797;border_score=0.983622",0.2571936845779419,0.2885812222957611,0.454225093126297
test_Seq_1351,1,1,"benchmark=nucleotide_transformer_downstream_tasks;dataset=splice_sites_all;matching=kmer_balanced;matching_signature=(10, 'TCT');border_estimator=center_window_kmer_jsd;estimator=center_jsd;window=48;search_radius=24;kmer=2;top_ratio=0.25;score_scale=4.0;motif_weight=0.0;motif_radius=12;score_normalization=train_quantile;raw_border_score=0.226240;border_score=1.032289",0.3304656147956848,0.33496057987213135,0.3345738649368286
test_Seq_1061,1,2,"benchmark=nucleotide_transformer_downstream_tasks;dataset=splice_sites_all;matching=kmer_balanced;matching_signature=(12, 'GGG');border_estimator=center_window_kmer_jsd;estimator=center_jsd;window=48;search_radius=24;kmer=2;top_ratio=0.25;score_scale=4.0;motif_weight=0.0;motif_radius=12;score_normalization=train_quantile;raw_border_score=0.165563;border_score=0.880200",0.3046518564224243,0.3091985285282135,0.3861495554447174
test_Seq_891,0,2,"benchmark=nucleotide_transformer_downstream_tasks;dataset=splice_sites_all;matching=kmer_balanced;matching_signature=(8, 'TTT');border_estimator=center_window_kmer_jsd;estimator=center_jsd;window=48;search_radius=24;kmer=2;top_ratio=0.25;score_scale=4.0;motif_weight=0.0;motif_radius=12;score_normalization=train_quantile;raw_border_score=0.190644;border_score=0.945711",0.2643742561340332,0.2917722761631012,0.4438534379005432
test_Seq_1692,1,2,"benchmark=nucleotide_transformer_downstream_tasks;dataset=splice_sites_all;matching=kmer_balanced;matching_signature=(6, 'AAA');border_estimator=center_window_kmer_jsd;estimator=center_jsd;window=48;search_radius=24;kmer=2;top_ratio=0.25;score_scale=4.0;motif_weight=0.0;motif_radius=12;score_normalization=train_quantile;raw_border_score=0.321968;border_score=1.162111",0.2517440915107727,0.27749693393707275,0.47075894474983215
test_Seq_588,0,2,"benchmark=nucleotide_transformer_downstream_tasks;dataset=splice_sites_all;matching=kmer_balanced;matching_signature=(7, 'TTT');border_estimator=center_window_kmer_jsd;estimator=center_jsd;window=48;search_radius=24;kmer=2;top_ratio=0.25;score_scale=4.0;motif_weight=0.0;motif_radius=12;score_normalization=train_quantile;raw_border_score=0.197758;border_score=0.965178",0.22419901192188263,0.25532853603363037,0.5204724669456482
test_Seq_518,0,2,"benchmark=nucleotide_transformer_downstream_tasks;dataset=splice_sites_all;matching=kmer_balanced;matching_signature=(6, 'AAA');border_estimator=center_window_kmer_jsd;estimator=center_jsd;window=48;search_radius=24;kmer=2;top_ratio=0.25;score_scale=4.0;motif_weight=0.0;motif_radius=12;score_normalization=train_quantile;raw_border_score=0.189716;border_score=0.943356",0.2357606291770935,0.26404136419296265,0.5001980662345886
test_Seq_231,0,2,"benchmark=nucleotide_transformer_downstream_tasks;dataset=splice_sites_all;matching=kmer_balanced;matching_signature=(12, 'CCC');border_estimator=center_window_kmer_jsd;estimator=center_jsd;window=48;search_radius=24;kmer=2;top_ratio=0.25;score_scale=4.0;motif_weight=0.0;motif_radius=12;score_normalization=train_quantile;raw_border_score=0.256133;border_score=1.089311",0.30123376846313477,0.30784302949905396,0.3909231722354889
test_Seq_1062,1,2,"benchmark=nucleotide_transformer_downstream_tasks;dataset=splice_sites_all;matching=kmer_balanced;matching_signature=(11, 'CCT');border_estimator=center_window_kmer_jsd;estimator=center_jsd;window=48;search_radius=24;kmer=2;top_ratio=0.25;score_scale=4.0;motif_weight=0.0;motif_radius=12;score_normalization=train_quantile;raw_border_score=0.169968;border_score=0.890867",0.27985644340515137,0.2973790168762207,0.42276448011398315
test_Seq_2625,2,2,"benchmark=nucleotide_transformer_downstream_tasks;dataset=splice_sites_all;matching=kmer_balanced;matching_signature=(10, 'CCT');border_estimator=center_window_kmer_jsd;estimator=center_jsd;window=48;search_radius=24;kmer=2;top_ratio=0.25;score_scale=4.0;motif_weight=0.0;motif_radius=12;score_normalization=train_quantile;raw_border_score=0.170934;border_score=0.892911",0.2284480184316635,0.24784481525421143,0.5237071514129639
test_Seq_356,0,2,"benchmark=nucleotide_transformer_downstream_tasks;dataset=splice_sites_all;matching=kmer_balanced;matching_signature=(7, 'TTT');border_estimator=center_window_kmer_jsd;estimator=center_jsd;window=48;search_radius=24;kmer=2;top_ratio=0.25;score_scale=4.0;motif_weight=0.0;motif_radius=12;score_normalization=train_quantile;raw_border_score=0.326829;border_score=1.164778",0.24047696590423584,0.27332496643066406,0.4861980974674225
test_Seq_1614,1,2,"benchmark=nucleotide_transformer_downstream_tasks;dataset=splice_sites_all;matching=kmer_balanced;matching_signature=(10, 'CCC');border_estimator=center_window_kmer_jsd;estimator=center_jsd;window=48;search_radius=24;kmer=2;top_ratio=0.25;score_scale=4.0;motif_weight=0.0;motif_radius=12;score_normalization=train_quantile;raw_border_score=0.135160;border_score=0.825400",0.2606075406074524,0.274692565202713,0.4646998345851898
test_Seq_1638,1,2,"benchmark=nucleotide_transformer_downstream_tasks;dataset=splice_sites_all;matching=kmer_balanced;matching_signature=(13, 'GGG');border_estimator=center_window_kmer_jsd;estimator=center_jsd;window=48;search_radius=24;kmer=2;top_ratio=0.25;score_scale=4.0;motif_weight=0.0;motif_radius=12;score_normalization=train_quantile;raw_border_score=0.189406;border_score=0.942333",0.29621386528015137,0.3030146658420563,0.40077152848243713
test_Seq_2574,2,2,"benchmark=nucleotide_transformer_downstream_tasks;dataset=splice_sites_all;matching=kmer_balanced;matching_signature=(10, 'TCC');border_estimator=center_window_kmer_jsd;estimator=center_jsd;window=48;search_radius=24;kmer=2;top_ratio=0.25;score_scale=4.0;motif_weight=0.0;motif_radius=12;score_normalization=train_quantile;raw_border_score=0.202592;border_score=0.977800",0.3053842782974243,0.3208696246147156,0.3737461268901825
test_Seq_716,0,2,"benchmark=nucleotide_transformer_downstream_tasks;dataset=splice_sites_all;matching=kmer_balanced;matching_signature=(12, 'CTG');border_estimator=center_window_kmer_jsd;estimator=center_jsd;window=48;search_radius=24;kmer=2;top_ratio=0.25;score_scale=4.0;motif_weight=0.0;motif_radius=12;score_normalization=train_quantile;raw_border_score=0.159400;border_score=0.866556",0.29893824458122253,0.3074275255203247,0.39363428950309753
test_Seq_974,0,2,"benchmark=nucleotide_transformer_downstream_tasks;dataset=splice_sites_all;matching=kmer_balanced;matching_signature=(7, 'TTT');border_estimator=center_window_kmer_jsd;estimator=center_jsd;window=48;search_radius=24;kmer=2;top_ratio=0.25;score_scale=4.0;motif_weight=0.0;motif_radius=12;score_normalization=train_quantile;raw_border_score=0.282269;border_score=1.126778",0.22515758872032166,0.2491300404071808,0.5257123708724976
test_Seq_2242,2,2,"benchmark=nucleotide_transformer_downstream_tasks;dataset=splice_sites_all;matching=kmer_balanced;matching_signature=(10, 'GGG');border_estimator=center_window_kmer_jsd;estimator=center_jsd;window=48;search_radius=24;kmer=2;top_ratio=0.25;score_scale=4.0;motif_weight=0.0;motif_radius=12;score_normalization=train_quantile;raw_border_score=0.267626;border_score=1.106600",0.3006726801395416,0.31732240319252014,0.38200488686561584
test_Seq_2172,2,2,"benchmark=nucleotide_transformer_downstream_tasks;dataset=splice_sites_all;matching=kmer_balanced;matching_signature=(8, 'AAA');border_estimator=center_window_kmer_jsd;estimator=center_jsd;window=48;search_radius=24;kmer=2;top_ratio=0.25;score_scale=4.0;motif_weight=0.0;motif_radius=12;score_normalization=train_quantile;raw_border_score=0.226648;border_score=1.033400",0.23215243220329285,0.2508249282836914,0.5170226097106934
test_Seq_2544,2,2,"benchmark=nucleotide_transformer_downstream_tasks;dataset=splice_sites_all;matching=kmer_balanced;matching_signature=(7, 'TTT');border_estimator=center_window_kmer_jsd;estimator=center_jsd;window=48;search_radius=24;kmer=2;top_ratio=0.25;score_scale=4.0;motif_weight=0.0;motif_radius=12;score_normalization=train_quantile;raw_border_score=0.241239;border_score=1.061400",0.25498729944229126,0.2790796160697937,0.4659331440925598
test_Seq_1795,1,2,"benchmark=nucleotide_transformer_downstream_tasks;dataset=splice_sites_all;matching=kmer_balanced;matching_signature=(11, 'CTG');border_estimator=center_window_kmer_jsd;estimator=center_jsd;window=48;search_radius=24;kmer=2;top_ratio=0.25;score_scale=4.0;motif_weight=0.0;motif_radius=12;score_normalization=train_quantile;raw_border_score=0.339217;border_score=1.171489",0.28328296542167664,0.2988295257091522,0.4178875684738159
test_Seq_1897,1,2,"benchmark=nucleotide_transformer_downstream_tasks;dataset=splice_sites_all;matching=kmer_balanced;matching_signature=(12, 'CCC');border_estimator=center_window_kmer_jsd;estimator=center_jsd;window=48;search_radius=24;kmer=2;top_ratio=0.25;score_scale=4.0;motif_weight=0.0;motif_radius=12;score_normalization=train_quantile;raw_border_score=0.256186;border_score=1.089400",0.28734585642814636,0.3015565276145935,0.41109758615493774
test_Seq_168,0,2,"benchmark=nucleotide_transformer_downstream_tasks;dataset=splice_sites_all;matching=kmer_balanced;matching_signature=(7, 'AAA');border_estimator=center_window_kmer_jsd;estimator=center_jsd;window=48;search_radius=24;kmer=2;top_ratio=0.25;score_scale=4.0;motif_weight=0.0;motif_radius=12;score_normalization=train_quantile;raw_border_score=0.178881;border_score=0.915267",0.24353353679180145,0.2697885036468506,0.486677885055542
test_Seq_1713,1,2,"benchmark=nucleotide_transformer_downstream_tasks;dataset=splice_sites_all;matching=kmer_balanced;matching_signature=(7, 'TTT');border_estimator=center_window_kmer_jsd;estimator=center_jsd;window=48;search_radius=24;kmer=2;top_ratio=0.25;score_scale=4.0;motif_weight=0.0;motif_radius=12;score_normalization=train_quantile;raw_border_score=0.230599;border_score=1.040822",0.2601148784160614,0.2808524966239929,0.4590325653553009
test_Seq_594,0,2,"benchmark=nucleotide_transformer_downstream_tasks;dataset=splice_sites_all;matching=kmer_balanced;matching_signature=(8, 'TTT');border_estimator=center_window_kmer_jsd;estimator=center_jsd;window=48;search_radius=24;kmer=2;top_ratio=0.25;score_scale=4.0;motif_weight=0.0;motif_radius=12;score_normalization=train_quantile;raw_border_score=0.121935;border_score=0.812067",0.24120089411735535,0.2629861831665039,0.49581286311149597
test_Seq_1451,1,2,"benchmark=nucleotide_transformer_downstream_tasks;dataset=splice_sites_all;matching=kmer_balanced;matching_signature=(6, 'AAA');border_estimator=center_window_kmer_jsd;estimator=center_jsd;window=48;search_radius=24;kmer=2;top_ratio=0.25;score_scale=4.0;motif_weight=0.0;motif_radius=12;score_normalization=train_quantile;raw_border_score=0.211023;border_score=0.997667",0.23986943066120148,0.263993501663208,0.4961370527744293
test_Seq_963,0,2,"benchmark=nucleotide_transformer_downstream_tasks;dataset=splice_sites_all;matching=kmer_balanced;matching_signature=(6, 'AAA');border_estimator=center_window_kmer_jsd;estimator=center_jsd;window=48;search_radius=24;kmer=2;top_ratio=0.25;score_scale=4.0;motif_weight=0.0;motif_radius=12;score_normalization=train_quantile;raw_border_score=0.194439;border_score=0.955622",0.2603037655353546,0.27739372849464417,0.46230247616767883
test_Seq_1656,1,2,"benchmark=nucleotide_transformer_downstream_tasks;dataset=splice_sites_all;matching=kmer_balanced;matching_signature=(8, 'GAA');border_estimator=center_window_kmer_jsd;estimator=center_jsd;window=48;search_radius=24;kmer=2;top_ratio=0.25;score_scale=4.0;motif_weight=0.0;motif_radius=12;score_normalization=train_quantile;raw_border_score=0.169408;border_score=0.889400",0.24098816514015198,0.269756555557251,0.48925524950027466
test_Seq_239,0,2,"benchmark=nucleotide_transformer_downstream_tasks;dataset=splice_sites_all;matching=kmer_balanced;matching_signature=(9, 'GGG');border_estimator=center_window_kmer_jsd;estimator=center_jsd;window=48;search_radius=24;kmer=2;top_ratio=0.25;score_scale=4.0;motif_weight=0.0;motif_radius=12;score_normalization=train_quantile;raw_border_score=0.241156;border_score=1.061267",0.3115941882133484,0.3203919529914856,0.36801382899284363
test_Seq_1648,1,2,"benchmark=nucleotide_transformer_downstream_tasks;dataset=splice_sites_all;matching=kmer_balanced;matching_signature=(6, 'TTT');border_estimator=center_window_kmer_jsd;estimator=center_jsd;window=48;search_radius=24;kmer=2;top_ratio=0.25;score_scale=4.0;motif_weight=0.0;motif_radius=12;score_normalization=train_quantile;raw_border_score=0.215919;border_score=1.008467",0.22632957994937897,0.258323609828949,0.5153468251228333
test_Seq_2215,2,2,"benchmark=nucleotide_transformer_downstream_tasks;dataset=splice_sites_all;matching=kmer_balanced;matching_signature=(8, 'AAA');border_estimator=center_window_kmer_jsd;estimator=center_jsd;window=48;search_radius=24;kmer=2;top_ratio=0.25;score_scale=4.0;motif_weight=0.0;motif_radius=12;score_normalization=train_quantile;raw_border_score=0.276490;border_score=1.119222",0.29588738083839417,0.31276220083236694,0.3913503885269165
test_Seq_838,0,2,"benchmark=nucleotide_transformer_downstream_tasks;dataset=splice_sites_all;matching=kmer_balanced;matching_signature=(8, 'TTT');border_estimator=center_window_kmer_jsd;estimator=center_jsd;window=48;search_radius=24;kmer=2;top_ratio=0.25;score_scale=4.0;motif_weight=0.0;motif_radius=12;score_normalization=train_quantile;raw_border_score=0.302983;border_score=1.148911",0.2777840793132782,0.3027845323085785,0.4194313585758209
test_Seq_128,0,2,"benchmark=nucleotide_transformer_downstream_tasks;dataset=splice_sites_all;matching=kmer_balanced;matching_signature=(10, 'GGG');border_estimator=center_window_kmer_jsd;estimator=center_jsd;window=48;search_radius=24;kmer=2;top_ratio=0.25;score_scale=4.0;motif_weight=0.0;motif_radius=12;score_normalization=train_quantile;raw_border_score=0.202618;border_score=0.977889",0.310385525226593,0.31766238808631897,0.3719521164894104
test_Seq_1388,1,2,"benchmark=nucleotide_transformer_downstream_tasks;dataset=splice_sites_all;matching=kmer_balanced;matching_signature=(9, 'TTT');border_estimator=center_window_kmer_jsd;estimator=center_jsd;window=48;search_radius=24;kmer=2;top_ratio=0.25;score_scale=4.0;motif_weight=0.0;motif_radius=12;score_normalization=train_quantile;raw_border_score=0.316870;border_score=1.158822",0.29227957129478455,0.3130520284175873,0.39466843008995056
test_Seq_463,0,2,"benchmark=nucleotide_transformer_downstream_tasks;dataset=splice_sites_all;matching=kmer_balanced;matching_signature=(11, 'CCT');border_estimator=center_window_kmer_jsd;estimator=center_jsd;window=48;search_radius=24;kmer=2;top_ratio=0.25;score_scale=4.0;motif_weight=0.0;motif_radius=12;score_normalization=train_quantile;raw_border_score=0.211281;border_score=0.998289",0.27753153443336487,0.3042598068714142,0.4182087182998657
test_Seq_1641,1,2,"benchmark=nucleotide_transformer_downstream_tasks;dataset=splice_sites_all;matching=kmer_balanced;matching_signature=(7, 'AAA');border_estimator=center_window_kmer_jsd;estimator=center_jsd;window=48;search_radius=24;kmer=2;top_ratio=0.25;score_scale=4.0;motif_weight=0.0;motif_radius=12;score_normalization=train_quantile;raw_border_score=0.308266;border_score=1.152422",0.23500242829322815,0.2636876702308655,0.501309871673584
test_Seq_1479,1,2,"benchmark=nucleotide_transformer_downstream_tasks;dataset=splice_sites_all;matching=kmer_balanced;matching_signature=(7, 'TTT');border_estimator=center_window_kmer_jsd;estimator=center_jsd;window=48;search_radius=24;kmer=2;top_ratio=0.25;score_scale=4.0;motif_weight=0.0;motif_radius=12;score_normalization=train_quantile;raw_border_score=0.224341;border_score=1.028644",0.23120862245559692,0.2625781297683716,0.5062131881713867
test_Seq_542,0,2,"benchmark=nucleotide_transformer_downstream_tasks;dataset=splice_sites_all;matching=kmer_balanced;matching_signature=(6, 'TTT');border_estimator=center_window_kmer_jsd;estimator=center_jsd;window=48;search_radius=24;kmer=2;top_ratio=0.25;score_scale=4.0;motif_weight=0.0;motif_radius=12;score_normalization=train_quantile;raw_border_score=0.275936;border_score=1.118422",0.25161072611808777,0.26710274815559387,0.48128649592399597
test_Seq_396,0,2,"benchmark=nucleotide_transformer_downstream_tasks;dataset=splice_sites_all;matching=kmer_balanced;matching_signature=(6, 'AAA');border_estimator=center_window_kmer_jsd;estimator=center_jsd;window=48;search_radius=24;kmer=2;top_ratio=0.25;score_scale=4.0;motif_weight=0.0;motif_radius=12;score_normalization=train_quantile;raw_border_score=0.192559;border_score=0.951133",0.23770904541015625,0.26834577322006226,0.4939451217651367
test_Seq_585,0,2,"benchmark=nucleotide_transformer_downstream_tasks;dataset=splice_sites_all;matching=kmer_balanced;matching_signature=(7, 'TTT');border_estimator=center_window_kmer_jsd;estimator=center_jsd;window=48;search_radius=24;kmer=2;top_ratio=0.25;score_scale=4.0;motif_weight=0.0;motif_radius=12;score_normalization=train_quantile;raw_border_score=0.699390;border_score=1.199889",0.21340112388134003,0.2335645705461502,0.553034245967865
test_Seq_2150,2,2,"benchmark=nucleotide_transformer_downstream_tasks;dataset=splice_sites_all;matching=kmer_balanced;matching_signature=(7, 'TTT');border_estimator=center_window_kmer_jsd;estimator=center_jsd;window=48;search_radius=24;kmer=2;top_ratio=0.25;score_scale=4.0;motif_weight=0.0;motif_radius=12;score_normalization=train_quantile;raw_border_score=0.174422;border_score=0.903222",0.22479234635829926,0.25212371349334717,0.5230839252471924
test_Seq_166,0,2,"benchmark=nucleotide_transformer_downstream_tasks;dataset=splice_sites_all;matching=kmer_balanced;matching_signature=(5, 'TTT');border_estimator=center_window_kmer_jsd;estimator=center_jsd;window=48;search_radius=24;kmer=2;top_ratio=0.25;score_scale=4.0;motif_weight=0.0;motif_radius=12;score_normalization=train_quantile;raw_border_score=0.241266;border_score=1.061444",0.26562803983688354,0.28600719571113586,0.44836482405662537
test_Seq_655,0,2,"benchmark=nucleotide_transformer_downstream_tasks;dataset=splice_sites_all;matching=kmer_balanced;matching_signature=(8, 'TTT');border_estimator=center_window_kmer_jsd;estimator=center_jsd;window=48;search_radius=24;kmer=2;top_ratio=0.25;score_scale=4.0;motif_weight=0.0;motif_radius=12;score_normalization=train_quantile;raw_border_score=0.202122;border_score=0.976378",0.2771139144897461,0.29918372631073,0.4237023890018463
test_Seq_2648,2,2,"benchmark=nucleotide_transformer_downstream_tasks;dataset=splice_sites_all;matching=kmer_balanced;matching_signature=(7, 'AAA');border_estimator=center_window_kmer_jsd;estimator=center_jsd;window=48;search_radius=24;kmer=2;top_ratio=0.25;score_scale=4.0;motif_weight=0.0;motif_radius=12;score_normalization=train_quantile;raw_border_score=0.226225;border_score=1.032244",0.23313936591148376,0.2629496157169342,0.503911018371582
test_Seq_1149,1,1,"benchmark=nucleotide_transformer_downstream_tasks;dataset=splice_sites_all;matching=kmer_balanced;matching_signature=(13, 'GGG');border_estimator=center_window_kmer_jsd;estimator=center_jsd;window=48;search_radius=24;kmer=2;top_ratio=0.25;score_scale=4.0;motif_weight=0.0;motif_radius=12;score_normalization=train_quantile;raw_border_score=0.247063;border_score=1.073089",0.33490419387817383,0.3503320813179016,0.31476375460624695
test_Seq_54,0,2,"benchmark=nucleotide_transformer_downstream_tasks;dataset=splice_sites_all;matching=kmer_balanced;matching_signature=(10, 'CCT');border_estimator=center_window_kmer_jsd;estimator=center_jsd;window=48;search_radius=24;kmer=2;top_ratio=0.25;score_scale=4.0;motif_weight=0.0;motif_radius=12;score_normalization=train_quantile;raw_border_score=0.108757;border_score=0.805044",0.25915828347206116,0.2846546769142151,0.45618703961372375
test_Seq_1295,1,2,"benchmark=nucleotide_transformer_downstream_tasks;dataset=splice_sites_all;matching=kmer_balanced;matching_signature=(7, 'TTT');border_estimator=center_window_kmer_jsd;estimator=center_jsd;window=48;search_radius=24;kmer=2;top_ratio=0.25;score_scale=4.0;motif_weight=0.0;motif_radius=12;score_normalization=train_quantile;raw_border_score=0.210041;border_score=0.995133",0.23493625223636627,0.26825812458992004,0.4968055784702301
test_Seq_2776,2,2,"benchmark=nucleotide_transformer_downstream_tasks;dataset=splice_sites_all;matching=kmer_balanced;matching_signature=(13, 'GGG');border_estimator=center_window_kmer_jsd;estimator=center_jsd;window=48;search_radius=24;kmer=2;top_ratio=0.25;score_scale=4.0;motif_weight=0.0;motif_radius=12;score_normalization=train_quantile;raw_border_score=0.320755;border_score=1.161400",0.3041892647743225,0.3130410611629486,0.3827696740627289
test_Seq_801,0,2,"benchmark=nucleotide_transformer_downstream_tasks;dataset=splice_sites_all;matching=kmer_balanced;matching_signature=(12, 'CCC');border_estimator=center_window_kmer_jsd;estimator=center_jsd;window=48;search_radius=24;kmer=2;top_ratio=0.25;score_scale=4.0;motif_weight=0.0;motif_radius=12;score_normalization=train_quantile;raw_border_score=0.206987;border_score=0.988200",0.27922216057777405,0.299335777759552,0.42144203186035156
test_Seq_713,0,2,"benchmark=nucleotide_transformer_downstream_tasks;dataset=splice_sites_all;matching=kmer_balanced;matching_signature=(11, 'CTG');border_estimator=center_window_kmer_jsd;estimator=center_jsd;window=48;search_radius=24;kmer=2;top_ratio=0.25;score_scale=4.0;motif_weight=0.0;motif_radius=12;score_normalization=train_quantile;raw_border_score=0.261213;border_score=1.097622",0.3107738792896271,0.3219180405139923,0.367308109998703
test_Seq_749,0,2,"benchmark=nucleotide_transformer_downstream_tasks;dataset=splice_sites_all;matching=kmer_balanced;matching_signature=(8, 'TTT');border_estimator=center_window_kmer_jsd;estimator=center_jsd;window=48;search_radius=24;kmer=2;top_ratio=0.25;score_scale=4.0;motif_weight=0.0;motif_radius=12;score_normalization=train_quantile;raw_border_score=0.173109;border_score=0.899489",0.30642884969711304,0.32562386989593506,0.3679472804069519
test_Seq_774,0,2,"benchmark=nucleotide_transformer_downstream_tasks;dataset=splice_sites_all;matching=kmer_balanced;matching_signature=(6, 'TTT');border_estimator=center_window_kmer_jsd;estimator=center_jsd;window=48;search_radius=24;kmer=2;top_ratio=0.25;score_scale=4.0;motif_weight=0.0;motif_radius=12;score_normalization=train_quantile;raw_border_score=0.217843;border_score=1.013400",0.2567269206047058,0.2763845920562744,0.4668884873390198
test_Seq_26,0,2,"benchmark=nucleotide_transformer_downstream_tasks;dataset=splice_sites_all;matching=kmer_balanced;matching_signature=(11, 'CCC');border_estimator=center_window_kmer_jsd;estimator=center_jsd;window=48;search_radius=24;kmer=2;top_ratio=0.25;score_scale=4.0;motif_weight=0.0;motif_radius=12;score_normalization=train_quantile;raw_border_score=0.259639;border_score=1.094867",0.30365055799484253,0.31192055344581604,0.38442888855934143
test_Seq_2385,2,2,"benchmark=nucleotide_transformer_downstream_tasks;dataset=splice_sites_all;matching=kmer_balanced;matching_signature=(7, 'TGA');border_estimator=center_window_kmer_jsd;estimator=center_jsd;window=48;search_radius=24;kmer=2;top_ratio=0.25;score_scale=4.0;motif_weight=0.0;motif_radius=12;score_normalization=train_quantile;raw_border_score=0.137771;border_score=0.828956",0.24417200684547424,0.27160879969596863,0.48421916365623474
test_Seq_1797,1,2,"benchmark=nucleotide_transformer_downstream_tasks;dataset=splice_sites_all;matching=kmer_balanced;matching_signature=(6, 'AAA');border_estimator=center_window_kmer_jsd;estimator=center_jsd;window=48;search_radius=24;kmer=2;top_ratio=0.25;score_scale=4.0;motif_weight=0.0;motif_radius=12;score_normalization=train_quantile;raw_border_score=0.251913;border_score=1.082111",0.22125734388828278,0.24747860431671143,0.531264066696167
test_Seq_1392,1,2,"benchmark=nucleotide_transformer_downstream_tasks;dataset=splice_sites_all;matching=kmer_balanced;matching_signature=(9, 'AAA');border_estimator=center_window_kmer_jsd;estimator=center_jsd;window=48;search_radius=24;kmer=2;top_ratio=0.25;score_scale=4.0;motif_weight=0.0;motif_radius=12;score_normalization=train_quantile;raw_border_score=0.158356;border_score=0.863444",0.28929439187049866,0.3069775104522705,0.4037281274795532
test_Seq_278,0,2,"benchmark=nucleotide_transformer_downstream_tasks;dataset=splice_sites_all;matching=kmer_balanced;matching_signature=(8, 'TGT');border_estimator=center_window_kmer_jsd;estimator=center_jsd;window=48;search_radius=24;kmer=2;top_ratio=0.25;score_scale=4.0;motif_weight=0.0;motif_radius=12;score_normalization=train_quantile;raw_border_score=0.288209;border_score=1.134378",0.2401842176914215,0.2657533586025238,0.4940623641014099
test_Seq_2965,2,2,"benchmark=nucleotide_transformer_downstream_tasks;dataset=splice_sites_all;matching=kmer_balanced;matching_signature=(6, 'TTT');border_estimator=center_window_kmer_jsd;estimator=center_jsd;window=48;search_radius=24;kmer=2;top_ratio=0.25;score_scale=4.0;motif_weight=0.0;motif_radius=12;score_normalization=train_quantile;raw_border_score=0.210226;border_score=0.995622",0.25314152240753174,0.27756649255752563,0.46929195523262024
test_Seq_2702,2,2,"benchmark=nucleotide_transformer_downstream_tasks;dataset=splice_sites_all;matching=kmer_balanced;matching_signature=(6, 'AAA');border_estimator=center_window_kmer_jsd;estimator=center_jsd;window=48;search_radius=24;kmer=2;top_ratio=0.25;score_scale=4.0;motif_weight=0.0;motif_radius=12;score_normalization=train_quantile;raw_border_score=0.185177;border_score=0.931044",0.2654002904891968,0.28416353464126587,0.45043623447418213
test_Seq_737,0,2,"benchmark=nucleotide_transformer_downstream_tasks;dataset=splice_sites_all;matching=kmer_balanced;matching_signature=(13, 'CCC');border_estimator=center_window_kmer_jsd;estimator=center_jsd;window=48;search_radius=24;kmer=2;top_ratio=0.25;score_scale=4.0;motif_weight=0.0;motif_radius=12;score_normalization=train_quantile;raw_border_score=0.224295;border_score=1.028511",0.2593759298324585,0.27475202083587646,0.4658720791339874
test_Seq_1942,1,2,"benchmark=nucleotide_transformer_downstream_tasks;dataset=splice_sites_all;matching=kmer_balanced;matching_signature=(11, 'GTG');border_estimator=center_window_kmer_jsd;estimator=center_jsd;window=48;search_radius=24;kmer=2;top_ratio=0.25;score_scale=4.0;motif_weight=0.0;motif_radius=12;score_normalization=train_quantile;raw_border_score=0.238259;border_score=1.055000",0.2925967276096344,0.31059399247169495,0.39680925011634827
test_Seq_1106,1,2,"benchmark=nucleotide_transformer_downstream_tasks;dataset=splice_sites_all;matching=kmer_balanced;matching_signature=(5, 'TTT');border_estimator=center_window_kmer_jsd;estimator=center_jsd;window=48;search_radius=24;kmer=2;top_ratio=0.25;score_scale=4.0;motif_weight=0.0;motif_radius=12;score_normalization=train_quantile;raw_border_score=0.155462;border_score=0.858200",0.2503862679004669,0.27346062660217285,0.47615307569503784
test_Seq_2431,2,2,"benchmark=nucleotide_transformer_downstream_tasks;dataset=splice_sites_all;matching=kmer_balanced;matching_signature=(8, 'TTT');border_estimator=center_window_kmer_jsd;estimator=center_jsd;window=48;search_radius=24;kmer=2;top_ratio=0.25;score_scale=4.0;motif_weight=0.0;motif_radius=12;score_normalization=train_quantile;raw_border_score=0.132672;border_score=0.822378",0.3172338902950287,0.3290484547615051,0.35371771454811096
test_Seq_994,0,2,"benchmark=nucleotide_transformer_downstream_tasks;dataset=splice_sites_all;matching=kmer_balanced;matching_signature=(6, 'TTT');border_estimator=center_window_kmer_jsd;estimator=center_jsd;window=48;search_radius=24;kmer=2;top_ratio=0.25;score_scale=4.0;motif_weight=0.0;motif_radius=12;score_normalization=train_quantile;raw_border_score=0.227989;border_score=1.035933",0.23659001290798187,0.26175910234451294,0.5016508102416992
test_Seq_1938,1,2,"benchmark=nucleotide_transformer_downstream_tasks;dataset=splice_sites_all;matching=kmer_balanced;matching_signature=(10, 'CCT');border_estimator=center_window_kmer_jsd;estimator=center_jsd;window=48;search_radius=24;kmer=2;top_ratio=0.25;score_scale=4.0;motif_weight=0.0;motif_radius=12;score_normalization=train_quantile;raw_border_score=0.165867;border_score=0.881133",0.24495840072631836,0.2686523199081421,0.4863892197608948
test_Seq_705,0,2,"benchmark=nucleotide_transformer_downstream_tasks;dataset=splice_sites_all;matching=kmer_balanced;matching_signature=(11, 'GGG');border_estimator=center_window_kmer_jsd;estimator=center_jsd;window=48;search_radius=24;kmer=2;top_ratio=0.25;score_scale=4.0;motif_weight=0.0;motif_radius=12;score_normalization=train_quantile;raw_border_score=0.161374;border_score=0.870111",0.29997172951698303,0.3188525140285492,0.3811757564544678
test_Seq_1662,1,2,"benchmark=nucleotide_transformer_downstream_tasks;dataset=splice_sites_all;matching=kmer_balanced;matching_signature=(5, 'AAA');border_estimator=center_window_kmer_jsd;estimator=center_jsd;window=48;search_radius=24;kmer=2;top_ratio=0.25;score_scale=4.0;motif_weight=0.0;motif_radius=12;score_normalization=train_quantile;raw_border_score=0.264934;border_score=1.103489",0.2557506263256073,0.28341659903526306,0.46083271503448486
test_Seq_2944,2,2,"benchmark=nucleotide_transformer_downstream_tasks;dataset=splice_sites_all;matching=kmer_balanced;matching_signature=(10, 'TGT');border_estimator=center_window_kmer_jsd;estimator=center_jsd;window=48;search_radius=24;kmer=2;top_ratio=0.25;score_scale=4.0;motif_weight=0.0;motif_radius=12;score_normalization=train_quantile;raw_border_score=0.175201;border_score=0.905489",0.2572653293609619,0.28505077958106995,0.45768383145332336
test_Seq_1625,1,2,"benchmark=nucleotide_transformer_downstream_tasks;dataset=splice_sites_all;matching=kmer_balanced;matching_signature=(12, 'CTG');border_estimator=center_window_kmer_jsd;estimator=center_jsd;window=48;search_radius=24;kmer=2;top_ratio=0.25;score_scale=4.0;motif_weight=0.0;motif_radius=12;score_normalization=train_quantile;raw_border_score=0.251076;border_score=1.080956",0.31271928548812866,0.32494765520095825,0.3623330891132355
test_Seq_1687,1,2,"benchmark=nucleotide_transformer_downstream_tasks;dataset=splice_sites_all;matching=kmer_balanced;matching_signature=(8, 'TCT');border_estimator=center_window_kmer_jsd;estimator=center_jsd;window=48;search_radius=24;kmer=2;top_ratio=0.25;score_scale=4.0;motif_weight=0.0;motif_radius=12;score_normalization=train_quantile;raw_border_score=0.144028;border_score=0.837400",0.24399973452091217,0.2751993238925934,0.48080089688301086
test_Seq_2569,2,2,"benchmark=nucleotide_transformer_downstream_tasks;dataset=splice_sites_all;matching=kmer_balanced;matching_signature=(13, 'GGG');border_estimator=center_window_kmer_jsd;estimator=center_jsd;window=48;search_radius=24;kmer=2;top_ratio=0.25;score_scale=4.0;motif_weight=0.0;motif_radius=12;score_normalization=train_quantile;raw_border_score=0.208962;border_score=0.992511",0.3262057602405548,0.33092570304870605,0.34286850690841675
test_Seq_2850,2,2,"benchmark=nucleotide_transformer_downstream_tasks;dataset=splice_sites_all;matching=kmer_balanced;matching_signature=(13, 'GGC');border_estimator=center_window_kmer_jsd;estimator=center_jsd;window=48;search_radius=24;kmer=2;top_ratio=0.25;score_scale=4.0;motif_weight=0.0;motif_radius=12;score_normalization=train_quantile;raw_border_score=0.148815;border_score=0.845667",0.32878589630126953,0.33559519052505493,0.3356189429759979
test_Seq_276,0,2,"benchmark=nucleotide_transformer_downstream_tasks;dataset=splice_sites_all;matching=kmer_balanced;matching_signature=(5, 'TTT');border_estimator=center_window_kmer_jsd;estimator=center_jsd;window=48;search_radius=24;kmer=2;top_ratio=0.25;score_scale=4.0;motif_weight=0.0;motif_radius=12;score_normalization=train_quantile;raw_border_score=0.208968;border_score=0.992511",0.24028280377388,0.26340341567993164,0.49631384015083313
test_Seq_79,0,2,"benchmark=nucleotide_transformer_downstream_tasks;dataset=splice_sites_all;matching=kmer_balanced;matching_signature=(8, 'TTT');border_estimator=center_window_kmer_jsd;estimator=center_jsd;window=48;search_radius=24;kmer=2;top_ratio=0.25;score_scale=4.0;motif_weight=0.0;motif_radius=12;score_normalization=train_quantile;raw_border_score=0.160261;border_score=0.867978",0.26993319392204285,0.2913801968097687,0.4386865794658661
test_Seq_2149,2,2,"benchmark=nucleotide_transformer_downstream_tasks;dataset=splice_sites_all;matching=kmer_balanced;matching_signature=(9, 'TTT');border_estimator=center_window_kmer_jsd;estimator=center_jsd;window=48;search_radius=24;kmer=2;top_ratio=0.25;score_scale=4.0;motif_weight=0.0;motif_radius=12;score_normalization=train_quantile;raw_border_score=0.246839;border_score=1.072733",0.28286826610565186,0.3003477156162262,0.41678401827812195
test_Seq_2381,2,2,"benchmark=nucleotide_transformer_downstream_tasks;dataset=splice_sites_all;matching=kmer_balanced;matching_signature=(9, 'AAA');border_estimator=center_window_kmer_jsd;estimator=center_jsd;window=48;search_radius=24;kmer=2;top_ratio=0.25;score_scale=4.0;motif_weight=0.0;motif_radius=12;score_normalization=train_quantile;raw_border_score=0.158509;border_score=0.864022",0.2181728631258011,0.24365536868572235,0.5381717681884766
test_Seq_847,0,2,"benchmark=nucleotide_transformer_downstream_tasks;dataset=splice_sites_all;matching=kmer_balanced;matching_signature=(6, 'AAA');border_estimator=center_window_kmer_jsd;estimator=center_jsd;window=48;search_radius=24;kmer=2;top_ratio=0.25;score_scale=4.0;motif_weight=0.0;motif_radius=12;score_normalization=train_quantile;raw_border_score=0.298621;border_score=1.144822",0.24547812342643738,0.2735716700553894,0.4809502363204956
test_Seq_2643,2,2,"benchmark=nucleotide_transformer_downstream_tasks;dataset=splice_sites_all;matching=kmer_balanced;matching_signature=(12, 'CTG');border_estimator=center_window_kmer_jsd;estimator=center_jsd;window=48;search_radius=24;kmer=2;top_ratio=0.25;score_scale=4.0;motif_weight=0.0;motif_radius=12;score_normalization=train_quantile;raw_border_score=0.154580;border_score=0.856511",0.29649612307548523,0.3093870282173157,0.3941168785095215
test_Seq_2946,2,2,"benchmark=nucleotide_transformer_downstream_tasks;dataset=splice_sites_all;matching=kmer_balanced;matching_signature=(6, 'AAA');border_estimator=center_window_kmer_jsd;estimator=center_jsd;window=48;search_radius=24;kmer=2;top_ratio=0.25;score_scale=4.0;motif_weight=0.0;motif_radius=12;score_normalization=train_quantile;raw_border_score=0.132117;border_score=0.821667",0.25214532017707825,0.2686856687068939,0.47916898131370544
test_Seq_2943,2,2,"benchmark=nucleotide_transformer_downstream_tasks;dataset=splice_sites_all;matching=kmer_balanced;matching_signature=(7, 'TTT');border_estimator=center_window_kmer_jsd;estimator=center_jsd;window=48;search_radius=24;kmer=2;top_ratio=0.25;score_scale=4.0;motif_weight=0.0;motif_radius=12;score_normalization=train_quantile;raw_border_score=0.252690;border_score=1.083489",0.26460474729537964,0.28599119186401367,0.4494040310382843
test_Seq_2503,2,2,"benchmark=nucleotide_transformer_downstream_tasks;dataset=splice_sites_all;matching=kmer_balanced;matching_signature=(12, 'GGG');border_estimator=center_window_kmer_jsd;estimator=center_jsd;window=48;search_radius=24;kmer=2;top_ratio=0.25;score_scale=4.0;motif_weight=0.0;motif_radius=12;score_normalization=train_quantile;raw_border_score=0.196401;border_score=0.961222",0.29452285170555115,0.30601614713668823,0.399461030960083
test_Seq_426,0,2,"benchmark=nucleotide_transformer_downstream_tasks;dataset=splice_sites_all;matching=kmer_balanced;matching_signature=(9, 'CTG');border_estimator=center_window_kmer_jsd;estimator=center_jsd;window=48;search_radius=24;kmer=2;top_ratio=0.25;score_scale=4.0;motif_weight=0.0;motif_radius=12;score_normalization=train_quantile;raw_border_score=0.206298;border_score=0.986733",0.25651484727859497,0.28830161690711975,0.45518362522125244
test_Seq_1167,1,2,"benchmark=nucleotide_transformer_downstream_tasks;dataset=splice_sites_all;matching=kmer_balanced;matching_signature=(8, 'AAA');border_estimator=center_window_kmer_jsd;estimator=center_jsd;window=48;search_radius=24;kmer=2;top_ratio=0.25;score_scale=4.0;motif_weight=0.0;motif_radius=12;score_normalization=train_quantile;raw_border_score=0.208453;border_score=0.991222",0.24208000302314758,0.2681295573711395,0.4897904694080353
test_Seq_2821,2,2,"benchmark=nucleotide_transformer_downstream_tasks;dataset=splice_sites_all;matching=kmer_balanced;matching_signature=(11, 'CCT');border_estimator=center_window_kmer_jsd;estimator=center_jsd;window=48;search_radius=24;kmer=2;top_ratio=0.25;score_scale=4.0;motif_weight=0.0;motif_radius=12;score_normalization=train_quantile;raw_border_score=0.152383;border_score=0.851667",0.30364465713500977,0.32838642597198486,0.36796891689300537
test_Seq_27,0,2,"benchmark=nucleotide_transformer_downstream_tasks;dataset=splice_sites_all;matching=kmer_balanced;matching_signature=(5, 'TTT');border_estimator=center_window_kmer_jsd;estimator=center_jsd;window=48;search_radius=24;kmer=2;top_ratio=0.25;score_scale=4.0;motif_weight=0.0;motif_radius=12;score_normalization=train_quantile;raw_border_score=0.185287;border_score=0.931267",0.26387062668800354,0.28120025992393494,0.45492905378341675
test_Seq_1722,1,2,"benchmark=nucleotide_transformer_downstream_tasks;dataset=splice_sites_all;matching=kmer_balanced;matching_signature=(7, 'TTT');border_estimator=center_window_kmer_jsd;estimator=center_jsd;window=48;search_radius=24;kmer=2;top_ratio=0.25;score_scale=4.0;motif_weight=0.0;motif_radius=12;score_normalization=train_quantile;raw_border_score=0.330723;border_score=1.166511",0.25399667024612427,0.27526548504829407,0.47073790431022644
test_Seq_62,0,2,"benchmark=nucleotide_transformer_downstream_tasks;dataset=splice_sites_all;matching=kmer_balanced;matching_signature=(10, 'CCA');border_estimator=center_window_kmer_jsd;estimator=center_jsd;window=48;search_radius=24;kmer=2;top_ratio=0.25;score_scale=4.0;motif_weight=0.0;motif_radius=12;score_normalization=train_quantile;raw_border_score=0.244544;border_score=1.068422",0.2991277873516083,0.30814966559410095,0.39272260665893555
test_Seq_1054,1,2,"benchmark=nucleotide_transformer_downstream_tasks;dataset=splice_sites_all;matching=kmer_balanced;matching_signature=(13, 'GCC');border_estimator=center_window_kmer_jsd;estimator=center_jsd;window=48;search_radius=24;kmer=2;top_ratio=0.25;score_scale=4.0;motif_weight=0.0;motif_radius=12;score_normalization=train_quantile;raw_border_score=0.218666;border_score=1.015667",0.2770398259162903,0.2910008430480957,0.4319593906402588
test_Seq_1716,1,2,"benchmark=nucleotide_transformer_downstream_tasks;dataset=splice_sites_all;matching=kmer_balanced;matching_signature=(12, 'CTG');border_estimator=center_window_kmer_jsd;estimator=center_jsd;window=48;search_radius=24;kmer=2;top_ratio=0.25;score_scale=4.0;motif_weight=0.0;motif_radius=12;score_normalization=train_quantile;raw_border_score=0.304868;border_score=1.150156",0.29243576526641846,0.3015420436859131,0.40602216124534607
test_Seq_1250,1,2,"benchmark=nucleotide_transformer_downstream_tasks;dataset=splice_sites_all;matching=kmer_balanced;matching_signature=(8, 'TTT');border_estimator=center_window_kmer_jsd;estimator=center_jsd;window=48;search_radius=24;kmer=2;top_ratio=0.25;score_scale=4.0;motif_weight=0.0;motif_radius=12;score_normalization=train_quantile;raw_border_score=0.170431;border_score=0.891578",0.2952772080898285,0.3061153292655945,0.398607462644577
test_Seq_250,0,2,"benchmark=nucleotide_transformer_downstream_tasks;dataset=splice_sites_all;matching=kmer_balanced;matching_signature=(10, 'AGG');border_estimator=center_window_kmer_jsd;estimator=center_jsd;window=48;search_radius=24;kmer=2;top_ratio=0.25;score_scale=4.0;motif_weight=0.0;motif_radius=12;score_normalization=train_quantile;raw_border_score=0.199670;border_score=0.970156",0.31134065985679626,0.32355135679244995,0.36510801315307617
test_Seq_2331,2,2,"benchmark=nucleotide_transformer_downstream_tasks;dataset=splice_sites_all;matching=kmer_balanced;matching_signature=(9, 'TTT');border_estimator=center_window_kmer_jsd;estimator=center_jsd;window=48;search_radius=24;kmer=2;top_ratio=0.25;score_scale=4.0;motif_weight=0.0;motif_radius=12;score_normalization=train_quantile;raw_border_score=0.517970;border_score=1.199089",0.18548047542572021,0.2066456526517868,0.6078738570213318
test_Seq_320,0,2,"benchmark=nucleotide_transformer_downstream_tasks;dataset=splice_sites_all;matching=kmer_balanced;matching_signature=(8, 'TTT');border_estimator=center_window_kmer_jsd;estimator=center_jsd;window=48;search_radius=24;kmer=2;top_ratio=0.25;score_scale=4.0;motif_weight=0.0;motif_radius=12;score_normalization=train_quantile;raw_border_score=0.222516;border_score=1.024378",0.2733001708984375,0.2962110936641693,0.4304887056350708
test_Seq_651,0,2,"benchmark=nucleotide_transformer_downstream_tasks;dataset=splice_sites_all;matching=kmer_balanced;matching_signature=(7, 'TTT');border_estimator=center_window_kmer_jsd;estimator=center_jsd;window=48;search_radius=24;kmer=2;top_ratio=0.25;score_scale=4.0;motif_weight=0.0;motif_radius=12;score_normalization=train_quantile;raw_border_score=0.230910;border_score=1.041222",0.23345719277858734,0.26041266322135925,0.5061302185058594
test_Seq_198,0,2,"benchmark=nucleotide_transformer_downstream_tasks;dataset=splice_sites_all;matching=kmer_balanced;matching_signature=(10, 'CTG');border_estimator=center_window_kmer_jsd;estimator=center_jsd;window=48;search_radius=24;kmer=2;top_ratio=0.25;score_scale=4.0;motif_weight=0.0;motif_radius=12;score_normalization=train_quantile;raw_border_score=0.164355;border_score=0.877178",0.29044294357299805,0.3175555169582367,0.39200153946876526
test_Seq_873,0,2,"benchmark=nucleotide_transformer_downstream_tasks;dataset=splice_sites_all;matching=kmer_balanced;matching_signature=(8, 'TTT');border_estimator=center_window_kmer_jsd;estimator=center_jsd;window=48;search_radius=24;kmer=2;top_ratio=0.25;score_scale=4.0;motif_weight=0.0;motif_radius=12;score_normalization=train_quantile;raw_border_score=0.208814;border_score=0.992067",0.292254239320755,0.31107428669929504,0.39667144417762756
test_Seq_1004,1,2,"benchmark=nucleotide_transformer_downstream_tasks;dataset=splice_sites_all;matching=kmer_balanced;matching_signature=(6, 'AAA');border_estimator=center_window_kmer_jsd;estimator=center_jsd;window=48;search_radius=24;kmer=2;top_ratio=0.25;score_scale=4.0;motif_weight=0.0;motif_radius=12;score_normalization=train_quantile;raw_border_score=0.206500;border_score=0.987222",0.2578538656234741,0.2931451201438904,0.4490010738372803
test_Seq_1042,1,2,"benchmark=nucleotide_transformer_downstream_tasks;dataset=splice_sites_all;matching=kmer_balanced;matching_signature=(11, 'GGG');border_estimator=center_window_kmer_jsd;estimator=center_jsd;window=48;search_radius=24;kmer=2;top_ratio=0.25;score_scale=4.0;motif_weight=0.0;motif_radius=12;score_normalization=train_quantile;raw_border_score=0.202058;border_score=0.976156",0.3262050747871399,0.3258950412273407,0.3478998839855194
test_Seq_10,0,2,"benchmark=nucleotide_transformer_downstream_tasks;dataset=splice_sites_all;matching=kmer_balanced;matching_signature=(9, 'TCT');border_estimator=center_window_kmer_jsd;estimator=center_jsd;window=48;search_radius=24;kmer=2;top_ratio=0.25;score_scale=4.0;motif_weight=0.0;motif_radius=12;score_normalization=train_quantile;raw_border_score=0.183035;border_score=0.925000",0.255146324634552,0.29279276728630066,0.4520609676837921
test_Seq_1088,1,2,"benchmark=nucleotide_transformer_downstream_tasks;dataset=splice_sites_all;matching=kmer_balanced;matching_signature=(8, 'TTT');border_estimator=center_window_kmer_jsd;estimator=center_jsd;window=48;search_radius=24;kmer=2;top_ratio=0.25;score_scale=4.0;motif_weight=0.0;motif_radius=12;score_normalization=train_quantile;raw_border_score=0.342038;border_score=1.172911",0.25528571009635925,0.28031519055366516,0.4643990993499756
test_Seq_855,0,2,"benchmark=nucleotide_transformer_downstream_tasks;dataset=splice_sites_all;matching=kmer_balanced;matching_signature=(11, 'CCT');border_estimator=center_window_kmer_jsd;estimator=center_jsd;window=48;search_radius=24;kmer=2;top_ratio=0.25;score_scale=4.0;motif_weight=0.0;motif_radius=12;score_normalization=train_quantile;raw_border_score=0.229690;border_score=1.039133",0.2456425577402115,0.2672489285469055,0.4871085286140442
test_Seq_2791,2,2,"benchmark=nucleotide_transformer_downstream_tasks;dataset=splice_sites_all;matching=kmer_balanced;matching_signature=(11, 'GGG');border_estimator=center_window_kmer_jsd;estimator=center_jsd;window=48;search_radius=24;kmer=2;top_ratio=0.25;score_scale=4.0;motif_weight=0.0;motif_radius=12;score_normalization=train_quantile;raw_border_score=0.269673;border_score=1.109756",0.3165968656539917,0.31933847069740295,0.36406466364860535
test_Seq_2071,2,2,"benchmark=nucleotide_transformer_downstream_tasks;dataset=splice_sites_all;matching=kmer_balanced;matching_signature=(9, 'TTT');border_estimator=center_window_kmer_jsd;estimator=center_jsd;window=48;search_radius=24;kmer=2;top_ratio=0.25;score_scale=4.0;motif_weight=0.0;motif_radius=12;score_normalization=train_quantile;raw_border_score=0.145434;border_score=0.839489",0.270470529794693,0.27570584416389465,0.45382359623908997
test_Seq_1490,1,2,"benchmark=nucleotide_transformer_downstream_tasks;dataset=splice_sites_all;matching=kmer_balanced;matching_signature=(9, 'CAG');border_estimator=center_window_kmer_jsd;estimator=center_jsd;window=48;search_radius=24;kmer=2;top_ratio=0.25;score_scale=4.0;motif_weight=0.0;motif_radius=12;score_normalization=train_quantile;raw_border_score=0.337508;border_score=1.170644",0.2696423828601837,0.29623743891716003,0.43412014842033386
test_Seq_1831,1,2,"benchmark=nucleotide_transformer_downstream_tasks;dataset=splice_sites_all;matching=kmer_balanced;matching_signature=(9, 'AAA');border_estimator=center_window_kmer_jsd;estimator=center_jsd;window=48;search_radius=24;kmer=2;top_ratio=0.25;score_scale=4.0;motif_weight=0.0;motif_radius=12;score_normalization=train_quantile;raw_border_score=0.405419;border_score=1.190867",0.2690664231777191,0.2820897400379181,0.4488438069820404
test_Seq_1345,1,2,"benchmark=nucleotide_transformer_downstream_tasks;dataset=splice_sites_all;matching=kmer_balanced;matching_signature=(10, 'TGC');border_estimator=center_window_kmer_jsd;estimator=center_jsd;window=48;search_radius=24;kmer=2;top_ratio=0.25;score_scale=4.0;motif_weight=0.0;motif_radius=12;score_normalization=train_quantile;raw_border_score=0.165808;border_score=0.881000",0.23363184928894043,0.2569796144962311,0.5093885064125061
test_Seq_1574,1,2,"benchmark=nucleotide_transformer_downstream_tasks;dataset=splice_sites_all;matching=kmer_balanced;matching_signature=(8, 'TTT');border_estimator=center_window_kmer_jsd;estimator=center_jsd;window=48;search_radius=24;kmer=2;top_ratio=0.25;score_scale=4.0;motif_weight=0.0;motif_radius=12;score_normalization=train_quantile;raw_border_score=0.194430;border_score=0.955533",0.2428472340106964,0.2731660008430481,0.48398682475090027
test_Seq_1917,1,2,"benchmark=nucleotide_transformer_downstream_tasks;dataset=splice_sites_all;matching=kmer_balanced;matching_signature=(7, 'TTT');border_estimator=center_window_kmer_jsd;estimator=center_jsd;window=48;search_radius=24;kmer=2;top_ratio=0.25;score_scale=4.0;motif_weight=0.0;motif_radius=12;score_normalization=train_quantile;raw_border_score=0.204258;border_score=0.982333",0.25507497787475586,0.28353744745254517,0.46138760447502136
test_Seq_1624,1,2,"benchmark=nucleotide_transformer_downstream_tasks;dataset=splice_sites_all;matching=kmer_balanced;matching_signature=(9, 'CTG');border_estimator=center_window_kmer_jsd;estimator=center_jsd;window=48;search_radius=24;kmer=2;top_ratio=0.25;score_scale=4.0;motif_weight=0.0;motif_radius=12;score_normalization=train_quantile;raw_border_score=0.224926;border_score=1.029844",0.2601097822189331,0.27956658601760864,0.46032366156578064
test_Seq_382,0,2,"benchmark=nucleotide_transformer_downstream_tasks;dataset=splice_sites_all;matching=kmer_balanced;matching_signature=(10, 'GAG');border_estimator=center_window_kmer_jsd;estimator=center_jsd;window=48;search_radius=24;kmer=2;top_ratio=0.25;score_scale=4.0;motif_weight=0.0;motif_radius=12;score_normalization=train_quantile;raw_border_score=0.371474;border_score=1.184733",0.3225845694541931,0.3323943018913269,0.3450210988521576
test_Seq_1703,1,2,"benchmark=nucleotide_transformer_downstream_tasks;dataset=splice_sites_all;matching=kmer_balanced;matching_signature=(6, 'TTT');border_estimator=center_window_kmer_jsd;estimator=center_jsd;window=48;search_radius=24;kmer=2;top_ratio=0.25;score_scale=4.0;motif_weight=0.0;motif_radius=12;score_normalization=train_quantile;raw_border_score=0.281220;border_score=1.125444",0.2576228082180023,0.2853294909000397,0.457047700881958
test_Seq_2996,2,2,"benchmark=nucleotide_transformer_downstream_tasks;dataset=splice_sites_all;matching=kmer_balanced;matching_signature=(8, 'TTT');border_estimator=center_window_kmer_jsd;estimator=center_jsd;window=48;search_radius=24;kmer=2;top_ratio=0.25;score_scale=4.0;motif_weight=0.0;motif_radius=12;score_normalization=train_quantile;raw_border_score=0.180846;border_score=0.920022",0.22560971975326538,0.24899087846279144,0.525399386882782
test_Seq_453,0,2,"benchmark=nucleotide_transformer_downstream_tasks;dataset=splice_sites_all;matching=kmer_balanced;matching_signature=(11, 'CCC');border_estimator=center_window_kmer_jsd;estimator=center_jsd;window=48;search_radius=24;kmer=2;top_ratio=0.25;score_scale=4.0;motif_weight=0.0;motif_radius=12;score_normalization=train_quantile;raw_border_score=0.192933;border_score=0.951800",0.2915538251399994,0.30226147174835205,0.4061847925186157
test_Seq_2091,2,2,"benchmark=nucleotide_transformer_downstream_tasks;dataset=splice_sites_all;matching=kmer_balanced;matching_signature=(8, 'TTT');border_estimator=center_window_kmer_jsd;estimator=center_jsd;window=48;search_radius=24;kmer=2;top_ratio=0.25;score_scale=4.0;motif_weight=0.0;motif_radius=12;score_normalization=train_quantile;raw_border_score=0.226700;border_score=1.033667",0.23267453908920288,0.25169241428375244,0.5156330466270447
test_Seq_2811,2,2,"benchmark=nucleotide_transformer_downstream_tasks;dataset=splice_sites_all;matching=kmer_balanced;matching_signature=(6, 'AAA');border_estimator=center_window_kmer_jsd;estimator=center_jsd;window=48;search_radius=24;kmer=2;top_ratio=0.25;score_scale=4.0;motif_weight=0.0;motif_radius=12;score_normalization=train_quantile;raw_border_score=0.277287;border_score=1.120467",0.26156726479530334,0.2868547737598419,0.4515780210494995
test_Seq_55,0,2,"benchmark=nucleotide_transformer_downstream_tasks;dataset=splice_sites_all;matching=kmer_balanced;matching_signature=(6, 'TTT');border_estimator=center_window_kmer_jsd;estimator=center_jsd;window=48;search_radius=24;kmer=2;top_ratio=0.25;score_scale=4.0;motif_weight=0.0;motif_radius=12;score_normalization=train_quantile;raw_border_score=0.216109;border_score=1.009044",0.25863969326019287,0.2801627218723297,0.46119755506515503
test_Seq_1817,1,2,"benchmark=nucleotide_transformer_downstream_tasks;dataset=splice_sites_all;matching=kmer_balanced;matching_signature=(8, 'TTT');border_estimator=center_window_kmer_jsd;estimator=center_jsd;window=48;search_radius=24;kmer=2;top_ratio=0.25;score_scale=4.0;motif_weight=0.0;motif_radius=12;score_normalization=train_quantile;raw_border_score=0.271763;border_score=1.112778",0.2357945442199707,0.2639222741127014,0.5002831816673279
test_Seq_2366,2,2,"benchmark=nucleotide_transformer_downstream_tasks;dataset=splice_sites_all;matching=kmer_balanced;matching_signature=(8, 'TTT');border_estimator=center_window_kmer_jsd;estimator=center_jsd;window=48;search_radius=24;kmer=2;top_ratio=0.25;score_scale=4.0;motif_weight=0.0;motif_radius=12;score_normalization=train_quantile;raw_border_score=0.288919;border_score=1.135356",0.28143173456192017,0.3047497272491455,0.4138185679912567
test_Seq_2477,2,2,"benchmark=nucleotide_transformer_downstream_tasks;dataset=splice_sites_all;matching=kmer_balanced;matching_signature=(8, 'TTT');border_estimator=center_window_kmer_jsd;estimator=center_jsd;window=48;search_radius=24;kmer=2;top_ratio=0.25;score_scale=4.0;motif_weight=0.0;motif_radius=12;score_normalization=train_quantile;raw_border_score=0.154282;border_score=0.855933",0.2349056899547577,0.2631889879703522,0.5019053220748901
test_Seq_1426,1,2,"benchmark=nucleotide_transformer_downstream_tasks;dataset=splice_sites_all;matching=kmer_balanced;matching_signature=(6, 'TTT');border_estimator=center_window_kmer_jsd;estimator=center_jsd;window=48;search_radius=24;kmer=2;top_ratio=0.25;score_scale=4.0;motif_weight=0.0;motif_radius=12;score_normalization=train_quantile;raw_border_score=0.257080;border_score=1.090733",0.29079994559288025,0.31314024329185486,0.39605987071990967
test_Seq_335,0,2,"benchmark=nucleotide_transformer_downstream_tasks;dataset=splice_sites_all;matching=kmer_balanced;matching_signature=(9, 'CCT');border_estimator=center_window_kmer_jsd;estimator=center_jsd;window=48;search_radius=24;kmer=2;top_ratio=0.25;score_scale=4.0;motif_weight=0.0;motif_radius=12;score_normalization=train_quantile;raw_border_score=0.129675;border_score=0.819089",0.24987058341503143,0.27437129616737366,0.47575807571411133
test_Seq_1923,1,2,"benchmark=nucleotide_transformer_downstream_tasks;dataset=splice_sites_all;matching=kmer_balanced;matching_signature=(9, 'TCT');border_estimator=center_window_kmer_jsd;estimator=center_jsd;window=48;search_radius=24;kmer=2;top_ratio=0.25;score_scale=4.0;motif_weight=0.0;motif_radius=12;score_normalization=train_quantile;raw_border_score=0.345883;border_score=1.175311",0.30912020802497864,0.3367778956890106,0.35410189628601074
test_Seq_794,0,2,"benchmark=nucleotide_transformer_downstream_tasks;dataset=splice_sites_all;matching=kmer_balanced;matching_signature=(10, 'TGC');border_estimator=center_window_kmer_jsd;estimator=center_jsd;window=48;search_radius=24;kmer=2;top_ratio=0.25;score_scale=4.0;motif_weight=0.0;motif_radius=12;score_normalization=train_quantile;raw_border_score=0.204651;border_score=0.983178",0.2704639136791229,0.29706665873527527,0.4324694275856018
test_Seq_2782,2,2,"benchmark=nucleotide_transformer_downstream_tasks;dataset=splice_sites_all;matching=kmer_balanced;matching_signature=(11, 'CCC');border_estimator=center_window_kmer_jsd;estimator=center_jsd;window=48;search_radius=24;kmer=2;top_ratio=0.25;score_scale=4.0;motif_weight=0.0;motif_radius=12;score_normalization=train_quantile;raw_border_score=0.134277;border_score=0.824333",0.2779821753501892,0.2891022264957428,0.432915598154068
test_Seq_371,0,2,"benchmark=nucleotide_transformer_downstream_tasks;dataset=splice_sites_all;matching=kmer_balanced;matching_signature=(11, 'GTG');border_estimator=center_window_kmer_jsd;estimator=center_jsd;window=48;search_radius=24;kmer=2;top_ratio=0.25;score_scale=4.0;motif_weight=0.0;motif_radius=12;score_normalization=train_quantile;raw_border_score=0.365744;border_score=1.182733",0.29084721207618713,0.3061319887638092,0.40302082896232605
test_Seq_510,0,2,"benchmark=nucleotide_transformer_downstream_tasks;dataset=splice_sites_all;matching=kmer_balanced;matching_signature=(6, 'TTT');border_estimator=center_window_kmer_jsd;estimator=center_jsd;window=48;search_radius=24;kmer=2;top_ratio=0.25;score_scale=4.0;motif_weight=0.0;motif_radius=12;score_normalization=train_quantile;raw_border_score=0.205637;border_score=0.985489",0.24072718620300293,0.2661283016204834,0.49314451217651367
test_Seq_1734,1,2,"benchmark=nucleotide_transformer_downstream_tasks;dataset=splice_sites_all;matching=kmer_balanced;matching_signature=(7, 'TTT');border_estimator=center_window_kmer_jsd;estimator=center_jsd;window=48;search_radius=24;kmer=2;top_ratio=0.25;score_scale=4.0;motif_weight=0.0;motif_radius=12;score_normalization=train_quantile;raw_border_score=0.181983;border_score=0.922511",0.2525867223739624,0.2763482928276062,0.471064954996109
test_Seq_1796,1,2,"benchmark=nucleotide_transformer_downstream_tasks;dataset=splice_sites_all;matching=kmer_balanced;matching_signature=(8, 'AAA');border_estimator=center_window_kmer_jsd;estimator=center_jsd;window=48;search_radius=24;kmer=2;top_ratio=0.25;score_scale=4.0;motif_weight=0.0;motif_radius=12;score_normalization=train_quantile;raw_border_score=0.268031;border_score=1.107178",0.2421358972787857,0.25899460911750793,0.49886947870254517
test_Seq_1299,1,2,"benchmark=nucleotide_transformer_downstream_tasks;dataset=splice_sites_all;matching=kmer_balanced;matching_signature=(6, 'TTT');border_estimator=center_window_kmer_jsd;estimator=center_jsd;window=48;search_radius=24;kmer=2;top_ratio=0.25;score_scale=4.0;motif_weight=0.0;motif_radius=12;score_normalization=train_quantile;raw_border_score=0.167994;border_score=0.886644",0.2345321774482727,0.2626708745956421,0.50279700756073
test_Seq_1737,1,1,"benchmark=nucleotide_transformer_downstream_tasks;dataset=splice_sites_all;matching=kmer_balanced;matching_signature=(10, 'CTG');border_estimator=center_window_kmer_jsd;estimator=center_jsd;window=48;search_radius=24;kmer=2;top_ratio=0.25;score_scale=4.0;motif_weight=0.0;motif_radius=12;score_normalization=train_quantile;raw_border_score=0.189712;border_score=0.943356",0.328311026096344,0.3391982614994049,0.3324906826019287
test_Seq_2451,2,2,"benchmark=nucleotide_transformer_downstream_tasks;dataset=splice_sites_all;matching=kmer_balanced;matching_signature=(10, 'CTG');border_estimator=center_window_kmer_jsd;estimator=center_jsd;window=48;search_radius=24;kmer=2;top_ratio=0.25;score_scale=4.0;motif_weight=0.0;motif_radius=12;score_normalization=train_quantile;raw_border_score=0.136920;border_score=0.827622",0.2228478193283081,0.2506308853626251,0.5265213251113892
test_Seq_1324,1,2,"benchmark=nucleotide_transformer_downstream_tasks;dataset=splice_sites_all;matching=kmer_balanced;matching_signature=(7, 'AAA');border_estimator=center_window_kmer_jsd;estimator=center_jsd;window=48;search_radius=24;kmer=2;top_ratio=0.25;score_scale=4.0;motif_weight=0.0;motif_radius=12;score_normalization=train_quantile;raw_border_score=0.326475;border_score=1.164600",0.29363730549812317,0.308716356754303,0.39764633774757385
test_Seq_283,0,2,"benchmark=nucleotide_transformer_downstream_tasks;dataset=splice_sites_all;matching=kmer_balanced;matching_signature=(13, 'GGG');border_estimator=center_window_kmer_jsd;estimator=center_jsd;window=48;search_radius=24;kmer=2;top_ratio=0.25;score_scale=4.0;motif_weight=0.0;motif_radius=12;score_normalization=train_quantile;raw_border_score=0.146492;border_score=0.841667",0.30835917592048645,0.31044355034828186,0.3811972439289093
test_Seq_772,0,2,"benchmark=nucleotide_transformer_downstream_tasks;dataset=splice_sites_all;matching=kmer_balanced;matching_signature=(7, 'AAA');border_estimator=center_window_kmer_jsd;estimator=center_jsd;window=48;search_radius=24;kmer=2;top_ratio=0.25;score_scale=4.0;motif_weight=0.0;motif_radius=12;score_normalization=train_quantile;raw_border_score=0.172308;border_score=0.897044",0.28493472933769226,0.300862193107605,0.41420307755470276
test_Seq_2298,2,2,"benchmark=nucleotide_transformer_downstream_tasks;dataset=splice_sites_all;matching=kmer_balanced;matching_signature=(8, 'TTT');border_estimator=center_window_kmer_jsd;estimator=center_jsd;window=48;search_radius=24;kmer=2;top_ratio=0.25;score_scale=4.0;motif_weight=0.0;motif_radius=12;score_normalization=train_quantile;raw_border_score=0.138366;border_score=0.829578",0.2946034073829651,0.3202776312828064,0.38511893153190613
test_Seq_2666,2,2,"benchmark=nucleotide_transformer_downstream_tasks;dataset=splice_sites_all;matching=kmer_balanced;matching_signature=(7, 'TTT');border_estimator=center_window_kmer_jsd;estimator=center_jsd;window=48;search_radius=24;kmer=2;top_ratio=0.25;score_scale=4.0;motif_weight=0.0;motif_radius=12;score_normalization=train_quantile;raw_border_score=0.235678;border_score=1.050333",0.254390686750412,0.27479076385498047,0.4708186089992523
test_Seq_1779,1,2,"benchmark=nucleotide_transformer_downstream_tasks;dataset=splice_sites_all;matching=kmer_balanced;matching_signature=(11, 'GGG');border_estimator=center_window_kmer_jsd;estimator=center_jsd;window=48;search_radius=24;kmer=2;top_ratio=0.25;score_scale=4.0;motif_weight=0.0;motif_radius=12;score_normalization=train_quantile;raw_border_score=0.276499;border_score=1.119222",0.3183555006980896,0.3252415359020233,0.3564029335975647
test_Seq_674,0,2,"benchmark=nucleotide_transformer_downstream_tasks;dataset=splice_sites_all;matching=kmer_balanced;matching_signature=(6, 'TTT');border_estimator=center_window_kmer_jsd;estimator=center_jsd;window=48;search_radius=24;kmer=2;top_ratio=0.25;score_scale=4.0;motif_weight=0.0;motif_radius=12;score_normalization=train_quantile;raw_border_score=0.272986;border_score=1.114467",0.22199778258800507,0.24749359488487244,0.5305086374282837
test_Seq_111,0,2,"benchmark=nucleotide_transformer_downstream_tasks;dataset=splice_sites_all;matching=kmer_balanced;matching_signature=(6, 'TTT');border_estimator=center_window_kmer_jsd;estimator=center_jsd;window=48;search_radius=24;kmer=2;top_ratio=0.25;score_scale=4.0;motif_weight=0.0;motif_radius=12;score_normalization=train_quantile;raw_border_score=0.321714;border_score=1.162067",0.2499072551727295,0.2789981961250305,0.47109454870224
test_Seq_2478,2,2,"benchmark=nucleotide_transformer_downstream_tasks;dataset=splice_sites_all;matching=kmer_balanced;matching_signature=(6, 'AAA');border_estimator=center_window_kmer_jsd;estimator=center_jsd;window=48;search_radius=24;kmer=2;top_ratio=0.25;score_scale=4.0;motif_weight=0.0;motif_radius=12;score_normalization=train_quantile;raw_border_score=0.195205;border_score=0.957756",0.24108225107192993,0.25961509346961975,0.4993026554584503
test_Seq_2750,2,2,"benchmark=nucleotide_transformer_downstream_tasks;dataset=splice_sites_all;matching=kmer_balanced;matching_signature=(6, 'TTT');border_estimator=center_window_kmer_jsd;estimator=center_jsd;window=48;search_radius=24;kmer=2;top_ratio=0.25;score_scale=4.0;motif_weight=0.0;motif_radius=12;score_normalization=train_quantile;raw_border_score=0.229997;border_score=1.039667",0.2623503506183624,0.28611865639686584,0.45153090357780457
test_Seq_2993,2,2,"benchmark=nucleotide_transformer_downstream_tasks;dataset=splice_sites_all;matching=kmer_balanced;matching_signature=(5, 'TTT');border_estimator=center_window_kmer_jsd;estimator=center_jsd;window=48;search_radius=24;kmer=2;top_ratio=0.25;score_scale=4.0;motif_weight=0.0;motif_radius=12;score_normalization=train_quantile;raw_border_score=0.171650;border_score=0.895533",0.22283485531806946,0.2503287196159363,0.5268364548683167
test_Seq_1128,1,2,"benchmark=nucleotide_transformer_downstream_tasks;dataset=splice_sites_all;matching=kmer_balanced;matching_signature=(6, 'TTT');border_estimator=center_window_kmer_jsd;estimator=center_jsd;window=48;search_radius=24;kmer=2;top_ratio=0.25;score_scale=4.0;motif_weight=0.0;motif_radius=12;score_normalization=train_quantile;raw_border_score=0.204329;border_score=0.982511",0.24962511658668518,0.27579885721206665,0.474575936794281
test_Seq_1569,1,2,"benchmark=nucleotide_transformer_downstream_tasks;dataset=splice_sites_all;matching=kmer_balanced;matching_signature=(6, 'ATT');border_estimator=center_window_kmer_jsd;estimator=center_jsd;window=48;search_radius=24;kmer=2;top_ratio=0.25;score_scale=4.0;motif_weight=0.0;motif_radius=12;score_normalization=train_quantile;raw_border_score=0.264295;border_score=1.102644",0.28450486063957214,0.30253681540489197,0.4129583239555359
test_Seq_995,0,2,"benchmark=nucleotide_transformer_downstream_tasks;dataset=splice_sites_all;matching=kmer_balanced;matching_signature=(10, 'TCC');border_estimator=center_window_kmer_jsd;estimator=center_jsd;window=48;search_radius=24;kmer=2;top_ratio=0.25;score_scale=4.0;motif_weight=0.0;motif_radius=12;score_normalization=train_quantile;raw_border_score=0.264144;border_score=1.102467",0.3198547065258026,0.3322351276874542,0.34791016578674316
test_Seq_48,0,2,"benchmark=nucleotide_transformer_downstream_tasks;dataset=splice_sites_all;matching=kmer_balanced;matching_signature=(9, 'TCT');border_estimator=center_window_kmer_jsd;estimator=center_jsd;window=48;search_radius=24;kmer=2;top_ratio=0.25;score_scale=4.0;motif_weight=0.0;motif_radius=12;score_normalization=train_quantile;raw_border_score=0.204149;border_score=0.982111",0.31418946385383606,0.3358539938926697,0.3499564826488495
test_Seq_2596,2,2,"benchmark=nucleotide_transformer_downstream_tasks;dataset=splice_sites_all;matching=kmer_balanced;matching_signature=(8, 'AAA');border_estimator=center_window_kmer_jsd;estimator=center_jsd;window=48;search_radius=24;kmer=2;top_ratio=0.25;score_scale=4.0;motif_weight=0.0;motif_radius=12;score_normalization=train_quantile;raw_border_score=0.216399;border_score=1.009889",0.26418960094451904,0.2920874059200287,0.4437229335308075
test_Seq_1809,1,2,"benchmark=nucleotide_transformer_downstream_tasks;dataset=splice_sites_all;matching=kmer_balanced;matching_signature=(8, 'TTT');border_estimator=center_window_kmer_jsd;estimator=center_jsd;window=48;search_radius=24;kmer=2;top_ratio=0.25;score_scale=4.0;motif_weight=0.0;motif_radius=12;score_normalization=train_quantile;raw_border_score=0.193468;border_score=0.953489",0.2593770921230316,0.28503960371017456,0.4555833041667938
test_Seq_1920,1,2,"benchmark=nucleotide_transformer_downstream_tasks;dataset=splice_sites_all;matching=kmer_balanced;matching_signature=(10, 'AGG');border_estimator=center_window_kmer_jsd;estimator=center_jsd;window=48;search_radius=24;kmer=2;top_ratio=0.25;score_scale=4.0;motif_weight=0.0;motif_radius=12;score_normalization=train_quantile;raw_border_score=0.218448;border_score=1.015222",0.30081430077552795,0.3199281096458435,0.37925752997398376
test_Seq_40,0,2,"benchmark=nucleotide_transformer_downstream_tasks;dataset=splice_sites_all;matching=kmer_balanced;matching_signature=(9, 'CAG');border_estimator=center_window_kmer_jsd;estimator=center_jsd;window=48;search_radius=24;kmer=2;top_ratio=0.25;score_scale=4.0;motif_weight=0.0;motif_radius=12;score_normalization=train_quantile;raw_border_score=0.192655;border_score=0.951311",0.31719255447387695,0.33032867312431335,0.3524787724018097
test_Seq_2837,2,2,"benchmark=nucleotide_transformer_downstream_tasks;dataset=splice_sites_all;matching=kmer_balanced;matching_signature=(8, 'TTT');border_estimator=center_window_kmer_jsd;estimator=center_jsd;window=48;search_radius=24;kmer=2;top_ratio=0.25;score_scale=4.0;motif_weight=0.0;motif_radius=12;score_normalization=train_quantile;raw_border_score=0.219098;border_score=1.016556",0.1982729732990265,0.22152891755104065,0.5801981687545776
test_Seq_811,0,2,"benchmark=nucleotide_transformer_downstream_tasks;dataset=splice_sites_all;matching=kmer_balanced;matching_signature=(11, 'GGC');border_estimator=center_window_kmer_jsd;estimator=center_jsd;window=48;search_radius=24;kmer=2;top_ratio=0.25;score_scale=4.0;motif_weight=0.0;motif_radius=12;score_normalization=train_quantile;raw_border_score=0.446844;border_score=1.195089",0.30051493644714355,0.3151962161064148,0.38428887724876404
test_Seq_2481,2,2,"benchmark=nucleotide_transformer_downstream_tasks;dataset=splice_sites_all;matching=kmer_balanced;matching_signature=(7, 'AAA');border_estimator=center_window_kmer_jsd;estimator=center_jsd;window=48;search_radius=24;kmer=2;top_ratio=0.25;score_scale=4.0;motif_weight=0.0;motif_radius=12;score_normalization=train_quantile;raw_border_score=0.179458;border_score=0.916467",0.3063412010669708,0.3232107162475586,0.3704480528831482
test_Seq_1482,1,2,"benchmark=nucleotide_transformer_downstream_tasks;dataset=splice_sites_all;matching=kmer_balanced;matching_signature=(6, 'TTT');border_estimator=center_window_kmer_jsd;estimator=center_jsd;window=48;search_radius=24;kmer=2;top_ratio=0.25;score_scale=4.0;motif_weight=0.0;motif_radius=12;score_normalization=train_quantile;raw_border_score=0.171942;border_score=0.896200",0.2433289736509323,0.26867422461509705,0.48799678683280945
test_Seq_1790,1,2,"benchmark=nucleotide_transformer_downstream_tasks;dataset=splice_sites_all;matching=kmer_balanced;matching_signature=(6, 'TTT');border_estimator=center_window_kmer_jsd;estimator=center_jsd;window=48;search_radius=24;kmer=2;top_ratio=0.25;score_scale=4.0;motif_weight=0.0;motif_radius=12;score_normalization=train_quantile;raw_border_score=0.234899;border_score=1.049133",0.23924677073955536,0.25900959968566895,0.5017436742782593
test_Seq_2453,2,2,"benchmark=nucleotide_transformer_downstream_tasks;dataset=splice_sites_all;matching=kmer_balanced;matching_signature=(11, 'CCC');border_estimator=center_window_kmer_jsd;estimator=center_jsd;window=48;search_radius=24;kmer=2;top_ratio=0.25;score_scale=4.0;motif_weight=0.0;motif_radius=12;score_normalization=train_quantile;raw_border_score=0.186947;border_score=0.935800",0.30344387888908386,0.31640535593032837,0.38015079498291016
test_Seq_398,0,2,"benchmark=nucleotide_transformer_downstream_tasks;dataset=splice_sites_all;matching=kmer_balanced;matching_signature=(6, 'AAA');border_estimator=center_window_kmer_jsd;estimator=center_jsd;window=48;search_radius=24;kmer=2;top_ratio=0.25;score_scale=4.0;motif_weight=0.0;motif_radius=12;score_normalization=train_quantile;raw_border_score=0.148085;border_score=0.844111",0.2475740909576416,0.2676067054271698,0.4848191738128662
test_Seq_2309,2,2,"benchmark=nucleotide_transformer_downstream_tasks;dataset=splice_sites_all;matching=kmer_balanced;matching_signature=(7, 'TTT');border_estimator=center_window_kmer_jsd;estimator=center_jsd;window=48;search_radius=24;kmer=2;top_ratio=0.25;score_scale=4.0;motif_weight=0.0;motif_radius=12;score_normalization=train_quantile;raw_border_score=0.253415;border_score=1.084822",0.2323654592037201,0.25504249334335327,0.512592077255249
test_Seq_148,0,2,"benchmark=nucleotide_transformer_downstream_tasks;dataset=splice_sites_all;matching=kmer_balanced;matching_signature=(8, 'TTT');border_estimator=center_window_kmer_jsd;estimator=center_jsd;window=48;search_radius=24;kmer=2;top_ratio=0.25;score_scale=4.0;motif_weight=0.0;motif_radius=12;score_normalization=train_quantile;raw_border_score=0.377689;border_score=1.186333",0.2562691867351532,0.2737564742565155,0.4699743688106537
test_Seq_213,0,2,"benchmark=nucleotide_transformer_downstream_tasks;dataset=splice_sites_all;matching=kmer_balanced;matching_signature=(11, 'GGG');border_estimator=center_window_kmer_jsd;estimator=center_jsd;window=48;search_radius=24;kmer=2;top_ratio=0.25;score_scale=4.0;motif_weight=0.0;motif_radius=12;score_normalization=train_quantile;raw_border_score=0.173108;border_score=0.899489",0.3156464099884033,0.32573261857032776,0.3586209714412689
test_Seq_2173,2,2,"benchmark=nucleotide_transformer_downstream_tasks;dataset=splice_sites_all;matching=kmer_balanced;matching_signature=(8, 'TTT');border_estimator=center_window_kmer_jsd;estimator=center_jsd;window=48;search_radius=24;kmer=2;top_ratio=0.25;score_scale=4.0;motif_weight=0.0;motif_radius=12;score_normalization=train_quantile;raw_border_score=0.263536;border_score=1.101800",0.26285335421562195,0.2838144898414612,0.4533321261405945
test_Seq_142,0,2,"benchmark=nucleotide_transformer_downstream_tasks;dataset=splice_sites_all;matching=kmer_balanced;matching_signature=(10, 'TGT');border_estimator=center_window_kmer_jsd;estimator=center_jsd;window=48;search_radius=24;kmer=2;top_ratio=0.25;score_scale=4.0;motif_weight=0.0;motif_radius=12;score_normalization=train_quantile;raw_border_score=0.280389;border_score=1.124333",0.300015926361084,0.31718090176582336,0.38280314207077026
test_Seq_1941,1,1,"benchmark=nucleotide_transformer_downstream_tasks;dataset=splice_sites_all;matching=kmer_balanced;matching_signature=(13, 'GGG');border_estimator=center_window_kmer_jsd;estimator=center_jsd;window=48;search_radius=24;kmer=2;top_ratio=0.25;score_scale=4.0;motif_weight=0.0;motif_radius=12;score_normalization=train_quantile;raw_border_score=0.394649;border_score=1.188911",0.3336990773677826,0.3433815836906433,0.3229193389415741
test_Seq_884,0,2,"benchmark=nucleotide_transformer_downstream_tasks;dataset=splice_sites_all;matching=kmer_balanced;matching_signature=(13, 'CCC');border_estimator=center_window_kmer_jsd;estimator=center_jsd;window=48;search_radius=24;kmer=2;top_ratio=0.25;score_scale=4.0;motif_weight=0.0;motif_radius=12;score_normalization=train_quantile;raw_border_score=0.211431;border_score=0.998511",0.3155647814273834,0.31318938732147217,0.371245801448822
test_Seq_2067,2,2,"benchmark=nucleotide_transformer_downstream_tasks;dataset=splice_sites_all;matching=kmer_balanced;matching_signature=(7, 'TTT');border_estimator=center_window_kmer_jsd;estimator=center_jsd;window=48;search_radius=24;kmer=2;top_ratio=0.25;score_scale=4.0;motif_weight=0.0;motif_radius=12;score_normalization=train_quantile;raw_border_score=0.209761;border_score=0.994689",0.29716891050338745,0.31329530477523804,0.38953572511672974
test_Seq_441,0,2,"benchmark=nucleotide_transformer_downstream_tasks;dataset=splice_sites_all;matching=kmer_balanced;matching_signature=(10, 'CTG');border_estimator=center_window_kmer_jsd;estimator=center_jsd;window=48;search_radius=24;kmer=2;top_ratio=0.25;score_scale=4.0;motif_weight=0.0;motif_radius=12;score_normalization=train_quantile;raw_border_score=0.156712;border_score=0.860822",0.25522691011428833,0.28439587354660034,0.46037721633911133
test_Seq_2622,2,2,"benchmark=nucleotide_transformer_downstream_tasks;dataset=splice_sites_all;matching=kmer_balanced;matching_signature=(8, 'TTT');border_estimator=center_window_kmer_jsd;estimator=center_jsd;window=48;search_radius=24;kmer=2;top_ratio=0.25;score_scale=4.0;motif_weight=0.0;motif_radius=12;score_normalization=train_quantile;raw_border_score=0.458182;border_score=1.196200",0.20219500362873077,0.22933842241764069,0.5684665441513062
test_Seq_375,0,2,"benchmark=nucleotide_transformer_downstream_tasks;dataset=splice_sites_all;matching=kmer_balanced;matching_signature=(6, 'TTT');border_estimator=center_window_kmer_jsd;estimator=center_jsd;window=48;search_radius=24;kmer=2;top_ratio=0.25;score_scale=4.0;motif_weight=0.0;motif_radius=12;score_normalization=train_quantile;raw_border_score=0.258853;border_score=1.093533",0.22056256234645844,0.24531099200248718,0.5341264605522156
test_Seq_2428,2,2,"benchmark=nucleotide_transformer_downstream_tasks;dataset=splice_sites_all;matching=kmer_balanced;matching_signature=(13, 'GGC');border_estimator=center_window_kmer_jsd;estimator=center_jsd;window=48;search_radius=24;kmer=2;top_ratio=0.25;score_scale=4.0;motif_weight=0.0;motif_radius=12;score_normalization=train_quantile;raw_border_score=0.130372;border_score=0.819711",0.31321561336517334,0.32448631525039673,0.36229804158210754
test_Seq_289,0,2,"benchmark=nucleotide_transformer_downstream_tasks;dataset=splice_sites_all;matching=kmer_balanced;matching_signature=(11, 'AGG');border_estimator=center_window_kmer_jsd;estimator=center_jsd;window=48;search_radius=24;kmer=2;top_ratio=0.25;score_scale=4.0;motif_weight=0.0;motif_radius=12;score_normalization=train_quantile;raw_border_score=0.217927;border_score=1.013533",0.2943778932094574,0.313266396522522,0.3923557698726654
test_Seq_2551,2,2,"benchmark=nucleotide_transformer_downstream_tasks;dataset=splice_sites_all;matching=kmer_balanced;matching_signature=(8, 'TTT');border_estimator=center_window_kmer_jsd;estimator=center_jsd;window=48;search_radius=24;kmer=2;top_ratio=0.25;score_scale=4.0;motif_weight=0.0;motif_radius=12;score_normalization=train_quantile;raw_border_score=0.252961;border_score=1.083978",0.240545853972435,0.26888179779052734,0.4905723035335541
test_Seq_571,0,2,"benchmark=nucleotide_transformer_downstream_tasks;dataset=splice_sites_all;matching=kmer_balanced;matching_signature=(7, 'TTT');border_estimator=center_window_kmer_jsd;estimator=center_jsd;window=48;search_radius=24;kmer=2;top_ratio=0.25;score_scale=4.0;motif_weight=0.0;motif_radius=12;score_normalization=train_quantile;raw_border_score=0.151137;border_score=0.849178",0.26110759377479553,0.2783317565917969,0.4605606198310852
test_Seq_2190,2,2,"benchmark=nucleotide_transformer_downstream_tasks;dataset=splice_sites_all;matching=kmer_balanced;matching_signature=(8, 'AAA');border_estimator=center_window_kmer_jsd;estimator=center_jsd;window=48;search_radius=24;kmer=2;top_ratio=0.25;score_scale=4.0;motif_weight=0.0;motif_radius=12;score_normalization=train_quantile;raw_border_score=0.246858;border_score=1.072778",0.24484321475028992,0.27082934975624084,0.4843274652957916
test_Seq_1246,1,2,"benchmark=nucleotide_transformer_downstream_tasks;dataset=splice_sites_all;matching=kmer_balanced;matching_signature=(8, 'TTT');border_estimator=center_window_kmer_jsd;estimator=center_jsd;window=48;search_radius=24;kmer=2;top_ratio=0.25;score_scale=4.0;motif_weight=0.0;motif_radius=12;score_normalization=train_quantile;raw_border_score=0.154972;border_score=0.857444",0.2647292912006378,0.2921750843524933,0.4430956542491913
test_Seq_345,0,2,"benchmark=nucleotide_transformer_downstream_tasks;dataset=splice_sites_all;matching=kmer_balanced;matching_signature=(10, 'CCT');border_estimator=center_window_kmer_jsd;estimator=center_jsd;window=48;search_radius=24;kmer=2;top_ratio=0.25;score_scale=4.0;motif_weight=0.0;motif_radius=12;score_normalization=train_quantile;raw_border_score=0.244400;border_score=1.068200",0.2841907739639282,0.3059323728084564,0.40987685322761536
test_Seq_2119,2,2,"benchmark=nucleotide_transformer_downstream_tasks;dataset=splice_sites_all;matching=kmer_balanced;matching_signature=(8, 'TTT');border_estimator=center_window_kmer_jsd;estimator=center_jsd;window=48;search_radius=24;kmer=2;top_ratio=0.25;score_scale=4.0;motif_weight=0.0;motif_radius=12;score_normalization=train_quantile;raw_border_score=0.200331;border_score=0.972156",0.24285976588726044,0.26575034856796265,0.49138981103897095
test_Seq_87,0,2,"benchmark=nucleotide_transformer_downstream_tasks;dataset=splice_sites_all;matching=kmer_balanced;matching_signature=(6, 'AAA');border_estimator=center_window_kmer_jsd;estimator=center_jsd;window=48;search_radius=24;kmer=2;top_ratio=0.25;score_scale=4.0;motif_weight=0.0;motif_radius=12;score_normalization=train_quantile;raw_border_score=0.164131;border_score=0.876467",0.255012184381485,0.2784545123577118,0.46653327345848083
test_Seq_1601,1,2,"benchmark=nucleotide_transformer_downstream_tasks;dataset=splice_sites_all;matching=kmer_balanced;matching_signature=(12, 'CCC');border_estimator=center_window_kmer_jsd;estimator=center_jsd;window=48;search_radius=24;kmer=2;top_ratio=0.25;score_scale=4.0;motif_weight=0.0;motif_radius=12;score_normalization=train_quantile;raw_border_score=0.201778;border_score=0.975533",0.29602575302124023,0.31373611092567444,0.3902381658554077
test_Seq_2463,2,2,"benchmark=nucleotide_transformer_downstream_tasks;dataset=splice_sites_all;matching=kmer_balanced;matching_signature=(7, 'TTT');border_estimator=center_window_kmer_jsd;estimator=center_jsd;window=48;search_radius=24;kmer=2;top_ratio=0.25;score_scale=4.0;motif_weight=0.0;motif_radius=12;score_normalization=train_quantile;raw_border_score=0.126980;border_score=0.816422",0.24270567297935486,0.26578035950660706,0.4915139675140381
test_Seq_2682,2,2,"benchmark=nucleotide_transformer_downstream_tasks;dataset=splice_sites_all;matching=kmer_balanced;matching_signature=(9, 'CTG');border_estimator=center_window_kmer_jsd;estimator=center_jsd;window=48;search_radius=24;kmer=2;top_ratio=0.25;score_scale=4.0;motif_weight=0.0;motif_radius=12;score_normalization=train_quantile;raw_border_score=0.122187;border_score=0.812200",0.26093044877052307,0.28970053791999817,0.44936898350715637
test_Seq_1058,1,2,"benchmark=nucleotide_transformer_downstream_tasks;dataset=splice_sites_all;matching=kmer_balanced;matching_signature=(10, 'CTC');border_estimator=center_window_kmer_jsd;estimator=center_jsd;window=48;search_radius=24;kmer=2;top_ratio=0.25;score_scale=4.0;motif_weight=0.0;motif_radius=12;score_normalization=train_quantile;raw_border_score=0.124367;border_score=0.813800",0.27140694856643677,0.289289653301239,0.4393034279346466
test_Seq_2420,2,2,"benchmark=nucleotide_transformer_downstream_tasks;dataset=splice_sites_all;matching=kmer_balanced;matching_signature=(6, 'AAA');border_estimator=center_window_kmer_jsd;estimator=center_jsd;window=48;search_radius=24;kmer=2;top_ratio=0.25;score_scale=4.0;motif_weight=0.0;motif_radius=12;score_normalization=train_quantile;raw_border_score=0.163517;border_score=0.875089",0.23115381598472595,0.2659365236759186,0.5029096603393555
test_Seq_2762,2,2,"benchmark=nucleotide_transformer_downstream_tasks;dataset=splice_sites_all;matching=kmer_balanced;matching_signature=(7, 'TTT');border_estimator=center_window_kmer_jsd;estimator=center_jsd;window=48;search_radius=24;kmer=2;top_ratio=0.25;score_scale=4.0;motif_weight=0.0;motif_radius=12;score_normalization=train_quantile;raw_border_score=0.214162;border_score=1.004644",0.217943474650383,0.24009419977664948,0.5419623255729675
test_Seq_2158,2,2,"benchmark=nucleotide_transformer_downstream_tasks;dataset=splice_sites_all;matching=kmer_balanced;matching_signature=(6, 'AAA');border_estimator=center_window_kmer_jsd;estimator=center_jsd;window=48;search_radius=24;kmer=2;top_ratio=0.25;score_scale=4.0;motif_weight=0.0;motif_radius=12;score_normalization=train_quantile;raw_border_score=0.188429;border_score=0.939933",0.2631775140762329,0.2822552025318146,0.4545673131942749
test_Seq_2691,2,2,"benchmark=nucleotide_transformer_downstream_tasks;dataset=splice_sites_all;matching=kmer_balanced;matching_signature=(7, 'AAA');border_estimator=center_window_kmer_jsd;estimator=center_jsd;window=48;search_radius=24;kmer=2;top_ratio=0.25;score_scale=4.0;motif_weight=0.0;motif_radius=12;score_normalization=train_quantile;raw_border_score=0.192334;border_score=0.950556",0.2387741059064865,0.26329055428504944,0.4979352653026581
test_Seq_2792,2,2,"benchmark=nucleotide_transformer_downstream_tasks;dataset=splice_sites_all;matching=kmer_balanced;matching_signature=(11, 'CCC');border_estimator=center_window_kmer_jsd;estimator=center_jsd;window=48;search_radius=24;kmer=2;top_ratio=0.25;score_scale=4.0;motif_weight=0.0;motif_radius=12;score_normalization=train_quantile;raw_border_score=0.152985;border_score=0.853400",0.2752307653427124,0.28809627890586853,0.4366728961467743
test_Seq_721,0,2,"benchmark=nucleotide_transformer_downstream_tasks;dataset=splice_sites_all;matching=kmer_balanced;matching_signature=(6, 'AAA');border_estimator=center_window_kmer_jsd;estimator=center_jsd;window=48;search_radius=24;kmer=2;top_ratio=0.25;score_scale=4.0;motif_weight=0.0;motif_radius=12;score_normalization=train_quantile;raw_border_score=0.316209;border_score=1.158422",0.2544868588447571,0.27716752886772156,0.4683455228805542
test_Seq_540,0,2,"benchmark=nucleotide_transformer_downstream_tasks;dataset=splice_sites_all;matching=kmer_balanced;matching_signature=(6, 'AAA');border_estimator=center_window_kmer_jsd;estimator=center_jsd;window=48;search_radius=24;kmer=2;top_ratio=0.25;score_scale=4.0;motif_weight=0.0;motif_radius=12;score_normalization=train_quantile;raw_border_score=0.280205;border_score=1.124244",0.22722876071929932,0.2491905242204666,0.5235806703567505
test_Seq_343,0,2,"benchmark=nucleotide_transformer_downstream_tasks;dataset=splice_sites_all;matching=kmer_balanced;matching_signature=(9, 'TCA');border_estimator=center_window_kmer_jsd;estimator=center_jsd;window=48;search_radius=24;kmer=2;top_ratio=0.25;score_scale=4.0;motif_weight=0.0;motif_radius=12;score_normalization=train_quantile;raw_border_score=0.206623;border_score=0.987533",0.2366257607936859,0.26317644119262695,0.5001977682113647
test_Seq_1231,1,2,"benchmark=nucleotide_transformer_downstream_tasks;dataset=splice_sites_all;matching=kmer_balanced;matching_signature=(9, 'AAA');border_estimator=center_window_kmer_jsd;estimator=center_jsd;window=48;search_radius=24;kmer=2;top_ratio=0.25;score_scale=4.0;motif_weight=0.0;motif_radius=12;score_normalization=train_quantile;raw_border_score=0.227588;border_score=1.035533",0.2695726752281189,0.29744261503219604,0.43298467993736267
test_Seq_2559,2,2,"benchmark=nucleotide_transformer_downstream_tasks;dataset=splice_sites_all;matching=kmer_balanced;matching_signature=(10, 'AGG');border_estimator=center_window_kmer_jsd;estimator=center_jsd;window=48;search_radius=24;kmer=2;top_ratio=0.25;score_scale=4.0;motif_weight=0.0;motif_radius=12;score_normalization=train_quantile;raw_border_score=0.167126;border_score=0.884511",0.30810898542404175,0.330849289894104,0.36104172468185425
test_Seq_2576,2,2,"benchmark=nucleotide_transformer_downstream_tasks;dataset=splice_sites_all;matching=kmer_balanced;matching_signature=(6, 'AAA');border_estimator=center_window_kmer_jsd;estimator=center_jsd;window=48;search_radius=24;kmer=2;top_ratio=0.25;score_scale=4.0;motif_weight=0.0;motif_radius=12;score_normalization=train_quantile;raw_border_score=0.248020;border_score=1.075311",0.24611446261405945,0.2725483477115631,0.48133713006973267
test_Seq_1653,1,2,"benchmark=nucleotide_transformer_downstream_tasks;dataset=splice_sites_all;matching=kmer_balanced;matching_signature=(10, 'TGG');border_estimator=center_window_kmer_jsd;estimator=center_jsd;window=48;search_radius=24;kmer=2;top_ratio=0.25;score_scale=4.0;motif_weight=0.0;motif_radius=12;score_normalization=train_quantile;raw_border_score=0.241850;border_score=1.062956",0.30782267451286316,0.3182164132595062,0.373960942029953
test_Seq_1825,1,2,"benchmark=nucleotide_transformer_downstream_tasks;dataset=splice_sites_all;matching=kmer_balanced;matching_signature=(8, 'TTT');border_estimator=center_window_kmer_jsd;estimator=center_jsd;window=48;search_radius=24;kmer=2;top_ratio=0.25;score_scale=4.0;motif_weight=0.0;motif_radius=12;score_normalization=train_quantile;raw_border_score=0.188471;border_score=0.940067",0.27824512124061584,0.298101007938385,0.42365381121635437
test_Seq_2830,2,2,"benchmark=nucleotide_transformer_downstream_tasks;dataset=splice_sites_all;matching=kmer_balanced;matching_signature=(9, 'GAG');border_estimator=center_window_kmer_jsd;estimator=center_jsd;window=48;search_radius=24;kmer=2;top_ratio=0.25;score_scale=4.0;motif_weight=0.0;motif_radius=12;score_normalization=train_quantile;raw_border_score=0.181806;border_score=0.922022",0.3001825511455536,0.32483232021331787,0.37498512864112854
test_Seq_172,0,2,"benchmark=nucleotide_transformer_downstream_tasks;dataset=splice_sites_all;matching=kmer_balanced;matching_signature=(10, 'AGG');border_estimator=center_window_kmer_jsd;estimator=center_jsd;window=48;search_radius=24;kmer=2;top_ratio=0.25;score_scale=4.0;motif_weight=0.0;motif_radius=12;score_normalization=train_quantile;raw_border_score=0.224508;border_score=1.028867",0.28588780760765076,0.3056197166442871,0.40849244594573975
test_Seq_1405,1,2,"benchmark=nucleotide_transformer_downstream_tasks;dataset=splice_sites_all;matching=kmer_balanced;matching_signature=(8, 'TTT');border_estimator=center_window_kmer_jsd;estimator=center_jsd;window=48;search_radius=24;kmer=2;top_ratio=0.25;score_scale=4.0;motif_weight=0.0;motif_radius=12;score_normalization=train_quantile;raw_border_score=0.179602;border_score=0.916822",0.22079068422317505,0.2494538575410843,0.5297554135322571
test_Seq_1963,1,2,"benchmark=nucleotide_transformer_downstream_tasks;dataset=splice_sites_all;matching=kmer_balanced;matching_signature=(7, 'TTT');border_estimator=center_window_kmer_jsd;estimator=center_jsd;window=48;search_radius=24;kmer=2;top_ratio=0.25;score_scale=4.0;motif_weight=0.0;motif_radius=12;score_normalization=train_quantile;raw_border_score=0.145401;border_score=0.839444",0.25362536311149597,0.2860812842845917,0.46029341220855713
test_Seq_1999,1,2,"benchmark=nucleotide_transformer_downstream_tasks;dataset=splice_sites_all;matching=kmer_balanced;matching_signature=(7, 'TTA');border_estimator=center_window_kmer_jsd;estimator=center_jsd;window=48;search_radius=24;kmer=2;top_ratio=0.25;score_scale=4.0;motif_weight=0.0;motif_radius=12;score_normalization=train_quantile;raw_border_score=0.244941;border_score=1.069311",0.22548264265060425,0.2524794638156891,0.522037923336029
test_Seq_1373,1,2,"benchmark=nucleotide_transformer_downstream_tasks;dataset=splice_sites_all;matching=kmer_balanced;matching_signature=(9, 'TGT');border_estimator=center_window_kmer_jsd;estimator=center_jsd;window=48;search_radius=24;kmer=2;top_ratio=0.25;score_scale=4.0;motif_weight=0.0;motif_radius=12;score_normalization=train_quantile;raw_border_score=0.273159;border_score=1.114600",0.292306512594223,0.3121572732925415,0.3955362141132355
test_Seq_844,0,2,"benchmark=nucleotide_transformer_downstream_tasks;dataset=splice_sites_all;matching=kmer_balanced;matching_signature=(7, 'AAA');border_estimator=center_window_kmer_jsd;estimator=center_jsd;window=48;search_radius=24;kmer=2;top_ratio=0.25;score_scale=4.0;motif_weight=0.0;motif_radius=12;score_normalization=train_quantile;raw_border_score=0.299425;border_score=1.145622",0.24204598367214203,0.270147442817688,0.4878065884113312
test_Seq_129,0,2,"benchmark=nucleotide_transformer_downstream_tasks;dataset=splice_sites_all;matching=kmer_balanced;matching_signature=(7, 'AAA');border_estimator=center_window_kmer_jsd;estimator=center_jsd;window=48;search_radius=24;kmer=2;top_ratio=0.25;score_scale=4.0;motif_weight=0.0;motif_radius=12;score_normalization=train_quantile;raw_border_score=0.150233;border_score=0.847978",0.2800125777721405,0.30249935388565063,0.41748806834220886
test_Seq_2482,2,2,"benchmark=nucleotide_transformer_downstream_tasks;dataset=splice_sites_all;matching=kmer_balanced;matching_signature=(11, 'CCC');border_estimator=center_window_kmer_jsd;estimator=center_jsd;window=48;search_radius=24;kmer=2;top_ratio=0.25;score_scale=4.0;motif_weight=0.0;motif_radius=12;score_normalization=train_quantile;raw_border_score=0.210283;border_score=0.995800",0.3133067488670349,0.31875091791152954,0.36794236302375793
test_Seq_416,0,2,"benchmark=nucleotide_transformer_downstream_tasks;dataset=splice_sites_all;matching=kmer_balanced;matching_signature=(9, 'CTG');border_estimator=center_window_kmer_jsd;estimator=center_jsd;window=48;search_radius=24;kmer=2;top_ratio=0.25;score_scale=4.0;motif_weight=0.0;motif_radius=12;score_normalization=train_quantile;raw_border_score=0.238111;border_score=1.054822",0.27416351437568665,0.2987445294857025,0.42709192633628845
test_Seq_2599,2,2,"benchmark=nucleotide_transformer_downstream_tasks;dataset=splice_sites_all;matching=kmer_balanced;matching_signature=(12, 'CCT');border_estimator=center_window_kmer_jsd;estimator=center_jsd;window=48;search_radius=24;kmer=2;top_ratio=0.25;score_scale=4.0;motif_weight=0.0;motif_radius=12;score_normalization=train_quantile;raw_border_score=0.161466;border_score=0.870156",0.27568089962005615,0.2993447482585907,0.424974262714386
test_Seq_2731,2,2,"benchmark=nucleotide_transformer_downstream_tasks;dataset=splice_sites_all;matching=kmer_balanced;matching_signature=(12, 'GGG');border_estimator=center_window_kmer_jsd;estimator=center_jsd;window=48;search_radius=24;kmer=2;top_ratio=0.25;score_scale=4.0;motif_weight=0.0;motif_radius=12;score_normalization=train_quantile;raw_border_score=0.136350;border_score=0.827044",0.2932947874069214,0.3091229200363159,0.3975823223590851
test_Seq_2458,2,2,"benchmark=nucleotide_transformer_downstream_tasks;dataset=splice_sites_all;matching=kmer_balanced;matching_signature=(10, 'CTG');border_estimator=center_window_kmer_jsd;estimator=center_jsd;window=48;search_radius=24;kmer=2;top_ratio=0.25;score_scale=4.0;motif_weight=0.0;motif_radius=12;score_normalization=train_quantile;raw_border_score=0.167144;border_score=0.884511",0.3129469156265259,0.3251211643218994,0.3619318902492523
test_Seq_990,0,2,"benchmark=nucleotide_transformer_downstream_tasks;dataset=splice_sites_all;matching=kmer_balanced;matching_signature=(6, 'AAA');border_estimator=center_window_kmer_jsd;estimator=center_jsd;window=48;search_radius=24;kmer=2;top_ratio=0.25;score_scale=4.0;motif_weight=0.0;motif_radius=12;score_normalization=train_quantile;raw_border_score=0.198523;border_score=0.967222",0.2904888689517975,0.3087744116783142,0.4007367491722107
test_Seq_1262,1,2,"benchmark=nucleotide_transformer_downstream_tasks;dataset=splice_sites_all;matching=kmer_balanced;matching_signature=(8, 'TTT');border_estimator=center_window_kmer_jsd;estimator=center_jsd;window=48;search_radius=24;kmer=2;top_ratio=0.25;score_scale=4.0;motif_weight=0.0;motif_radius=12;score_normalization=train_quantile;raw_border_score=0.181555;border_score=0.921667",0.23763711750507355,0.26722443103790283,0.4951384663581848
test_Seq_2679,2,2,"benchmark=nucleotide_transformer_downstream_tasks;dataset=splice_sites_all;matching=kmer_balanced;matching_signature=(10, 'CCT');border_estimator=center_window_kmer_jsd;estimator=center_jsd;window=48;search_radius=24;kmer=2;top_ratio=0.25;score_scale=4.0;motif_weight=0.0;motif_radius=12;score_normalization=train_quantile;raw_border_score=0.245533;border_score=1.070156",0.24615854024887085,0.26615655422210693,0.4876849353313446
test_Seq_338,0,2,"benchmark=nucleotide_transformer_downstream_tasks;dataset=splice_sites_all;matching=kmer_balanced;matching_signature=(11, 'CCC');border_estimator=center_window_kmer_jsd;estimator=center_jsd;window=48;search_radius=24;kmer=2;top_ratio=0.25;score_scale=4.0;motif_weight=0.0;motif_radius=12;score_normalization=train_quantile;raw_border_score=0.257918;border_score=1.092156",0.30078116059303284,0.31217893958091736,0.3870399594306946
test_Seq_2802,2,2,"benchmark=nucleotide_transformer_downstream_tasks;dataset=splice_sites_all;matching=kmer_balanced;matching_signature=(6, 'AAA');border_estimator=center_window_kmer_jsd;estimator=center_jsd;window=48;search_radius=24;kmer=2;top_ratio=0.25;score_scale=4.0;motif_weight=0.0;motif_radius=12;score_normalization=train_quantile;raw_border_score=0.199985;border_score=0.971311",0.25128278136253357,0.2719636559486389,0.4767535924911499
test_Seq_2206,2,2,"benchmark=nucleotide_transformer_downstream_tasks;dataset=splice_sites_all;matching=kmer_balanced;matching_signature=(14, 'GGC');border_estimator=center_window_kmer_jsd;estimator=center_jsd;window=48;search_radius=24;kmer=2;top_ratio=0.25;score_scale=4.0;motif_weight=0.0;motif_radius=12;score_normalization=train_quantile;raw_border_score=0.178293;border_score=0.913844",0.3106267750263214,0.3164399564266205,0.3729332387447357
test_Seq_696,0,2,"benchmark=nucleotide_transformer_downstream_tasks;dataset=splice_sites_all;matching=kmer_balanced;matching_signature=(7, 'AAA');border_estimator=center_window_kmer_jsd;estimator=center_jsd;window=48;search_radius=24;kmer=2;top_ratio=0.25;score_scale=4.0;motif_weight=0.0;motif_radius=12;score_normalization=train_quantile;raw_border_score=0.223769;border_score=1.027711",0.31504932045936584,0.3317294120788574,0.35322126746177673
test_Seq_2368,2,2,"benchmark=nucleotide_transformer_downstream_tasks;dataset=splice_sites_all;matching=kmer_balanced;matching_signature=(9, 'TGT');border_estimator=center_window_kmer_jsd;estimator=center_jsd;window=48;search_radius=24;kmer=2;top_ratio=0.25;score_scale=4.0;motif_weight=0.0;motif_radius=12;score_normalization=train_quantile;raw_border_score=0.229166;border_score=1.038467",0.2291036695241928,0.25777894258499146,0.5131174325942993
test_Seq_968,0,2,"benchmark=nucleotide_transformer_downstream_tasks;dataset=splice_sites_all;matching=kmer_balanced;matching_signature=(7, 'TTT');border_estimator=center_window_kmer_jsd;estimator=center_jsd;window=48;search_radius=24;kmer=2;top_ratio=0.25;score_scale=4.0;motif_weight=0.0;motif_radius=12;score_normalization=train_quantile;raw_border_score=0.333598;border_score=1.168156",0.23995274305343628,0.26770853996276855,0.4923386573791504
test_Seq_448,0,1,"benchmark=nucleotide_transformer_downstream_tasks;dataset=splice_sites_all;matching=kmer_balanced;matching_signature=(13, 'GGG');border_estimator=center_window_kmer_jsd;estimator=center_jsd;window=48;search_radius=24;kmer=2;top_ratio=0.25;score_scale=4.0;motif_weight=0.0;motif_radius=12;score_normalization=train_quantile;raw_border_score=0.244921;border_score=1.069267",0.35151079297065735,0.3528294265270233,0.29565978050231934
test_Seq_2141,2,2,"benchmark=nucleotide_transformer_downstream_tasks;dataset=splice_sites_all;matching=kmer_balanced;matching_signature=(6, 'TTT');border_estimator=center_window_kmer_jsd;estimator=center_jsd;window=48;search_radius=24;kmer=2;top_ratio=0.25;score_scale=4.0;motif_weight=0.0;motif_radius=12;score_normalization=train_quantile;raw_border_score=0.278597;border_score=1.122067",0.2774341404438019,0.2941003739833832,0.4284655451774597
test_Seq_2300,2,2,"benchmark=nucleotide_transformer_downstream_tasks;dataset=splice_sites_all;matching=kmer_balanced;matching_signature=(8, 'TTT');border_estimator=center_window_kmer_jsd;estimator=center_jsd;window=48;search_radius=24;kmer=2;top_ratio=0.25;score_scale=4.0;motif_weight=0.0;motif_radius=12;score_normalization=train_quantile;raw_border_score=0.370583;border_score=1.184378",0.2521085739135742,0.2709319293498993,0.47695955634117126
test_Seq_2448,2,2,"benchmark=nucleotide_transformer_downstream_tasks;dataset=splice_sites_all;matching=kmer_balanced;matching_signature=(6, 'TTT');border_estimator=center_window_kmer_jsd;estimator=center_jsd;window=48;search_radius=24;kmer=2;top_ratio=0.25;score_scale=4.0;motif_weight=0.0;motif_radius=12;score_normalization=train_quantile;raw_border_score=0.283047;border_score=1.127889",0.24748261272907257,0.27406561374664307,0.47845178842544556
test_Seq_1723,1,2,"benchmark=nucleotide_transformer_downstream_tasks;dataset=splice_sites_all;matching=kmer_balanced;matching_signature=(7, 'TTT');border_estimator=center_window_kmer_jsd;estimator=center_jsd;window=48;search_radius=24;kmer=2;top_ratio=0.25;score_scale=4.0;motif_weight=0.0;motif_radius=12;score_normalization=train_quantile;raw_border_score=0.307695;border_score=1.151933",0.21668200194835663,0.2510302662849426,0.5322877168655396
test_Seq_2990,2,2,"benchmark=nucleotide_transformer_downstream_tasks;dataset=splice_sites_all;matching=kmer_balanced;matching_signature=(7, 'AGA');border_estimator=center_window_kmer_jsd;estimator=center_jsd;window=48;search_radius=24;kmer=2;top_ratio=0.25;score_scale=4.0;motif_weight=0.0;motif_radius=12;score_normalization=train_quantile;raw_border_score=0.252188;border_score=1.082600",0.29832953214645386,0.3160807490348816,0.38558974862098694
test_Seq_2400,2,2,"benchmark=nucleotide_transformer_downstream_tasks;dataset=splice_sites_all;matching=kmer_balanced;matching_signature=(11, 'GTG');border_estimator=center_window_kmer_jsd;estimator=center_jsd;window=48;search_radius=24;kmer=2;top_ratio=0.25;score_scale=4.0;motif_weight=0.0;motif_radius=12;score_normalization=train_quantile;raw_border_score=0.349481;border_score=1.176733",0.3020435869693756,0.3157777786254883,0.3821786046028137
test_Seq_894,0,2,"benchmark=nucleotide_transformer_downstream_tasks;dataset=splice_sites_all;matching=kmer_balanced;matching_signature=(6, 'TTT');border_estimator=center_window_kmer_jsd;estimator=center_jsd;window=48;search_radius=24;kmer=2;top_ratio=0.25;score_scale=4.0;motif_weight=0.0;motif_radius=12;score_normalization=train_quantile;raw_border_score=0.293844;border_score=1.139978",0.2388165146112442,0.26398134231567383,0.49720215797424316
test_Seq_2021,2,2,"benchmark=nucleotide_transformer_downstream_tasks;dataset=splice_sites_all;matching=kmer_balanced;matching_signature=(8, 'TCT');border_estimator=center_window_kmer_jsd;estimator=center_jsd;window=48;search_radius=24;kmer=2;top_ratio=0.25;score_scale=4.0;motif_weight=0.0;motif_radius=12;score_normalization=train_quantile;raw_border_score=0.122521;border_score=0.812422",0.23566299676895142,0.2661972641944885,0.4981396496295929
test_Seq_2457,2,2,"benchmark=nucleotide_transformer_downstream_tasks;dataset=splice_sites_all;matching=kmer_balanced;matching_signature=(8, 'TTT');border_estimator=center_window_kmer_jsd;estimator=center_jsd;window=48;search_radius=24;kmer=2;top_ratio=0.25;score_scale=4.0;motif_weight=0.0;motif_radius=12;score_normalization=train_quantile;raw_border_score=0.129652;border_score=0.819044",0.28608250617980957,0.30583319067955017,0.40808427333831787
test_Seq_1754,1,2,"benchmark=nucleotide_transformer_downstream_tasks;dataset=splice_sites_all;matching=kmer_balanced;matching_signature=(9, 'TTT');border_estimator=center_window_kmer_jsd;estimator=center_jsd;window=48;search_radius=24;kmer=2;top_ratio=0.25;score_scale=4.0;motif_weight=0.0;motif_radius=12;score_normalization=train_quantile;raw_border_score=0.222482;border_score=1.024289",0.26674380898475647,0.28748705983161926,0.4457691013813019
test_Seq_1636,1,2,"benchmark=nucleotide_transformer_downstream_tasks;dataset=splice_sites_all;matching=kmer_balanced;matching_signature=(12, 'CTG');border_estimator=center_window_kmer_jsd;estimator=center_jsd;window=48;search_radius=24;kmer=2;top_ratio=0.25;score_scale=4.0;motif_weight=0.0;motif_radius=12;score_normalization=train_quantile;raw_border_score=0.253093;border_score=1.084289",0.28262263536453247,0.29077234864234924,0.4266050457954407
test_Seq_458,0,2,"benchmark=nucleotide_transformer_downstream_tasks;dataset=splice_sites_all;matching=kmer_balanced;matching_signature=(12, 'CAG');border_estimator=center_window_kmer_jsd;estimator=center_jsd;window=48;search_radius=24;kmer=2;top_ratio=0.25;score_scale=4.0;motif_weight=0.0;motif_radius=12;score_normalization=train_quantile;raw_border_score=0.138198;border_score=0.829311",0.3090116083621979,0.3105584681034088,0.38042986392974854
test_Seq_189,0,2,"benchmark=nucleotide_transformer_downstream_tasks;dataset=splice_sites_all;matching=kmer_balanced;matching_signature=(6, 'TTT');border_estimator=center_window_kmer_jsd;estimator=center_jsd;window=48;search_radius=24;kmer=2;top_ratio=0.25;score_scale=4.0;motif_weight=0.0;motif_radius=12;score_normalization=train_quantile;raw_border_score=0.234153;border_score=1.047889",0.23329192399978638,0.26068276166915894,0.5060253739356995
test_Seq_2012,2,2,"benchmark=nucleotide_transformer_downstream_tasks;dataset=splice_sites_all;matching=kmer_balanced;matching_signature=(7, 'AAA');border_estimator=center_window_kmer_jsd;estimator=center_jsd;window=48;search_radius=24;kmer=2;top_ratio=0.25;score_scale=4.0;motif_weight=0.0;motif_radius=12;score_normalization=train_quantile;raw_border_score=0.197316;border_score=0.963800",0.28030267357826233,0.299915611743927,0.41978171467781067
test_Seq_181,0,2,"benchmark=nucleotide_transformer_downstream_tasks;dataset=splice_sites_all;matching=kmer_balanced;matching_signature=(8, 'TTT');border_estimator=center_window_kmer_jsd;estimator=center_jsd;window=48;search_radius=24;kmer=2;top_ratio=0.25;score_scale=4.0;motif_weight=0.0;motif_radius=12;score_normalization=train_quantile;raw_border_score=0.296549;border_score=1.142467",0.22623373568058014,0.25429490208625793,0.5194713473320007
test_Seq_2775,2,2,"benchmark=nucleotide_transformer_downstream_tasks;dataset=splice_sites_all;matching=kmer_balanced;matching_signature=(7, 'AAT');border_estimator=center_window_kmer_jsd;estimator=center_jsd;window=48;search_radius=24;kmer=2;top_ratio=0.25;score_scale=4.0;motif_weight=0.0;motif_radius=12;score_normalization=train_quantile;raw_border_score=0.239767;border_score=1.057756",0.2677898406982422,0.3028334975242615,0.4293766915798187
test_Seq_470,0,2,"benchmark=nucleotide_transformer_downstream_tasks;dataset=splice_sites_all;matching=kmer_balanced;matching_signature=(12, 'GGG');border_estimator=center_window_kmer_jsd;estimator=center_jsd;window=48;search_radius=24;kmer=2;top_ratio=0.25;score_scale=4.0;motif_weight=0.0;motif_radius=12;score_normalization=train_quantile;raw_border_score=0.217826;border_score=1.013311",0.29789209365844727,0.31250128149986267,0.38960662484169006
test_Seq_2430,2,2,"benchmark=nucleotide_transformer_downstream_tasks;dataset=splice_sites_all;matching=kmer_balanced;matching_signature=(10, 'CCC');border_estimator=center_window_kmer_jsd;estimator=center_jsd;window=48;search_radius=24;kmer=2;top_ratio=0.25;score_scale=4.0;motif_weight=0.0;motif_radius=12;score_normalization=train_quantile;raw_border_score=0.163621;border_score=0.875222",0.2932980954647064,0.30943650007247925,0.39726540446281433
test_Seq_1766,1,2,"benchmark=nucleotide_transformer_downstream_tasks;dataset=splice_sites_all;matching=kmer_balanced;matching_signature=(7, 'TTT');border_estimator=center_window_kmer_jsd;estimator=center_jsd;window=48;search_radius=24;kmer=2;top_ratio=0.25;score_scale=4.0;motif_weight=0.0;motif_radius=12;score_normalization=train_quantile;raw_border_score=0.119662;border_score=0.810778",0.26338499784469604,0.2888658344745636,0.44774913787841797
test_Seq_1484,1,2,"benchmark=nucleotide_transformer_downstream_tasks;dataset=splice_sites_all;matching=kmer_balanced;matching_signature=(11, 'CAG');border_estimator=center_window_kmer_jsd;estimator=center_jsd;window=48;search_radius=24;kmer=2;top_ratio=0.25;score_scale=4.0;motif_weight=0.0;motif_radius=12;score_normalization=train_quantile;raw_border_score=0.245578;border_score=1.070244",0.2986864149570465,0.3065028488636017,0.3948107957839966
test_Seq_256,0,2,"benchmark=nucleotide_transformer_downstream_tasks;dataset=splice_sites_all;matching=kmer_balanced;matching_signature=(9, 'TGG');border_estimator=center_window_kmer_jsd;estimator=center_jsd;window=48;search_radius=24;kmer=2;top_ratio=0.25;score_scale=4.0;motif_weight=0.0;motif_radius=12;score_normalization=train_quantile;raw_border_score=0.271702;border_score=1.112556",0.30843380093574524,0.3298071324825287,0.36175909638404846
test_Seq_2182,2,2,"benchmark=nucleotide_transformer_downstream_tasks;dataset=splice_sites_all;matching=kmer_balanced;matching_signature=(9, 'GAG');border_estimator=center_window_kmer_jsd;estimator=center_jsd;window=48;search_radius=24;kmer=2;top_ratio=0.25;score_scale=4.0;motif_weight=0.0;motif_radius=12;score_normalization=train_quantile;raw_border_score=0.345509;border_score=1.175089",0.23660996556282043,0.2561612129211426,0.5072288513183594
test_Seq_1182,1,2,"benchmark=nucleotide_transformer_downstream_tasks;dataset=splice_sites_all;matching=kmer_balanced;matching_signature=(7, 'AAA');border_estimator=center_window_kmer_jsd;estimator=center_jsd;window=48;search_radius=24;kmer=2;top_ratio=0.25;score_scale=4.0;motif_weight=0.0;motif_radius=12;score_normalization=train_quantile;raw_border_score=0.158408;border_score=0.863667",0.2372627556324005,0.26137199997901917,0.5013652443885803
test_Seq_607,0,2,"benchmark=nucleotide_transformer_downstream_tasks;dataset=splice_sites_all;matching=kmer_balanced;matching_signature=(9, 'TTT');border_estimator=center_window_kmer_jsd;estimator=center_jsd;window=48;search_radius=24;kmer=2;top_ratio=0.25;score_scale=4.0;motif_weight=0.0;motif_radius=12;score_normalization=train_quantile;raw_border_score=0.106458;border_score=0.804200",0.2761801481246948,0.28906404972076416,0.434755802154541
test_Seq_691,0,2,"benchmark=nucleotide_transformer_downstream_tasks;dataset=splice_sites_all;matching=kmer_balanced;matching_signature=(8, 'GTG');border_estimator=center_window_kmer_jsd;estimator=center_jsd;window=48;search_radius=24;kmer=2;top_ratio=0.25;score_scale=4.0;motif_weight=0.0;motif_radius=12;score_normalization=train_quantile;raw_border_score=0.291852;border_score=1.138200",0.22821231186389923,0.2566024661064148,0.5151851773262024
test_Seq_664,0,2,"benchmark=nucleotide_transformer_downstream_tasks;dataset=splice_sites_all;matching=kmer_balanced;matching_signature=(7, 'AAA');border_estimator=center_window_kmer_jsd;estimator=center_jsd;window=48;search_radius=24;kmer=2;top_ratio=0.25;score_scale=4.0;motif_weight=0.0;motif_radius=12;score_normalization=train_quantile;raw_border_score=0.299364;border_score=1.145622",0.2681564688682556,0.28704842925071716,0.4447951912879944
test_Seq_1227,1,2,"benchmark=nucleotide_transformer_downstream_tasks;dataset=splice_sites_all;matching=kmer_balanced;matching_signature=(5, 'TTT');border_estimator=center_window_kmer_jsd;estimator=center_jsd;window=48;search_radius=24;kmer=2;top_ratio=0.25;score_scale=4.0;motif_weight=0.0;motif_radius=12;score_normalization=train_quantile;raw_border_score=0.211738;border_score=0.999222",0.23243337869644165,0.2564358711242676,0.5111307501792908
test_Seq_520,0,2,"benchmark=nucleotide_transformer_downstream_tasks;dataset=splice_sites_all;matching=kmer_balanced;matching_signature=(9, 'CAG');border_estimator=center_window_kmer_jsd;estimator=center_jsd;window=48;search_radius=24;kmer=2;top_ratio=0.25;score_scale=4.0;motif_weight=0.0;motif_radius=12;score_normalization=train_quantile;raw_border_score=0.352024;border_score=1.177578",0.23446641862392426,0.2581316828727722,0.5074018836021423
test_Seq_270,0,2,"benchmark=nucleotide_transformer_downstream_tasks;dataset=splice_sites_all;matching=kmer_balanced;matching_signature=(7, 'TTT');border_estimator=center_window_kmer_jsd;estimator=center_jsd;window=48;search_radius=24;kmer=2;top_ratio=0.25;score_scale=4.0;motif_weight=0.0;motif_radius=12;score_normalization=train_quantile;raw_border_score=0.270305;border_score=1.110778",0.262050062417984,0.2920336425304413,0.4459163248538971
test_Seq_2995,2,2,"benchmark=nucleotide_transformer_downstream_tasks;dataset=splice_sites_all;matching=kmer_balanced;matching_signature=(6, 'TTT');border_estimator=center_window_kmer_jsd;estimator=center_jsd;window=48;search_radius=24;kmer=2;top_ratio=0.25;score_scale=4.0;motif_weight=0.0;motif_radius=12;score_normalization=train_quantile;raw_border_score=0.205712;border_score=0.985622",0.251597136259079,0.2786049544811249,0.4697979688644409
test_Seq_1303,1,2,"benchmark=nucleotide_transformer_downstream_tasks;dataset=splice_sites_all;matching=kmer_balanced;matching_signature=(6, 'TTT');border_estimator=center_window_kmer_jsd;estimator=center_jsd;window=48;search_radius=24;kmer=2;top_ratio=0.25;score_scale=4.0;motif_weight=0.0;motif_radius=12;score_normalization=train_quantile;raw_border_score=0.166620;border_score=0.883000",0.2469199001789093,0.27496960759162903,0.47811052203178406
test_Seq_1627,1,2,"benchmark=nucleotide_transformer_downstream_tasks;dataset=splice_sites_all;matching=kmer_balanced;matching_signature=(8, 'TTT');border_estimator=center_window_kmer_jsd;estimator=center_jsd;window=48;search_radius=24;kmer=2;top_ratio=0.25;score_scale=4.0;motif_weight=0.0;motif_radius=12;score_normalization=train_quantile;raw_border_score=0.246132;border_score=1.071400",0.29006433486938477,0.3096916079521179,0.4002440273761749
test_Seq_1192,1,2,"benchmark=nucleotide_transformer_downstream_tasks;dataset=splice_sites_all;matching=kmer_balanced;matching_signature=(6, 'AAA');border_estimator=center_window_kmer_jsd;estimator=center_jsd;window=48;search_radius=24;kmer=2;top_ratio=0.25;score_scale=4.0;motif_weight=0.0;motif_radius=12;score_normalization=train_quantile;raw_border_score=0.137474;border_score=0.828600",0.24659384787082672,0.26578018069267273,0.48762595653533936
test_Seq_999,0,1,"benchmark=nucleotide_transformer_downstream_tasks;dataset=splice_sites_all;matching=kmer_balanced;matching_signature=(11, 'GAG');border_estimator=center_window_kmer_jsd;estimator=center_jsd;window=48;search_radius=24;kmer=2;top_ratio=0.25;score_scale=4.0;motif_weight=0.0;motif_radius=12;score_normalization=train_quantile;raw_border_score=0.169491;border_score=0.889622",0.3234286606311798,0.3400859236717224,0.3364854156970978
test_Seq_175,0,2,"benchmark=nucleotide_transformer_downstream_tasks;dataset=splice_sites_all;matching=kmer_balanced;matching_signature=(7, 'TTT');border_estimator=center_window_kmer_jsd;estimator=center_jsd;window=48;search_radius=24;kmer=2;top_ratio=0.25;score_scale=4.0;motif_weight=0.0;motif_radius=12;score_normalization=train_quantile;raw_border_score=0.250166;border_score=1.079711",0.2794320583343506,0.3070831596851349,0.4134847819805145
test_Seq_2508,2,2,"benchmark=nucleotide_transformer_downstream_tasks;dataset=splice_sites_all;matching=kmer_balanced;matching_signature=(7, 'AAA');border_estimator=center_window_kmer_jsd;estimator=center_jsd;window=48;search_radius=24;kmer=2;top_ratio=0.25;score_scale=4.0;motif_weight=0.0;motif_radius=12;score_normalization=train_quantile;raw_border_score=0.165632;border_score=0.880378",0.251410573720932,0.27172407507896423,0.47686535120010376
test_Seq_2113,2,2,"benchmark=nucleotide_transformer_downstream_tasks;dataset=splice_sites_all;matching=kmer_balanced;matching_signature=(9, 'TTT');border_estimator=center_window_kmer_jsd;estimator=center_jsd;window=48;search_radius=24;kmer=2;top_ratio=0.25;score_scale=4.0;motif_weight=0.0;motif_radius=12;score_normalization=train_quantile;raw_border_score=0.143603;border_score=0.836644",0.2247835248708725,0.24634848535060883,0.5288680195808411
test_Seq_1596,1,2,"benchmark=nucleotide_transformer_downstream_tasks;dataset=splice_sites_all;matching=kmer_balanced;matching_signature=(9, 'TTT');border_estimator=center_window_kmer_jsd;estimator=center_jsd;window=48;search_radius=24;kmer=2;top_ratio=0.25;score_scale=4.0;motif_weight=0.0;motif_radius=12;score_normalization=train_quantile;raw_border_score=0.207564;border_score=0.989356",0.2835266888141632,0.2990625500679016,0.41741079092025757
test_Seq_835,0,2,"benchmark=nucleotide_transformer_downstream_tasks;dataset=splice_sites_all;matching=kmer_balanced;matching_signature=(7, 'TTT');border_estimator=center_window_kmer_jsd;estimator=center_jsd;window=48;search_radius=24;kmer=2;top_ratio=0.25;score_scale=4.0;motif_weight=0.0;motif_radius=12;score_normalization=train_quantile;raw_border_score=0.601539;border_score=1.199578",0.20581363141536713,0.23513345420360565,0.5590528845787048
test_Seq_1110,1,2,"benchmark=nucleotide_transformer_downstream_tasks;dataset=splice_sites_all;matching=kmer_balanced;matching_signature=(7, 'TTT');border_estimator=center_window_kmer_jsd;estimator=center_jsd;window=48;search_radius=24;kmer=2;top_ratio=0.25;score_scale=4.0;motif_weight=0.0;motif_radius=12;score_normalization=train_quantile;raw_border_score=0.243847;border_score=1.067267",0.24771863222122192,0.27045223116874695,0.48182910680770874
test_Seq_197,0,2,"benchmark=nucleotide_transformer_downstream_tasks;dataset=splice_sites_all;matching=kmer_balanced;matching_signature=(13, 'CCC');border_estimator=center_window_kmer_jsd;estimator=center_jsd;window=48;search_radius=24;kmer=2;top_ratio=0.25;score_scale=4.0;motif_weight=0.0;motif_radius=12;score_normalization=train_quantile;raw_border_score=0.241489;border_score=1.061933",0.31762635707855225,0.32359030842781067,0.35878339409828186
test_Seq_1166,1,2,"benchmark=nucleotide_transformer_downstream_tasks;dataset=splice_sites_all;matching=kmer_balanced;matching_signature=(6, 'TTT');border_estimator=center_window_kmer_jsd;estimator=center_jsd;window=48;search_radius=24;kmer=2;top_ratio=0.25;score_scale=4.0;motif_weight=0.0;motif_radius=12;score_normalization=train_quantile;raw_border_score=0.210973;border_score=0.997444",0.2727072834968567,0.30204451084136963,0.42524823546409607
test_Seq_2842,2,2,"benchmark=nucleotide_transformer_downstream_tasks;dataset=splice_sites_all;matching=kmer_balanced;matching_signature=(5, 'TTT');border_estimator=center_window_kmer_jsd;estimator=center_jsd;window=48;search_radius=24;kmer=2;top_ratio=0.25;score_scale=4.0;motif_weight=0.0;motif_radius=12;score_normalization=train_quantile;raw_border_score=0.166030;border_score=0.881267",0.24745896458625793,0.27101534605026245,0.4815257489681244
test_Seq_1285,1,2,"benchmark=nucleotide_transformer_downstream_tasks;dataset=splice_sites_all;matching=kmer_balanced;matching_signature=(7, 'AAA');border_estimator=center_window_kmer_jsd;estimator=center_jsd;window=48;search_radius=24;kmer=2;top_ratio=0.25;score_scale=4.0;motif_weight=0.0;motif_radius=12;score_normalization=train_quantile;raw_border_score=0.160508;border_score=0.868333",0.2836591601371765,0.30512550473213196,0.41121533513069153
test_Seq_1402,1,2,"benchmark=nucleotide_transformer_downstream_tasks;dataset=splice_sites_all;matching=kmer_balanced;matching_signature=(7, 'AAT');border_estimator=center_window_kmer_jsd;estimator=center_jsd;window=48;search_radius=24;kmer=2;top_ratio=0.25;score_scale=4.0;motif_weight=0.0;motif_radius=12;score_normalization=train_quantile;raw_border_score=0.228253;border_score=1.036422",0.249047189950943,0.2742598056793213,0.4766930043697357
test_Seq_546,0,2,"benchmark=nucleotide_transformer_downstream_tasks;dataset=splice_sites_all;matching=kmer_balanced;matching_signature=(6, 'TTT');border_estimator=center_window_kmer_jsd;estimator=center_jsd;window=48;search_radius=24;kmer=2;top_ratio=0.25;score_scale=4.0;motif_weight=0.0;motif_radius=12;score_normalization=train_quantile;raw_border_score=0.251932;border_score=1.082200",0.21084138751029968,0.2347947657108307,0.5543638467788696
test_Seq_83,0,2,"benchmark=nucleotide_transformer_downstream_tasks;dataset=splice_sites_all;matching=kmer_balanced;matching_signature=(5, 'TTT');border_estimator=center_window_kmer_jsd;estimator=center_jsd;window=48;search_radius=24;kmer=2;top_ratio=0.25;score_scale=4.0;motif_weight=0.0;motif_radius=12;score_normalization=train_quantile;raw_border_score=0.219133;border_score=1.016644",0.25414955615997314,0.2827277183532715,0.463122695684433
test_Seq_1935,1,2,"benchmark=nucleotide_transformer_downstream_tasks;dataset=splice_sites_all;matching=kmer_balanced;matching_signature=(8, 'TTT');border_estimator=center_window_kmer_jsd;estimator=center_jsd;window=48;search_radius=24;kmer=2;top_ratio=0.25;score_scale=4.0;motif_weight=0.0;motif_radius=12;score_normalization=train_quantile;raw_border_score=0.196164;border_score=0.960422",0.29692354798316956,0.33008667826652527,0.3729897439479828
test_Seq_709,0,2,"benchmark=nucleotide_transformer_downstream_tasks;dataset=splice_sites_all;matching=kmer_balanced;matching_signature=(8, 'TTT');border_estimator=center_window_kmer_jsd;estimator=center_jsd;window=48;search_radius=24;kmer=2;top_ratio=0.25;score_scale=4.0;motif_weight=0.0;motif_radius=12;score_normalization=train_quantile;raw_border_score=0.217732;border_score=1.013089",0.27505216002464294,0.3067064881324768,0.4182412922382355
test_Seq_480,0,2,"benchmark=nucleotide_transformer_downstream_tasks;dataset=splice_sites_all;matching=kmer_balanced;matching_signature=(6, 'AAA');border_estimator=center_window_kmer_jsd;estimator=center_jsd;window=48;search_radius=24;kmer=2;top_ratio=0.25;score_scale=4.0;motif_weight=0.0;motif_radius=12;score_normalization=train_quantile;raw_border_score=0.276328;border_score=1.118911",0.26396822929382324,0.27748337388038635,0.4585484266281128
test_Seq_1044,1,2,"benchmark=nucleotide_transformer_downstream_tasks;dataset=splice_sites_all;matching=kmer_balanced;matching_signature=(8, 'TTT');border_estimator=center_window_kmer_jsd;estimator=center_jsd;window=48;search_radius=24;kmer=2;top_ratio=0.25;score_scale=4.0;motif_weight=0.0;motif_radius=12;score_normalization=train_quantile;raw_border_score=0.200737;border_score=0.972822",0.24574029445648193,0.2671123445034027,0.48714739084243774
test_Seq_2797,2,2,"benchmark=nucleotide_transformer_downstream_tasks;dataset=splice_sites_all;matching=kmer_balanced;matching_signature=(8, 'TTT');border_estimator=center_window_kmer_jsd;estimator=center_jsd;window=48;search_radius=24;kmer=2;top_ratio=0.25;score_scale=4.0;motif_weight=0.0;motif_radius=12;score_normalization=train_quantile;raw_border_score=0.159802;border_score=0.867178",0.278316855430603,0.3021658658981323,0.41951727867126465
test_Seq_2404,2,2,"benchmark=nucleotide_transformer_downstream_tasks;dataset=splice_sites_all;matching=kmer_balanced;matching_signature=(11, 'GGG');border_estimator=center_window_kmer_jsd;estimator=center_jsd;window=48;search_radius=24;kmer=2;top_ratio=0.25;score_scale=4.0;motif_weight=0.0;motif_radius=12;score_normalization=train_quantile;raw_border_score=0.187262;border_score=0.936689",0.30314767360687256,0.31587016582489014,0.3809821605682373
test_Seq_1803,1,2,"benchmark=nucleotide_transformer_downstream_tasks;dataset=splice_sites_all;matching=kmer_balanced;matching_signature=(6, 'AAA');border_estimator=center_window_kmer_jsd;estimator=center_jsd;window=48;search_radius=24;kmer=2;top_ratio=0.25;score_scale=4.0;motif_weight=0.0;motif_radius=12;score_normalization=train_quantile;raw_border_score=0.182129;border_score=0.922600",0.2507604658603668,0.2783490717411041,0.4708905518054962
test_Seq_154,0,2,"benchmark=nucleotide_transformer_downstream_tasks;dataset=splice_sites_all;matching=kmer_balanced;matching_signature=(8, 'TTT');border_estimator=center_window_kmer_jsd;estimator=center_jsd;window=48;search_radius=24;kmer=2;top_ratio=0.25;score_scale=4.0;motif_weight=0.0;motif_radius=12;score_normalization=train_quantile;raw_border_score=0.241723;border_score=1.062689",0.2247803658246994,0.25636717677116394,0.5188524127006531
test_Seq_707,0,2,"benchmark=nucleotide_transformer_downstream_tasks;dataset=splice_sites_all;matching=kmer_balanced;matching_signature=(12, 'CTG');border_estimator=center_window_kmer_jsd;estimator=center_jsd;window=48;search_radius=24;kmer=2;top_ratio=0.25;score_scale=4.0;motif_weight=0.0;motif_radius=12;score_normalization=train_quantile;raw_border_score=0.192497;border_score=0.950956",0.31013715267181396,0.3251352310180664,0.36472761631011963
test_Seq_689,0,2,"benchmark=nucleotide_transformer_downstream_tasks;dataset=splice_sites_all;matching=kmer_balanced;matching_signature=(5, 'TTT');border_estimator=center_window_kmer_jsd;estimator=center_jsd;window=48;search_radius=24;kmer=2;top_ratio=0.25;score_scale=4.0;motif_weight=0.0;motif_radius=12;score_normalization=train_quantile;raw_border_score=0.219260;border_score=1.017000",0.25503119826316833,0.27551132440567017,0.4694574177265167
test_Seq_614,0,2,"benchmark=nucleotide_transformer_downstream_tasks;dataset=splice_sites_all;matching=kmer_balanced;matching_signature=(8, 'TTT');border_estimator=center_window_kmer_jsd;estimator=center_jsd;window=48;search_radius=24;kmer=2;top_ratio=0.25;score_scale=4.0;motif_weight=0.0;motif_radius=12;score_normalization=train_quantile;raw_border_score=0.293742;border_score=1.139933",0.29265066981315613,0.3092641830444336,0.3980851471424103
test_Seq_812,0,2,"benchmark=nucleotide_transformer_downstream_tasks;dataset=splice_sites_all;matching=kmer_balanced;matching_signature=(7, 'AAA');border_estimator=center_window_kmer_jsd;estimator=center_jsd;window=48;search_radius=24;kmer=2;top_ratio=0.25;score_scale=4.0;motif_weight=0.0;motif_radius=12;score_normalization=train_quantile;raw_border_score=0.259453;border_score=1.094689",0.2537091076374054,0.26647549867630005,0.47981542348861694
test_Seq_1712,1,2,"benchmark=nucleotide_transformer_downstream_tasks;dataset=splice_sites_all;matching=kmer_balanced;matching_signature=(8, 'TCT');border_estimator=center_window_kmer_jsd;estimator=center_jsd;window=48;search_radius=24;kmer=2;top_ratio=0.25;score_scale=4.0;motif_weight=0.0;motif_radius=12;score_normalization=train_quantile;raw_border_score=0.223236;border_score=1.026378",0.2492392659187317,0.276934415102005,0.47382625937461853
test_Seq_631,0,2,"benchmark=nucleotide_transformer_downstream_tasks;dataset=splice_sites_all;matching=kmer_balanced;matching_signature=(10, 'CTC');border_estimator=center_window_kmer_jsd;estimator=center_jsd;window=48;search_radius=24;kmer=2;top_ratio=0.25;score_scale=4.0;motif_weight=0.0;motif_radius=12;score_normalization=train_quantile;raw_border_score=0.323421;border_score=1.162956",0.2904488146305084,0.30119588971138,0.4083552658557892
test_Seq_2693,2,2,"benchmark=nucleotide_transformer_downstream_tasks;dataset=splice_sites_all;matching=kmer_balanced;matching_signature=(8, 'AGA');border_estimator=center_window_kmer_jsd;estimator=center_jsd;window=48;search_radius=24;kmer=2;top_ratio=0.25;score_scale=4.0;motif_weight=0.0;motif_radius=12;score_normalization=train_quantile;raw_border_score=0.189033;border_score=0.941489",0.2960513234138489,0.32515284419059753,0.3787958323955536
test_Seq_1668,1,2,"benchmark=nucleotide_transformer_downstream_tasks;dataset=splice_sites_all;matching=kmer_balanced;matching_signature=(6, 'AAA');border_estimator=center_window_kmer_jsd;estimator=center_jsd;window=48;search_radius=24;kmer=2;top_ratio=0.25;score_scale=4.0;motif_weight=0.0;motif_radius=12;score_normalization=train_quantile;raw_border_score=0.274379;border_score=1.116422",0.23772971332073212,0.2605988085269928,0.5016714334487915
test_Seq_933,0,2,"benchmark=nucleotide_transformer_downstream_tasks;dataset=splice_sites_all;matching=kmer_balanced;matching_signature=(13, 'CCC');border_estimator=center_window_kmer_jsd;estimator=center_jsd;window=48;search_radius=24;kmer=2;top_ratio=0.25;score_scale=4.0;motif_weight=0.0;motif_radius=12;score_normalization=train_quantile;raw_border_score=0.268327;border_score=1.107533",0.27433571219444275,0.28219807147979736,0.44346627593040466
test_Seq_1164,1,2,"benchmark=nucleotide_transformer_downstream_tasks;dataset=splice_sites_all;matching=kmer_balanced;matching_signature=(7, 'AAA');border_estimator=center_window_kmer_jsd;estimator=center_jsd;window=48;search_radius=24;kmer=2;top_ratio=0.25;score_scale=4.0;motif_weight=0.0;motif_radius=12;score_normalization=train_quantile;raw_border_score=0.217579;border_score=1.012689",0.263904869556427,0.2843705713748932,0.4517245590686798
test_Seq_301,0,2,"benchmark=nucleotide_transformer_downstream_tasks;dataset=splice_sites_all;matching=kmer_balanced;matching_signature=(8, 'TTT');border_estimator=center_window_kmer_jsd;estimator=center_jsd;window=48;search_radius=24;kmer=2;top_ratio=0.25;score_scale=4.0;motif_weight=0.0;motif_radius=12;score_normalization=train_quantile;raw_border_score=0.197060;border_score=0.963000",0.23172643780708313,0.25700172781944275,0.5112718939781189
test_Seq_1617,1,2,"benchmark=nucleotide_transformer_downstream_tasks;dataset=splice_sites_all;matching=kmer_balanced;matching_signature=(9, 'GGG');border_estimator=center_window_kmer_jsd;estimator=center_jsd;window=48;search_radius=24;kmer=2;top_ratio=0.25;score_scale=4.0;motif_weight=0.0;motif_radius=12;score_normalization=train_quantile;raw_border_score=0.096339;border_score=0.802022",0.3251592814922333,0.3328782618045807,0.3419624865055084
test_Seq_950,0,2,"benchmark=nucleotide_transformer_downstream_tasks;dataset=splice_sites_all;matching=kmer_balanced;matching_signature=(6, 'AAA');border_estimator=center_window_kmer_jsd;estimator=center_jsd;window=48;search_radius=24;kmer=2;top_ratio=0.25;score_scale=4.0;motif_weight=0.0;motif_radius=12;score_normalization=train_quantile;raw_border_score=0.241697;border_score=1.062511",0.258513867855072,0.2888457775115967,0.4526404142379761
test_Seq_2493,2,2,"benchmark=nucleotide_transformer_downstream_tasks;dataset=splice_sites_all;matching=kmer_balanced;matching_signature=(13, 'CCC');border_estimator=center_window_kmer_jsd;estimator=center_jsd;window=48;search_radius=24;kmer=2;top_ratio=0.25;score_scale=4.0;motif_weight=0.0;motif_radius=12;score_normalization=train_quantile;raw_border_score=0.216548;border_score=1.010467",0.2892727553844452,0.2964828312397003,0.4142444431781769
test_Seq_2759,2,2,"benchmark=nucleotide_transformer_downstream_tasks;dataset=splice_sites_all;matching=kmer_balanced;matching_signature=(6, 'TTT');border_estimator=center_window_kmer_jsd;estimator=center_jsd;window=48;search_radius=24;kmer=2;top_ratio=0.25;score_scale=4.0;motif_weight=0.0;motif_radius=12;score_normalization=train_quantile;raw_border_score=0.177830;border_score=0.912956",0.23511478304862976,0.2565779387950897,0.5083072781562805
test_Seq_885,0,2,"benchmark=nucleotide_transformer_downstream_tasks;dataset=splice_sites_all;matching=kmer_balanced;matching_signature=(9, 'GGG');border_estimator=center_window_kmer_jsd;estimator=center_jsd;window=48;search_radius=24;kmer=2;top_ratio=0.25;score_scale=4.0;motif_weight=0.0;motif_radius=12;score_normalization=train_quantile;raw_border_score=0.241430;border_score=1.061800",0.30123454332351685,0.3166278600692749,0.3821375370025635
test_Seq_1536,1,2,"benchmark=nucleotide_transformer_downstream_tasks;dataset=splice_sites_all;matching=kmer_balanced;matching_signature=(9, 'CAG');border_estimator=center_window_kmer_jsd;estimator=center_jsd;window=48;search_radius=24;kmer=2;top_ratio=0.25;score_scale=4.0;motif_weight=0.0;motif_radius=12;score_normalization=train_quantile;raw_border_score=0.197503;border_score=0.964289",0.26159149408340454,0.28568488359451294,0.45272359251976013
test_Seq_2758,2,2,"benchmark=nucleotide_transformer_downstream_tasks;dataset=splice_sites_all;matching=kmer_balanced;matching_signature=(8, 'AAA');border_estimator=center_window_kmer_jsd;estimator=center_jsd;window=48;search_radius=24;kmer=2;top_ratio=0.25;score_scale=4.0;motif_weight=0.0;motif_radius=12;score_normalization=train_quantile;raw_border_score=0.165056;border_score=0.879222",0.24734294414520264,0.2720984220504761,0.4805586636066437
test_Seq_2968,2,2,"benchmark=nucleotide_transformer_downstream_tasks;dataset=splice_sites_all;matching=kmer_balanced;matching_signature=(7, 'TTT');border_estimator=center_window_kmer_jsd;estimator=center_jsd;window=48;search_radius=24;kmer=2;top_ratio=0.25;score_scale=4.0;motif_weight=0.0;motif_radius=12;score_normalization=train_quantile;raw_border_score=0.134651;border_score=0.824778",0.23940841853618622,0.2661299705505371,0.4944615960121155
test_Seq_1541,1,2,"benchmark=nucleotide_transformer_downstream_tasks;dataset=splice_sites_all;matching=kmer_balanced;matching_signature=(9, 'GAA');border_estimator=center_window_kmer_jsd;estimator=center_jsd;window=48;search_radius=24;kmer=2;top_ratio=0.25;score_scale=4.0;motif_weight=0.0;motif_radius=12;score_normalization=train_quantile;raw_border_score=0.116170;border_score=0.808822",0.28346994519233704,0.2999182939529419,0.41661185026168823
test_Seq_280,0,2,"benchmark=nucleotide_transformer_downstream_tasks;dataset=splice_sites_all;matching=kmer_balanced;matching_signature=(10, 'CCA');border_estimator=center_window_kmer_jsd;estimator=center_jsd;window=48;search_radius=24;kmer=2;top_ratio=0.25;score_scale=4.0;motif_weight=0.0;motif_radius=12;score_normalization=train_quantile;raw_border_score=0.240810;border_score=1.060778",0.29477840662002563,0.30490583181381226,0.4003157913684845
test_Seq_90,0,2,"benchmark=nucleotide_transformer_downstream_tasks;dataset=splice_sites_all;matching=kmer_balanced;matching_signature=(8, 'TTT');border_estimator=center_window_kmer_jsd;estimator=center_jsd;window=48;search_radius=24;kmer=2;top_ratio=0.25;score_scale=4.0;motif_weight=0.0;motif_radius=12;score_normalization=train_quantile;raw_border_score=0.195389;border_score=0.958244",0.2333521991968155,0.2639506757259369,0.5026971697807312
test_Seq_282,0,2,"benchmark=nucleotide_transformer_downstream_tasks;dataset=splice_sites_all;matching=kmer_balanced;matching_signature=(9, 'TTT');border_estimator=center_window_kmer_jsd;estimator=center_jsd;window=48;search_radius=24;kmer=2;top_ratio=0.25;score_scale=4.0;motif_weight=0.0;motif_radius=12;score_normalization=train_quantile;raw_border_score=0.142225;border_score=0.834378",0.29199185967445374,0.30391284823417664,0.40409523248672485
test_Seq_1768,1,2,"benchmark=nucleotide_transformer_downstream_tasks;dataset=splice_sites_all;matching=kmer_balanced;matching_signature=(9, 'TTT');border_estimator=center_window_kmer_jsd;estimator=center_jsd;window=48;search_radius=24;kmer=2;top_ratio=0.25;score_scale=4.0;motif_weight=0.0;motif_radius=12;score_normalization=train_quantile;raw_border_score=0.121241;border_score=0.811800",0.29011839628219604,0.31773969531059265,0.3921419084072113
test_Seq_1127,1,2,"benchmark=nucleotide_transformer_downstream_tasks;dataset=splice_sites_all;matching=kmer_balanced;matching_signature=(6, 'TTT');border_estimator=center_window_kmer_jsd;estimator=center_jsd;window=48;search_radius=24;kmer=2;top_ratio=0.25;score_scale=4.0;motif_weight=0.0;motif_radius=12;score_normalization=train_quantile;raw_border_score=0.219688;border_score=1.017756",0.24054819345474243,0.26956766843795776,0.4898841083049774
test_Seq_904,0,2,"benchmark=nucleotide_transformer_downstream_tasks;dataset=splice_sites_all;matching=kmer_balanced;matching_signature=(12, 'GGG');border_estimator=center_window_kmer_jsd;estimator=center_jsd;window=48;search_radius=24;kmer=2;top_ratio=0.25;score_scale=4.0;motif_weight=0.0;motif_radius=12;score_normalization=train_quantile;raw_border_score=0.295731;border_score=1.141444",0.29704606533050537,0.3039948344230652,0.39895904064178467
test_Seq_1015,1,2,"benchmark=nucleotide_transformer_downstream_tasks;dataset=splice_sites_all;matching=kmer_balanced;matching_signature=(7, 'TTT');border_estimator=center_window_kmer_jsd;estimator=center_jsd;window=48;search_radius=24;kmer=2;top_ratio=0.25;score_scale=4.0;motif_weight=0.0;motif_radius=12;score_normalization=train_quantile;raw_border_score=0.309174;border_score=1.153311",0.25535762310028076,0.27947720885276794,0.4651651680469513
test_Seq_761,0,2,"benchmark=nucleotide_transformer_downstream_tasks;dataset=splice_sites_all;matching=kmer_balanced;matching_signature=(10, 'TTT');border_estimator=center_window_kmer_jsd;estimator=center_jsd;window=48;search_radius=24;kmer=2;top_ratio=0.25;score_scale=4.0;motif_weight=0.0;motif_radius=12;score_normalization=train_quantile;raw_border_score=0.272454;border_score=1.113933",0.2939910888671875,0.3112851679325104,0.3947237730026245
test_Seq_2036,2,2,"benchmark=nucleotide_transformer_downstream_tasks;dataset=splice_sites_all;matching=kmer_balanced;matching_signature=(11, 'CTG');border_estimator=center_window_kmer_jsd;estimator=center_jsd;window=48;search_radius=24;kmer=2;top_ratio=0.25;score_scale=4.0;motif_weight=0.0;motif_radius=12;score_normalization=train_quantile;raw_border_score=0.134187;border_score=0.824289",0.3000946640968323,0.30981022119522095,0.3900950253009796
test_Seq_304,0,2,"benchmark=nucleotide_transformer_downstream_tasks;dataset=splice_sites_all;matching=kmer_balanced;matching_signature=(8, 'AAA');border_estimator=center_window_kmer_jsd;estimator=center_jsd;window=48;search_radius=24;kmer=2;top_ratio=0.25;score_scale=4.0;motif_weight=0.0;motif_radius=12;score_normalization=train_quantile;raw_border_score=0.238258;border_score=1.055000",0.2928386330604553,0.2992168664932251,0.40794453024864197
test_Seq_1671,1,2,"benchmark=nucleotide_transformer_downstream_tasks;dataset=splice_sites_all;matching=kmer_balanced;matching_signature=(8, 'TTT');border_estimator=center_window_kmer_jsd;estimator=center_jsd;window=48;search_radius=24;kmer=2;top_ratio=0.25;score_scale=4.0;motif_weight=0.0;motif_radius=12;score_normalization=train_quantile;raw_border_score=0.284507;border_score=1.129756",0.2631002962589264,0.28970199823379517,0.44719770550727844
test_Seq_1386,1,2,"benchmark=nucleotide_transformer_downstream_tasks;dataset=splice_sites_all;matching=kmer_balanced;matching_signature=(7, 'TTT');border_estimator=center_window_kmer_jsd;estimator=center_jsd;window=48;search_radius=24;kmer=2;top_ratio=0.25;score_scale=4.0;motif_weight=0.0;motif_radius=12;score_normalization=train_quantile;raw_border_score=0.331544;border_score=1.167089",0.24416199326515198,0.26629072427749634,0.4895472824573517
test_Seq_1610,1,2,"benchmark=nucleotide_transformer_downstream_tasks;dataset=splice_sites_all;matching=kmer_balanced;matching_signature=(6, 'TTT');border_estimator=center_window_kmer_jsd;estimator=center_jsd;window=48;search_radius=24;kmer=2;top_ratio=0.25;score_scale=4.0;motif_weight=0.0;motif_radius=12;score_normalization=train_quantile;raw_border_score=0.187540;border_score=0.937356",0.26428791880607605,0.2875749170780182,0.44813716411590576
test_Seq_2699,2,2,"benchmark=nucleotide_transformer_downstream_tasks;dataset=splice_sites_all;matching=kmer_balanced;matching_signature=(8, 'TTT');border_estimator=center_window_kmer_jsd;estimator=center_jsd;window=48;search_radius=24;kmer=2;top_ratio=0.25;score_scale=4.0;motif_weight=0.0;motif_radius=12;score_normalization=train_quantile;raw_border_score=0.264716;border_score=1.103000",0.30317047238349915,0.3223179578781128,0.37451156973838806
test_Seq_1491,1,2,"benchmark=nucleotide_transformer_downstream_tasks;dataset=splice_sites_all;matching=kmer_balanced;matching_signature=(13, 'CCC');border_estimator=center_window_kmer_jsd;estimator=center_jsd;window=48;search_radius=24;kmer=2;top_ratio=0.25;score_scale=4.0;motif_weight=0.0;motif_radius=12;score_normalization=train_quantile;raw_border_score=0.119416;border_score=0.810556",0.2771357297897339,0.29052644968032837,0.43233779072761536
test_Seq_203,0,2,"benchmark=nucleotide_transformer_downstream_tasks;dataset=splice_sites_all;matching=kmer_balanced;matching_signature=(8, 'GAA');border_estimator=center_window_kmer_jsd;estimator=center_jsd;window=48;search_radius=24;kmer=2;top_ratio=0.25;score_scale=4.0;motif_weight=0.0;motif_radius=12;score_normalization=train_quantile;raw_border_score=0.271860;border_score=1.113000",0.23058046400547028,0.2646905779838562,0.5047289729118347
test_Seq_1952,1,2,"benchmark=nucleotide_transformer_downstream_tasks;dataset=splice_sites_all;matching=kmer_balanced;matching_signature=(8, 'TTT');border_estimator=center_window_kmer_jsd;estimator=center_jsd;window=48;search_radius=24;kmer=2;top_ratio=0.25;score_scale=4.0;motif_weight=0.0;motif_radius=12;score_normalization=train_quantile;raw_border_score=0.266366;border_score=1.105133",0.22990918159484863,0.2509075403213501,0.5191832780838013
test_Seq_534,0,2,"benchmark=nucleotide_transformer_downstream_tasks;dataset=splice_sites_all;matching=kmer_balanced;matching_signature=(8, 'AAA');border_estimator=center_window_kmer_jsd;estimator=center_jsd;window=48;search_radius=24;kmer=2;top_ratio=0.25;score_scale=4.0;motif_weight=0.0;motif_radius=12;score_normalization=train_quantile;raw_border_score=0.196238;border_score=0.960689",0.28930509090423584,0.30932214856147766,0.4013727307319641
test_Seq_931,0,2,"benchmark=nucleotide_transformer_downstream_tasks;dataset=splice_sites_all;matching=kmer_balanced;matching_signature=(9, 'TTT');border_estimator=center_window_kmer_jsd;estimator=center_jsd;window=48;search_radius=24;kmer=2;top_ratio=0.25;score_scale=4.0;motif_weight=0.0;motif_radius=12;score_normalization=train_quantile;raw_border_score=0.275104;border_score=1.117444",0.24007302522659302,0.2643320858478546,0.49559485912323
test_Seq_770,0,2,"benchmark=nucleotide_transformer_downstream_tasks;dataset=splice_sites_all;matching=kmer_balanced;matching_signature=(10, 'CTC');border_estimator=center_window_kmer_jsd;estimator=center_jsd;window=48;search_radius=24;kmer=2;top_ratio=0.25;score_scale=4.0;motif_weight=0.0;motif_radius=12;score_normalization=train_quantile;raw_border_score=0.192890;border_score=0.951667",0.29049891233444214,0.30328401923179626,0.40621697902679443
test_Seq_349,0,1,"benchmark=nucleotide_transformer_downstream_tasks;dataset=splice_sites_all;matching=kmer_balanced;matching_signature=(10, 'GAG');border_estimator=center_window_kmer_jsd;estimator=center_jsd;window=48;search_radius=24;kmer=2;top_ratio=0.25;score_scale=4.0;motif_weight=0.0;motif_radius=12;score_normalization=train_quantile;raw_border_score=0.256668;border_score=1.090022",0.3549567461013794,0.35804229974746704,0.2870009243488312
test_Seq_1185,1,2,"benchmark=nucleotide_transformer_downstream_tasks;dataset=splice_sites_all;matching=kmer_balanced;matching_signature=(8, 'AAA');border_estimator=center_window_kmer_jsd;estimator=center_jsd;window=48;search_radius=24;kmer=2;top_ratio=0.25;score_scale=4.0;motif_weight=0.0;motif_radius=12;score_normalization=train_quantile;raw_border_score=0.199902;border_score=0.971000",0.2622193992137909,0.28141164779663086,0.45636889338493347
test_Seq_2852,2,2,"benchmark=nucleotide_transformer_downstream_tasks;dataset=splice_sites_all;matching=kmer_balanced;matching_signature=(10, 'TTT');border_estimator=center_window_kmer_jsd;estimator=center_jsd;window=48;search_radius=24;kmer=2;top_ratio=0.25;score_scale=4.0;motif_weight=0.0;motif_radius=12;score_normalization=train_quantile;raw_border_score=0.192847;border_score=0.951622",0.1999332457780838,0.21574942767620087,0.5843172669410706
test_Seq_2816,2,2,"benchmark=nucleotide_transformer_downstream_tasks;dataset=splice_sites_all;matching=kmer_balanced;matching_signature=(8, 'GAA');border_estimator=center_window_kmer_jsd;estimator=center_jsd;window=48;search_radius=24;kmer=2;top_ratio=0.25;score_scale=4.0;motif_weight=0.0;motif_radius=12;score_normalization=train_quantile;raw_border_score=0.128851;border_score=0.818289",0.2748171389102936,0.30254223942756653,0.4226406216621399
test_Seq_1277,1,2,"benchmark=nucleotide_transformer_downstream_tasks;dataset=splice_sites_all;matching=kmer_balanced;matching_signature=(6, 'TTT');border_estimator=center_window_kmer_jsd;estimator=center_jsd;window=48;search_radius=24;kmer=2;top_ratio=0.25;score_scale=4.0;motif_weight=0.0;motif_radius=12;score_normalization=train_quantile;raw_border_score=0.132562;border_score=0.822244",0.24510051310062408,0.27298468351364136,0.48191478848457336
test_Seq_1367,1,2,"benchmark=nucleotide_transformer_downstream_tasks;dataset=splice_sites_all;matching=kmer_balanced;matching_signature=(8, 'TTT');border_estimator=center_window_kmer_jsd;estimator=center_jsd;window=48;search_radius=24;kmer=2;top_ratio=0.25;score_scale=4.0;motif_weight=0.0;motif_radius=12;score_normalization=train_quantile;raw_border_score=0.226440;border_score=1.032600",0.2818608582019806,0.3027889132499695,0.41535019874572754
test_Seq_2053,2,2,"benchmark=nucleotide_transformer_downstream_tasks;dataset=splice_sites_all;matching=kmer_balanced;matching_signature=(9, 'TCT');border_estimator=center_window_kmer_jsd;estimator=center_jsd;window=48;search_radius=24;kmer=2;top_ratio=0.25;score_scale=4.0;motif_weight=0.0;motif_radius=12;score_normalization=train_quantile;raw_border_score=0.180934;border_score=0.920200",0.23362776637077332,0.2569461166858673,0.5094261169433594
test_Seq_1934,1,2,"benchmark=nucleotide_transformer_downstream_tasks;dataset=splice_sites_all;matching=kmer_balanced;matching_signature=(7, 'AAA');border_estimator=center_window_kmer_jsd;estimator=center_jsd;window=48;search_radius=24;kmer=2;top_ratio=0.25;score_scale=4.0;motif_weight=0.0;motif_radius=12;score_normalization=train_quantile;raw_border_score=0.375090;border_score=1.185489",0.2598520815372467,0.2759624421596527,0.464185506105423
test_Seq_122,0,2,"benchmark=nucleotide_transformer_downstream_tasks;dataset=splice_sites_all;matching=kmer_balanced;matching_signature=(9, 'TTT');border_estimator=center_window_kmer_jsd;estimator=center_jsd;window=48;search_radius=24;kmer=2;top_ratio=0.25;score_scale=4.0;motif_weight=0.0;motif_radius=12;score_normalization=train_quantile;raw_border_score=0.239802;border_score=1.057800",0.2171766310930252,0.23832009732723236,0.5445032119750977
test_Seq_1114,1,2,"benchmark=nucleotide_transformer_downstream_tasks;dataset=splice_sites_all;matching=kmer_balanced;matching_signature=(5, 'TTT');border_estimator=center_window_kmer_jsd;estimator=center_jsd;window=48;search_radius=24;kmer=2;top_ratio=0.25;score_scale=4.0;motif_weight=0.0;motif_radius=12;score_normalization=train_quantile;raw_border_score=0.244856;border_score=1.069000",0.2525927424430847,0.2770061492919922,0.4704011380672455
test_Seq_2159,2,2,"benchmark=nucleotide_transformer_downstream_tasks;dataset=splice_sites_all;matching=kmer_balanced;matching_signature=(5, 'TTT');border_estimator=center_window_kmer_jsd;estimator=center_jsd;window=48;search_radius=24;kmer=2;top_ratio=0.25;score_scale=4.0;motif_weight=0.0;motif_radius=12;score_normalization=train_quantile;raw_border_score=0.145252;border_score=0.839311",0.26574623584747314,0.2870352566242218,0.44721853733062744
test_Seq_1011,1,2,"benchmark=nucleotide_transformer_downstream_tasks;dataset=splice_sites_all;matching=kmer_balanced;matching_signature=(7, 'TTT');border_estimator=center_window_kmer_jsd;estimator=center_jsd;window=48;search_radius=24;kmer=2;top_ratio=0.25;score_scale=4.0;motif_weight=0.0;motif_radius=12;score_normalization=train_quantile;raw_border_score=0.224307;border_score=1.028511",0.2399398535490036,0.26525795459747314,0.49480217695236206
test_Seq_2617,2,2,"benchmark=nucleotide_transformer_downstream_tasks;dataset=splice_sites_all;matching=kmer_balanced;matching_signature=(8, 'AAA');border_estimator=center_window_kmer_jsd;estimator=center_jsd;window=48;search_radius=24;kmer=2;top_ratio=0.25;score_scale=4.0;motif_weight=0.0;motif_radius=12;score_normalization=train_quantile;raw_border_score=0.355495;border_score=1.179000",0.21279631555080414,0.23439733684062958,0.5528063774108887
test_Seq_161,0,2,"benchmark=nucleotide_transformer_downstream_tasks;dataset=splice_sites_all;matching=kmer_balanced;matching_signature=(11, 'GGG');border_estimator=center_window_kmer_jsd;estimator=center_jsd;window=48;search_radius=24;kmer=2;top_ratio=0.25;score_scale=4.0;motif_weight=0.0;motif_radius=12;score_normalization=train_quantile;raw_border_score=0.339706;border_score=1.171711",0.2760160267353058,0.30039411783218384,0.423589825630188
test_Seq_846,0,2,"benchmark=nucleotide_transformer_downstream_tasks;dataset=splice_sites_all;matching=kmer_balanced;matching_signature=(9, 'TTT');border_estimator=center_window_kmer_jsd;estimator=center_jsd;window=48;search_radius=24;kmer=2;top_ratio=0.25;score_scale=4.0;motif_weight=0.0;motif_radius=12;score_normalization=train_quantile;raw_border_score=0.230107;border_score=1.039978",0.24427075684070587,0.27535343170166016,0.48037588596343994
test_Seq_2135,2,2,"benchmark=nucleotide_transformer_downstream_tasks;dataset=splice_sites_all;matching=kmer_balanced;matching_signature=(6, 'TTT');border_estimator=center_window_kmer_jsd;estimator=center_jsd;window=48;search_radius=24;kmer=2;top_ratio=0.25;score_scale=4.0;motif_weight=0.0;motif_radius=12;score_normalization=train_quantile;raw_border_score=0.185174;border_score=0.931044",0.2308657020330429,0.2549578547477722,0.5141764283180237
test_Seq_2061,2,2,"benchmark=nucleotide_transformer_downstream_tasks;dataset=splice_sites_all;matching=kmer_balanced;matching_signature=(10, 'TGT');border_estimator=center_window_kmer_jsd;estimator=center_jsd;window=48;search_radius=24;kmer=2;top_ratio=0.25;score_scale=4.0;motif_weight=0.0;motif_radius=12;score_normalization=train_quantile;raw_border_score=0.223885;border_score=1.027978",0.26361075043678284,0.28069859743118286,0.4556907117366791
test_Seq_2737,2,2,"benchmark=nucleotide_transformer_downstream_tasks;dataset=splice_sites_all;matching=kmer_balanced;matching_signature=(7, 'TTT');border_estimator=center_window_kmer_jsd;estimator=center_jsd;window=48;search_radius=24;kmer=2;top_ratio=0.25;score_scale=4.0;motif_weight=0.0;motif_radius=12;score_normalization=train_quantile;raw_border_score=0.276999;border_score=1.119844",0.24482274055480957,0.2720264494419098,0.48315078020095825
test_Seq_268,0,2,"benchmark=nucleotide_transformer_downstream_tasks;dataset=splice_sites_all;matching=kmer_balanced;matching_signature=(10, 'GGG');border_estimator=center_window_kmer_jsd;estimator=center_jsd;window=48;search_radius=24;kmer=2;top_ratio=0.25;score_scale=4.0;motif_weight=0.0;motif_radius=12;score_normalization=train_quantile;raw_border_score=0.191180;border_score=0.947444",0.2993861138820648,0.30992063879966736,0.39069318771362305
test_Seq_2258,2,2,"benchmark=nucleotide_transformer_downstream_tasks;dataset=splice_sites_all;matching=kmer_balanced;matching_signature=(12, 'CTG');border_estimator=center_window_kmer_jsd;estimator=center_jsd;window=48;search_radius=24;kmer=2;top_ratio=0.25;score_scale=4.0;motif_weight=0.0;motif_radius=12;score_normalization=train_quantile;raw_border_score=0.265874;border_score=1.104778",0.3090831935405731,0.31775543093681335,0.37316134572029114
test_Seq_355,0,2,"benchmark=nucleotide_transformer_downstream_tasks;dataset=splice_sites_all;matching=kmer_balanced;matching_signature=(8, 'TTT');border_estimator=center_window_kmer_jsd;estimator=center_jsd;window=48;search_radius=24;kmer=2;top_ratio=0.25;score_scale=4.0;motif_weight=0.0;motif_radius=12;score_normalization=train_quantile;raw_border_score=0.485342;border_score=1.197667",0.30961987376213074,0.3248569667339325,0.3655231297016144
test_Seq_942,0,2,"benchmark=nucleotide_transformer_downstream_tasks;dataset=splice_sites_all;matching=kmer_balanced;matching_signature=(9, 'AAA');border_estimator=center_window_kmer_jsd;estimator=center_jsd;window=48;search_radius=24;kmer=2;top_ratio=0.25;score_scale=4.0;motif_weight=0.0;motif_radius=12;score_normalization=train_quantile;raw_border_score=0.156228;border_score=0.859756",0.2896362543106079,0.30648061633110046,0.40388306975364685
test_Seq_1904,1,2,"benchmark=nucleotide_transformer_downstream_tasks;dataset=splice_sites_all;matching=kmer_balanced;matching_signature=(8, 'TTT');border_estimator=center_window_kmer_jsd;estimator=center_jsd;window=48;search_radius=24;kmer=2;top_ratio=0.25;score_scale=4.0;motif_weight=0.0;motif_radius=12;score_normalization=train_quantile;raw_border_score=0.269204;border_score=1.108822",0.2560923099517822,0.28551989793777466,0.4583878219127655
test_Seq_748,0,2,"benchmark=nucleotide_transformer_downstream_tasks;dataset=splice_sites_all;matching=kmer_balanced;matching_signature=(7, 'TTT');border_estimator=center_window_kmer_jsd;estimator=center_jsd;window=48;search_radius=24;kmer=2;top_ratio=0.25;score_scale=4.0;motif_weight=0.0;motif_radius=12;score_normalization=train_quantile;raw_border_score=0.134441;border_score=0.824511",0.24295170605182648,0.2755591869354248,0.48148903250694275
test_Seq_149,0,2,"benchmark=nucleotide_transformer_downstream_tasks;dataset=splice_sites_all;matching=kmer_balanced;matching_signature=(14, 'GGC');border_estimator=center_window_kmer_jsd;estimator=center_jsd;window=48;search_radius=24;kmer=2;top_ratio=0.25;score_scale=4.0;motif_weight=0.0;motif_radius=12;score_normalization=train_quantile;raw_border_score=0.131132;border_score=0.820644",0.30554166436195374,0.310314804315567,0.38414350152015686
test_Seq_711,0,2,"benchmark=nucleotide_transformer_downstream_tasks;dataset=splice_sites_all;matching=kmer_balanced;matching_signature=(7, 'TTT');border_estimator=center_window_kmer_jsd;estimator=center_jsd;window=48;search_radius=24;kmer=2;top_ratio=0.25;score_scale=4.0;motif_weight=0.0;motif_radius=12;score_normalization=train_quantile;raw_border_score=0.189765;border_score=0.943578",0.21712620556354523,0.23982003331184387,0.5430537462234497
test_Seq_1342,1,2,"benchmark=nucleotide_transformer_downstream_tasks;dataset=splice_sites_all;matching=kmer_balanced;matching_signature=(6, 'TTT');border_estimator=center_window_kmer_jsd;estimator=center_jsd;window=48;search_radius=24;kmer=2;top_ratio=0.25;score_scale=4.0;motif_weight=0.0;motif_radius=12;score_normalization=train_quantile;raw_border_score=0.242202;border_score=1.064067",0.24354124069213867,0.2730671763420105,0.48339149355888367
test_Seq_1514,1,2,"benchmark=nucleotide_transformer_downstream_tasks;dataset=splice_sites_all;matching=kmer_balanced;matching_signature=(7, 'TGT');border_estimator=center_window_kmer_jsd;estimator=center_jsd;window=48;search_radius=24;kmer=2;top_ratio=0.25;score_scale=4.0;motif_weight=0.0;motif_radius=12;score_normalization=train_quantile;raw_border_score=0.210114;border_score=0.995267",0.26386430859565735,0.2967134714126587,0.4394221901893616
test_Seq_2140,2,2,"benchmark=nucleotide_transformer_downstream_tasks;dataset=splice_sites_all;matching=kmer_balanced;matching_signature=(12, 'GGG');border_estimator=center_window_kmer_jsd;estimator=center_jsd;window=48;search_radius=24;kmer=2;top_ratio=0.25;score_scale=4.0;motif_weight=0.0;motif_radius=12;score_normalization=train_quantile;raw_border_score=0.236919;border_score=1.052422",0.29838475584983826,0.3116728365421295,0.38994234800338745
test_Seq_739,0,1,"benchmark=nucleotide_transformer_downstream_tasks;dataset=splice_sites_all;matching=kmer_balanced;matching_signature=(9, 'CTG');border_estimator=center_window_kmer_jsd;estimator=center_jsd;window=48;search_radius=24;kmer=2;top_ratio=0.25;score_scale=4.0;motif_weight=0.0;motif_radius=12;score_normalization=train_quantile;raw_border_score=0.297996;border_score=1.143667",0.3379683494567871,0.35113146901130676,0.31090018153190613
test_Seq_1228,1,2,"benchmark=nucleotide_transformer_downstream_tasks;dataset=splice_sites_all;matching=kmer_balanced;matching_signature=(7, 'AAA');border_estimator=center_window_kmer_jsd;estimator=center_jsd;window=48;search_radius=24;kmer=2;top_ratio=0.25;score_scale=4.0;motif_weight=0.0;motif_radius=12;score_normalization=train_quantile;raw_border_score=0.166286;border_score=0.882022",0.2513897716999054,0.272482693195343,0.476127564907074
test_Seq_2607,2,2,"benchmark=nucleotide_transformer_downstream_tasks;dataset=splice_sites_all;matching=kmer_balanced;matching_signature=(8, 'TTT');border_estimator=center_window_kmer_jsd;estimator=center_jsd;window=48;search_radius=24;kmer=2;top_ratio=0.25;score_scale=4.0;motif_weight=0.0;motif_radius=12;score_normalization=train_quantile;raw_border_score=0.191945;border_score=0.949444",0.31164249777793884,0.3286716341972351,0.35968583822250366
test_Seq_1034,1,2,"benchmark=nucleotide_transformer_downstream_tasks;dataset=splice_sites_all;matching=kmer_balanced;matching_signature=(9, 'TCT');border_estimator=center_window_kmer_jsd;estimator=center_jsd;window=48;search_radius=24;kmer=2;top_ratio=0.25;score_scale=4.0;motif_weight=0.0;motif_radius=12;score_normalization=train_quantile;raw_border_score=0.212625;border_score=1.001000",0.278466135263443,0.3035919964313507,0.4179418683052063
test_Seq_1279,1,2,"benchmark=nucleotide_transformer_downstream_tasks;dataset=splice_sites_all;matching=kmer_balanced;matching_signature=(7, 'AAA');border_estimator=center_window_kmer_jsd;estimator=center_jsd;window=48;search_radius=24;kmer=2;top_ratio=0.25;score_scale=4.0;motif_weight=0.0;motif_radius=12;score_normalization=train_quantile;raw_border_score=0.224667;border_score=1.029222",0.27251142263412476,0.29254207015037537,0.4349464774131775
test_Seq_2074,2,2,"benchmark=nucleotide_transformer_downstream_tasks;dataset=splice_sites_all;matching=kmer_balanced;matching_signature=(8, 'TTT');border_estimator=center_window_kmer_jsd;estimator=center_jsd;window=48;search_radius=24;kmer=2;top_ratio=0.25;score_scale=4.0;motif_weight=0.0;motif_radius=12;score_normalization=train_quantile;raw_border_score=0.214783;border_score=1.005533",0.21600937843322754,0.2443590611219406,0.5396315455436707
test_Seq_1751,1,2,"benchmark=nucleotide_transformer_downstream_tasks;dataset=splice_sites_all;matching=kmer_balanced;matching_signature=(9, 'TTT');border_estimator=center_window_kmer_jsd;estimator=center_jsd;window=48;search_radius=24;kmer=2;top_ratio=0.25;score_scale=4.0;motif_weight=0.0;motif_radius=12;score_normalization=train_quantile;raw_border_score=0.248478;border_score=1.076067",0.31576427817344666,0.33582812547683716,0.3484076261520386
test_Seq_2563,2,2,"benchmark=nucleotide_transformer_downstream_tasks;dataset=splice_sites_all;matching=kmer_balanced;matching_signature=(8, 'TCT');border_estimator=center_window_kmer_jsd;estimator=center_jsd;window=48;search_radius=24;kmer=2;top_ratio=0.25;score_scale=4.0;motif_weight=0.0;motif_radius=12;score_normalization=train_quantile;raw_border_score=0.119916;border_score=0.810956",0.24195821583271027,0.2712031900882721,0.48683860898017883
test_Seq_1276,1,2,"benchmark=nucleotide_transformer_downstream_tasks;dataset=splice_sites_all;matching=kmer_balanced;matching_signature=(7, 'AAA');border_estimator=center_window_kmer_jsd;estimator=center_jsd;window=48;search_radius=24;kmer=2;top_ratio=0.25;score_scale=4.0;motif_weight=0.0;motif_radius=12;score_normalization=train_quantile;raw_border_score=0.096829;border_score=0.802111",0.2504552900791168,0.2743948698043823,0.47514989972114563
test_Seq_1632,1,2,"benchmark=nucleotide_transformer_downstream_tasks;dataset=splice_sites_all;matching=kmer_balanced;matching_signature=(10, 'GAG');border_estimator=center_window_kmer_jsd;estimator=center_jsd;window=48;search_radius=24;kmer=2;top_ratio=0.25;score_scale=4.0;motif_weight=0.0;motif_radius=12;score_normalization=train_quantile;raw_border_score=0.225340;border_score=1.030733",0.30265381932258606,0.3191896677017212,0.37815654277801514
test_Seq_1640,1,2,"benchmark=nucleotide_transformer_downstream_tasks;dataset=splice_sites_all;matching=kmer_balanced;matching_signature=(5, 'TTT');border_estimator=center_window_kmer_jsd;estimator=center_jsd;window=48;search_radius=24;kmer=2;top_ratio=0.25;score_scale=4.0;motif_weight=0.0;motif_radius=12;score_normalization=train_quantile;raw_border_score=0.253670;border_score=1.085356",0.23836857080459595,0.25639811158180237,0.5052333474159241
test_Seq_1887,1,2,"benchmark=nucleotide_transformer_downstream_tasks;dataset=splice_sites_all;matching=kmer_balanced;matching_signature=(9, 'AAA');border_estimator=center_window_kmer_jsd;estimator=center_jsd;window=48;search_radius=24;kmer=2;top_ratio=0.25;score_scale=4.0;motif_weight=0.0;motif_radius=12;score_normalization=train_quantile;raw_border_score=0.252405;border_score=1.082911",0.24539510905742645,0.2668047845363617,0.48780006170272827
test_Seq_610,0,2,"benchmark=nucleotide_transformer_downstream_tasks;dataset=splice_sites_all;matching=kmer_balanced;matching_signature=(11, 'CCC');border_estimator=center_window_kmer_jsd;estimator=center_jsd;window=48;search_radius=24;kmer=2;top_ratio=0.25;score_scale=4.0;motif_weight=0.0;motif_radius=12;score_normalization=train_quantile;raw_border_score=0.342682;border_score=1.173178",0.3128361105918884,0.3193274140357971,0.36783653497695923
test_Seq_1735,1,2,"benchmark=nucleotide_transformer_downstream_tasks;dataset=splice_sites_all;matching=kmer_balanced;matching_signature=(7, 'TTT');border_estimator=center_window_kmer_jsd;estimator=center_jsd;window=48;search_radius=24;kmer=2;top_ratio=0.25;score_scale=4.0;motif_weight=0.0;motif_radius=12;score_normalization=train_quantile;raw_border_score=0.197896;border_score=0.965400",0.2729458212852478,0.29883909225463867,0.42821505665779114
test_Seq_2204,2,1,"benchmark=nucleotide_transformer_downstream_tasks;dataset=splice_sites_all;matching=kmer_balanced;matching_signature=(12, 'CTG');border_estimator=center_window_kmer_jsd;estimator=center_jsd;window=48;search_radius=24;kmer=2;top_ratio=0.25;score_scale=4.0;motif_weight=0.0;motif_radius=12;score_normalization=train_quantile;raw_border_score=0.186159;border_score=0.933578",0.3318619728088379,0.3421430289745331,0.3259950578212738
test_Seq_1872,1,2,"benchmark=nucleotide_transformer_downstream_tasks;dataset=splice_sites_all;matching=kmer_balanced;matching_signature=(6, 'TTT');border_estimator=center_window_kmer_jsd;estimator=center_jsd;window=48;search_radius=24;kmer=2;top_ratio=0.25;score_scale=4.0;motif_weight=0.0;motif_radius=12;score_normalization=train_quantile;raw_border_score=0.110502;border_score=0.805667",0.2560647130012512,0.29155904054641724,0.45237624645233154
test_Seq_425,0,2,"benchmark=nucleotide_transformer_downstream_tasks;dataset=splice_sites_all;matching=kmer_balanced;matching_signature=(9, 'AAA');border_estimator=center_window_kmer_jsd;estimator=center_jsd;window=48;search_radius=24;kmer=2;top_ratio=0.25;score_scale=4.0;motif_weight=0.0;motif_radius=12;score_normalization=train_quantile;raw_border_score=0.177616;border_score=0.912600",0.28618818521499634,0.31096163392066956,0.4028502106666565
test_Seq_612,0,2,"benchmark=nucleotide_transformer_downstream_tasks;dataset=splice_sites_all;matching=kmer_balanced;matching_signature=(8, 'TTT');border_estimator=center_window_kmer_jsd;estimator=center_jsd;window=48;search_radius=24;kmer=2;top_ratio=0.25;score_scale=4.0;motif_weight=0.0;motif_radius=12;score_normalization=train_quantile;raw_border_score=0.204824;border_score=0.983756",0.3072921335697174,0.32547247409820557,0.367235392332077
test_Seq_557,0,2,"benchmark=nucleotide_transformer_downstream_tasks;dataset=splice_sites_all;matching=kmer_balanced;matching_signature=(11, 'GGG');border_estimator=center_window_kmer_jsd;estimator=center_jsd;window=48;search_radius=24;kmer=2;top_ratio=0.25;score_scale=4.0;motif_weight=0.0;motif_radius=12;score_normalization=train_quantile;raw_border_score=0.252031;border_score=1.082333",0.3115238845348358,0.3301960527896881,0.3582800626754761
test_Seq_804,0,2,"benchmark=nucleotide_transformer_downstream_tasks;dataset=splice_sites_all;matching=kmer_balanced;matching_signature=(5, 'TTT');border_estimator=center_window_kmer_jsd;estimator=center_jsd;window=48;search_radius=24;kmer=2;top_ratio=0.25;score_scale=4.0;motif_weight=0.0;motif_radius=12;score_normalization=train_quantile;raw_border_score=0.159537;border_score=0.866644",0.2349502593278885,0.2567920982837677,0.5082576870918274
test_Seq_2405,2,2,"benchmark=nucleotide_transformer_downstream_tasks;dataset=splice_sites_all;matching=kmer_balanced;matching_signature=(13, 'CCC');border_estimator=center_window_kmer_jsd;estimator=center_jsd;window=48;search_radius=24;kmer=2;top_ratio=0.25;score_scale=4.0;motif_weight=0.0;motif_radius=12;score_normalization=train_quantile;raw_border_score=0.224421;border_score=1.028689",0.32841652631759644,0.3265564739704132,0.34502702951431274
test_Seq_277,0,2,"benchmark=nucleotide_transformer_downstream_tasks;dataset=splice_sites_all;matching=kmer_balanced;matching_signature=(8, 'TTT');border_estimator=center_window_kmer_jsd;estimator=center_jsd;window=48;search_radius=24;kmer=2;top_ratio=0.25;score_scale=4.0;motif_weight=0.0;motif_radius=12;score_normalization=train_quantile;raw_border_score=0.140545;border_score=0.832200",0.2589729428291321,0.2752794325351715,0.465747594833374
test_Seq_523,0,2,"benchmark=nucleotide_transformer_downstream_tasks;dataset=splice_sites_all;matching=kmer_balanced;matching_signature=(9, 'TGT');border_estimator=center_window_kmer_jsd;estimator=center_jsd;window=48;search_radius=24;kmer=2;top_ratio=0.25;score_scale=4.0;motif_weight=0.0;motif_radius=12;score_normalization=train_quantile;raw_border_score=0.147590;border_score=0.843356",0.28277111053466797,0.3018454611301422,0.4153834581375122
test_Seq_1396,1,2,"benchmark=nucleotide_transformer_downstream_tasks;dataset=splice_sites_all;matching=kmer_balanced;matching_signature=(6, 'AAA');border_estimator=center_window_kmer_jsd;estimator=center_jsd;window=48;search_radius=24;kmer=2;top_ratio=0.25;score_scale=4.0;motif_weight=0.0;motif_radius=12;score_normalization=train_quantile;raw_border_score=0.192509;border_score=0.951000",0.2454283982515335,0.2677222788333893,0.4868493378162384
test_Seq_786,0,2,"benchmark=nucleotide_transformer_downstream_tasks;dataset=splice_sites_all;matching=kmer_balanced;matching_signature=(12, 'CTG');border_estimator=center_window_kmer_jsd;estimator=center_jsd;window=48;search_radius=24;kmer=2;top_ratio=0.25;score_scale=4.0;motif_weight=0.0;motif_radius=12;score_normalization=train_quantile;raw_border_score=0.160231;border_score=0.867978",0.3020801246166229,0.3127511739730835,0.3851686418056488
test_Seq_1006,1,2,"benchmark=nucleotide_transformer_downstream_tasks;dataset=splice_sites_all;matching=kmer_balanced;matching_signature=(7, 'TTT');border_estimator=center_window_kmer_jsd;estimator=center_jsd;window=48;search_radius=24;kmer=2;top_ratio=0.25;score_scale=4.0;motif_weight=0.0;motif_radius=12;score_normalization=train_quantile;raw_border_score=0.244961;border_score=1.069400",0.2569983899593353,0.2811581790447235,0.4618433713912964
test_Seq_2139,2,2,"benchmark=nucleotide_transformer_downstream_tasks;dataset=splice_sites_all;matching=kmer_balanced;matching_signature=(7, 'AAA');border_estimator=center_window_kmer_jsd;estimator=center_jsd;window=48;search_radius=24;kmer=2;top_ratio=0.25;score_scale=4.0;motif_weight=0.0;motif_radius=12;score_normalization=train_quantile;raw_border_score=0.459660;border_score=1.196289",0.21631161868572235,0.242826446890831,0.540861964225769
test_Seq_1616,1,2,"benchmark=nucleotide_transformer_downstream_tasks;dataset=splice_sites_all;matching=kmer_balanced;matching_signature=(6, 'TTT');border_estimator=center_window_kmer_jsd;estimator=center_jsd;window=48;search_radius=24;kmer=2;top_ratio=0.25;score_scale=4.0;motif_weight=0.0;motif_radius=12;score_normalization=train_quantile;raw_border_score=0.184979;border_score=0.930511",0.22994032502174377,0.2511536478996277,0.5189059972763062
test_Seq_561,0,2,"benchmark=nucleotide_transformer_downstream_tasks;dataset=splice_sites_all;matching=kmer_balanced;matching_signature=(10, 'CTG');border_estimator=center_window_kmer_jsd;estimator=center_jsd;window=48;search_radius=24;kmer=2;top_ratio=0.25;score_scale=4.0;motif_weight=0.0;motif_radius=12;score_normalization=train_quantile;raw_border_score=0.158358;border_score=0.863444",0.3061823844909668,0.3166108727455139,0.3772067427635193
test_Seq_1153,1,2,"benchmark=nucleotide_transformer_downstream_tasks;dataset=splice_sites_all;matching=kmer_balanced;matching_signature=(7, 'TTT');border_estimator=center_window_kmer_jsd;estimator=center_jsd;window=48;search_radius=24;kmer=2;top_ratio=0.25;score_scale=4.0;motif_weight=0.0;motif_radius=12;score_normalization=train_quantile;raw_border_score=0.156130;border_score=0.859489",0.2514221668243408,0.2789599895477295,0.4696178436279297
test_Seq_264,0,2,"benchmark=nucleotide_transformer_downstream_tasks;dataset=splice_sites_all;matching=kmer_balanced;matching_signature=(6, 'TTT');border_estimator=center_window_kmer_jsd;estimator=center_jsd;window=48;search_radius=24;kmer=2;top_ratio=0.25;score_scale=4.0;motif_weight=0.0;motif_radius=12;score_normalization=train_quantile;raw_border_score=0.194639;border_score=0.956022",0.27811160683631897,0.29907622933387756,0.42281216382980347
test_Seq_1783,1,2,"benchmark=nucleotide_transformer_downstream_tasks;dataset=splice_sites_all;matching=kmer_balanced;matching_signature=(8, 'TCT');border_estimator=center_window_kmer_jsd;estimator=center_jsd;window=48;search_radius=24;kmer=2;top_ratio=0.25;score_scale=4.0;motif_weight=0.0;motif_radius=12;score_normalization=train_quantile;raw_border_score=0.187850;border_score=0.938378",0.2414705753326416,0.2725640535354614,0.4859653115272522
test_Seq_2440,2,2,"benchmark=nucleotide_transformer_downstream_tasks;dataset=splice_sites_all;matching=kmer_balanced;matching_signature=(10, 'CAG');border_estimator=center_window_kmer_jsd;estimator=center_jsd;window=48;search_radius=24;kmer=2;top_ratio=0.25;score_scale=4.0;motif_weight=0.0;motif_radius=12;score_normalization=train_quantile;raw_border_score=0.196818;border_score=0.962289",0.2911497950553894,0.31419622898101807,0.39465397596359253
test_Seq_1217,1,2,"benchmark=nucleotide_transformer_downstream_tasks;dataset=splice_sites_all;matching=kmer_balanced;matching_signature=(6, 'AAA');border_estimator=center_window_kmer_jsd;estimator=center_jsd;window=48;search_radius=24;kmer=2;top_ratio=0.25;score_scale=4.0;motif_weight=0.0;motif_radius=12;score_normalization=train_quantile;raw_border_score=0.260140;border_score=1.095978",0.2613701820373535,0.28513678908348083,0.45349302887916565
test_Seq_1969,1,2,"benchmark=nucleotide_transformer_downstream_tasks;dataset=splice_sites_all;matching=kmer_balanced;matching_signature=(10, 'TGT');border_estimator=center_window_kmer_jsd;estimator=center_jsd;window=48;search_radius=24;kmer=2;top_ratio=0.25;score_scale=4.0;motif_weight=0.0;motif_radius=12;score_normalization=train_quantile;raw_border_score=0.242491;border_score=1.064778",0.2945312559604645,0.3167453110218048,0.3887234628200531
test_Seq_274,0,2,"benchmark=nucleotide_transformer_downstream_tasks;dataset=splice_sites_all;matching=kmer_balanced;matching_signature=(12, 'CAG');border_estimator=center_window_kmer_jsd;estimator=center_jsd;window=48;search_radius=24;kmer=2;top_ratio=0.25;score_scale=4.0;motif_weight=0.0;motif_radius=12;score_normalization=train_quantile;raw_border_score=0.108657;border_score=0.805000",0.2960955798625946,0.3054211139678955,0.3984832763671875
test_Seq_2909,2,2,"benchmark=nucleotide_transformer_downstream_tasks;dataset=splice_sites_all;matching=kmer_balanced;matching_signature=(6, 'AAT');border_estimator=center_window_kmer_jsd;estimator=center_jsd;window=48;search_radius=24;kmer=2;top_ratio=0.25;score_scale=4.0;motif_weight=0.0;motif_radius=12;score_normalization=train_quantile;raw_border_score=0.180603;border_score=0.919311",0.2593441605567932,0.2762889266014099,0.46436697244644165
test_Seq_1696,1,2,"benchmark=nucleotide_transformer_downstream_tasks;dataset=splice_sites_all;matching=kmer_balanced;matching_signature=(7, 'TGT');border_estimator=center_window_kmer_jsd;estimator=center_jsd;window=48;search_radius=24;kmer=2;top_ratio=0.25;score_scale=4.0;motif_weight=0.0;motif_radius=12;score_normalization=train_quantile;raw_border_score=0.214666;border_score=1.005400",0.2362312376499176,0.2575260102748871,0.5062428116798401
test_Seq_1718,1,2,"benchmark=nucleotide_transformer_downstream_tasks;dataset=splice_sites_all;matching=kmer_balanced;matching_signature=(11, 'TGG');border_estimator=center_window_kmer_jsd;estimator=center_jsd;window=48;search_radius=24;kmer=2;top_ratio=0.25;score_scale=4.0;motif_weight=0.0;motif_radius=12;score_normalization=train_quantile;raw_border_score=0.192000;border_score=0.949667",0.32034051418304443,0.3292868733406067,0.3503726124763489
test_Seq_2715,2,2,"benchmark=nucleotide_transformer_downstream_tasks;dataset=splice_sites_all;matching=kmer_balanced;matching_signature=(6, 'TTT');border_estimator=center_window_kmer_jsd;estimator=center_jsd;window=48;search_radius=24;kmer=2;top_ratio=0.25;score_scale=4.0;motif_weight=0.0;motif_radius=12;score_normalization=train_quantile;raw_border_score=0.130050;border_score=0.819356",0.2467784285545349,0.27469107508659363,0.4785304367542267
test_Seq_1160,1,2,"benchmark=nucleotide_transformer_downstream_tasks;dataset=splice_sites_all;matching=kmer_balanced;matching_signature=(9, 'CTC');border_estimator=center_window_kmer_jsd;estimator=center_jsd;window=48;search_radius=24;kmer=2;top_ratio=0.25;score_scale=4.0;motif_weight=0.0;motif_radius=12;score_normalization=train_quantile;raw_border_score=0.199179;border_score=0.968867",0.3264738619327545,0.32930096983909607,0.3442251980304718
test_Seq_2825,2,0,"benchmark=nucleotide_transformer_downstream_tasks;dataset=splice_sites_all;matching=kmer_balanced;matching_signature=(13, 'GGG');border_estimator=center_window_kmer_jsd;estimator=center_jsd;window=48;search_radius=24;kmer=2;top_ratio=0.25;score_scale=4.0;motif_weight=0.0;motif_radius=12;score_normalization=train_quantile;raw_border_score=0.195341;border_score=0.958022",0.3382202386856079,0.33475780487060547,0.327021986246109
test_Seq_1137,1,2,"benchmark=nucleotide_transformer_downstream_tasks;dataset=splice_sites_all;matching=kmer_balanced;matching_signature=(9, 'GTG');border_estimator=center_window_kmer_jsd;estimator=center_jsd;window=48;search_radius=24;kmer=2;top_ratio=0.25;score_scale=4.0;motif_weight=0.0;motif_radius=12;score_normalization=train_quantile;raw_border_score=0.219745;border_score=1.018067",0.3046364486217499,0.32569101452827454,0.3696725368499756
test_Seq_1457,1,1,"benchmark=nucleotide_transformer_downstream_tasks;dataset=splice_sites_all;matching=kmer_balanced;matching_signature=(10, 'TGG');border_estimator=center_window_kmer_jsd;estimator=center_jsd;window=48;search_radius=24;kmer=2;top_ratio=0.25;score_scale=4.0;motif_weight=0.0;motif_radius=12;score_normalization=train_quantile;raw_border_score=0.180231;border_score=0.918467",0.3369808793067932,0.3421483337879181,0.3208707869052887
test_Seq_1728,1,2,"benchmark=nucleotide_transformer_downstream_tasks;dataset=splice_sites_all;matching=kmer_balanced;matching_signature=(10, 'TCC');border_estimator=center_window_kmer_jsd;estimator=center_jsd;window=48;search_radius=24;kmer=2;top_ratio=0.25;score_scale=4.0;motif_weight=0.0;motif_radius=12;score_normalization=train_quantile;raw_border_score=0.171558;border_score=0.895178",0.3147364556789398,0.33177879452705383,0.35348477959632874
test_Seq_539,0,2,"benchmark=nucleotide_transformer_downstream_tasks;dataset=splice_sites_all;matching=kmer_balanced;matching_signature=(13, 'GGG');border_estimator=center_window_kmer_jsd;estimator=center_jsd;window=48;search_radius=24;kmer=2;top_ratio=0.25;score_scale=4.0;motif_weight=0.0;motif_radius=12;score_normalization=train_quantile;raw_border_score=0.249223;border_score=1.077667",0.30676162242889404,0.3143288493156433,0.3789095878601074
test_Seq_1946,1,2,"benchmark=nucleotide_transformer_downstream_tasks;dataset=splice_sites_all;matching=kmer_balanced;matching_signature=(8, 'AAA');border_estimator=center_window_kmer_jsd;estimator=center_jsd;window=48;search_radius=24;kmer=2;top_ratio=0.25;score_scale=4.0;motif_weight=0.0;motif_radius=12;score_normalization=train_quantile;raw_border_score=0.396882;border_score=1.189400",0.2652648091316223,0.2797929644584656,0.4549422264099121
test_Seq_798,0,2,"benchmark=nucleotide_transformer_downstream_tasks;dataset=splice_sites_all;matching=kmer_balanced;matching_signature=(11, 'CCA');border_estimator=center_window_kmer_jsd;estimator=center_jsd;window=48;search_radius=24;kmer=2;top_ratio=0.25;score_scale=4.0;motif_weight=0.0;motif_radius=12;score_normalization=train_quantile;raw_border_score=0.221154;border_score=1.021711",0.2703741192817688,0.29704535007476807,0.43258050084114075
test_Seq_923,0,2,"benchmark=nucleotide_transformer_downstream_tasks;dataset=splice_sites_all;matching=kmer_balanced;matching_signature=(7, 'TTT');border_estimator=center_window_kmer_jsd;estimator=center_jsd;window=48;search_radius=24;kmer=2;top_ratio=0.25;score_scale=4.0;motif_weight=0.0;motif_radius=12;score_normalization=train_quantile;raw_border_score=0.258860;border_score=1.093533",0.2628403306007385,0.29576364159584045,0.441396027803421
test_Seq_116,0,2,"benchmark=nucleotide_transformer_downstream_tasks;dataset=splice_sites_all;matching=kmer_balanced;matching_signature=(7, 'TTT');border_estimator=center_window_kmer_jsd;estimator=center_jsd;window=48;search_radius=24;kmer=2;top_ratio=0.25;score_scale=4.0;motif_weight=0.0;motif_radius=12;score_normalization=train_quantile;raw_border_score=0.217050;border_score=1.011578",0.24411465227603912,0.2806588113307953,0.4752265512943268
test_Seq_1489,1,2,"benchmark=nucleotide_transformer_downstream_tasks;dataset=splice_sites_all;matching=kmer_balanced;matching_signature=(7, 'TTT');border_estimator=center_window_kmer_jsd;estimator=center_jsd;window=48;search_radius=24;kmer=2;top_ratio=0.25;score_scale=4.0;motif_weight=0.0;motif_radius=12;score_normalization=train_quantile;raw_border_score=0.153248;border_score=0.853844",0.23222118616104126,0.2595411241054535,0.5082377195358276
test_Seq_1225,1,2,"benchmark=nucleotide_transformer_downstream_tasks;dataset=splice_sites_all;matching=kmer_balanced;matching_signature=(7, 'TTT');border_estimator=center_window_kmer_jsd;estimator=center_jsd;window=48;search_radius=24;kmer=2;top_ratio=0.25;score_scale=4.0;motif_weight=0.0;motif_radius=12;score_normalization=train_quantile;raw_border_score=0.204859;border_score=0.983844",0.2411770522594452,0.26916074752807617,0.48966214060783386
test_Seq_623,0,2,"benchmark=nucleotide_transformer_downstream_tasks;dataset=splice_sites_all;matching=kmer_balanced;matching_signature=(9, 'TTT');border_estimator=center_window_kmer_jsd;estimator=center_jsd;window=48;search_radius=24;kmer=2;top_ratio=0.25;score_scale=4.0;motif_weight=0.0;motif_radius=12;score_normalization=train_quantile;raw_border_score=0.185874;border_score=0.932822",0.23276637494564056,0.2619163990020752,0.5053172707557678
test_Seq_2201,2,2,"benchmark=nucleotide_transformer_downstream_tasks;dataset=splice_sites_all;matching=kmer_balanced;matching_signature=(7, 'TTT');border_estimator=center_window_kmer_jsd;estimator=center_jsd;window=48;search_radius=24;kmer=2;top_ratio=0.25;score_scale=4.0;motif_weight=0.0;motif_radius=12;score_normalization=train_quantile;raw_border_score=0.278296;border_score=1.121800",0.22102580964565277,0.24984228610992432,0.5291318893432617
test_Seq_2985,2,2,"benchmark=nucleotide_transformer_downstream_tasks;dataset=splice_sites_all;matching=kmer_balanced;matching_signature=(9, 'TTT');border_estimator=center_window_kmer_jsd;estimator=center_jsd;window=48;search_radius=24;kmer=2;top_ratio=0.25;score_scale=4.0;motif_weight=0.0;motif_radius=12;score_normalization=train_quantile;raw_border_score=0.173934;border_score=0.901844",0.27562400698661804,0.3007916212081909,0.42358431220054626
test_Seq_2224,2,2,"benchmark=nucleotide_transformer_downstream_tasks;dataset=splice_sites_all;matching=kmer_balanced;matching_signature=(10, 'TGG');border_estimator=center_window_kmer_jsd;estimator=center_jsd;window=48;search_radius=24;kmer=2;top_ratio=0.25;score_scale=4.0;motif_weight=0.0;motif_radius=12;score_normalization=train_quantile;raw_border_score=0.185686;border_score=0.932467",0.26546984910964966,0.28589117527008057,0.44863900542259216
test_Seq_103,0,2,"benchmark=nucleotide_transformer_downstream_tasks;dataset=splice_sites_all;matching=kmer_balanced;matching_signature=(6, 'TTT');border_estimator=center_window_kmer_jsd;estimator=center_jsd;window=48;search_radius=24;kmer=2;top_ratio=0.25;score_scale=4.0;motif_weight=0.0;motif_radius=12;score_normalization=train_quantile;raw_border_score=0.168608;border_score=0.887578",0.24479930102825165,0.266400545835495,0.4888002574443817
test_Seq_1256,1,2,"benchmark=nucleotide_transformer_downstream_tasks;dataset=splice_sites_all;matching=kmer_balanced;matching_signature=(6, 'TTT');border_estimator=center_window_kmer_jsd;estimator=center_jsd;window=48;search_radius=24;kmer=2;top_ratio=0.25;score_scale=4.0;motif_weight=0.0;motif_radius=12;score_normalization=train_quantile;raw_border_score=0.387647;border_score=1.188022",0.24470393359661102,0.27192047238349915,0.48337557911872864
test_Seq_2305,2,2,"benchmark=nucleotide_transformer_downstream_tasks;dataset=splice_sites_all;matching=kmer_balanced;matching_signature=(11, 'GGG');border_estimator=center_window_kmer_jsd;estimator=center_jsd;window=48;search_radius=24;kmer=2;top_ratio=0.25;score_scale=4.0;motif_weight=0.0;motif_radius=12;score_normalization=train_quantile;raw_border_score=0.221177;border_score=1.021800",0.28015995025634766,0.29262980818748474,0.4272102415561676
test_Seq_857,0,2,"benchmark=nucleotide_transformer_downstream_tasks;dataset=splice_sites_all;matching=kmer_balanced;matching_signature=(8, 'AAA');border_estimator=center_window_kmer_jsd;estimator=center_jsd;window=48;search_radius=24;kmer=2;top_ratio=0.25;score_scale=4.0;motif_weight=0.0;motif_radius=12;score_normalization=train_quantile;raw_border_score=0.245755;border_score=1.070733",0.2525157630443573,0.28090351819992065,0.4665808081626892
test_Seq_2471,2,2,"benchmark=nucleotide_transformer_downstream_tasks;dataset=splice_sites_all;matching=kmer_balanced;matching_signature=(8, 'TTT');border_estimator=center_window_kmer_jsd;estimator=center_jsd;window=48;search_radius=24;kmer=2;top_ratio=0.25;score_scale=4.0;motif_weight=0.0;motif_radius=12;score_normalization=train_quantile;raw_border_score=0.204343;border_score=0.982600",0.24086333811283112,0.2651281952857971,0.49400848150253296
test_Seq_184,0,2,"benchmark=nucleotide_transformer_downstream_tasks;dataset=splice_sites_all;matching=kmer_balanced;matching_signature=(8, 'AAA');border_estimator=center_window_kmer_jsd;estimator=center_jsd;window=48;search_radius=24;kmer=2;top_ratio=0.25;score_scale=4.0;motif_weight=0.0;motif_radius=12;score_normalization=train_quantile;raw_border_score=0.259358;border_score=1.094467",0.2971176505088806,0.320055216550827,0.38282716274261475
test_Seq_1163,1,2,"benchmark=nucleotide_transformer_downstream_tasks;dataset=splice_sites_all;matching=kmer_balanced;matching_signature=(7, 'TTT');border_estimator=center_window_kmer_jsd;estimator=center_jsd;window=48;search_radius=24;kmer=2;top_ratio=0.25;score_scale=4.0;motif_weight=0.0;motif_radius=12;score_normalization=train_quantile;raw_border_score=0.282061;border_score=1.126467",0.2274743914604187,0.2580851912498474,0.5144404172897339
test_Seq_1553,1,2,"benchmark=nucleotide_transformer_downstream_tasks;dataset=splice_sites_all;matching=kmer_balanced;matching_signature=(6, 'TTT');border_estimator=center_window_kmer_jsd;estimator=center_jsd;window=48;search_radius=24;kmer=2;top_ratio=0.25;score_scale=4.0;motif_weight=0.0;motif_radius=12;score_normalization=train_quantile;raw_border_score=0.181391;border_score=0.921356",0.27223294973373413,0.30004480481147766,0.4277222752571106
test_Seq_2975,2,2,"benchmark=nucleotide_transformer_downstream_tasks;dataset=splice_sites_all;matching=kmer_balanced;matching_signature=(6, 'TTT');border_estimator=center_window_kmer_jsd;estimator=center_jsd;window=48;search_radius=24;kmer=2;top_ratio=0.25;score_scale=4.0;motif_weight=0.0;motif_radius=12;score_normalization=train_quantile;raw_border_score=0.144669;border_score=0.838156",0.23639792203903198,0.25955167412757874,0.5040503740310669
test_Seq_2056,2,2,"benchmark=nucleotide_transformer_downstream_tasks;dataset=splice_sites_all;matching=kmer_balanced;matching_signature=(6, 'TTT');border_estimator=center_window_kmer_jsd;estimator=center_jsd;window=48;search_radius=24;kmer=2;top_ratio=0.25;score_scale=4.0;motif_weight=0.0;motif_radius=12;score_normalization=train_quantile;raw_border_score=0.236723;border_score=1.052244",0.23399801552295685,0.2616451382637024,0.504356861114502
test_Seq_443,0,2,"benchmark=nucleotide_transformer_downstream_tasks;dataset=splice_sites_all;matching=kmer_balanced;matching_signature=(11, 'GGG');border_estimator=center_window_kmer_jsd;estimator=center_jsd;window=48;search_radius=24;kmer=2;top_ratio=0.25;score_scale=4.0;motif_weight=0.0;motif_radius=12;score_normalization=train_quantile;raw_border_score=0.118558;border_score=0.810067",0.2993948459625244,0.3155488669872284,0.3850563168525696
test_Seq_1878,1,2,"benchmark=nucleotide_transformer_downstream_tasks;dataset=splice_sites_all;matching=kmer_balanced;matching_signature=(7, 'TTT');border_estimator=center_window_kmer_jsd;estimator=center_jsd;window=48;search_radius=24;kmer=2;top_ratio=0.25;score_scale=4.0;motif_weight=0.0;motif_radius=12;score_normalization=train_quantile;raw_border_score=0.226886;border_score=1.034022",0.2199624627828598,0.24542613327503204,0.5346114039421082
test_Seq_1094,1,2,"benchmark=nucleotide_transformer_downstream_tasks;dataset=splice_sites_all;matching=kmer_balanced;matching_signature=(7, 'TTT');border_estimator=center_window_kmer_jsd;estimator=center_jsd;window=48;search_radius=24;kmer=2;top_ratio=0.25;score_scale=4.0;motif_weight=0.0;motif_radius=12;score_normalization=train_quantile;raw_border_score=0.179438;border_score=0.916467",0.2880728542804718,0.30588075518608093,0.40604639053344727
test_Seq_365,0,2,"benchmark=nucleotide_transformer_downstream_tasks;dataset=splice_sites_all;matching=kmer_balanced;matching_signature=(8, 'TTT');border_estimator=center_window_kmer_jsd;estimator=center_jsd;window=48;search_radius=24;kmer=2;top_ratio=0.25;score_scale=4.0;motif_weight=0.0;motif_radius=12;score_normalization=train_quantile;raw_border_score=0.255292;border_score=1.087800",0.24076496064662933,0.2678475081920624,0.4913875162601471
test_Seq_2918,2,2,"benchmark=nucleotide_transformer_downstream_tasks;dataset=splice_sites_all;matching=kmer_balanced;matching_signature=(7, 'AAA');border_estimator=center_window_kmer_jsd;estimator=center_jsd;window=48;search_radius=24;kmer=2;top_ratio=0.25;score_scale=4.0;motif_weight=0.0;motif_radius=12;score_normalization=train_quantile;raw_border_score=0.227548;border_score=1.035489",0.2417008876800537,0.2646554112434387,0.4936436414718628
test_Seq_890,0,2,"benchmark=nucleotide_transformer_downstream_tasks;dataset=splice_sites_all;matching=kmer_balanced;matching_signature=(7, 'TTT');border_estimator=center_window_kmer_jsd;estimator=center_jsd;window=48;search_radius=24;kmer=2;top_ratio=0.25;score_scale=4.0;motif_weight=0.0;motif_radius=12;score_normalization=train_quantile;raw_border_score=0.201008;border_score=0.973267",0.27216318249702454,0.29337403178215027,0.4344628155231476
test_Seq_2469,2,2,"benchmark=nucleotide_transformer_downstream_tasks;dataset=splice_sites_all;matching=kmer_balanced;matching_signature=(9, 'TTT');border_estimator=center_window_kmer_jsd;estimator=center_jsd;window=48;search_radius=24;kmer=2;top_ratio=0.25;score_scale=4.0;motif_weight=0.0;motif_radius=12;score_normalization=train_quantile;raw_border_score=0.257503;border_score=1.091444",0.20825514197349548,0.2336038053035736,0.5581410527229309
test_Seq_2630,2,2,"benchmark=nucleotide_transformer_downstream_tasks;dataset=splice_sites_all;matching=kmer_balanced;matching_signature=(11, 'TGG');border_estimator=center_window_kmer_jsd;estimator=center_jsd;window=48;search_radius=24;kmer=2;top_ratio=0.25;score_scale=4.0;motif_weight=0.0;motif_radius=12;score_normalization=train_quantile;raw_border_score=0.195249;border_score=0.957889",0.3169551193714142,0.3262404799461365,0.35680437088012695
test_Seq_329,0,2,"benchmark=nucleotide_transformer_downstream_tasks;dataset=splice_sites_all;matching=kmer_balanced;matching_signature=(7, 'AAA');border_estimator=center_window_kmer_jsd;estimator=center_jsd;window=48;search_radius=24;kmer=2;top_ratio=0.25;score_scale=4.0;motif_weight=0.0;motif_radius=12;score_normalization=train_quantile;raw_border_score=0.133267;border_score=0.823178",0.24833610653877258,0.27745017409324646,0.47421368956565857
test_Seq_1502,1,2,"benchmark=nucleotide_transformer_downstream_tasks;dataset=splice_sites_all;matching=kmer_balanced;matching_signature=(6, 'AAA');border_estimator=center_window_kmer_jsd;estimator=center_jsd;window=48;search_radius=24;kmer=2;top_ratio=0.25;score_scale=4.0;motif_weight=0.0;motif_radius=12;score_normalization=train_quantile;raw_border_score=0.316376;border_score=1.158467",0.23601827025413513,0.2527289390563965,0.511252760887146
test_Seq_2272,2,2,"benchmark=nucleotide_transformer_downstream_tasks;dataset=splice_sites_all;matching=kmer_balanced;matching_signature=(7, 'TTT');border_estimator=center_window_kmer_jsd;estimator=center_jsd;window=48;search_radius=24;kmer=2;top_ratio=0.25;score_scale=4.0;motif_weight=0.0;motif_radius=12;score_normalization=train_quantile;raw_border_score=0.284183;border_score=1.129311",0.2452370524406433,0.27417147159576416,0.48059141635894775
test_Seq_1385,1,2,"benchmark=nucleotide_transformer_downstream_tasks;dataset=splice_sites_all;matching=kmer_balanced;matching_signature=(6, 'AAA');border_estimator=center_window_kmer_jsd;estimator=center_jsd;window=48;search_radius=24;kmer=2;top_ratio=0.25;score_scale=4.0;motif_weight=0.0;motif_radius=12;score_normalization=train_quantile;raw_border_score=0.207151;border_score=0.988600",0.27139604091644287,0.28813299536705017,0.44047093391418457
test_Seq_1959,1,2,"benchmark=nucleotide_transformer_downstream_tasks;dataset=splice_sites_all;matching=kmer_balanced;matching_signature=(6, 'TTT');border_estimator=center_window_kmer_jsd;estimator=center_jsd;window=48;search_radius=24;kmer=2;top_ratio=0.25;score_scale=4.0;motif_weight=0.0;motif_radius=12;score_normalization=train_quantile;raw_border_score=0.175852;border_score=0.907311",0.2263917326927185,0.254311740398407,0.5192965269088745
test_Seq_2205,2,2,"benchmark=nucleotide_transformer_downstream_tasks;dataset=splice_sites_all;matching=kmer_balanced;matching_signature=(6, 'AAA');border_estimator=center_window_kmer_jsd;estimator=center_jsd;window=48;search_radius=24;kmer=2;top_ratio=0.25;score_scale=4.0;motif_weight=0.0;motif_radius=12;score_normalization=train_quantile;raw_border_score=0.212131;border_score=0.999800",0.25238853693008423,0.28140848875045776,0.4662030041217804
test_Seq_663,0,2,"benchmark=nucleotide_transformer_downstream_tasks;dataset=splice_sites_all;matching=kmer_balanced;matching_signature=(8, 'AAA');border_estimator=center_window_kmer_jsd;estimator=center_jsd;window=48;search_radius=24;kmer=2;top_ratio=0.25;score_scale=4.0;motif_weight=0.0;motif_radius=12;score_normalization=train_quantile;raw_border_score=0.198538;border_score=0.967356",0.2764424979686737,0.3022739589214325,0.4212835431098938
test_Seq_432,0,0,"benchmark=nucleotide_transformer_downstream_tasks;dataset=splice_sites_all;matching=kmer_balanced;matching_signature=(14, 'GGG');border_estimator=center_window_kmer_jsd;estimator=center_jsd;window=48;search_radius=24;kmer=2;top_ratio=0.25;score_scale=4.0;motif_weight=0.0;motif_radius=12;score_normalization=train_quantile;raw_border_score=0.262914;border_score=1.100867",0.3423210084438324,0.33861997723579407,0.31905898451805115
test_Seq_2963,2,2,"benchmark=nucleotide_transformer_downstream_tasks;dataset=splice_sites_all;matching=kmer_balanced;matching_signature=(10, 'CCC');border_estimator=center_window_kmer_jsd;estimator=center_jsd;window=48;search_radius=24;kmer=2;top_ratio=0.25;score_scale=4.0;motif_weight=0.0;motif_radius=12;score_normalization=train_quantile;raw_border_score=0.307934;border_score=1.152111",0.2762811779975891,0.30269956588745117,0.4210192859172821
test_Seq_368,0,2,"benchmark=nucleotide_transformer_downstream_tasks;dataset=splice_sites_all;matching=kmer_balanced;matching_signature=(8, 'AAA');border_estimator=center_window_kmer_jsd;estimator=center_jsd;window=48;search_radius=24;kmer=2;top_ratio=0.25;score_scale=4.0;motif_weight=0.0;motif_radius=12;score_normalization=train_quantile;raw_border_score=0.185705;border_score=0.932511",0.29567208886146545,0.3077687919139862,0.3965591788291931
test_Seq_2438,2,2,"benchmark=nucleotide_transformer_downstream_tasks;dataset=splice_sites_all;matching=kmer_balanced;matching_signature=(10, 'CTC');border_estimator=center_window_kmer_jsd;estimator=center_jsd;window=48;search_radius=24;kmer=2;top_ratio=0.25;score_scale=4.0;motif_weight=0.0;motif_radius=12;score_normalization=train_quantile;raw_border_score=0.183915;border_score=0.927178",0.26255837082862854,0.28611278533935547,0.451328843832016
test_Seq_1222,1,2,"benchmark=nucleotide_transformer_downstream_tasks;dataset=splice_sites_all;matching=kmer_balanced;matching_signature=(7, 'TTT');border_estimator=center_window_kmer_jsd;estimator=center_jsd;window=48;search_radius=24;kmer=2;top_ratio=0.25;score_scale=4.0;motif_weight=0.0;motif_radius=12;score_normalization=train_quantile;raw_border_score=0.157260;border_score=0.861667",0.22820687294006348,0.2616611123085022,0.5101320147514343
test_Seq_831,0,2,"benchmark=nucleotide_transformer_downstream_tasks;dataset=splice_sites_all;matching=kmer_balanced;matching_signature=(7, 'TTT');border_estimator=center_window_kmer_jsd;estimator=center_jsd;window=48;search_radius=24;kmer=2;top_ratio=0.25;score_scale=4.0;motif_weight=0.0;motif_radius=12;score_normalization=train_quantile;raw_border_score=0.224966;border_score=1.029978",0.2337493896484375,0.26226750016212463,0.5039831399917603
test_Seq_1907,1,2,"benchmark=nucleotide_transformer_downstream_tasks;dataset=splice_sites_all;matching=kmer_balanced;matching_signature=(13, 'GGG');border_estimator=center_window_kmer_jsd;estimator=center_jsd;window=48;search_radius=24;kmer=2;top_ratio=0.25;score_scale=4.0;motif_weight=0.0;motif_radius=12;score_normalization=train_quantile;raw_border_score=0.157504;border_score=0.862067",0.3012640178203583,0.3162824809551239,0.3824535012245178
test_Seq_475,0,1,"benchmark=nucleotide_transformer_downstream_tasks;dataset=splice_sites_all;matching=kmer_balanced;matching_signature=(10, 'TGG');border_estimator=center_window_kmer_jsd;estimator=center_jsd;window=48;search_radius=24;kmer=2;top_ratio=0.25;score_scale=4.0;motif_weight=0.0;motif_radius=12;score_normalization=train_quantile;raw_border_score=0.207130;border_score=0.988556",0.3218631148338318,0.33924242854118347,0.33889445662498474
test_Seq_957,0,2,"benchmark=nucleotide_transformer_downstream_tasks;dataset=splice_sites_all;matching=kmer_balanced;matching_signature=(14, 'GGG');border_estimator=center_window_kmer_jsd;estimator=center_jsd;window=48;search_radius=24;kmer=2;top_ratio=0.25;score_scale=4.0;motif_weight=0.0;motif_radius=12;score_normalization=train_quantile;raw_border_score=0.281120;border_score=1.125356",0.3169611692428589,0.3238718509674072,0.3591669499874115
test_Seq_2449,2,2,"benchmark=nucleotide_transformer_downstream_tasks;dataset=splice_sites_all;matching=kmer_balanced;matching_signature=(7, 'TTT');border_estimator=center_window_kmer_jsd;estimator=center_jsd;window=48;search_radius=24;kmer=2;top_ratio=0.25;score_scale=4.0;motif_weight=0.0;motif_radius=12;score_normalization=train_quantile;raw_border_score=0.301318;border_score=1.147400",0.27007368206977844,0.29592469334602356,0.4340016543865204
test_Seq_2964,2,2,"benchmark=nucleotide_transformer_downstream_tasks;dataset=splice_sites_all;matching=kmer_balanced;matching_signature=(7, 'TTT');border_estimator=center_window_kmer_jsd;estimator=center_jsd;window=48;search_radius=24;kmer=2;top_ratio=0.25;score_scale=4.0;motif_weight=0.0;motif_radius=12;score_normalization=train_quantile;raw_border_score=0.197497;border_score=0.964244",0.22852425277233124,0.2540375590324402,0.5174381732940674
test_Seq_573,0,2,"benchmark=nucleotide_transformer_downstream_tasks;dataset=splice_sites_all;matching=kmer_balanced;matching_signature=(8, 'TCT');border_estimator=center_window_kmer_jsd;estimator=center_jsd;window=48;search_radius=24;kmer=2;top_ratio=0.25;score_scale=4.0;motif_weight=0.0;motif_radius=12;score_normalization=train_quantile;raw_border_score=0.211509;border_score=0.998778",0.24765586853027344,0.2816663682460785,0.4706777036190033
test_Seq_1964,1,2,"benchmark=nucleotide_transformer_downstream_tasks;dataset=splice_sites_all;matching=kmer_balanced;matching_signature=(7, 'TTT');border_estimator=center_window_kmer_jsd;estimator=center_jsd;window=48;search_radius=24;kmer=2;top_ratio=0.25;score_scale=4.0;motif_weight=0.0;motif_radius=12;score_normalization=train_quantile;raw_border_score=0.113491;border_score=0.807400",0.24243773519992828,0.26151126623153687,0.49605104327201843
test_Seq_490,0,2,"benchmark=nucleotide_transformer_downstream_tasks;dataset=splice_sites_all;matching=kmer_balanced;matching_signature=(10, 'CTG');border_estimator=center_window_kmer_jsd;estimator=center_jsd;window=48;search_radius=24;kmer=2;top_ratio=0.25;score_scale=4.0;motif_weight=0.0;motif_radius=12;score_normalization=train_quantile;raw_border_score=0.431989;border_score=1.193400",0.3048056960105896,0.3169284462928772,0.3782658874988556
test_Seq_2384,2,2,"benchmark=nucleotide_transformer_downstream_tasks;dataset=splice_sites_all;matching=kmer_balanced;matching_signature=(6, 'TTT');border_estimator=center_window_kmer_jsd;estimator=center_jsd;window=48;search_radius=24;kmer=2;top_ratio=0.25;score_scale=4.0;motif_weight=0.0;motif_radius=12;score_normalization=train_quantile;raw_border_score=0.206622;border_score=0.987533",0.254665732383728,0.2783692479133606,0.4669650197029114
test_Seq_303,0,2,"benchmark=nucleotide_transformer_downstream_tasks;dataset=splice_sites_all;matching=kmer_balanced;matching_signature=(6, 'AAA');border_estimator=center_window_kmer_jsd;estimator=center_jsd;window=48;search_radius=24;kmer=2;top_ratio=0.25;score_scale=4.0;motif_weight=0.0;motif_radius=12;score_normalization=train_quantile;raw_border_score=0.181576;border_score=0.921711",0.2779366075992584,0.29416748881340027,0.4278959035873413
test_Seq_2549,2,2,"benchmark=nucleotide_transformer_downstream_tasks;dataset=splice_sites_all;matching=kmer_balanced;matching_signature=(10, 'TTT');border_estimator=center_window_kmer_jsd;estimator=center_jsd;window=48;search_radius=24;kmer=2;top_ratio=0.25;score_scale=4.0;motif_weight=0.0;motif_radius=12;score_normalization=train_quantile;raw_border_score=0.211501;border_score=0.998733",0.18266819417476654,0.20572145283222198,0.6116103529930115
test_Seq_233,0,1,"benchmark=nucleotide_transformer_downstream_tasks;dataset=splice_sites_all;matching=kmer_balanced;matching_signature=(10, 'CTG');border_estimator=center_window_kmer_jsd;estimator=center_jsd;window=48;search_radius=24;kmer=2;top_ratio=0.25;score_scale=4.0;motif_weight=0.0;motif_radius=12;score_normalization=train_quantile;raw_border_score=0.273168;border_score=1.114644",0.3455504775047302,0.3485157787799835,0.30593377351760864
test_Seq_886,0,2,"benchmark=nucleotide_transformer_downstream_tasks;dataset=splice_sites_all;matching=kmer_balanced;matching_signature=(10, 'TCT');border_estimator=center_window_kmer_jsd;estimator=center_jsd;window=48;search_radius=24;kmer=2;top_ratio=0.25;score_scale=4.0;motif_weight=0.0;motif_radius=12;score_normalization=train_quantile;raw_border_score=0.459670;border_score=1.196289",0.31721991300582886,0.3245657682418823,0.35821428894996643
test_Seq_6,0,2,"benchmark=nucleotide_transformer_downstream_tasks;dataset=splice_sites_all;matching=kmer_balanced;matching_signature=(7, 'TTT');border_estimator=center_window_kmer_jsd;estimator=center_jsd;window=48;search_radius=24;kmer=2;top_ratio=0.25;score_scale=4.0;motif_weight=0.0;motif_radius=12;score_normalization=train_quantile;raw_border_score=0.198146;border_score=0.966244",0.31558823585510254,0.33059751987457275,0.3538142740726471
test_Seq_1332,1,2,"benchmark=nucleotide_transformer_downstream_tasks;dataset=splice_sites_all;matching=kmer_balanced;matching_signature=(10, 'CTG');border_estimator=center_window_kmer_jsd;estimator=center_jsd;window=48;search_radius=24;kmer=2;top_ratio=0.25;score_scale=4.0;motif_weight=0.0;motif_radius=12;score_normalization=train_quantile;raw_border_score=0.245880;border_score=1.070911",0.25458115339279175,0.28173398971557617,0.4636848568916321
test_Seq_354,0,2,"benchmark=nucleotide_transformer_downstream_tasks;dataset=splice_sites_all;matching=kmer_balanced;matching_signature=(6, 'TTT');border_estimator=center_window_kmer_jsd;estimator=center_jsd;window=48;search_radius=24;kmer=2;top_ratio=0.25;score_scale=4.0;motif_weight=0.0;motif_radius=12;score_normalization=train_quantile;raw_border_score=0.191393;border_score=0.948200",0.2512017786502838,0.27301687002182007,0.47578132152557373
test_Seq_2354,2,2,"benchmark=nucleotide_transformer_downstream_tasks;dataset=splice_sites_all;matching=kmer_balanced;matching_signature=(6, 'TTT');border_estimator=center_window_kmer_jsd;estimator=center_jsd;window=48;search_radius=24;kmer=2;top_ratio=0.25;score_scale=4.0;motif_weight=0.0;motif_radius=12;score_normalization=train_quantile;raw_border_score=0.198409;border_score=0.966867",0.2707597017288208,0.28941452503204346,0.4398258328437805
test_Seq_2269,2,2,"benchmark=nucleotide_transformer_downstream_tasks;dataset=splice_sites_all;matching=kmer_balanced;matching_signature=(13, 'CCC');border_estimator=center_window_kmer_jsd;estimator=center_jsd;window=48;search_radius=24;kmer=2;top_ratio=0.25;score_scale=4.0;motif_weight=0.0;motif_radius=12;score_normalization=train_quantile;raw_border_score=0.180133;border_score=0.918200",0.2824639678001404,0.2978406846523285,0.41969531774520874
test_Seq_2575,2,2,"benchmark=nucleotide_transformer_downstream_tasks;dataset=splice_sites_all;matching=kmer_balanced;matching_signature=(8, 'TTT');border_estimator=center_window_kmer_jsd;estimator=center_jsd;window=48;search_radius=24;kmer=2;top_ratio=0.25;score_scale=4.0;motif_weight=0.0;motif_radius=12;score_normalization=train_quantile;raw_border_score=0.271332;border_score=1.112156",0.22302329540252686,0.24749156832695007,0.5294851660728455
test_Seq_941,0,2,"benchmark=nucleotide_transformer_downstream_tasks;dataset=splice_sites_all;matching=kmer_balanced;matching_signature=(6, 'TTT');border_estimator=center_window_kmer_jsd;estimator=center_jsd;window=48;search_radius=24;kmer=2;top_ratio=0.25;score_scale=4.0;motif_weight=0.0;motif_radius=12;score_normalization=train_quantile;raw_border_score=0.209224;border_score=0.993444",0.23173676431179047,0.2612515985965729,0.5070116519927979
test_Seq_1758,1,2,"benchmark=nucleotide_transformer_downstream_tasks;dataset=splice_sites_all;matching=kmer_balanced;matching_signature=(6, 'AAA');border_estimator=center_window_kmer_jsd;estimator=center_jsd;window=48;search_radius=24;kmer=2;top_ratio=0.25;score_scale=4.0;motif_weight=0.0;motif_radius=12;score_normalization=train_quantile;raw_border_score=0.262189;border_score=1.099444",0.2543800473213196,0.28280776739120483,0.4628121852874756
test_Seq_1224,1,2,"benchmark=nucleotide_transformer_downstream_tasks;dataset=splice_sites_all;matching=kmer_balanced;matching_signature=(6, 'TTT');border_estimator=center_window_kmer_jsd;estimator=center_jsd;window=48;search_radius=24;kmer=2;top_ratio=0.25;score_scale=4.0;motif_weight=0.0;motif_radius=12;score_normalization=train_quantile;raw_border_score=0.289083;border_score=1.135578",0.2478022575378418,0.26539963483810425,0.4867980480194092
test_Seq_183,0,2,"benchmark=nucleotide_transformer_downstream_tasks;dataset=splice_sites_all;matching=kmer_balanced;matching_signature=(7, 'AAA');border_estimator=center_window_kmer_jsd;estimator=center_jsd;window=48;search_radius=24;kmer=2;top_ratio=0.25;score_scale=4.0;motif_weight=0.0;motif_radius=12;score_normalization=train_quantile;raw_border_score=0.361833;border_score=1.181133",0.26193922758102417,0.2863147258758545,0.45174604654312134
test_Seq_1377,1,2,"benchmark=nucleotide_transformer_downstream_tasks;dataset=splice_sites_all;matching=kmer_balanced;matching_signature=(11, 'CCC');border_estimator=center_window_kmer_jsd;estimator=center_jsd;window=48;search_radius=24;kmer=2;top_ratio=0.25;score_scale=4.0;motif_weight=0.0;motif_radius=12;score_normalization=train_quantile;raw_border_score=0.241145;border_score=1.061222",0.2979515790939331,0.3045845329761505,0.39746391773223877
test_Seq_955,0,2,"benchmark=nucleotide_transformer_downstream_tasks;dataset=splice_sites_all;matching=kmer_balanced;matching_signature=(8, 'AAA');border_estimator=center_window_kmer_jsd;estimator=center_jsd;window=48;search_radius=24;kmer=2;top_ratio=0.25;score_scale=4.0;motif_weight=0.0;motif_radius=12;score_normalization=train_quantile;raw_border_score=0.301606;border_score=1.147489",0.28071507811546326,0.3050905168056488,0.41419440507888794
test_Seq_1442,1,2,"benchmark=nucleotide_transformer_downstream_tasks;dataset=splice_sites_all;matching=kmer_balanced;matching_signature=(6, 'TTT');border_estimator=center_window_kmer_jsd;estimator=center_jsd;window=48;search_radius=24;kmer=2;top_ratio=0.25;score_scale=4.0;motif_weight=0.0;motif_radius=12;score_normalization=train_quantile;raw_border_score=0.199565;border_score=0.969933",0.2455005794763565,0.2644365727901459,0.4900628626346588
test_Seq_74,0,2,"benchmark=nucleotide_transformer_downstream_tasks;dataset=splice_sites_all;matching=kmer_balanced;matching_signature=(7, 'TTT');border_estimator=center_window_kmer_jsd;estimator=center_jsd;window=48;search_radius=24;kmer=2;top_ratio=0.25;score_scale=4.0;motif_weight=0.0;motif_radius=12;score_normalization=train_quantile;raw_border_score=0.390524;border_score=1.188378",0.1883438378572464,0.21644094586372375,0.5952152013778687
test_Seq_96,0,0,"benchmark=nucleotide_transformer_downstream_tasks;dataset=splice_sites_all;matching=kmer_balanced;matching_signature=(14, 'GGG');border_estimator=center_window_kmer_jsd;estimator=center_jsd;window=48;search_radius=24;kmer=2;top_ratio=0.25;score_scale=4.0;motif_weight=0.0;motif_radius=12;score_normalization=train_quantile;raw_border_score=0.202630;border_score=0.977933",0.34817230701446533,0.33678629994392395,0.3150414228439331
test_Seq_2541,2,2,"benchmark=nucleotide_transformer_downstream_tasks;dataset=splice_sites_all;matching=kmer_balanced;matching_signature=(5, 'AAA');border_estimator=center_window_kmer_jsd;estimator=center_jsd;window=48;search_radius=24;kmer=2;top_ratio=0.25;score_scale=4.0;motif_weight=0.0;motif_radius=12;score_normalization=train_quantile;raw_border_score=0.185147;border_score=0.931044",0.28543028235435486,0.30335700511932373,0.41121265292167664
test_Seq_905,0,2,"benchmark=nucleotide_transformer_downstream_tasks;dataset=splice_sites_all;matching=kmer_balanced;matching_signature=(10, 'GGG');border_estimator=center_window_kmer_jsd;estimator=center_jsd;window=48;search_radius=24;kmer=2;top_ratio=0.25;score_scale=4.0;motif_weight=0.0;motif_radius=12;score_normalization=train_quantile;raw_border_score=0.202139;border_score=0.976422",0.30643537640571594,0.3072713017463684,0.3862933814525604
test_Seq_1139,1,2,"benchmark=nucleotide_transformer_downstream_tasks;dataset=splice_sites_all;matching=kmer_balanced;matching_signature=(12, 'CAG');border_estimator=center_window_kmer_jsd;estimator=center_jsd;window=48;search_radius=24;kmer=2;top_ratio=0.25;score_scale=4.0;motif_weight=0.0;motif_radius=12;score_normalization=train_quantile;raw_border_score=0.239926;border_score=1.058156",0.318043053150177,0.3253791630268097,0.3565777838230133
test_Seq_1203,1,2,"benchmark=nucleotide_transformer_downstream_tasks;dataset=splice_sites_all;matching=kmer_balanced;matching_signature=(11, 'CAG');border_estimator=center_window_kmer_jsd;estimator=center_jsd;window=48;search_radius=24;kmer=2;top_ratio=0.25;score_scale=4.0;motif_weight=0.0;motif_radius=12;score_normalization=train_quantile;raw_border_score=0.207618;border_score=0.989356",0.2967863082885742,0.3135404884815216,0.3896732032299042
test_Seq_2079,2,2,"benchmark=nucleotide_transformer_downstream_tasks;dataset=splice_sites_all;matching=kmer_balanced;matching_signature=(7, 'ATT');border_estimator=center_window_kmer_jsd;estimator=center_jsd;window=48;search_radius=24;kmer=2;top_ratio=0.25;score_scale=4.0;motif_weight=0.0;motif_radius=12;score_normalization=train_quantile;raw_border_score=0.112277;border_score=0.806644",0.23257607221603394,0.26350167393684387,0.5039222836494446
test_Seq_661,0,2,"benchmark=nucleotide_transformer_downstream_tasks;dataset=splice_sites_all;matching=kmer_balanced;matching_signature=(6, 'TTT');border_estimator=center_window_kmer_jsd;estimator=center_jsd;window=48;search_radius=24;kmer=2;top_ratio=0.25;score_scale=4.0;motif_weight=0.0;motif_radius=12;score_normalization=train_quantile;raw_border_score=0.160401;border_score=0.868156",0.22888651490211487,0.25207996368408203,0.5190334916114807
test_Seq_2938,2,2,"benchmark=nucleotide_transformer_downstream_tasks;dataset=splice_sites_all;matching=kmer_balanced;matching_signature=(10, 'CTG');border_estimator=center_window_kmer_jsd;estimator=center_jsd;window=48;search_radius=24;kmer=2;top_ratio=0.25;score_scale=4.0;motif_weight=0.0;motif_radius=12;score_normalization=train_quantile;raw_border_score=0.206550;border_score=0.987400",0.275005578994751,0.29030975699424744,0.4346846640110016
test_Seq_34,0,2,"benchmark=nucleotide_transformer_downstream_tasks;dataset=splice_sites_all;matching=kmer_balanced;matching_signature=(10, 'CAG');border_estimator=center_window_kmer_jsd;estimator=center_jsd;window=48;search_radius=24;kmer=2;top_ratio=0.25;score_scale=4.0;motif_weight=0.0;motif_radius=12;score_normalization=train_quantile;raw_border_score=0.160389;border_score=0.868156",0.26064813137054443,0.2798707187175751,0.45948106050491333
test_Seq_2951,2,2,"benchmark=nucleotide_transformer_downstream_tasks;dataset=splice_sites_all;matching=kmer_balanced;matching_signature=(11, 'CCC');border_estimator=center_window_kmer_jsd;estimator=center_jsd;window=48;search_radius=24;kmer=2;top_ratio=0.25;score_scale=4.0;motif_weight=0.0;motif_radius=12;score_normalization=train_quantile;raw_border_score=0.277011;border_score=1.119978",0.27763524651527405,0.29600831866264343,0.4263564646244049
test_Seq_367,0,2,"benchmark=nucleotide_transformer_downstream_tasks;dataset=splice_sites_all;matching=kmer_balanced;matching_signature=(7, 'TTT');border_estimator=center_window_kmer_jsd;estimator=center_jsd;window=48;search_radius=24;kmer=2;top_ratio=0.25;score_scale=4.0;motif_weight=0.0;motif_radius=12;score_normalization=train_quantile;raw_border_score=0.239394;border_score=1.057089",0.2559741735458374,0.2737845778465271,0.4702412486076355
test_Seq_1422,1,2,"benchmark=nucleotide_transformer_downstream_tasks;dataset=splice_sites_all;matching=kmer_balanced;matching_signature=(7, 'TTT');border_estimator=center_window_kmer_jsd;estimator=center_jsd;window=48;search_radius=24;kmer=2;top_ratio=0.25;score_scale=4.0;motif_weight=0.0;motif_radius=12;score_normalization=train_quantile;raw_border_score=0.211250;border_score=0.998289",0.2599909007549286,0.2906799018383026,0.4493291676044464
test_Seq_2568,2,2,"benchmark=nucleotide_transformer_downstream_tasks;dataset=splice_sites_all;matching=kmer_balanced;matching_signature=(10, 'TGG');border_estimator=center_window_kmer_jsd;estimator=center_jsd;window=48;search_radius=24;kmer=2;top_ratio=0.25;score_scale=4.0;motif_weight=0.0;motif_radius=12;score_normalization=train_quantile;raw_border_score=0.196272;border_score=0.960733",0.28853267431259155,0.31623777747154236,0.3952295482158661
test_Seq_65,0,2,"benchmark=nucleotide_transformer_downstream_tasks;dataset=splice_sites_all;matching=kmer_balanced;matching_signature=(5, 'TTT');border_estimator=center_window_kmer_jsd;estimator=center_jsd;window=48;search_radius=24;kmer=2;top_ratio=0.25;score_scale=4.0;motif_weight=0.0;motif_radius=12;score_normalization=train_quantile;raw_border_score=0.220412;border_score=1.019489",0.24933303892612457,0.2716374397277832,0.47902947664260864
test_Seq_1301,1,2,"benchmark=nucleotide_transformer_downstream_tasks;dataset=splice_sites_all;matching=kmer_balanced;matching_signature=(14, 'CCC');border_estimator=center_window_kmer_jsd;estimator=center_jsd;window=48;search_radius=24;kmer=2;top_ratio=0.25;score_scale=4.0;motif_weight=0.0;motif_radius=12;score_normalization=train_quantile;raw_border_score=0.289076;border_score=1.135489",0.3318772614002228,0.32767707109451294,0.3404456377029419
test_Seq_1670,1,1,"benchmark=nucleotide_transformer_downstream_tasks;dataset=splice_sites_all;matching=kmer_balanced;matching_signature=(10, 'CTG');border_estimator=center_window_kmer_jsd;estimator=center_jsd;window=48;search_radius=24;kmer=2;top_ratio=0.25;score_scale=4.0;motif_weight=0.0;motif_radius=12;score_normalization=train_quantile;raw_border_score=0.277268;border_score=1.120467",0.32185399532318115,0.3394607603549957,0.33868521451950073
test_Seq_2245,2,2,"benchmark=nucleotide_transformer_downstream_tasks;dataset=splice_sites_all;matching=kmer_balanced;matching_signature=(12, 'CTG');border_estimator=center_window_kmer_jsd;estimator=center_jsd;window=48;search_radius=24;kmer=2;top_ratio=0.25;score_scale=4.0;motif_weight=0.0;motif_radius=12;score_normalization=train_quantile;raw_border_score=0.182818;border_score=0.924467",0.2842375338077545,0.30449000000953674,0.41127243638038635
test_Seq_53,0,2,"benchmark=nucleotide_transformer_downstream_tasks;dataset=splice_sites_all;matching=kmer_balanced;matching_signature=(8, 'TTT');border_estimator=center_window_kmer_jsd;estimator=center_jsd;window=48;search_radius=24;kmer=2;top_ratio=0.25;score_scale=4.0;motif_weight=0.0;motif_radius=12;score_normalization=train_quantile;raw_border_score=0.160987;border_score=0.869222",0.25577789545059204,0.28125035762786865,0.4629717469215393
test_Seq_2961,2,2,"benchmark=nucleotide_transformer_downstream_tasks;dataset=splice_sites_all;matching=kmer_balanced;matching_signature=(7, 'TTT');border_estimator=center_window_kmer_jsd;estimator=center_jsd;window=48;search_radius=24;kmer=2;top_ratio=0.25;score_scale=4.0;motif_weight=0.0;motif_radius=12;score_normalization=train_quantile;raw_border_score=0.114099;border_score=0.807844",0.21384285390377045,0.23416954278945923,0.5519875884056091
test_Seq_2169,2,2,"benchmark=nucleotide_transformer_downstream_tasks;dataset=splice_sites_all;matching=kmer_balanced;matching_signature=(6, 'AAA');border_estimator=center_window_kmer_jsd;estimator=center_jsd;window=48;search_radius=24;kmer=2;top_ratio=0.25;score_scale=4.0;motif_weight=0.0;motif_radius=12;score_normalization=train_quantile;raw_border_score=0.355909;border_score=1.179178",0.25145894289016724,0.27232828736305237,0.4762127697467804
test_Seq_2581,2,2,"benchmark=nucleotide_transformer_downstream_tasks;dataset=splice_sites_all;matching=kmer_balanced;matching_signature=(10, 'TCT');border_estimator=center_window_kmer_jsd;estimator=center_jsd;window=48;search_radius=24;kmer=2;top_ratio=0.25;score_scale=4.0;motif_weight=0.0;motif_radius=12;score_normalization=train_quantile;raw_border_score=0.136980;border_score=0.827711",0.31322768330574036,0.32315006852149963,0.36362224817276
test_Seq_849,0,2,"benchmark=nucleotide_transformer_downstream_tasks;dataset=splice_sites_all;matching=kmer_balanced;matching_signature=(12, 'GGG');border_estimator=center_window_kmer_jsd;estimator=center_jsd;window=48;search_radius=24;kmer=2;top_ratio=0.25;score_scale=4.0;motif_weight=0.0;motif_radius=12;score_normalization=train_quantile;raw_border_score=0.202734;border_score=0.978156",0.28985393047332764,0.30668243765830994,0.40346360206604004
test_Seq_2579,2,2,"benchmark=nucleotide_transformer_downstream_tasks;dataset=splice_sites_all;matching=kmer_balanced;matching_signature=(9, 'TCT');border_estimator=center_window_kmer_jsd;estimator=center_jsd;window=48;search_radius=24;kmer=2;top_ratio=0.25;score_scale=4.0;motif_weight=0.0;motif_radius=12;score_normalization=train_quantile;raw_border_score=0.199031;border_score=0.968689",0.24061539769172668,0.2584560513496399,0.5009285807609558
test_Seq_887,0,2,"benchmark=nucleotide_transformer_downstream_tasks;dataset=splice_sites_all;matching=kmer_balanced;matching_signature=(8, 'TTT');border_estimator=center_window_kmer_jsd;estimator=center_jsd;window=48;search_radius=24;kmer=2;top_ratio=0.25;score_scale=4.0;motif_weight=0.0;motif_radius=12;score_normalization=train_quantile;raw_border_score=0.372632;border_score=1.184956",0.28695809841156006,0.3059162199497223,0.40712568163871765
test_Seq_924,0,2,"benchmark=nucleotide_transformer_downstream_tasks;dataset=splice_sites_all;matching=kmer_balanced;matching_signature=(7, 'AAA');border_estimator=center_window_kmer_jsd;estimator=center_jsd;window=48;search_radius=24;kmer=2;top_ratio=0.25;score_scale=4.0;motif_weight=0.0;motif_radius=12;score_normalization=train_quantile;raw_border_score=0.199529;border_score=0.969889",0.242911696434021,0.2599564492702484,0.4971317946910858
test_Seq_340,0,2,"benchmark=nucleotide_transformer_downstream_tasks;dataset=splice_sites_all;matching=kmer_balanced;matching_signature=(13, 'GGG');border_estimator=center_window_kmer_jsd;estimator=center_jsd;window=48;search_radius=24;kmer=2;top_ratio=0.25;score_scale=4.0;motif_weight=0.0;motif_radius=12;score_normalization=train_quantile;raw_border_score=0.146492;border_score=0.841667",0.309807687997818,0.3113720417022705,0.3788203001022339
test_Seq_2720,2,2,"benchmark=nucleotide_transformer_downstream_tasks;dataset=splice_sites_all;matching=kmer_balanced;matching_signature=(8, 'TTT');border_estimator=center_window_kmer_jsd;estimator=center_jsd;window=48;search_radius=24;kmer=2;top_ratio=0.25;score_scale=4.0;motif_weight=0.0;motif_radius=12;score_normalization=train_quantile;raw_border_score=0.145189;border_score=0.839222",0.24155209958553314,0.2608412802219391,0.4976065754890442
test_Seq_2234,2,2,"benchmark=nucleotide_transformer_downstream_tasks;dataset=splice_sites_all;matching=kmer_balanced;matching_signature=(7, 'TTT');border_estimator=center_window_kmer_jsd;estimator=center_jsd;window=48;search_radius=24;kmer=2;top_ratio=0.25;score_scale=4.0;motif_weight=0.0;motif_radius=12;score_normalization=train_quantile;raw_border_score=0.156745;border_score=0.861000",0.25947171449661255,0.2810712456703186,0.45945701003074646
test_Seq_163,0,2,"benchmark=nucleotide_transformer_downstream_tasks;dataset=splice_sites_all;matching=kmer_balanced;matching_signature=(8, 'TTT');border_estimator=center_window_kmer_jsd;estimator=center_jsd;window=48;search_radius=24;kmer=2;top_ratio=0.25;score_scale=4.0;motif_weight=0.0;motif_radius=12;score_normalization=train_quantile;raw_border_score=0.200825;border_score=0.972956",0.32164472341537476,0.3307991027832031,0.3475562036037445
test_Seq_2725,2,2,"benchmark=nucleotide_transformer_downstream_tasks;dataset=splice_sites_all;matching=kmer_balanced;matching_signature=(11, 'AGG');border_estimator=center_window_kmer_jsd;estimator=center_jsd;window=48;search_radius=24;kmer=2;top_ratio=0.25;score_scale=4.0;motif_weight=0.0;motif_radius=12;score_normalization=train_quantile;raw_border_score=0.234022;border_score=1.047756",0.3078489303588867,0.315207839012146,0.3769432306289673
test_Seq_595,0,2,"benchmark=nucleotide_transformer_downstream_tasks;dataset=splice_sites_all;matching=kmer_balanced;matching_signature=(8, 'TGA');border_estimator=center_window_kmer_jsd;estimator=center_jsd;window=48;search_radius=24;kmer=2;top_ratio=0.25;score_scale=4.0;motif_weight=0.0;motif_radius=12;score_normalization=train_quantile;raw_border_score=0.345844;border_score=1.175311",0.25603291392326355,0.2891564667224884,0.45481061935424805
test_Seq_727,0,2,"benchmark=nucleotide_transformer_downstream_tasks;dataset=splice_sites_all;matching=kmer_balanced;matching_signature=(6, 'TTT');border_estimator=center_window_kmer_jsd;estimator=center_jsd;window=48;search_radius=24;kmer=2;top_ratio=0.25;score_scale=4.0;motif_weight=0.0;motif_radius=12;score_normalization=train_quantile;raw_border_score=0.281412;border_score=1.125578",0.24246062338352203,0.2669926583766937,0.49054673314094543
test_Seq_2407,2,2,"benchmark=nucleotide_transformer_downstream_tasks;dataset=splice_sites_all;matching=kmer_balanced;matching_signature=(9, 'TCA');border_estimator=center_window_kmer_jsd;estimator=center_jsd;window=48;search_radius=24;kmer=2;top_ratio=0.25;score_scale=4.0;motif_weight=0.0;motif_radius=12;score_normalization=train_quantile;raw_border_score=0.240467;border_score=1.059889",0.25033584237098694,0.2756791114807129,0.47398504614830017
test_Seq_681,0,2,"benchmark=nucleotide_transformer_downstream_tasks;dataset=splice_sites_all;matching=kmer_balanced;matching_signature=(6, 'TTT');border_estimator=center_window_kmer_jsd;estimator=center_jsd;window=48;search_radius=24;kmer=2;top_ratio=0.25;score_scale=4.0;motif_weight=0.0;motif_radius=12;score_normalization=train_quantile;raw_border_score=0.171971;border_score=0.896289",0.2607590854167938,0.27919629216194153,0.46004465222358704
test_Seq_1611,1,2,"benchmark=nucleotide_transformer_downstream_tasks;dataset=splice_sites_all;matching=kmer_balanced;matching_signature=(8, 'TTT');border_estimator=center_window_kmer_jsd;estimator=center_jsd;window=48;search_radius=24;kmer=2;top_ratio=0.25;score_scale=4.0;motif_weight=0.0;motif_radius=12;score_normalization=train_quantile;raw_border_score=0.305185;border_score=1.150378",0.28068262338638306,0.2985881567001343,0.42072921991348267
test_Seq_327,0,0,"benchmark=nucleotide_transformer_downstream_tasks;dataset=splice_sites_all;matching=kmer_balanced;matching_signature=(14, 'GGG');border_estimator=center_window_kmer_jsd;estimator=center_jsd;window=48;search_radius=24;kmer=2;top_ratio=0.25;score_scale=4.0;motif_weight=0.0;motif_radius=12;score_normalization=train_quantile;raw_border_score=0.173254;border_score=0.899889",0.35490500926971436,0.34764859080314636,0.2974463999271393
test_Seq_1958,1,2,"benchmark=nucleotide_transformer_downstream_tasks;dataset=splice_sites_all;matching=kmer_balanced;matching_signature=(8, 'TTT');border_estimator=center_window_kmer_jsd;estimator=center_jsd;window=48;search_radius=24;kmer=2;top_ratio=0.25;score_scale=4.0;motif_weight=0.0;motif_radius=12;score_normalization=train_quantile;raw_border_score=0.283692;border_score=1.128644",0.28627732396125793,0.30954134464263916,0.4041813015937805
test_Seq_524,0,2,"benchmark=nucleotide_transformer_downstream_tasks;dataset=splice_sites_all;matching=kmer_balanced;matching_signature=(13, 'CCC');border_estimator=center_window_kmer_jsd;estimator=center_jsd;window=48;search_radius=24;kmer=2;top_ratio=0.25;score_scale=4.0;motif_weight=0.0;motif_radius=12;score_normalization=train_quantile;raw_border_score=0.180232;border_score=0.918467",0.2898186147212982,0.2940109968185425,0.4161704480648041
test_Seq_574,0,2,"benchmark=nucleotide_transformer_downstream_tasks;dataset=splice_sites_all;matching=kmer_balanced;matching_signature=(10, 'AGG');border_estimator=center_window_kmer_jsd;estimator=center_jsd;window=48;search_radius=24;kmer=2;top_ratio=0.25;score_scale=4.0;motif_weight=0.0;motif_radius=12;score_normalization=train_quantile;raw_border_score=0.150160;border_score=0.847933",0.32185637950897217,0.338157057762146,0.3399865925312042
test_Seq_2084,2,2,"benchmark=nucleotide_transformer_downstream_tasks;dataset=splice_sites_all;matching=kmer_balanced;matching_signature=(9, 'AAA');border_estimator=center_window_kmer_jsd;estimator=center_jsd;window=48;search_radius=24;kmer=2;top_ratio=0.25;score_scale=4.0;motif_weight=0.0;motif_radius=12;score_normalization=train_quantile;raw_border_score=0.259400;border_score=1.094600",0.2058820277452469,0.23877689242362976,0.5553410649299622
test_Seq_1119,1,2,"benchmark=nucleotide_transformer_downstream_tasks;dataset=splice_sites_all;matching=kmer_balanced;matching_signature=(13, 'GGG');border_estimator=center_window_kmer_jsd;estimator=center_jsd;window=48;search_radius=24;kmer=2;top_ratio=0.25;score_scale=4.0;motif_weight=0.0;motif_radius=12;score_normalization=train_quantile;raw_border_score=0.214079;border_score=1.004511",0.32657721638679504,0.333999365568161,0.3394234776496887
test_Seq_326,0,2,"benchmark=nucleotide_transformer_downstream_tasks;dataset=splice_sites_all;matching=kmer_balanced;matching_signature=(7, 'AAA');border_estimator=center_window_kmer_jsd;estimator=center_jsd;window=48;search_radius=24;kmer=2;top_ratio=0.25;score_scale=4.0;motif_weight=0.0;motif_radius=12;score_normalization=train_quantile;raw_border_score=0.255982;border_score=1.089000",0.2409394383430481,0.26473963260650635,0.49432095885276794
test_Seq_1187,1,2,"benchmark=nucleotide_transformer_downstream_tasks;dataset=splice_sites_all;matching=kmer_balanced;matching_signature=(8, 'TTT');border_estimator=center_window_kmer_jsd;estimator=center_jsd;window=48;search_radius=24;kmer=2;top_ratio=0.25;score_scale=4.0;motif_weight=0.0;motif_radius=12;score_normalization=train_quantile;raw_border_score=0.220188;border_score=1.019222",0.23784911632537842,0.26728934049606323,0.49486154317855835
test_Seq_1486,1,2,"benchmark=nucleotide_transformer_downstream_tasks;dataset=splice_sites_all;matching=kmer_balanced;matching_signature=(9, 'TTT');border_estimator=center_window_kmer_jsd;estimator=center_jsd;window=48;search_radius=24;kmer=2;top_ratio=0.25;score_scale=4.0;motif_weight=0.0;motif_radius=12;score_normalization=train_quantile;raw_border_score=0.223461;border_score=1.026956",0.2623903453350067,0.287535697221756,0.4500739574432373
test_Seq_1618,1,2,"benchmark=nucleotide_transformer_downstream_tasks;dataset=splice_sites_all;matching=kmer_balanced;matching_signature=(8, 'TTT');border_estimator=center_window_kmer_jsd;estimator=center_jsd;window=48;search_radius=24;kmer=2;top_ratio=0.25;score_scale=4.0;motif_weight=0.0;motif_radius=12;score_normalization=train_quantile;raw_border_score=0.240944;border_score=1.061000",0.30316033959388733,0.32460474967956543,0.37223494052886963
test_Seq_2357,2,2,"benchmark=nucleotide_transformer_downstream_tasks;dataset=splice_sites_all;matching=kmer_balanced;matching_signature=(11, 'CCC');border_estimator=center_window_kmer_jsd;estimator=center_jsd;window=48;search_radius=24;kmer=2;top_ratio=0.25;score_scale=4.0;motif_weight=0.0;motif_radius=12;score_normalization=train_quantile;raw_border_score=0.229423;border_score=1.038867",0.2671041190624237,0.28583618998527527,0.44705966114997864
test_Seq_1449,1,2,"benchmark=nucleotide_transformer_downstream_tasks;dataset=splice_sites_all;matching=kmer_balanced;matching_signature=(7, 'TTT');border_estimator=center_window_kmer_jsd;estimator=center_jsd;window=48;search_radius=24;kmer=2;top_ratio=0.25;score_scale=4.0;motif_weight=0.0;motif_radius=12;score_normalization=train_quantile;raw_border_score=0.232544;border_score=1.044556",0.25901249051094055,0.2851654291152954,0.45582205057144165
test_Seq_2498,2,2,"benchmark=nucleotide_transformer_downstream_tasks;dataset=splice_sites_all;matching=kmer_balanced;matching_signature=(11, 'GTG');border_estimator=center_window_kmer_jsd;estimator=center_jsd;window=48;search_radius=24;kmer=2;top_ratio=0.25;score_scale=4.0;motif_weight=0.0;motif_radius=12;score_normalization=train_quantile;raw_border_score=0.234732;border_score=1.048956",0.28834205865859985,0.2966238558292389,0.41503405570983887
test_Seq_2685,2,2,"benchmark=nucleotide_transformer_downstream_tasks;dataset=splice_sites_all;matching=kmer_balanced;matching_signature=(8, 'TTT');border_estimator=center_window_kmer_jsd;estimator=center_jsd;window=48;search_radius=24;kmer=2;top_ratio=0.25;score_scale=4.0;motif_weight=0.0;motif_radius=12;score_normalization=train_quantile;raw_border_score=0.194622;border_score=0.956022",0.2402314841747284,0.2657715976238251,0.49399685859680176
test_Seq_52,0,2,"benchmark=nucleotide_transformer_downstream_tasks;dataset=splice_sites_all;matching=kmer_balanced;matching_signature=(10, 'TCC');border_estimator=center_window_kmer_jsd;estimator=center_jsd;window=48;search_radius=24;kmer=2;top_ratio=0.25;score_scale=4.0;motif_weight=0.0;motif_radius=12;score_normalization=train_quantile;raw_border_score=0.214544;border_score=1.005089",0.3003256916999817,0.30979791283607483,0.3898763656616211
test_Seq_2638,2,2,"benchmark=nucleotide_transformer_downstream_tasks;dataset=splice_sites_all;matching=kmer_balanced;matching_signature=(8, 'TTT');border_estimator=center_window_kmer_jsd;estimator=center_jsd;window=48;search_radius=24;kmer=2;top_ratio=0.25;score_scale=4.0;motif_weight=0.0;motif_radius=12;score_normalization=train_quantile;raw_border_score=0.232030;border_score=1.043889",0.21423259377479553,0.242409810423851,0.5433575510978699
test_Seq_535,0,2,"benchmark=nucleotide_transformer_downstream_tasks;dataset=splice_sites_all;matching=kmer_balanced;matching_signature=(7, 'TTT');border_estimator=center_window_kmer_jsd;estimator=center_jsd;window=48;search_radius=24;kmer=2;top_ratio=0.25;score_scale=4.0;motif_weight=0.0;motif_radius=12;score_normalization=train_quantile;raw_border_score=0.163593;border_score=0.875178",0.2802259027957916,0.2981940805912018,0.421580046415329
test_Seq_1065,1,2,"benchmark=nucleotide_transformer_downstream_tasks;dataset=splice_sites_all;matching=kmer_balanced;matching_signature=(9, 'AAA');border_estimator=center_window_kmer_jsd;estimator=center_jsd;window=48;search_radius=24;kmer=2;top_ratio=0.25;score_scale=4.0;motif_weight=0.0;motif_radius=12;score_normalization=train_quantile;raw_border_score=0.218538;border_score=1.015356",0.2943863272666931,0.3082125782966614,0.3974010944366455
test_Seq_2179,2,2,"benchmark=nucleotide_transformer_downstream_tasks;dataset=splice_sites_all;matching=kmer_balanced;matching_signature=(13, 'GGG');border_estimator=center_window_kmer_jsd;estimator=center_jsd;window=48;search_radius=24;kmer=2;top_ratio=0.25;score_scale=4.0;motif_weight=0.0;motif_radius=12;score_normalization=train_quantile;raw_border_score=0.233241;border_score=1.046022",0.31045541167259216,0.316413551568985,0.3731310963630676
test_Seq_1233,1,2,"benchmark=nucleotide_transformer_downstream_tasks;dataset=splice_sites_all;matching=kmer_balanced;matching_signature=(10, 'CCC');border_estimator=center_window_kmer_jsd;estimator=center_jsd;window=48;search_radius=24;kmer=2;top_ratio=0.25;score_scale=4.0;motif_weight=0.0;motif_radius=12;score_normalization=train_quantile;raw_border_score=0.414253;border_score=1.191667",0.29797106981277466,0.3094782829284668,0.39255064725875854
test_Seq_137,0,2,"benchmark=nucleotide_transformer_downstream_tasks;dataset=splice_sites_all;matching=kmer_balanced;matching_signature=(6, 'AAT');border_estimator=center_window_kmer_jsd;estimator=center_jsd;window=48;search_radius=24;kmer=2;top_ratio=0.25;score_scale=4.0;motif_weight=0.0;motif_radius=12;score_normalization=train_quantile;raw_border_score=0.216623;border_score=1.010689",0.24787919223308563,0.2690867483615875,0.4830339848995209
test_Seq_899,0,2,"benchmark=nucleotide_transformer_downstream_tasks;dataset=splice_sites_all;matching=kmer_balanced;matching_signature=(8, 'AAA');border_estimator=center_window_kmer_jsd;estimator=center_jsd;window=48;search_radius=24;kmer=2;top_ratio=0.25;score_scale=4.0;motif_weight=0.0;motif_radius=12;score_normalization=train_quantile;raw_border_score=0.258377;border_score=1.092778",0.2434304803609848,0.2751176655292511,0.4814518988132477
test_Seq_1556,1,2,"benchmark=nucleotide_transformer_downstream_tasks;dataset=splice_sites_all;matching=kmer_balanced;matching_signature=(5, 'TTT');border_estimator=center_window_kmer_jsd;estimator=center_jsd;window=48;search_radius=24;kmer=2;top_ratio=0.25;score_scale=4.0;motif_weight=0.0;motif_radius=12;score_normalization=train_quantile;raw_border_score=0.213139;border_score=1.002244",0.24719838798046112,0.2691451907157898,0.4836564362049103
test_Seq_1666,1,2,"benchmark=nucleotide_transformer_downstream_tasks;dataset=splice_sites_all;matching=kmer_balanced;matching_signature=(8, 'AAA');border_estimator=center_window_kmer_jsd;estimator=center_jsd;window=48;search_radius=24;kmer=2;top_ratio=0.25;score_scale=4.0;motif_weight=0.0;motif_radius=12;score_normalization=train_quantile;raw_border_score=0.241320;border_score=1.061489",0.2839210331439972,0.3071977496147156,0.40888118743896484
test_Seq_311,0,2,"benchmark=nucleotide_transformer_downstream_tasks;dataset=splice_sites_all;matching=kmer_balanced;matching_signature=(8, 'TTT');border_estimator=center_window_kmer_jsd;estimator=center_jsd;window=48;search_radius=24;kmer=2;top_ratio=0.25;score_scale=4.0;motif_weight=0.0;motif_radius=12;score_normalization=train_quantile;raw_border_score=0.293376;border_score=1.139667",0.22446434199810028,0.24861276149749756,0.526922881603241
test_Seq_2973,2,2,"benchmark=nucleotide_transformer_downstream_tasks;dataset=splice_sites_all;matching=kmer_balanced;matching_signature=(10, 'GAG');border_estimator=center_window_kmer_jsd;estimator=center_jsd;window=48;search_radius=24;kmer=2;top_ratio=0.25;score_scale=4.0;motif_weight=0.0;motif_radius=12;score_normalization=train_quantile;raw_border_score=0.233503;border_score=1.046556",0.22437164187431335,0.2471085637807846,0.5285198092460632
test_Seq_2651,2,0,"benchmark=nucleotide_transformer_downstream_tasks;dataset=splice_sites_all;matching=kmer_balanced;matching_signature=(14, 'GGG');border_estimator=center_window_kmer_jsd;estimator=center_jsd;window=48;search_radius=24;kmer=2;top_ratio=0.25;score_scale=4.0;motif_weight=0.0;motif_radius=12;score_normalization=train_quantile;raw_border_score=0.150116;border_score=0.847889",0.3460299074649811,0.33326220512390137,0.32070785760879517
test_Seq_1973,1,2,"benchmark=nucleotide_transformer_downstream_tasks;dataset=splice_sites_all;matching=kmer_balanced;matching_signature=(7, 'AAA');border_estimator=center_window_kmer_jsd;estimator=center_jsd;window=48;search_radius=24;kmer=2;top_ratio=0.25;score_scale=4.0;motif_weight=0.0;motif_radius=12;score_normalization=train_quantile;raw_border_score=0.144746;border_score=0.838244",0.24302467703819275,0.27055823802948,0.4864170253276825
test_Seq_753,0,2,"benchmark=nucleotide_transformer_downstream_tasks;dataset=splice_sites_all;matching=kmer_balanced;matching_signature=(11, 'CCT');border_estimator=center_window_kmer_jsd;estimator=center_jsd;window=48;search_radius=24;kmer=2;top_ratio=0.25;score_scale=4.0;motif_weight=0.0;motif_radius=12;score_normalization=train_quantile;raw_border_score=0.103481;border_score=0.803533",0.2711208164691925,0.2920328974723816,0.43684622645378113
test_Seq_2770,2,2,"benchmark=nucleotide_transformer_downstream_tasks;dataset=splice_sites_all;matching=kmer_balanced;matching_signature=(10, 'TGG');border_estimator=center_window_kmer_jsd;estimator=center_jsd;window=48;search_radius=24;kmer=2;top_ratio=0.25;score_scale=4.0;motif_weight=0.0;motif_radius=12;score_normalization=train_quantile;raw_border_score=0.201632;border_score=0.975000",0.3186151385307312,0.3296828269958496,0.3517020642757416
test_Seq_1520,1,2,"benchmark=nucleotide_transformer_downstream_tasks;dataset=splice_sites_all;matching=kmer_balanced;matching_signature=(7, 'TTT');border_estimator=center_window_kmer_jsd;estimator=center_jsd;window=48;search_radius=24;kmer=2;top_ratio=0.25;score_scale=4.0;motif_weight=0.0;motif_radius=12;score_normalization=train_quantile;raw_border_score=0.241591;border_score=1.062200",0.27443182468414307,0.29672491550445557,0.4288431704044342
test_Seq_2356,2,2,"benchmark=nucleotide_transformer_downstream_tasks;dataset=splice_sites_all;matching=kmer_balanced;matching_signature=(8, 'TTT');border_estimator=center_window_kmer_jsd;estimator=center_jsd;window=48;search_radius=24;kmer=2;top_ratio=0.25;score_scale=4.0;motif_weight=0.0;motif_radius=12;score_normalization=train_quantile;raw_border_score=0.469436;border_score=1.197000",0.21376080811023712,0.24127620458602905,0.5449629426002502
test_Seq_550,0,0,"benchmark=nucleotide_transformer_downstream_tasks;dataset=splice_sites_all;matching=kmer_balanced;matching_signature=(9, 'TTT');border_estimator=center_window_kmer_jsd;estimator=center_jsd;window=48;search_radius=24;kmer=2;top_ratio=0.25;score_scale=4.0;motif_weight=0.0;motif_radius=12;score_normalization=train_quantile;raw_border_score=0.149026;border_score=0.846111",0.34510865807533264,0.34437939524650574,0.31051191687583923
test_Seq_1468,1,2,"benchmark=nucleotide_transformer_downstream_tasks;dataset=splice_sites_all;matching=kmer_balanced;matching_signature=(7, 'AAA');border_estimator=center_window_kmer_jsd;estimator=center_jsd;window=48;search_radius=24;kmer=2;top_ratio=0.25;score_scale=4.0;motif_weight=0.0;motif_radius=12;score_normalization=train_quantile;raw_border_score=0.198839;border_score=0.968156",0.23703832924365997,0.2601314187049866,0.5028302669525146
test_Seq_1102,1,2,"benchmark=nucleotide_transformer_downstream_tasks;dataset=splice_sites_all;matching=kmer_balanced;matching_signature=(10, 'TTT');border_estimator=center_window_kmer_jsd;estimator=center_jsd;window=48;search_radius=24;kmer=2;top_ratio=0.25;score_scale=4.0;motif_weight=0.0;motif_radius=12;score_normalization=train_quantile;raw_border_score=0.215384;border_score=1.006956",0.24926581978797913,0.2705048620700836,0.48022928833961487
test_Seq_2562,2,2,"benchmark=nucleotide_transformer_downstream_tasks;dataset=splice_sites_all;matching=kmer_balanced;matching_signature=(11, 'TGG');border_estimator=center_window_kmer_jsd;estimator=center_jsd;window=48;search_radius=24;kmer=2;top_ratio=0.25;score_scale=4.0;motif_weight=0.0;motif_radius=12;score_normalization=train_quantile;raw_border_score=0.200832;border_score=0.973044",0.3233896791934967,0.3319023549556732,0.3447079360485077
test_Seq_1714,1,2,"benchmark=nucleotide_transformer_downstream_tasks;dataset=splice_sites_all;matching=kmer_balanced;matching_signature=(7, 'TTT');border_estimator=center_window_kmer_jsd;estimator=center_jsd;window=48;search_radius=24;kmer=2;top_ratio=0.25;score_scale=4.0;motif_weight=0.0;motif_radius=12;score_normalization=train_quantile;raw_border_score=0.230609;border_score=1.040822",0.25277379155158997,0.27519187331199646,0.47203439474105835
test_Seq_1286,1,2,"benchmark=nucleotide_transformer_downstream_tasks;dataset=splice_sites_all;matching=kmer_balanced;matching_signature=(10, 'CTG');border_estimator=center_window_kmer_jsd;estimator=center_jsd;window=48;search_radius=24;kmer=2;top_ratio=0.25;score_scale=4.0;motif_weight=0.0;motif_radius=12;score_normalization=train_quantile;raw_border_score=0.208198;border_score=0.990733",0.301585853099823,0.3161119520664215,0.38230228424072266
test_Seq_1494,1,2,"benchmark=nucleotide_transformer_downstream_tasks;dataset=splice_sites_all;matching=kmer_balanced;matching_signature=(7, 'AAA');border_estimator=center_window_kmer_jsd;estimator=center_jsd;window=48;search_radius=24;kmer=2;top_ratio=0.25;score_scale=4.0;motif_weight=0.0;motif_radius=12;score_normalization=train_quantile;raw_border_score=0.145896;border_score=0.840289",0.28677400946617126,0.30346742272377014,0.4097585678100586
test_Seq_2115,2,2,"benchmark=nucleotide_transformer_downstream_tasks;dataset=splice_sites_all;matching=kmer_balanced;matching_signature=(5, 'TTT');border_estimator=center_window_kmer_jsd;estimator=center_jsd;window=48;search_radius=24;kmer=2;top_ratio=0.25;score_scale=4.0;motif_weight=0.0;motif_radius=12;score_normalization=train_quantile;raw_border_score=0.212834;border_score=1.001622",0.22726179659366608,0.24840198457241058,0.5243362188339233
test_Seq_2621,2,2,"benchmark=nucleotide_transformer_downstream_tasks;dataset=splice_sites_all;matching=kmer_balanced;matching_signature=(11, 'GAG');border_estimator=center_window_kmer_jsd;estimator=center_jsd;window=48;search_radius=24;kmer=2;top_ratio=0.25;score_scale=4.0;motif_weight=0.0;motif_radius=12;score_normalization=train_quantile;raw_border_score=0.191428;border_score=0.948244",0.2771199345588684,0.2898229956626892,0.4330570697784424
test_Seq_852,0,2,"benchmark=nucleotide_transformer_downstream_tasks;dataset=splice_sites_all;matching=kmer_balanced;matching_signature=(9, 'TGT');border_estimator=center_window_kmer_jsd;estimator=center_jsd;window=48;search_radius=24;kmer=2;top_ratio=0.25;score_scale=4.0;motif_weight=0.0;motif_radius=12;score_normalization=train_quantile;raw_border_score=0.246791;border_score=1.072644",0.2990017533302307,0.3131108283996582,0.3878874182701111
test_Seq_318,0,2,"benchmark=nucleotide_transformer_downstream_tasks;dataset=splice_sites_all;matching=kmer_balanced;matching_signature=(11, 'CAG');border_estimator=center_window_kmer_jsd;estimator=center_jsd;window=48;search_radius=24;kmer=2;top_ratio=0.25;score_scale=4.0;motif_weight=0.0;motif_radius=12;score_normalization=train_quantile;raw_border_score=0.302813;border_score=1.148867",0.29864704608917236,0.3135218024253845,0.3878311812877655
test_Seq_221,0,2,"benchmark=nucleotide_transformer_downstream_tasks;dataset=splice_sites_all;matching=kmer_balanced;matching_signature=(7, 'AAA');border_estimator=center_window_kmer_jsd;estimator=center_jsd;window=48;search_radius=24;kmer=2;top_ratio=0.25;score_scale=4.0;motif_weight=0.0;motif_radius=12;score_normalization=train_quantile;raw_border_score=0.191343;border_score=0.948111",0.234963521361351,0.2649122476577759,0.5001242160797119
test_Seq_1458,1,2,"benchmark=nucleotide_transformer_downstream_tasks;dataset=splice_sites_all;matching=kmer_balanced;matching_signature=(10, 'TCT');border_estimator=center_window_kmer_jsd;estimator=center_jsd;window=48;search_radius=24;kmer=2;top_ratio=0.25;score_scale=4.0;motif_weight=0.0;motif_radius=12;score_normalization=train_quantile;raw_border_score=0.228027;border_score=1.035978",0.2883087396621704,0.3030812442302704,0.4086100459098816
test_Seq_615,0,2,"benchmark=nucleotide_transformer_downstream_tasks;dataset=splice_sites_all;matching=kmer_balanced;matching_signature=(7, 'TTT');border_estimator=center_window_kmer_jsd;estimator=center_jsd;window=48;search_radius=24;kmer=2;top_ratio=0.25;score_scale=4.0;motif_weight=0.0;motif_radius=12;score_normalization=train_quantile;raw_border_score=0.201220;border_score=0.973933",0.2785271108150482,0.3025650680065155,0.4189078211784363
test_Seq_1676,1,2,"benchmark=nucleotide_transformer_downstream_tasks;dataset=splice_sites_all;matching=kmer_balanced;matching_signature=(10, 'GGG');border_estimator=center_window_kmer_jsd;estimator=center_jsd;window=48;search_radius=24;kmer=2;top_ratio=0.25;score_scale=4.0;motif_weight=0.0;motif_radius=12;score_normalization=train_quantile;raw_border_score=0.281373;border_score=1.125533",0.3087838292121887,0.3182838261127472,0.3729323148727417
test_Seq_450,0,2,"benchmark=nucleotide_transformer_downstream_tasks;dataset=splice_sites_all;matching=kmer_balanced;matching_signature=(8, 'TTT');border_estimator=center_window_kmer_jsd;estimator=center_jsd;window=48;search_radius=24;kmer=2;top_ratio=0.25;score_scale=4.0;motif_weight=0.0;motif_radius=12;score_normalization=train_quantile;raw_border_score=0.343238;border_score=1.173400",0.27063891291618347,0.3038977086544037,0.4254632890224457
test_Seq_2178,2,2,"benchmark=nucleotide_transformer_downstream_tasks;dataset=splice_sites_all;matching=kmer_balanced;matching_signature=(6, 'ATT');border_estimator=center_window_kmer_jsd;estimator=center_jsd;window=48;search_radius=24;kmer=2;top_ratio=0.25;score_scale=4.0;motif_weight=0.0;motif_radius=12;score_normalization=train_quantile;raw_border_score=0.249173;border_score=1.077489",0.22917713224887848,0.25653785467147827,0.5142849683761597
test_Seq_2422,2,2,"benchmark=nucleotide_transformer_downstream_tasks;dataset=splice_sites_all;matching=kmer_balanced;matching_signature=(6, 'TTT');border_estimator=center_window_kmer_jsd;estimator=center_jsd;window=48;search_radius=24;kmer=2;top_ratio=0.25;score_scale=4.0;motif_weight=0.0;motif_radius=12;score_normalization=train_quantile;raw_border_score=0.152809;border_score=0.853000",0.28776878118515015,0.29614555835723877,0.41608569025993347
test_Seq_2202,2,2,"benchmark=nucleotide_transformer_downstream_tasks;dataset=splice_sites_all;matching=kmer_balanced;matching_signature=(8, 'AAA');border_estimator=center_window_kmer_jsd;estimator=center_jsd;window=48;search_radius=24;kmer=2;top_ratio=0.25;score_scale=4.0;motif_weight=0.0;motif_radius=12;score_normalization=train_quantile;raw_border_score=0.212967;border_score=1.001889",0.2217007875442505,0.24678879976272583,0.5315104126930237
test_Seq_958,0,2,"benchmark=nucleotide_transformer_downstream_tasks;dataset=splice_sites_all;matching=kmer_balanced;matching_signature=(9, 'GAG');border_estimator=center_window_kmer_jsd;estimator=center_jsd;window=48;search_radius=24;kmer=2;top_ratio=0.25;score_scale=4.0;motif_weight=0.0;motif_radius=12;score_normalization=train_quantile;raw_border_score=0.263762;border_score=1.102022",0.256985068321228,0.28386861085891724,0.4591463804244995
test_Seq_1811,1,2,"benchmark=nucleotide_transformer_downstream_tasks;dataset=splice_sites_all;matching=kmer_balanced;matching_signature=(11, 'CCC');border_estimator=center_window_kmer_jsd;estimator=center_jsd;window=48;search_radius=24;kmer=2;top_ratio=0.25;score_scale=4.0;motif_weight=0.0;motif_radius=12;score_normalization=train_quantile;raw_border_score=0.153496;border_score=0.854422",0.2744603455066681,0.2925088405609131,0.43303078413009644
test_Seq_2654,2,2,"benchmark=nucleotide_transformer_downstream_tasks;dataset=splice_sites_all;matching=kmer_balanced;matching_signature=(8, 'TTT');border_estimator=center_window_kmer_jsd;estimator=center_jsd;window=48;search_radius=24;kmer=2;top_ratio=0.25;score_scale=4.0;motif_weight=0.0;motif_radius=12;score_normalization=train_quantile;raw_border_score=0.256878;border_score=1.090333",0.24892884492874146,0.2734264135360718,0.47764474153518677
test_Seq_309,0,2,"benchmark=nucleotide_transformer_downstream_tasks;dataset=splice_sites_all;matching=kmer_balanced;matching_signature=(8, 'TTC');border_estimator=center_window_kmer_jsd;estimator=center_jsd;window=48;search_radius=24;kmer=2;top_ratio=0.25;score_scale=4.0;motif_weight=0.0;motif_radius=12;score_normalization=train_quantile;raw_border_score=0.168546;border_score=0.887578",0.24826690554618835,0.2708985507488251,0.48083457350730896
test_Seq_2872,2,2,"benchmark=nucleotide_transformer_downstream_tasks;dataset=splice_sites_all;matching=kmer_balanced;matching_signature=(7, 'AAA');border_estimator=center_window_kmer_jsd;estimator=center_jsd;window=48;search_radius=24;kmer=2;top_ratio=0.25;score_scale=4.0;motif_weight=0.0;motif_radius=12;score_normalization=train_quantile;raw_border_score=0.257795;border_score=1.091800",0.2225673943758011,0.253773033618927,0.5236595869064331
test_Seq_84,0,2,"benchmark=nucleotide_transformer_downstream_tasks;dataset=splice_sites_all;matching=kmer_balanced;matching_signature=(6, 'TTT');border_estimator=center_window_kmer_jsd;estimator=center_jsd;window=48;search_radius=24;kmer=2;top_ratio=0.25;score_scale=4.0;motif_weight=0.0;motif_radius=12;score_normalization=train_quantile;raw_border_score=0.249612;border_score=1.078333",0.26185861229896545,0.2834627330303192,0.4546786844730377
test_Seq_2015,2,2,"benchmark=nucleotide_transformer_downstream_tasks;dataset=splice_sites_all;matching=kmer_balanced;matching_signature=(11, 'CTG');border_estimator=center_window_kmer_jsd;estimator=center_jsd;window=48;search_radius=24;kmer=2;top_ratio=0.25;score_scale=4.0;motif_weight=0.0;motif_radius=12;score_normalization=train_quantile;raw_border_score=0.279574;border_score=1.123489",0.31406930088996887,0.3234531283378601,0.3624776005744934
test_Seq_2624,2,2,"benchmark=nucleotide_transformer_downstream_tasks;dataset=splice_sites_all;matching=kmer_balanced;matching_signature=(6, 'TTT');border_estimator=center_window_kmer_jsd;estimator=center_jsd;window=48;search_radius=24;kmer=2;top_ratio=0.25;score_scale=4.0;motif_weight=0.0;motif_radius=12;score_normalization=train_quantile;raw_border_score=0.200052;border_score=0.971533",0.24318502843379974,0.26925578713417053,0.48755913972854614
test_Seq_2223,2,2,"benchmark=nucleotide_transformer_downstream_tasks;dataset=splice_sites_all;matching=kmer_balanced;matching_signature=(9, 'TCT');border_estimator=center_window_kmer_jsd;estimator=center_jsd;window=48;search_radius=24;kmer=2;top_ratio=0.25;score_scale=4.0;motif_weight=0.0;motif_radius=12;score_normalization=train_quantile;raw_border_score=0.195294;border_score=0.957889",0.3006573021411896,0.31400907039642334,0.3853336572647095
test_Seq_2233,2,2,"benchmark=nucleotide_transformer_downstream_tasks;dataset=splice_sites_all;matching=kmer_balanced;matching_signature=(6, 'AAA');border_estimator=center_window_kmer_jsd;estimator=center_jsd;window=48;search_radius=24;kmer=2;top_ratio=0.25;score_scale=4.0;motif_weight=0.0;motif_radius=12;score_normalization=train_quantile;raw_border_score=0.234901;border_score=1.049133",0.24907110631465912,0.2664172351360321,0.4845116436481476
test_Seq_1118,1,2,"benchmark=nucleotide_transformer_downstream_tasks;dataset=splice_sites_all;matching=kmer_balanced;matching_signature=(6, 'TTT');border_estimator=center_window_kmer_jsd;estimator=center_jsd;window=48;search_radius=24;kmer=2;top_ratio=0.25;score_scale=4.0;motif_weight=0.0;motif_radius=12;score_normalization=train_quantile;raw_border_score=0.201147;border_score=0.973756",0.24678188562393188,0.27378711104393005,0.47943100333213806
test_Seq_5,0,2,"benchmark=nucleotide_transformer_downstream_tasks;dataset=splice_sites_all;matching=kmer_balanced;matching_signature=(8, 'TTT');border_estimator=center_window_kmer_jsd;estimator=center_jsd;window=48;search_radius=24;kmer=2;top_ratio=0.25;score_scale=4.0;motif_weight=0.0;motif_radius=12;score_normalization=train_quantile;raw_border_score=0.374749;border_score=1.185311",0.2580668330192566,0.28863900899887085,0.45329418778419495
test_Seq_2701,2,2,"benchmark=nucleotide_transformer_downstream_tasks;dataset=splice_sites_all;matching=kmer_balanced;matching_signature=(8, 'TTT');border_estimator=center_window_kmer_jsd;estimator=center_jsd;window=48;search_radius=24;kmer=2;top_ratio=0.25;score_scale=4.0;motif_weight=0.0;motif_radius=12;score_normalization=train_quantile;raw_border_score=0.190017;border_score=0.944244",0.2782459259033203,0.2961473762989044,0.42560672760009766
test_Seq_1557,1,2,"benchmark=nucleotide_transformer_downstream_tasks;dataset=splice_sites_all;matching=kmer_balanced;matching_signature=(8, 'TCT');border_estimator=center_window_kmer_jsd;estimator=center_jsd;window=48;search_radius=24;kmer=2;top_ratio=0.25;score_scale=4.0;motif_weight=0.0;motif_radius=12;score_normalization=train_quantile;raw_border_score=0.263739;border_score=1.101933",0.26557809114456177,0.29482316970825195,0.4395986497402191
test_Seq_1900,1,2,"benchmark=nucleotide_transformer_downstream_tasks;dataset=splice_sites_all;matching=kmer_balanced;matching_signature=(10, 'AAA');border_estimator=center_window_kmer_jsd;estimator=center_jsd;window=48;search_radius=24;kmer=2;top_ratio=0.25;score_scale=4.0;motif_weight=0.0;motif_radius=12;score_normalization=train_quantile;raw_border_score=0.485670;border_score=1.197667",0.29318201541900635,0.2957037091255188,0.41111430525779724
test_Seq_1762,1,2,"benchmark=nucleotide_transformer_downstream_tasks;dataset=splice_sites_all;matching=kmer_balanced;matching_signature=(13, 'GGG');border_estimator=center_window_kmer_jsd;estimator=center_jsd;window=48;search_radius=24;kmer=2;top_ratio=0.25;score_scale=4.0;motif_weight=0.0;motif_radius=12;score_normalization=train_quantile;raw_border_score=0.361571;border_score=1.181089",0.3056865632534027,0.30980104207992554,0.38451245427131653
test_Seq_417,0,2,"benchmark=nucleotide_transformer_downstream_tasks;dataset=splice_sites_all;matching=kmer_balanced;matching_signature=(5, 'TTT');border_estimator=center_window_kmer_jsd;estimator=center_jsd;window=48;search_radius=24;kmer=2;top_ratio=0.25;score_scale=4.0;motif_weight=0.0;motif_radius=12;score_normalization=train_quantile;raw_border_score=0.323302;border_score=1.162867",0.2762560546398163,0.30141621828079224,0.4223276972770691
test_Seq_2322,2,2,"benchmark=nucleotide_transformer_downstream_tasks;dataset=splice_sites_all;matching=kmer_balanced;matching_signature=(7, 'TTT');border_estimator=center_window_kmer_jsd;estimator=center_jsd;window=48;search_radius=24;kmer=2;top_ratio=0.25;score_scale=4.0;motif_weight=0.0;motif_radius=12;score_normalization=train_quantile;raw_border_score=0.207910;border_score=0.989933",0.2266484946012497,0.2567639946937561,0.5165875554084778
test_Seq_2561,2,2,"benchmark=nucleotide_transformer_downstream_tasks;dataset=splice_sites_all;matching=kmer_balanced;matching_signature=(11, 'CCC');border_estimator=center_window_kmer_jsd;estimator=center_jsd;window=48;search_radius=24;kmer=2;top_ratio=0.25;score_scale=4.0;motif_weight=0.0;motif_radius=12;score_normalization=train_quantile;raw_border_score=0.246349;border_score=1.071844",0.289132297039032,0.31122663617134094,0.3996410667896271
test_Seq_1719,1,2,"benchmark=nucleotide_transformer_downstream_tasks;dataset=splice_sites_all;matching=kmer_balanced;matching_signature=(13, 'CTG');border_estimator=center_window_kmer_jsd;estimator=center_jsd;window=48;search_radius=24;kmer=2;top_ratio=0.25;score_scale=4.0;motif_weight=0.0;motif_radius=12;score_normalization=train_quantile;raw_border_score=0.238429;border_score=1.055178",0.27716583013534546,0.29494813084602356,0.42788606882095337
test_Seq_1258,1,2,"benchmark=nucleotide_transformer_downstream_tasks;dataset=splice_sites_all;matching=kmer_balanced;matching_signature=(7, 'TTT');border_estimator=center_window_kmer_jsd;estimator=center_jsd;window=48;search_radius=24;kmer=2;top_ratio=0.25;score_scale=4.0;motif_weight=0.0;motif_radius=12;score_normalization=train_quantile;raw_border_score=0.133150;border_score=0.822956",0.2117113173007965,0.23210318386554718,0.5561855435371399
test_Seq_64,0,2,"benchmark=nucleotide_transformer_downstream_tasks;dataset=splice_sites_all;matching=kmer_balanced;matching_signature=(9, 'TTT');border_estimator=center_window_kmer_jsd;estimator=center_jsd;window=48;search_radius=24;kmer=2;top_ratio=0.25;score_scale=4.0;motif_weight=0.0;motif_radius=12;score_normalization=train_quantile;raw_border_score=0.165754;border_score=0.880733",0.29083216190338135,0.31364819407463074,0.3955196440219879
test_Seq_1363,1,2,"benchmark=nucleotide_transformer_downstream_tasks;dataset=splice_sites_all;matching=kmer_balanced;matching_signature=(14, 'GGG');border_estimator=center_window_kmer_jsd;estimator=center_jsd;window=48;search_radius=24;kmer=2;top_ratio=0.25;score_scale=4.0;motif_weight=0.0;motif_radius=12;score_normalization=train_quantile;raw_border_score=0.236174;border_score=1.051133",0.3172178268432617,0.33775201439857483,0.34503012895584106
test_Seq_491,0,2,"benchmark=nucleotide_transformer_downstream_tasks;dataset=splice_sites_all;matching=kmer_balanced;matching_signature=(7, 'TAT');border_estimator=center_window_kmer_jsd;estimator=center_jsd;window=48;search_radius=24;kmer=2;top_ratio=0.25;score_scale=4.0;motif_weight=0.0;motif_radius=12;score_normalization=train_quantile;raw_border_score=0.429653;border_score=1.193222",0.26013705134391785,0.282673716545105,0.4571892023086548
test_Seq_2836,2,2,"benchmark=nucleotide_transformer_downstream_tasks;dataset=splice_sites_all;matching=kmer_balanced;matching_signature=(7, 'AAA');border_estimator=center_window_kmer_jsd;estimator=center_jsd;window=48;search_radius=24;kmer=2;top_ratio=0.25;score_scale=4.0;motif_weight=0.0;motif_radius=12;score_normalization=train_quantile;raw_border_score=0.216683;border_score=1.010778",0.2653946578502655,0.2871686518192291,0.44743672013282776
test_Seq_1135,1,2,"benchmark=nucleotide_transformer_downstream_tasks;dataset=splice_sites_all;matching=kmer_balanced;matching_signature=(7, 'ATA');border_estimator=center_window_kmer_jsd;estimator=center_jsd;window=48;search_radius=24;kmer=2;top_ratio=0.25;score_scale=4.0;motif_weight=0.0;motif_radius=12;score_normalization=train_quantile;raw_border_score=0.173692;border_score=0.901000",0.21939688920974731,0.24569851160049438,0.5349045991897583
test_Seq_866,0,1,"benchmark=nucleotide_transformer_downstream_tasks;dataset=splice_sites_all;matching=kmer_balanced;matching_signature=(11, 'AGG');border_estimator=center_window_kmer_jsd;estimator=center_jsd;window=48;search_radius=24;kmer=2;top_ratio=0.25;score_scale=4.0;motif_weight=0.0;motif_radius=12;score_normalization=train_quantile;raw_border_score=0.314412;border_score=1.157000",0.33080971240997314,0.34022578597068787,0.3289645314216614
test_Seq_1504,1,2,"benchmark=nucleotide_transformer_downstream_tasks;dataset=splice_sites_all;matching=kmer_balanced;matching_signature=(10, 'TGG');border_estimator=center_window_kmer_jsd;estimator=center_jsd;window=48;search_radius=24;kmer=2;top_ratio=0.25;score_scale=4.0;motif_weight=0.0;motif_radius=12;score_normalization=train_quantile;raw_border_score=0.182477;border_score=0.923578",0.2800420820713043,0.3056868612766266,0.4142710268497467
test_Seq_1069,1,2,"benchmark=nucleotide_transformer_downstream_tasks;dataset=splice_sites_all;matching=kmer_balanced;matching_signature=(8, 'GAA');border_estimator=center_window_kmer_jsd;estimator=center_jsd;window=48;search_radius=24;kmer=2;top_ratio=0.25;score_scale=4.0;motif_weight=0.0;motif_radius=12;score_normalization=train_quantile;raw_border_score=0.187937;border_score=0.938911",0.24382594227790833,0.2745625972747803,0.48161154985427856
test_Seq_1672,1,2,"benchmark=nucleotide_transformer_downstream_tasks;dataset=splice_sites_all;matching=kmer_balanced;matching_signature=(6, 'AAA');border_estimator=center_window_kmer_jsd;estimator=center_jsd;window=48;search_radius=24;kmer=2;top_ratio=0.25;score_scale=4.0;motif_weight=0.0;motif_radius=12;score_normalization=train_quantile;raw_border_score=0.165715;border_score=0.880556",0.25844818353652954,0.28379005193710327,0.45776182413101196
test_Seq_767,0,1,"benchmark=nucleotide_transformer_downstream_tasks;dataset=splice_sites_all;matching=kmer_balanced;matching_signature=(9, 'CTG');border_estimator=center_window_kmer_jsd;estimator=center_jsd;window=48;search_radius=24;kmer=2;top_ratio=0.25;score_scale=4.0;motif_weight=0.0;motif_radius=12;score_normalization=train_quantile;raw_border_score=0.344426;border_score=1.174333",0.3397218585014343,0.3495819866657257,0.31069615483283997
test_Seq_1202,1,2,"benchmark=nucleotide_transformer_downstream_tasks;dataset=splice_sites_all;matching=kmer_balanced;matching_signature=(7, 'TTT');border_estimator=center_window_kmer_jsd;estimator=center_jsd;window=48;search_radius=24;kmer=2;top_ratio=0.25;score_scale=4.0;motif_weight=0.0;motif_radius=12;score_normalization=train_quantile;raw_border_score=0.198308;border_score=0.966600",0.24191422760486603,0.26749518513679504,0.49059057235717773
test_Seq_2804,2,2,"benchmark=nucleotide_transformer_downstream_tasks;dataset=splice_sites_all;matching=kmer_balanced;matching_signature=(8, 'AAA');border_estimator=center_window_kmer_jsd;estimator=center_jsd;window=48;search_radius=24;kmer=2;top_ratio=0.25;score_scale=4.0;motif_weight=0.0;motif_radius=12;score_normalization=train_quantile;raw_border_score=0.205872;border_score=0.985889",0.27449992299079895,0.2869826555252075,0.43851739168167114
test_Seq_515,0,2,"benchmark=nucleotide_transformer_downstream_tasks;dataset=splice_sites_all;matching=kmer_balanced;matching_signature=(8, 'TTT');border_estimator=center_window_kmer_jsd;estimator=center_jsd;window=48;search_radius=24;kmer=2;top_ratio=0.25;score_scale=4.0;motif_weight=0.0;motif_radius=12;score_normalization=train_quantile;raw_border_score=0.560914;border_score=1.199400",0.18436609208583832,0.21279366314411163,0.60284024477005
test_Seq_551,0,2,"benchmark=nucleotide_transformer_downstream_tasks;dataset=splice_sites_all;matching=kmer_balanced;matching_signature=(7, 'AAA');border_estimator=center_window_kmer_jsd;estimator=center_jsd;window=48;search_radius=24;kmer=2;top_ratio=0.25;score_scale=4.0;motif_weight=0.0;motif_radius=12;score_normalization=train_quantile;raw_border_score=0.243778;border_score=1.067222",0.31291595101356506,0.3246104121208191,0.36247360706329346
test_Seq_1830,1,2,"benchmark=nucleotide_transformer_downstream_tasks;dataset=splice_sites_all;matching=kmer_balanced;matching_signature=(7, 'AAA');border_estimator=center_window_kmer_jsd;estimator=center_jsd;window=48;search_radius=24;kmer=2;top_ratio=0.25;score_scale=4.0;motif_weight=0.0;motif_radius=12;score_normalization=train_quantile;raw_border_score=0.247659;border_score=1.074511",0.2625824511051178,0.2765817642211914,0.4608358144760132
test_Seq_2226,2,2,"benchmark=nucleotide_transformer_downstream_tasks;dataset=splice_sites_all;matching=kmer_balanced;matching_signature=(7, 'TTT');border_estimator=center_window_kmer_jsd;estimator=center_jsd;window=48;search_radius=24;kmer=2;top_ratio=0.25;score_scale=4.0;motif_weight=0.0;motif_radius=12;score_normalization=train_quantile;raw_border_score=0.228466;border_score=1.036911",0.225936621427536,0.24859923124313354,0.5254641771316528
test_Seq_2839,2,2,"benchmark=nucleotide_transformer_downstream_tasks;dataset=splice_sites_all;matching=kmer_balanced;matching_signature=(7, 'AAA');border_estimator=center_window_kmer_jsd;estimator=center_jsd;window=48;search_radius=24;kmer=2;top_ratio=0.25;score_scale=4.0;motif_weight=0.0;motif_radius=12;score_normalization=train_quantile;raw_border_score=0.297193;border_score=1.142778",0.2786369323730469,0.2961355745792389,0.42522749304771423
test_Seq_1984,1,2,"benchmark=nucleotide_transformer_downstream_tasks;dataset=splice_sites_all;matching=kmer_balanced;matching_signature=(10, 'CTG');border_estimator=center_window_kmer_jsd;estimator=center_jsd;window=48;search_radius=24;kmer=2;top_ratio=0.25;score_scale=4.0;motif_weight=0.0;motif_radius=12;score_normalization=train_quantile;raw_border_score=0.141056;border_score=0.832778",0.27390673756599426,0.29737934470176697,0.4287138879299164
test_Seq_1158,1,1,"benchmark=nucleotide_transformer_downstream_tasks;dataset=splice_sites_all;matching=kmer_balanced;matching_signature=(8, 'TTT');border_estimator=center_window_kmer_jsd;estimator=center_jsd;window=48;search_radius=24;kmer=2;top_ratio=0.25;score_scale=4.0;motif_weight=0.0;motif_radius=12;score_normalization=train_quantile;raw_border_score=0.424916;border_score=1.192778",0.33351412415504456,0.3407345712184906,0.32575133442878723
test_Seq_1538,1,2,"benchmark=nucleotide_transformer_downstream_tasks;dataset=splice_sites_all;matching=kmer_balanced;matching_signature=(12, 'CCC');border_estimator=center_window_kmer_jsd;estimator=center_jsd;window=48;search_radius=24;kmer=2;top_ratio=0.25;score_scale=4.0;motif_weight=0.0;motif_radius=12;score_normalization=train_quantile;raw_border_score=0.224137;border_score=1.028244",0.31784841418266296,0.320911705493927,0.36123988032341003
test_Seq_1136,1,2,"benchmark=nucleotide_transformer_downstream_tasks;dataset=splice_sites_all;matching=kmer_balanced;matching_signature=(12, 'GGG');border_estimator=center_window_kmer_jsd;estimator=center_jsd;window=48;search_radius=24;kmer=2;top_ratio=0.25;score_scale=4.0;motif_weight=0.0;motif_radius=12;score_normalization=train_quantile;raw_border_score=0.203457;border_score=0.979844",0.29029908776283264,0.30181556940078735,0.4078853726387024
test_Seq_2274,2,2,"benchmark=nucleotide_transformer_downstream_tasks;dataset=splice_sites_all;matching=kmer_balanced;matching_signature=(10, 'TCT');border_estimator=center_window_kmer_jsd;estimator=center_jsd;window=48;search_radius=24;kmer=2;top_ratio=0.25;score_scale=4.0;motif_weight=0.0;motif_radius=12;score_normalization=train_quantile;raw_border_score=0.176833;border_score=0.910467",0.25794854760169983,0.271286278963089,0.4707651734352112
test_Seq_15,0,2,"benchmark=nucleotide_transformer_downstream_tasks;dataset=splice_sites_all;matching=kmer_balanced;matching_signature=(9, 'TTT');border_estimator=center_window_kmer_jsd;estimator=center_jsd;window=48;search_radius=24;kmer=2;top_ratio=0.25;score_scale=4.0;motif_weight=0.0;motif_radius=12;score_normalization=train_quantile;raw_border_score=0.238232;border_score=1.054911",0.2632695734500885,0.28461506962776184,0.45211535692214966
test_Seq_998,0,2,"benchmark=nucleotide_transformer_downstream_tasks;dataset=splice_sites_all;matching=kmer_balanced;matching_signature=(7, 'AAT');border_estimator=center_window_kmer_jsd;estimator=center_jsd;window=48;search_radius=24;kmer=2;top_ratio=0.25;score_scale=4.0;motif_weight=0.0;motif_radius=12;score_normalization=train_quantile;raw_border_score=0.113708;border_score=0.807667",0.2596433460712433,0.2820899486541748,0.4582667052745819
test_Seq_1133,1,2,"benchmark=nucleotide_transformer_downstream_tasks;dataset=splice_sites_all;matching=kmer_balanced;matching_signature=(10, 'GGG');border_estimator=center_window_kmer_jsd;estimator=center_jsd;window=48;search_radius=24;kmer=2;top_ratio=0.25;score_scale=4.0;motif_weight=0.0;motif_radius=12;score_normalization=train_quantile;raw_border_score=0.215901;border_score=1.008467",0.3122701644897461,0.3196171224117279,0.3681127429008484
test_Seq_1390,1,2,"benchmark=nucleotide_transformer_downstream_tasks;dataset=splice_sites_all;matching=kmer_balanced;matching_signature=(12, 'GGG');border_estimator=center_window_kmer_jsd;estimator=center_jsd;window=48;search_radius=24;kmer=2;top_ratio=0.25;score_scale=4.0;motif_weight=0.0;motif_radius=12;score_normalization=train_quantile;raw_border_score=0.294141;border_score=1.140067",0.3118976354598999,0.32125627994537354,0.3668460547924042
test_Seq_1201,1,2,"benchmark=nucleotide_transformer_downstream_tasks;dataset=splice_sites_all;matching=kmer_balanced;matching_signature=(12, 'GGG');border_estimator=center_window_kmer_jsd;estimator=center_jsd;window=48;search_radius=24;kmer=2;top_ratio=0.25;score_scale=4.0;motif_weight=0.0;motif_radius=12;score_normalization=train_quantile;raw_border_score=0.168675;border_score=0.887844",0.3125837445259094,0.3168507218360901,0.3705655634403229
test_Seq_1039,1,2,"benchmark=nucleotide_transformer_downstream_tasks;dataset=splice_sites_all;matching=kmer_balanced;matching_signature=(7, 'TTT');border_estimator=center_window_kmer_jsd;estimator=center_jsd;window=48;search_radius=24;kmer=2;top_ratio=0.25;score_scale=4.0;motif_weight=0.0;motif_radius=12;score_normalization=train_quantile;raw_border_score=0.127261;border_score=0.816644",0.2603037655353546,0.2916906177997589,0.44800564646720886
test_Seq_2277,2,2,"benchmark=nucleotide_transformer_downstream_tasks;dataset=splice_sites_all;matching=kmer_balanced;matching_signature=(12, 'CTG');border_estimator=center_window_kmer_jsd;estimator=center_jsd;window=48;search_radius=24;kmer=2;top_ratio=0.25;score_scale=4.0;motif_weight=0.0;motif_radius=12;score_normalization=train_quantile;raw_border_score=0.198475;border_score=0.967044",0.29212889075279236,0.30295878648757935,0.4049123525619507
test_Seq_2502,2,2,"benchmark=nucleotide_transformer_downstream_tasks;dataset=splice_sites_all;matching=kmer_balanced;matching_signature=(8, 'TGT');border_estimator=center_window_kmer_jsd;estimator=center_jsd;window=48;search_radius=24;kmer=2;top_ratio=0.25;score_scale=4.0;motif_weight=0.0;motif_radius=12;score_normalization=train_quantile;raw_border_score=0.158825;border_score=0.864956",0.2466229349374771,0.27790892124176025,0.47546812891960144
test_Seq_446,0,2,"benchmark=nucleotide_transformer_downstream_tasks;dataset=splice_sites_all;matching=kmer_balanced;matching_signature=(8, 'AAA');border_estimator=center_window_kmer_jsd;estimator=center_jsd;window=48;search_radius=24;kmer=2;top_ratio=0.25;score_scale=4.0;motif_weight=0.0;motif_radius=12;score_normalization=train_quantile;raw_border_score=0.177197;border_score=0.911667",0.30850616097450256,0.31967395544052124,0.3718199133872986
test_Seq_1448,1,2,"benchmark=nucleotide_transformer_downstream_tasks;dataset=splice_sites_all;matching=kmer_balanced;matching_signature=(6, 'TTT');border_estimator=center_window_kmer_jsd;estimator=center_jsd;window=48;search_radius=24;kmer=2;top_ratio=0.25;score_scale=4.0;motif_weight=0.0;motif_radius=12;score_normalization=train_quantile;raw_border_score=0.146275;border_score=0.841178",0.23940522968769073,0.2602691948413849,0.5003255605697632
test_Seq_2751,2,2,"benchmark=nucleotide_transformer_downstream_tasks;dataset=splice_sites_all;matching=kmer_balanced;matching_signature=(6, 'TTT');border_estimator=center_window_kmer_jsd;estimator=center_jsd;window=48;search_radius=24;kmer=2;top_ratio=0.25;score_scale=4.0;motif_weight=0.0;motif_radius=12;score_normalization=train_quantile;raw_border_score=0.187588;border_score=0.937400",0.2205267995595932,0.24842876195907593,0.5310444831848145
test_Seq_2864,2,2,"benchmark=nucleotide_transformer_downstream_tasks;dataset=splice_sites_all;matching=kmer_balanced;matching_signature=(7, 'AAA');border_estimator=center_window_kmer_jsd;estimator=center_jsd;window=48;search_radius=24;kmer=2;top_ratio=0.25;score_scale=4.0;motif_weight=0.0;motif_radius=12;score_normalization=train_quantile;raw_border_score=0.462013;border_score=1.196422",0.2617625296115875,0.2910454571247101,0.4471920430660248
test_Seq_605,0,2,"benchmark=nucleotide_transformer_downstream_tasks;dataset=splice_sites_all;matching=kmer_balanced;matching_signature=(6, 'AAA');border_estimator=center_window_kmer_jsd;estimator=center_jsd;window=48;search_radius=24;kmer=2;top_ratio=0.25;score_scale=4.0;motif_weight=0.0;motif_radius=12;score_normalization=train_quantile;raw_border_score=0.215536;border_score=1.007489",0.238986074924469,0.2625555694103241,0.4984583258628845
test_Seq_2142,2,2,"benchmark=nucleotide_transformer_downstream_tasks;dataset=splice_sites_all;matching=kmer_balanced;matching_signature=(11, 'CCA');border_estimator=center_window_kmer_jsd;estimator=center_jsd;window=48;search_radius=24;kmer=2;top_ratio=0.25;score_scale=4.0;motif_weight=0.0;motif_radius=12;score_normalization=train_quantile;raw_border_score=0.211729;border_score=0.999222",0.3064175546169281,0.32781538367271423,0.36576706171035767
test_Seq_1242,1,2,"benchmark=nucleotide_transformer_downstream_tasks;dataset=splice_sites_all;matching=kmer_balanced;matching_signature=(5, 'AAA');border_estimator=center_window_kmer_jsd;estimator=center_jsd;window=48;search_radius=24;kmer=2;top_ratio=0.25;score_scale=4.0;motif_weight=0.0;motif_radius=12;score_normalization=train_quantile;raw_border_score=0.253868;border_score=1.085711",0.2570447623729706,0.2774685025215149,0.46548667550086975
test_Seq_2516,2,2,"benchmark=nucleotide_transformer_downstream_tasks;dataset=splice_sites_all;matching=kmer_balanced;matching_signature=(11, 'GGC');border_estimator=center_window_kmer_jsd;estimator=center_jsd;window=48;search_radius=24;kmer=2;top_ratio=0.25;score_scale=4.0;motif_weight=0.0;motif_radius=12;score_normalization=train_quantile;raw_border_score=0.185582;border_score=0.932244",0.3108849823474884,0.3257441818714142,0.36337077617645264
test_Seq_1869,1,1,"benchmark=nucleotide_transformer_downstream_tasks;dataset=splice_sites_all;matching=kmer_balanced;matching_signature=(10, 'GAG');border_estimator=center_window_kmer_jsd;estimator=center_jsd;window=48;search_radius=24;kmer=2;top_ratio=0.25;score_scale=4.0;motif_weight=0.0;motif_radius=12;score_normalization=train_quantile;raw_border_score=0.291573;border_score=1.137978",0.3287017047405243,0.3380148112773895,0.3332834541797638
test_Seq_2594,2,2,"benchmark=nucleotide_transformer_downstream_tasks;dataset=splice_sites_all;matching=kmer_balanced;matching_signature=(7, 'TTT');border_estimator=center_window_kmer_jsd;estimator=center_jsd;window=48;search_radius=24;kmer=2;top_ratio=0.25;score_scale=4.0;motif_weight=0.0;motif_radius=12;score_normalization=train_quantile;raw_border_score=0.223107;border_score=1.026067",0.25965458154678345,0.2831726670265198,0.4571727514266968
test_Seq_1071,1,2,"benchmark=nucleotide_transformer_downstream_tasks;dataset=splice_sites_all;matching=kmer_balanced;matching_signature=(8, 'TTT');border_estimator=center_window_kmer_jsd;estimator=center_jsd;window=48;search_radius=24;kmer=2;top_ratio=0.25;score_scale=4.0;motif_weight=0.0;motif_radius=12;score_normalization=train_quantile;raw_border_score=0.209706;border_score=0.994467",0.24326299130916595,0.27351853251457214,0.4832185208797455
test_Seq_2727,2,2,"benchmark=nucleotide_transformer_downstream_tasks;dataset=splice_sites_all;matching=kmer_balanced;matching_signature=(6, 'TTT');border_estimator=center_window_kmer_jsd;estimator=center_jsd;window=48;search_radius=24;kmer=2;top_ratio=0.25;score_scale=4.0;motif_weight=0.0;motif_radius=12;score_normalization=train_quantile;raw_border_score=0.308251;border_score=1.152422",0.22452352941036224,0.25101011991500854,0.5244663953781128
test_Seq_1027,1,2,"benchmark=nucleotide_transformer_downstream_tasks;dataset=splice_sites_all;matching=kmer_balanced;matching_signature=(8, 'AAA');border_estimator=center_window_kmer_jsd;estimator=center_jsd;window=48;search_radius=24;kmer=2;top_ratio=0.25;score_scale=4.0;motif_weight=0.0;motif_radius=12;score_normalization=train_quantile;raw_border_score=0.199510;border_score=0.969889",0.2873954772949219,0.3034665584564209,0.4091379642486572
test_Seq_2639,2,2,"benchmark=nucleotide_transformer_downstream_tasks;dataset=splice_sites_all;matching=kmer_balanced;matching_signature=(10, 'GTG');border_estimator=center_window_kmer_jsd;estimator=center_jsd;window=48;search_radius=24;kmer=2;top_ratio=0.25;score_scale=4.0;motif_weight=0.0;motif_radius=12;score_normalization=train_quantile;raw_border_score=0.197431;border_score=0.964067",0.21424230933189392,0.24661502242088318,0.5391426682472229
test_Seq_1009,1,2,"benchmark=nucleotide_transformer_downstream_tasks;dataset=splice_sites_all;matching=kmer_balanced;matching_signature=(9, 'CAG');border_estimator=center_window_kmer_jsd;estimator=center_jsd;window=48;search_radius=24;kmer=2;top_ratio=0.25;score_scale=4.0;motif_weight=0.0;motif_radius=12;score_normalization=train_quantile;raw_border_score=0.128993;border_score=0.818422",0.2670055627822876,0.2941875755786896,0.43880683183670044
test_Seq_1190,1,2,"benchmark=nucleotide_transformer_downstream_tasks;dataset=splice_sites_all;matching=kmer_balanced;matching_signature=(10, 'CAG');border_estimator=center_window_kmer_jsd;estimator=center_jsd;window=48;search_radius=24;kmer=2;top_ratio=0.25;score_scale=4.0;motif_weight=0.0;motif_radius=12;score_normalization=train_quantile;raw_border_score=0.247430;border_score=1.073889",0.2698124945163727,0.29412880539894104,0.4360586702823639
test_Seq_648,0,2,"benchmark=nucleotide_transformer_downstream_tasks;dataset=splice_sites_all;matching=kmer_balanced;matching_signature=(7, 'AAA');border_estimator=center_window_kmer_jsd;estimator=center_jsd;window=48;search_radius=24;kmer=2;top_ratio=0.25;score_scale=4.0;motif_weight=0.0;motif_radius=12;score_normalization=train_quantile;raw_border_score=0.193413;border_score=0.953311",0.24261096119880676,0.2735288441181183,0.48386019468307495
test_Seq_1329,1,2,"benchmark=nucleotide_transformer_downstream_tasks;dataset=splice_sites_all;matching=kmer_balanced;matching_signature=(8, 'TTT');border_estimator=center_window_kmer_jsd;estimator=center_jsd;window=48;search_radius=24;kmer=2;top_ratio=0.25;score_scale=4.0;motif_weight=0.0;motif_radius=12;score_normalization=train_quantile;raw_border_score=0.133691;border_score=0.823578",0.23527128994464874,0.26598361134529114,0.49874502420425415
test_Seq_1183,1,2,"benchmark=nucleotide_transformer_downstream_tasks;dataset=splice_sites_all;matching=kmer_balanced;matching_signature=(7, 'TTT');border_estimator=center_window_kmer_jsd;estimator=center_jsd;window=48;search_radius=24;kmer=2;top_ratio=0.25;score_scale=4.0;motif_weight=0.0;motif_radius=12;score_normalization=train_quantile;raw_border_score=0.244749;border_score=1.068867",0.2766544222831726,0.30215945839881897,0.4211861193180084
test_Seq_2518,2,2,"benchmark=nucleotide_transformer_downstream_tasks;dataset=splice_sites_all;matching=kmer_balanced;matching_signature=(7, 'TTT');border_estimator=center_window_kmer_jsd;estimator=center_jsd;window=48;search_radius=24;kmer=2;top_ratio=0.25;score_scale=4.0;motif_weight=0.0;motif_radius=12;score_normalization=train_quantile;raw_border_score=0.310762;border_score=1.154822",0.21479669213294983,0.2417815625667572,0.543421745300293
test_Seq_1595,1,2,"benchmark=nucleotide_transformer_downstream_tasks;dataset=splice_sites_all;matching=kmer_balanced;matching_signature=(12, 'GGG');border_estimator=center_window_kmer_jsd;estimator=center_jsd;window=48;search_radius=24;kmer=2;top_ratio=0.25;score_scale=4.0;motif_weight=0.0;motif_radius=12;score_normalization=train_quantile;raw_border_score=0.177746;border_score=0.912822",0.3071390688419342,0.3093797564506531,0.38348114490509033
test_Seq_2992,2,2,"benchmark=nucleotide_transformer_downstream_tasks;dataset=splice_sites_all;matching=kmer_balanced;matching_signature=(9, 'GAA');border_estimator=center_window_kmer_jsd;estimator=center_jsd;window=48;search_radius=24;kmer=2;top_ratio=0.25;score_scale=4.0;motif_weight=0.0;motif_radius=12;score_normalization=train_quantile;raw_border_score=0.247674;border_score=1.074511",0.268650084733963,0.2909383475780487,0.4404115676879883
test_Seq_2338,2,2,"benchmark=nucleotide_transformer_downstream_tasks;dataset=splice_sites_all;matching=kmer_balanced;matching_signature=(11, 'GGG');border_estimator=center_window_kmer_jsd;estimator=center_jsd;window=48;search_radius=24;kmer=2;top_ratio=0.25;score_scale=4.0;motif_weight=0.0;motif_radius=12;score_normalization=train_quantile;raw_border_score=0.210411;border_score=0.996156",0.296908974647522,0.3106066584587097,0.3924843370914459
test_Seq_1844,1,2,"benchmark=nucleotide_transformer_downstream_tasks;dataset=splice_sites_all;matching=kmer_balanced;matching_signature=(10, 'TGT');border_estimator=center_window_kmer_jsd;estimator=center_jsd;window=48;search_radius=24;kmer=2;top_ratio=0.25;score_scale=4.0;motif_weight=0.0;motif_radius=12;score_normalization=train_quantile;raw_border_score=0.329892;border_score=1.166156",0.3085469603538513,0.33217981457710266,0.359273225069046
test_Seq_2947,2,2,"benchmark=nucleotide_transformer_downstream_tasks;dataset=splice_sites_all;matching=kmer_balanced;matching_signature=(12, 'CTG');border_estimator=center_window_kmer_jsd;estimator=center_jsd;window=48;search_radius=24;kmer=2;top_ratio=0.25;score_scale=4.0;motif_weight=0.0;motif_radius=12;score_normalization=train_quantile;raw_border_score=0.203046;border_score=0.979178",0.253820538520813,0.275788813829422,0.47039058804512024
test_Seq_1506,1,2,"benchmark=nucleotide_transformer_downstream_tasks;dataset=splice_sites_all;matching=kmer_balanced;matching_signature=(11, 'GGG');border_estimator=center_window_kmer_jsd;estimator=center_jsd;window=48;search_radius=24;kmer=2;top_ratio=0.25;score_scale=4.0;motif_weight=0.0;motif_radius=12;score_normalization=train_quantile;raw_border_score=0.249355;border_score=1.077844",0.28187379240989685,0.2993255853652954,0.41880062222480774
test_Seq_2878,2,2,"benchmark=nucleotide_transformer_downstream_tasks;dataset=splice_sites_all;matching=kmer_balanced;matching_signature=(13, 'CCC');border_estimator=center_window_kmer_jsd;estimator=center_jsd;window=48;search_radius=24;kmer=2;top_ratio=0.25;score_scale=4.0;motif_weight=0.0;motif_radius=12;score_normalization=train_quantile;raw_border_score=0.207938;border_score=0.989933",0.31565266847610474,0.319289892911911,0.36505743861198425
test_Seq_1341,1,2,"benchmark=nucleotide_transformer_downstream_tasks;dataset=splice_sites_all;matching=kmer_balanced;matching_signature=(8, 'TTT');border_estimator=center_window_kmer_jsd;estimator=center_jsd;window=48;search_radius=24;kmer=2;top_ratio=0.25;score_scale=4.0;motif_weight=0.0;motif_radius=12;score_normalization=train_quantile;raw_border_score=0.300994;border_score=1.147089",0.229495108127594,0.2566577196121216,0.5138471126556396
test_Seq_1908,1,2,"benchmark=nucleotide_transformer_downstream_tasks;dataset=splice_sites_all;matching=kmer_balanced;matching_signature=(6, 'TTT');border_estimator=center_window_kmer_jsd;estimator=center_jsd;window=48;search_radius=24;kmer=2;top_ratio=0.25;score_scale=4.0;motif_weight=0.0;motif_radius=12;score_normalization=train_quantile;raw_border_score=0.165071;border_score=0.879222",0.26027289032936096,0.277508407831192,0.46221861243247986
test_Seq_2766,2,2,"benchmark=nucleotide_transformer_downstream_tasks;dataset=splice_sites_all;matching=kmer_balanced;matching_signature=(5, 'TTT');border_estimator=center_window_kmer_jsd;estimator=center_jsd;window=48;search_radius=24;kmer=2;top_ratio=0.25;score_scale=4.0;motif_weight=0.0;motif_radius=12;score_normalization=train_quantile;raw_border_score=0.105851;border_score=0.803978",0.24585817754268646,0.2745119631290436,0.47962984442710876
test_Seq_97,0,2,"benchmark=nucleotide_transformer_downstream_tasks;dataset=splice_sites_all;matching=kmer_balanced;matching_signature=(5, 'TTT');border_estimator=center_window_kmer_jsd;estimator=center_jsd;window=48;search_radius=24;kmer=2;top_ratio=0.25;score_scale=4.0;motif_weight=0.0;motif_radius=12;score_normalization=train_quantile;raw_border_score=0.278903;border_score=1.122778",0.23521655797958374,0.2597510814666748,0.5050323605537415
test_Seq_1682,1,2,"benchmark=nucleotide_transformer_downstream_tasks;dataset=splice_sites_all;matching=kmer_balanced;matching_signature=(8, 'AAA');border_estimator=center_window_kmer_jsd;estimator=center_jsd;window=48;search_radius=24;kmer=2;top_ratio=0.25;score_scale=4.0;motif_weight=0.0;motif_radius=12;score_normalization=train_quantile;raw_border_score=0.163761;border_score=0.875533",0.22982530295848846,0.25406619906425476,0.5161084532737732
test_Seq_261,0,2,"benchmark=nucleotide_transformer_downstream_tasks;dataset=splice_sites_all;matching=kmer_balanced;matching_signature=(6, 'TTT');border_estimator=center_window_kmer_jsd;estimator=center_jsd;window=48;search_radius=24;kmer=2;top_ratio=0.25;score_scale=4.0;motif_weight=0.0;motif_radius=12;score_normalization=train_quantile;raw_border_score=0.428055;border_score=1.192956",0.27228614687919617,0.2985939681529999,0.4291198253631592
test_Seq_464,0,2,"benchmark=nucleotide_transformer_downstream_tasks;dataset=splice_sites_all;matching=kmer_balanced;matching_signature=(8, 'TCT');border_estimator=center_window_kmer_jsd;estimator=center_jsd;window=48;search_radius=24;kmer=2;top_ratio=0.25;score_scale=4.0;motif_weight=0.0;motif_radius=12;score_normalization=train_quantile;raw_border_score=0.172153;border_score=0.896644",0.2722160816192627,0.29981082677841187,0.42797309160232544
test_Seq_220,0,2,"benchmark=nucleotide_transformer_downstream_tasks;dataset=splice_sites_all;matching=kmer_balanced;matching_signature=(5, 'TTT');border_estimator=center_window_kmer_jsd;estimator=center_jsd;window=48;search_radius=24;kmer=2;top_ratio=0.25;score_scale=4.0;motif_weight=0.0;motif_radius=12;score_normalization=train_quantile;raw_border_score=0.253050;border_score=1.084289",0.27069321274757385,0.29402250051498413,0.43528422713279724
test_Seq_650,0,2,"benchmark=nucleotide_transformer_downstream_tasks;dataset=splice_sites_all;matching=kmer_balanced;matching_signature=(7, 'TTT');border_estimator=center_window_kmer_jsd;estimator=center_jsd;window=48;search_radius=24;kmer=2;top_ratio=0.25;score_scale=4.0;motif_weight=0.0;motif_radius=12;score_normalization=train_quantile;raw_border_score=0.281557;border_score=1.125756",0.27164503931999207,0.29913491010665894,0.4292200803756714
test_Seq_1019,1,2,"benchmark=nucleotide_transformer_downstream_tasks;dataset=splice_sites_all;matching=kmer_balanced;matching_signature=(10, 'CAG');border_estimator=center_window_kmer_jsd;estimator=center_jsd;window=48;search_radius=24;kmer=2;top_ratio=0.25;score_scale=4.0;motif_weight=0.0;motif_radius=12;score_normalization=train_quantile;raw_border_score=0.303702;border_score=1.149622",0.30877065658569336,0.31860220432281494,0.3726271092891693
test_Seq_979,0,2,"benchmark=nucleotide_transformer_downstream_tasks;dataset=splice_sites_all;matching=kmer_balanced;matching_signature=(7, 'TTT');border_estimator=center_window_kmer_jsd;estimator=center_jsd;window=48;search_radius=24;kmer=2;top_ratio=0.25;score_scale=4.0;motif_weight=0.0;motif_radius=12;score_normalization=train_quantile;raw_border_score=0.204047;border_score=0.981711",0.24822524189949036,0.27014780044555664,0.4816269278526306
test_Seq_1570,1,1,"benchmark=nucleotide_transformer_downstream_tasks;dataset=splice_sites_all;matching=kmer_balanced;matching_signature=(10, 'AAA');border_estimator=center_window_kmer_jsd;estimator=center_jsd;window=48;search_radius=24;kmer=2;top_ratio=0.25;score_scale=4.0;motif_weight=0.0;motif_radius=12;score_normalization=train_quantile;raw_border_score=0.219460;border_score=1.017400",0.3370717763900757,0.346331387758255,0.3165968358516693
test_Seq_1868,1,2,"benchmark=nucleotide_transformer_downstream_tasks;dataset=splice_sites_all;matching=kmer_balanced;matching_signature=(9, 'TTT');border_estimator=center_window_kmer_jsd;estimator=center_jsd;window=48;search_radius=24;kmer=2;top_ratio=0.25;score_scale=4.0;motif_weight=0.0;motif_radius=12;score_normalization=train_quantile;raw_border_score=0.197576;border_score=0.964511",0.2888448238372803,0.3123508393764496,0.39880436658859253
test_Seq_1840,1,2,"benchmark=nucleotide_transformer_downstream_tasks;dataset=splice_sites_all;matching=kmer_balanced;matching_signature=(6, 'TTT');border_estimator=center_window_kmer_jsd;estimator=center_jsd;window=48;search_radius=24;kmer=2;top_ratio=0.25;score_scale=4.0;motif_weight=0.0;motif_radius=12;score_normalization=train_quantile;raw_border_score=0.356588;border_score=1.179400",0.25672435760498047,0.2885121703147888,0.4547634720802307
test_Seq_2014,2,2,"benchmark=nucleotide_transformer_downstream_tasks;dataset=splice_sites_all;matching=kmer_balanced;matching_signature=(9, 'TTT');border_estimator=center_window_kmer_jsd;estimator=center_jsd;window=48;search_radius=24;kmer=2;top_ratio=0.25;score_scale=4.0;motif_weight=0.0;motif_radius=12;score_normalization=train_quantile;raw_border_score=0.318032;border_score=1.159711",0.22006583213806152,0.23857331275939941,0.5413608551025391
test_Seq_567,0,2,"benchmark=nucleotide_transformer_downstream_tasks;dataset=splice_sites_all;matching=kmer_balanced;matching_signature=(11, 'CAG');border_estimator=center_window_kmer_jsd;estimator=center_jsd;window=48;search_radius=24;kmer=2;top_ratio=0.25;score_scale=4.0;motif_weight=0.0;motif_radius=12;score_normalization=train_quantile;raw_border_score=0.304726;border_score=1.150111",0.299122154712677,0.31142306327819824,0.38945481181144714
test_Seq_2978,2,2,"benchmark=nucleotide_transformer_downstream_tasks;dataset=splice_sites_all;matching=kmer_balanced;matching_signature=(7, 'AAA');border_estimator=center_window_kmer_jsd;estimator=center_jsd;window=48;search_radius=24;kmer=2;top_ratio=0.25;score_scale=4.0;motif_weight=0.0;motif_radius=12;score_normalization=train_quantile;raw_border_score=0.141963;border_score=0.833889",0.23552243411540985,0.25961217284202576,0.5048654079437256
test_Seq_1125,1,2,"benchmark=nucleotide_transformer_downstream_tasks;dataset=splice_sites_all;matching=kmer_balanced;matching_signature=(11, 'GAG');border_estimator=center_window_kmer_jsd;estimator=center_jsd;window=48;search_radius=24;kmer=2;top_ratio=0.25;score_scale=4.0;motif_weight=0.0;motif_radius=12;score_normalization=train_quantile;raw_border_score=0.265873;border_score=1.104778",0.28415948152542114,0.30943650007247925,0.4064040184020996
test_Seq_271,0,2,"benchmark=nucleotide_transformer_downstream_tasks;dataset=splice_sites_all;matching=kmer_balanced;matching_signature=(6, 'TTT');border_estimator=center_window_kmer_jsd;estimator=center_jsd;window=48;search_radius=24;kmer=2;top_ratio=0.25;score_scale=4.0;motif_weight=0.0;motif_radius=12;score_normalization=train_quantile;raw_border_score=0.181427;border_score=0.921533",0.23387272655963898,0.2607268989086151,0.5054003596305847
test_Seq_1522,1,2,"benchmark=nucleotide_transformer_downstream_tasks;dataset=splice_sites_all;matching=kmer_balanced;matching_signature=(10, 'CCC');border_estimator=center_window_kmer_jsd;estimator=center_jsd;window=48;search_radius=24;kmer=2;top_ratio=0.25;score_scale=4.0;motif_weight=0.0;motif_radius=12;score_normalization=train_quantile;raw_border_score=0.185996;border_score=0.933178",0.28504952788352966,0.2972669303417206,0.41768357157707214
test_Seq_1954,1,2,"benchmark=nucleotide_transformer_downstream_tasks;dataset=splice_sites_all;matching=kmer_balanced;matching_signature=(8, 'AAA');border_estimator=center_window_kmer_jsd;estimator=center_jsd;window=48;search_radius=24;kmer=2;top_ratio=0.25;score_scale=4.0;motif_weight=0.0;motif_radius=12;score_normalization=train_quantile;raw_border_score=0.197734;border_score=0.965000",0.2530026137828827,0.2673766016960144,0.4796207547187805
test_Seq_433,0,2,"benchmark=nucleotide_transformer_downstream_tasks;dataset=splice_sites_all;matching=kmer_balanced;matching_signature=(7, 'TTT');border_estimator=center_window_kmer_jsd;estimator=center_jsd;window=48;search_radius=24;kmer=2;top_ratio=0.25;score_scale=4.0;motif_weight=0.0;motif_radius=12;score_normalization=train_quantile;raw_border_score=0.274898;border_score=1.117133",0.27693915367126465,0.29350176453590393,0.42955905199050903
test_Seq_1393,1,2,"benchmark=nucleotide_transformer_downstream_tasks;dataset=splice_sites_all;matching=kmer_balanced;matching_signature=(8, 'TTT');border_estimator=center_window_kmer_jsd;estimator=center_jsd;window=48;search_radius=24;kmer=2;top_ratio=0.25;score_scale=4.0;motif_weight=0.0;motif_radius=12;score_normalization=train_quantile;raw_border_score=0.453462;border_score=1.195978",0.24174825847148895,0.25831490755081177,0.4999368190765381
test_Seq_935,0,2,"benchmark=nucleotide_transformer_downstream_tasks;dataset=splice_sites_all;matching=kmer_balanced;matching_signature=(5, 'TTT');border_estimator=center_window_kmer_jsd;estimator=center_jsd;window=48;search_radius=24;kmer=2;top_ratio=0.25;score_scale=4.0;motif_weight=0.0;motif_radius=12;score_normalization=train_quantile;raw_border_score=0.176323;border_score=0.909133",0.25086259841918945,0.2727747857570648,0.47636258602142334
test_Seq_2427,2,2,"benchmark=nucleotide_transformer_downstream_tasks;dataset=splice_sites_all;matching=kmer_balanced;matching_signature=(7, 'TTT');border_estimator=center_window_kmer_jsd;estimator=center_jsd;window=48;search_radius=24;kmer=2;top_ratio=0.25;score_scale=4.0;motif_weight=0.0;motif_radius=12;score_normalization=train_quantile;raw_border_score=0.253415;border_score=1.084822",0.24430203437805176,0.27720168232917786,0.4784963130950928
test_Seq_1178,1,2,"benchmark=nucleotide_transformer_downstream_tasks;dataset=splice_sites_all;matching=kmer_balanced;matching_signature=(12, 'CAG');border_estimator=center_window_kmer_jsd;estimator=center_jsd;window=48;search_radius=24;kmer=2;top_ratio=0.25;score_scale=4.0;motif_weight=0.0;motif_radius=12;score_normalization=train_quantile;raw_border_score=0.201138;border_score=0.973756",0.3297223448753357,0.3215697109699249,0.34870797395706177
test_Seq_479,0,1,"benchmark=nucleotide_transformer_downstream_tasks;dataset=splice_sites_all;matching=kmer_balanced;matching_signature=(7, 'AAA');border_estimator=center_window_kmer_jsd;estimator=center_jsd;window=48;search_radius=24;kmer=2;top_ratio=0.25;score_scale=4.0;motif_weight=0.0;motif_radius=12;score_normalization=train_quantile;raw_border_score=0.241243;border_score=1.061444",0.33168163895606995,0.3464682102203369,0.3218501806259155
test_Seq_1961,1,2,"benchmark=nucleotide_transformer_downstream_tasks;dataset=splice_sites_all;matching=kmer_balanced;matching_signature=(8, 'AAA');border_estimator=center_window_kmer_jsd;estimator=center_jsd;window=48;search_radius=24;kmer=2;top_ratio=0.25;score_scale=4.0;motif_weight=0.0;motif_radius=12;score_normalization=train_quantile;raw_border_score=0.143590;border_score=0.836644",0.26696258783340454,0.29696202278137207,0.4360752999782562
test_Seq_1828,1,2,"benchmark=nucleotide_transformer_downstream_tasks;dataset=splice_sites_all;matching=kmer_balanced;matching_signature=(11, 'GGG');border_estimator=center_window_kmer_jsd;estimator=center_jsd;window=48;search_radius=24;kmer=2;top_ratio=0.25;score_scale=4.0;motif_weight=0.0;motif_radius=12;score_normalization=train_quantile;raw_border_score=0.281927;border_score=1.126200",0.3290146589279175,0.33032888174057007,0.34065645933151245
test_Seq_821,0,2,"benchmark=nucleotide_transformer_downstream_tasks;dataset=splice_sites_all;matching=kmer_balanced;matching_signature=(8, 'AAA');border_estimator=center_window_kmer_jsd;estimator=center_jsd;window=48;search_radius=24;kmer=2;top_ratio=0.25;score_scale=4.0;motif_weight=0.0;motif_radius=12;score_normalization=train_quantile;raw_border_score=0.221663;border_score=1.022911",0.2855262756347656,0.3035590648651123,0.41091468930244446
test_Seq_259,0,2,"benchmark=nucleotide_transformer_downstream_tasks;dataset=splice_sites_all;matching=kmer_balanced;matching_signature=(12, 'CTG');border_estimator=center_window_kmer_jsd;estimator=center_jsd;window=48;search_radius=24;kmer=2;top_ratio=0.25;score_scale=4.0;motif_weight=0.0;motif_radius=12;score_normalization=train_quantile;raw_border_score=0.303235;border_score=1.149178",0.2885484993457794,0.3019406497478485,0.40951085090637207
test_Seq_2070,2,2,"benchmark=nucleotide_transformer_downstream_tasks;dataset=splice_sites_all;matching=kmer_balanced;matching_signature=(6, 'AAA');border_estimator=center_window_kmer_jsd;estimator=center_jsd;window=48;search_radius=24;kmer=2;top_ratio=0.25;score_scale=4.0;motif_weight=0.0;motif_radius=12;score_normalization=train_quantile;raw_border_score=0.291069;border_score=1.137311",0.267437607049942,0.2839580178260803,0.44860440492630005
test_Seq_2464,2,2,"benchmark=nucleotide_transformer_downstream_tasks;dataset=splice_sites_all;matching=kmer_balanced;matching_signature=(7, 'TTT');border_estimator=center_window_kmer_jsd;estimator=center_jsd;window=48;search_radius=24;kmer=2;top_ratio=0.25;score_scale=4.0;motif_weight=0.0;motif_radius=12;score_normalization=train_quantile;raw_border_score=0.156105;border_score=0.859489",0.24410657584667206,0.2638169825077057,0.49207648634910583
test_Seq_596,0,2,"benchmark=nucleotide_transformer_downstream_tasks;dataset=splice_sites_all;matching=kmer_balanced;matching_signature=(7, 'TTT');border_estimator=center_window_kmer_jsd;estimator=center_jsd;window=48;search_radius=24;kmer=2;top_ratio=0.25;score_scale=4.0;motif_weight=0.0;motif_radius=12;score_normalization=train_quantile;raw_border_score=0.292529;border_score=1.138867",0.23966367542743683,0.2628195285797119,0.49751681089401245
test_Seq_1736,1,2,"benchmark=nucleotide_transformer_downstream_tasks;dataset=splice_sites_all;matching=kmer_balanced;matching_signature=(9, 'TTT');border_estimator=center_window_kmer_jsd;estimator=center_jsd;window=48;search_radius=24;kmer=2;top_ratio=0.25;score_scale=4.0;motif_weight=0.0;motif_radius=12;score_normalization=train_quantile;raw_border_score=0.133338;border_score=0.823267",0.3161299228668213,0.33672720193862915,0.3471428453922272
test_Seq_1759,1,2,"benchmark=nucleotide_transformer_downstream_tasks;dataset=splice_sites_all;matching=kmer_balanced;matching_signature=(13, 'CCC');border_estimator=center_window_kmer_jsd;estimator=center_jsd;window=48;search_radius=24;kmer=2;top_ratio=0.25;score_scale=4.0;motif_weight=0.0;motif_radius=12;score_normalization=train_quantile;raw_border_score=0.191876;border_score=0.949133",0.2870132029056549,0.29404711723327637,0.41893965005874634
test_Seq_72,0,2,"benchmark=nucleotide_transformer_downstream_tasks;dataset=splice_sites_all;matching=kmer_balanced;matching_signature=(6, 'TTT');border_estimator=center_window_kmer_jsd;estimator=center_jsd;window=48;search_radius=24;kmer=2;top_ratio=0.25;score_scale=4.0;motif_weight=0.0;motif_radius=12;score_normalization=train_quantile;raw_border_score=0.225689;border_score=1.031311",0.23647291958332062,0.2561875879764557,0.5073394775390625
test_Seq_918,0,2,"benchmark=nucleotide_transformer_downstream_tasks;dataset=splice_sites_all;matching=kmer_balanced;matching_signature=(10, 'TCT');border_estimator=center_window_kmer_jsd;estimator=center_jsd;window=48;search_radius=24;kmer=2;top_ratio=0.25;score_scale=4.0;motif_weight=0.0;motif_radius=12;score_normalization=train_quantile;raw_border_score=0.170649;border_score=0.892244",0.31344664096832275,0.32464128732681274,0.3619120419025421
test_Seq_2507,2,2,"benchmark=nucleotide_transformer_downstream_tasks;dataset=splice_sites_all;matching=kmer_balanced;matching_signature=(9, 'TTT');border_estimator=center_window_kmer_jsd;estimator=center_jsd;window=48;search_radius=24;kmer=2;top_ratio=0.25;score_scale=4.0;motif_weight=0.0;motif_radius=12;score_normalization=train_quantile;raw_border_score=0.166086;border_score=0.881311",0.2002006322145462,0.2225722372531891,0.5772271156311035
test_Seq_357,0,2,"benchmark=nucleotide_transformer_downstream_tasks;dataset=splice_sites_all;matching=kmer_balanced;matching_signature=(7, 'TTT');border_estimator=center_window_kmer_jsd;estimator=center_jsd;window=48;search_radius=24;kmer=2;top_ratio=0.25;score_scale=4.0;motif_weight=0.0;motif_radius=12;score_normalization=train_quantile;raw_border_score=0.135904;border_score=0.826467",0.3195395767688751,0.3287017345428467,0.3517586588859558
test_Seq_839,0,1,"benchmark=nucleotide_transformer_downstream_tasks;dataset=splice_sites_all;matching=kmer_balanced;matching_signature=(8, 'TTT');border_estimator=center_window_kmer_jsd;estimator=center_jsd;window=48;search_radius=24;kmer=2;top_ratio=0.25;score_scale=4.0;motif_weight=0.0;motif_radius=12;score_normalization=train_quantile;raw_border_score=0.283065;border_score=1.127933",0.32421764731407166,0.3382418751716614,0.33754050731658936
test_Seq_634,0,2,"benchmark=nucleotide_transformer_downstream_tasks;dataset=splice_sites_all;matching=kmer_balanced;matching_signature=(6, 'TTT');border_estimator=center_window_kmer_jsd;estimator=center_jsd;window=48;search_radius=24;kmer=2;top_ratio=0.25;score_scale=4.0;motif_weight=0.0;motif_radius=12;score_normalization=train_quantile;raw_border_score=0.219806;border_score=1.018289",0.23600676655769348,0.26014384627342224,0.5038493275642395
test_Seq_1756,1,2,"benchmark=nucleotide_transformer_downstream_tasks;dataset=splice_sites_all;matching=kmer_balanced;matching_signature=(7, 'AGA');border_estimator=center_window_kmer_jsd;estimator=center_jsd;window=48;search_radius=24;kmer=2;top_ratio=0.25;score_scale=4.0;motif_weight=0.0;motif_radius=12;score_normalization=train_quantile;raw_border_score=0.187201;border_score=0.936600",0.2742979824542999,0.2914959192276001,0.4342060387134552
test_Seq_1818,1,2,"benchmark=nucleotide_transformer_downstream_tasks;dataset=splice_sites_all;matching=kmer_balanced;matching_signature=(6, 'TTT');border_estimator=center_window_kmer_jsd;estimator=center_jsd;window=48;search_radius=24;kmer=2;top_ratio=0.25;score_scale=4.0;motif_weight=0.0;motif_radius=12;score_normalization=train_quantile;raw_border_score=0.220355;border_score=1.019400",0.25610315799713135,0.28236326575279236,0.4615335166454315
test_Seq_2783,2,2,"benchmark=nucleotide_transformer_downstream_tasks;dataset=splice_sites_all;matching=kmer_balanced;matching_signature=(7, 'TTT');border_estimator=center_window_kmer_jsd;estimator=center_jsd;window=48;search_radius=24;kmer=2;top_ratio=0.25;score_scale=4.0;motif_weight=0.0;motif_radius=12;score_normalization=train_quantile;raw_border_score=0.171261;border_score=0.893933",0.24655704200267792,0.2747032046318054,0.47873979806900024
test_Seq_635,0,2,"benchmark=nucleotide_transformer_downstream_tasks;dataset=splice_sites_all;matching=kmer_balanced;matching_signature=(7, 'TTT');border_estimator=center_window_kmer_jsd;estimator=center_jsd;window=48;search_radius=24;kmer=2;top_ratio=0.25;score_scale=4.0;motif_weight=0.0;motif_radius=12;score_normalization=train_quantile;raw_border_score=0.239928;border_score=1.058156",0.2579236924648285,0.28127190470695496,0.46080437302589417
test_Seq_2735,2,2,"benchmark=nucleotide_transformer_downstream_tasks;dataset=splice_sites_all;matching=kmer_balanced;matching_signature=(8, 'TTT');border_estimator=center_window_kmer_jsd;estimator=center_jsd;window=48;search_radius=24;kmer=2;top_ratio=0.25;score_scale=4.0;motif_weight=0.0;motif_radius=12;score_normalization=train_quantile;raw_border_score=0.262523;border_score=1.100111",0.27702194452285767,0.2934565544128418,0.42952150106430054
test_Seq_1880,1,2,"benchmark=nucleotide_transformer_downstream_tasks;dataset=splice_sites_all;matching=kmer_balanced;matching_signature=(8, 'TTT');border_estimator=center_window_kmer_jsd;estimator=center_jsd;window=48;search_radius=24;kmer=2;top_ratio=0.25;score_scale=4.0;motif_weight=0.0;motif_radius=12;score_normalization=train_quantile;raw_border_score=0.453462;border_score=1.195978",0.24179789423942566,0.2583034038543701,0.499898761510849
test_Seq_917,0,2,"benchmark=nucleotide_transformer_downstream_tasks;dataset=splice_sites_all;matching=kmer_balanced;matching_signature=(9, 'TTT');border_estimator=center_window_kmer_jsd;estimator=center_jsd;window=48;search_radius=24;kmer=2;top_ratio=0.25;score_scale=4.0;motif_weight=0.0;motif_radius=12;score_normalization=train_quantile;raw_border_score=0.278005;border_score=1.121489",0.30586138367652893,0.32458093762397766,0.3695577085018158
test_Seq_1684,1,2,"benchmark=nucleotide_transformer_downstream_tasks;dataset=splice_sites_all;matching=kmer_balanced;matching_signature=(7, 'TTT');border_estimator=center_window_kmer_jsd;estimator=center_jsd;window=48;search_radius=24;kmer=2;top_ratio=0.25;score_scale=4.0;motif_weight=0.0;motif_radius=12;score_normalization=train_quantile;raw_border_score=0.278881;border_score=1.122733",0.2458638846874237,0.2730521261692047,0.48108401894569397
test_Seq_2114,2,2,"benchmark=nucleotide_transformer_downstream_tasks;dataset=splice_sites_all;matching=kmer_balanced;matching_signature=(9, 'GTG');border_estimator=center_window_kmer_jsd;estimator=center_jsd;window=48;search_radius=24;kmer=2;top_ratio=0.25;score_scale=4.0;motif_weight=0.0;motif_radius=12;score_normalization=train_quantile;raw_border_score=0.182685;border_score=0.924289",0.22579702734947205,0.2564561665058136,0.5177468061447144
test_Seq_1474,1,2,"benchmark=nucleotide_transformer_downstream_tasks;dataset=splice_sites_all;matching=kmer_balanced;matching_signature=(11, 'CCC');border_estimator=center_window_kmer_jsd;estimator=center_jsd;window=48;search_radius=24;kmer=2;top_ratio=0.25;score_scale=4.0;motif_weight=0.0;motif_radius=12;score_normalization=train_quantile;raw_border_score=0.182055;border_score=0.922556",0.29446858167648315,0.30572545528411865,0.3998059928417206
test_Seq_1376,1,2,"benchmark=nucleotide_transformer_downstream_tasks;dataset=splice_sites_all;matching=kmer_balanced;matching_signature=(13, 'CTG');border_estimator=center_window_kmer_jsd;estimator=center_jsd;window=48;search_radius=24;kmer=2;top_ratio=0.25;score_scale=4.0;motif_weight=0.0;motif_radius=12;score_normalization=train_quantile;raw_border_score=0.188206;border_score=0.939444",0.3147936165332794,0.31643593311309814,0.36877045035362244
test_Seq_1123,1,2,"benchmark=nucleotide_transformer_downstream_tasks;dataset=splice_sites_all;matching=kmer_balanced;matching_signature=(10, 'CAG');border_estimator=center_window_kmer_jsd;estimator=center_jsd;window=48;search_radius=24;kmer=2;top_ratio=0.25;score_scale=4.0;motif_weight=0.0;motif_radius=12;score_normalization=train_quantile;raw_border_score=0.168920;border_score=0.888467",0.262786865234375,0.28958648443222046,0.4476267099380493
test_Seq_1045,1,1,"benchmark=nucleotide_transformer_downstream_tasks;dataset=splice_sites_all;matching=kmer_balanced;matching_signature=(10, 'TGG');border_estimator=center_window_kmer_jsd;estimator=center_jsd;window=48;search_radius=24;kmer=2;top_ratio=0.25;score_scale=4.0;motif_weight=0.0;motif_radius=12;score_normalization=train_quantile;raw_border_score=0.276040;border_score=1.118644",0.3489409387111664,0.3519670069217682,0.29909202456474304
test_Seq_2513,2,0,"benchmark=nucleotide_transformer_downstream_tasks;dataset=splice_sites_all;matching=kmer_balanced;matching_signature=(13, 'CCC');border_estimator=center_window_kmer_jsd;estimator=center_jsd;window=48;search_radius=24;kmer=2;top_ratio=0.25;score_scale=4.0;motif_weight=0.0;motif_radius=12;score_normalization=train_quantile;raw_border_score=0.192871;border_score=0.951622",0.3364406228065491,0.33561527729034424,0.3279440999031067
test_Seq_1331,1,2,"benchmark=nucleotide_transformer_downstream_tasks;dataset=splice_sites_all;matching=kmer_balanced;matching_signature=(8, 'AAA');border_estimator=center_window_kmer_jsd;estimator=center_jsd;window=48;search_radius=24;kmer=2;top_ratio=0.25;score_scale=4.0;motif_weight=0.0;motif_radius=12;score_normalization=train_quantile;raw_border_score=0.263001;border_score=1.101044",0.2817193865776062,0.2974514067173004,0.42082923650741577
test_Seq_2111,2,2,"benchmark=nucleotide_transformer_downstream_tasks;dataset=splice_sites_all;matching=kmer_balanced;matching_signature=(6, 'TTT');border_estimator=center_window_kmer_jsd;estimator=center_jsd;window=48;search_radius=24;kmer=2;top_ratio=0.25;score_scale=4.0;motif_weight=0.0;motif_radius=12;score_normalization=train_quantile;raw_border_score=0.171107;border_score=0.893311",0.23876947164535522,0.2739180624485016,0.4873124361038208
test_Seq_2927,2,2,"benchmark=nucleotide_transformer_downstream_tasks;dataset=splice_sites_all;matching=kmer_balanced;matching_signature=(11, 'CCC');border_estimator=center_window_kmer_jsd;estimator=center_jsd;window=48;search_radius=24;kmer=2;top_ratio=0.25;score_scale=4.0;motif_weight=0.0;motif_radius=12;score_normalization=train_quantile;raw_border_score=0.245078;border_score=1.069667",0.2860957682132721,0.2987397313117981,0.4151644706726074
test_Seq_544,0,2,"benchmark=nucleotide_transformer_downstream_tasks;dataset=splice_sites_all;matching=kmer_balanced;matching_signature=(9, 'TTT');border_estimator=center_window_kmer_jsd;estimator=center_jsd;window=48;search_radius=24;kmer=2;top_ratio=0.25;score_scale=4.0;motif_weight=0.0;motif_radius=12;score_normalization=train_quantile;raw_border_score=0.358294;border_score=1.180244",0.32456129789352417,0.33745190501213074,0.3379867970943451
test_Seq_2719,2,2,"benchmark=nucleotide_transformer_downstream_tasks;dataset=splice_sites_all;matching=kmer_balanced;matching_signature=(8, 'TTT');border_estimator=center_window_kmer_jsd;estimator=center_jsd;window=48;search_radius=24;kmer=2;top_ratio=0.25;score_scale=4.0;motif_weight=0.0;motif_radius=12;score_normalization=train_quantile;raw_border_score=0.137693;border_score=0.828956",0.2458963692188263,0.27277642488479614,0.4813271462917328
test_Seq_624,0,2,"benchmark=nucleotide_transformer_downstream_tasks;dataset=splice_sites_all;matching=kmer_balanced;matching_signature=(7, 'TTT');border_estimator=center_window_kmer_jsd;estimator=center_jsd;window=48;search_radius=24;kmer=2;top_ratio=0.25;score_scale=4.0;motif_weight=0.0;motif_radius=12;score_normalization=train_quantile;raw_border_score=0.256759;border_score=1.090156",0.3142828643321991,0.3337170481681824,0.35200005769729614
test_Seq_1378,1,2,"benchmark=nucleotide_transformer_downstream_tasks;dataset=splice_sites_all;matching=kmer_balanced;matching_signature=(13, 'GGG');border_estimator=center_window_kmer_jsd;estimator=center_jsd;window=48;search_radius=24;kmer=2;top_ratio=0.25;score_scale=4.0;motif_weight=0.0;motif_radius=12;score_normalization=train_quantile;raw_border_score=0.157930;border_score=0.862822",0.29134050011634827,0.2986326515674591,0.4100268483161926
test_Seq_2748,2,2,"benchmark=nucleotide_transformer_downstream_tasks;dataset=splice_sites_all;matching=kmer_balanced;matching_signature=(7, 'AAA');border_estimator=center_window_kmer_jsd;estimator=center_jsd;window=48;search_radius=24;kmer=2;top_ratio=0.25;score_scale=4.0;motif_weight=0.0;motif_radius=12;score_normalization=train_quantile;raw_border_score=0.215685;border_score=1.007889",0.2441989779472351,0.2666062116622925,0.4891948103904724
test_Seq_2262,2,2,"benchmark=nucleotide_transformer_downstream_tasks;dataset=splice_sites_all;matching=kmer_balanced;matching_signature=(14, 'CCC');border_estimator=center_window_kmer_jsd;estimator=center_jsd;window=48;search_radius=24;kmer=2;top_ratio=0.25;score_scale=4.0;motif_weight=0.0;motif_radius=12;score_normalization=train_quantile;raw_border_score=0.272393;border_score=1.113844",0.3132167160511017,0.3210466504096985,0.36573660373687744
test_Seq_2774,2,2,"benchmark=nucleotide_transformer_downstream_tasks;dataset=splice_sites_all;matching=kmer_balanced;matching_signature=(10, 'CCT');border_estimator=center_window_kmer_jsd;estimator=center_jsd;window=48;search_radius=24;kmer=2;top_ratio=0.25;score_scale=4.0;motif_weight=0.0;motif_radius=12;score_normalization=train_quantile;raw_border_score=0.160416;border_score=0.868200",0.29522085189819336,0.3128623366355896,0.39191681146621704
test_Seq_2675,2,2,"benchmark=nucleotide_transformer_downstream_tasks;dataset=splice_sites_all;matching=kmer_balanced;matching_signature=(7, 'TTT');border_estimator=center_window_kmer_jsd;estimator=center_jsd;window=48;search_radius=24;kmer=2;top_ratio=0.25;score_scale=4.0;motif_weight=0.0;motif_radius=12;score_normalization=train_quantile;raw_border_score=0.216138;border_score=1.009178",0.24480192363262177,0.2630426287651062,0.49215543270111084
test_Seq_1748,1,2,"benchmark=nucleotide_transformer_downstream_tasks;dataset=splice_sites_all;matching=kmer_balanced;matching_signature=(7, 'AAA');border_estimator=center_window_kmer_jsd;estimator=center_jsd;window=48;search_radius=24;kmer=2;top_ratio=0.25;score_scale=4.0;motif_weight=0.0;motif_radius=12;score_normalization=train_quantile;raw_border_score=0.159780;border_score=0.867089",0.26367250084877014,0.2828078866004944,0.45351967215538025
test_Seq_1076,1,2,"benchmark=nucleotide_transformer_downstream_tasks;dataset=splice_sites_all;matching=kmer_balanced;matching_signature=(11, 'CCC');border_estimator=center_window_kmer_jsd;estimator=center_jsd;window=48;search_radius=24;kmer=2;top_ratio=0.25;score_scale=4.0;motif_weight=0.0;motif_radius=12;score_normalization=train_quantile;raw_border_score=0.310477;border_score=1.154556",0.28571659326553345,0.29278790950775146,0.4214955270290375
test_Seq_1441,1,2,"benchmark=nucleotide_transformer_downstream_tasks;dataset=splice_sites_all;matching=kmer_balanced;matching_signature=(12, 'CTG');border_estimator=center_window_kmer_jsd;estimator=center_jsd;window=48;search_radius=24;kmer=2;top_ratio=0.25;score_scale=4.0;motif_weight=0.0;motif_radius=12;score_normalization=train_quantile;raw_border_score=0.193051;border_score=0.952333",0.3226976990699768,0.31757232546806335,0.35972997546195984
test_Seq_2339,2,1,"benchmark=nucleotide_transformer_downstream_tasks;dataset=splice_sites_all;matching=kmer_balanced;matching_signature=(13, 'GGG');border_estimator=center_window_kmer_jsd;estimator=center_jsd;window=48;search_radius=24;kmer=2;top_ratio=0.25;score_scale=4.0;motif_weight=0.0;motif_radius=12;score_normalization=train_quantile;raw_border_score=0.381505;border_score=1.186733",0.33155086636543274,0.33520761132240295,0.3332415521144867
test_Seq_2659,2,2,"benchmark=nucleotide_transformer_downstream_tasks;dataset=splice_sites_all;matching=kmer_balanced;matching_signature=(10, 'GGG');border_estimator=center_window_kmer_jsd;estimator=center_jsd;window=48;search_radius=24;kmer=2;top_ratio=0.25;score_scale=4.0;motif_weight=0.0;motif_radius=12;score_normalization=train_quantile;raw_border_score=0.247330;border_score=1.073667",0.28974124789237976,0.29955461621284485,0.4107040762901306
test_Seq_1810,1,2,"benchmark=nucleotide_transformer_downstream_tasks;dataset=splice_sites_all;matching=kmer_balanced;matching_signature=(7, 'TTT');border_estimator=center_window_kmer_jsd;estimator=center_jsd;window=48;search_radius=24;kmer=2;top_ratio=0.25;score_scale=4.0;motif_weight=0.0;motif_radius=12;score_normalization=train_quantile;raw_border_score=0.223622;border_score=1.027400",0.2438778132200241,0.2656365633010864,0.49048569798469543
test_Seq_435,0,2,"benchmark=nucleotide_transformer_downstream_tasks;dataset=splice_sites_all;matching=kmer_balanced;matching_signature=(8, 'GAA');border_estimator=center_window_kmer_jsd;estimator=center_jsd;window=48;search_radius=24;kmer=2;top_ratio=0.25;score_scale=4.0;motif_weight=0.0;motif_radius=12;score_normalization=train_quantile;raw_border_score=0.238105;border_score=1.054822",0.24336151778697968,0.27069780230522156,0.48594072461128235
test_Seq_1598,1,2,"benchmark=nucleotide_transformer_downstream_tasks;dataset=splice_sites_all;matching=kmer_balanced;matching_signature=(10, 'TTT');border_estimator=center_window_kmer_jsd;estimator=center_jsd;window=48;search_radius=24;kmer=2;top_ratio=0.25;score_scale=4.0;motif_weight=0.0;motif_radius=12;score_normalization=train_quantile;raw_border_score=0.200814;border_score=0.972911",0.26994410157203674,0.2919456958770752,0.43811023235321045
test_Seq_916,0,2,"benchmark=nucleotide_transformer_downstream_tasks;dataset=splice_sites_all;matching=kmer_balanced;matching_signature=(6, 'TTT');border_estimator=center_window_kmer_jsd;estimator=center_jsd;window=48;search_radius=24;kmer=2;top_ratio=0.25;score_scale=4.0;motif_weight=0.0;motif_radius=12;score_normalization=train_quantile;raw_border_score=0.264879;border_score=1.103356",0.2605317533016205,0.2763444781303406,0.46312376856803894
test_Seq_2010,2,2,"benchmark=nucleotide_transformer_downstream_tasks;dataset=splice_sites_all;matching=kmer_balanced;matching_signature=(13, 'CCC');border_estimator=center_window_kmer_jsd;estimator=center_jsd;window=48;search_radius=24;kmer=2;top_ratio=0.25;score_scale=4.0;motif_weight=0.0;motif_radius=12;score_normalization=train_quantile;raw_border_score=0.270701;border_score=1.111178",0.2743925154209137,0.27776628732681274,0.44784116744995117
test_Seq_1912,1,2,"benchmark=nucleotide_transformer_downstream_tasks;dataset=splice_sites_all;matching=kmer_balanced;matching_signature=(8, 'TTT');border_estimator=center_window_kmer_jsd;estimator=center_jsd;window=48;search_radius=24;kmer=2;top_ratio=0.25;score_scale=4.0;motif_weight=0.0;motif_radius=12;score_normalization=train_quantile;raw_border_score=0.233401;border_score=1.046244",0.2881214916706085,0.30610358715057373,0.405774861574173
test_Seq_981,0,2,"benchmark=nucleotide_transformer_downstream_tasks;dataset=splice_sites_all;matching=kmer_balanced;matching_signature=(9, 'GAG');border_estimator=center_window_kmer_jsd;estimator=center_jsd;window=48;search_radius=24;kmer=2;top_ratio=0.25;score_scale=4.0;motif_weight=0.0;motif_radius=12;score_normalization=train_quantile;raw_border_score=0.272898;border_score=1.114467",0.3197711706161499,0.3329320549964905,0.34729674458503723
test_Seq_244,0,2,"benchmark=nucleotide_transformer_downstream_tasks;dataset=splice_sites_all;matching=kmer_balanced;matching_signature=(10, 'TTT');border_estimator=center_window_kmer_jsd;estimator=center_jsd;window=48;search_radius=24;kmer=2;top_ratio=0.25;score_scale=4.0;motif_weight=0.0;motif_radius=12;score_normalization=train_quantile;raw_border_score=0.241421;border_score=1.061800",0.2984943091869354,0.31133535504341125,0.3901704251766205
test_Seq_196,0,2,"benchmark=nucleotide_transformer_downstream_tasks;dataset=splice_sites_all;matching=kmer_balanced;matching_signature=(12, 'GCC');border_estimator=center_window_kmer_jsd;estimator=center_jsd;window=48;search_radius=24;kmer=2;top_ratio=0.25;score_scale=4.0;motif_weight=0.0;motif_radius=12;score_normalization=train_quantile;raw_border_score=0.332978;border_score=1.167711",0.3013231158256531,0.3086546063423157,0.39002224802970886
test_Seq_1481,1,2,"benchmark=nucleotide_transformer_downstream_tasks;dataset=splice_sites_all;matching=kmer_balanced;matching_signature=(7, 'TTT');border_estimator=center_window_kmer_jsd;estimator=center_jsd;window=48;search_radius=24;kmer=2;top_ratio=0.25;score_scale=4.0;motif_weight=0.0;motif_radius=12;score_normalization=train_quantile;raw_border_score=0.209600;border_score=0.994289",0.25778499245643616,0.2801782190799713,0.46203675866127014
test_Seq_1971,1,2,"benchmark=nucleotide_transformer_downstream_tasks;dataset=splice_sites_all;matching=kmer_balanced;matching_signature=(9, 'TTT');border_estimator=center_window_kmer_jsd;estimator=center_jsd;window=48;search_radius=24;kmer=2;top_ratio=0.25;score_scale=4.0;motif_weight=0.0;motif_radius=12;score_normalization=train_quantile;raw_border_score=0.165911;border_score=0.881133",0.23764270544052124,0.26605427265167236,0.4963029623031616
test_Seq_2162,2,2,"benchmark=nucleotide_transformer_downstream_tasks;dataset=splice_sites_all;matching=kmer_balanced;matching_signature=(10, 'GGA');border_estimator=center_window_kmer_jsd;estimator=center_jsd;window=48;search_radius=24;kmer=2;top_ratio=0.25;score_scale=4.0;motif_weight=0.0;motif_radius=12;score_normalization=train_quantile;raw_border_score=0.147453;border_score=0.843222",0.3050015866756439,0.3226585388183594,0.3723398745059967
test_Seq_1310,1,2,"benchmark=nucleotide_transformer_downstream_tasks;dataset=splice_sites_all;matching=kmer_balanced;matching_signature=(6, 'TTT');border_estimator=center_window_kmer_jsd;estimator=center_jsd;window=48;search_radius=24;kmer=2;top_ratio=0.25;score_scale=4.0;motif_weight=0.0;motif_radius=12;score_normalization=train_quantile;raw_border_score=0.156401;border_score=0.859978",0.23363684117794037,0.26058676838874817,0.5057764053344727
test_Seq_1105,1,2,"benchmark=nucleotide_transformer_downstream_tasks;dataset=splice_sites_all;matching=kmer_balanced;matching_signature=(7, 'AAA');border_estimator=center_window_kmer_jsd;estimator=center_jsd;window=48;search_radius=24;kmer=2;top_ratio=0.25;score_scale=4.0;motif_weight=0.0;motif_radius=12;score_normalization=train_quantile;raw_border_score=0.307476;border_score=1.151756",0.2351265251636505,0.2604987621307373,0.5043747425079346
test_Seq_1537,1,2,"benchmark=nucleotide_transformer_downstream_tasks;dataset=splice_sites_all;matching=kmer_balanced;matching_signature=(8, 'TTT');border_estimator=center_window_kmer_jsd;estimator=center_jsd;window=48;search_radius=24;kmer=2;top_ratio=0.25;score_scale=4.0;motif_weight=0.0;motif_radius=12;score_normalization=train_quantile;raw_border_score=0.300116;border_score=1.146289",0.2378654181957245,0.25417569279670715,0.5079588890075684
test_Seq_2474,2,2,"benchmark=nucleotide_transformer_downstream_tasks;dataset=splice_sites_all;matching=kmer_balanced;matching_signature=(7, 'ATA');border_estimator=center_window_kmer_jsd;estimator=center_jsd;window=48;search_radius=24;kmer=2;top_ratio=0.25;score_scale=4.0;motif_weight=0.0;motif_radius=12;score_normalization=train_quantile;raw_border_score=0.222687;border_score=1.024956",0.24429075419902802,0.2664060890674591,0.4893031418323517
test_Seq_776,0,2,"benchmark=nucleotide_transformer_downstream_tasks;dataset=splice_sites_all;matching=kmer_balanced;matching_signature=(10, 'CAG');border_estimator=center_window_kmer_jsd;estimator=center_jsd;window=48;search_radius=24;kmer=2;top_ratio=0.25;score_scale=4.0;motif_weight=0.0;motif_radius=12;score_normalization=train_quantile;raw_border_score=0.236769;border_score=1.052378",0.2881012558937073,0.302134245634079,0.40976446866989136
test_Seq_863,0,2,"benchmark=nucleotide_transformer_downstream_tasks;dataset=splice_sites_all;matching=kmer_balanced;matching_signature=(7, 'TTT');border_estimator=center_window_kmer_jsd;estimator=center_jsd;window=48;search_radius=24;kmer=2;top_ratio=0.25;score_scale=4.0;motif_weight=0.0;motif_radius=12;score_normalization=train_quantile;raw_border_score=0.318983;border_score=1.160422",0.2877090275287628,0.3072468042373657,0.4050441384315491
test_Seq_334,0,2,"benchmark=nucleotide_transformer_downstream_tasks;dataset=splice_sites_all;matching=kmer_balanced;matching_signature=(9, 'AAA');border_estimator=center_window_kmer_jsd;estimator=center_jsd;window=48;search_radius=24;kmer=2;top_ratio=0.25;score_scale=4.0;motif_weight=0.0;motif_radius=12;score_normalization=train_quantile;raw_border_score=0.240644;border_score=1.060422",0.22527317702770233,0.25022605061531067,0.5245007872581482
test_Seq_2058,2,2,"benchmark=nucleotide_transformer_downstream_tasks;dataset=splice_sites_all;matching=kmer_balanced;matching_signature=(6, 'TTT');border_estimator=center_window_kmer_jsd;estimator=center_jsd;window=48;search_radius=24;kmer=2;top_ratio=0.25;score_scale=4.0;motif_weight=0.0;motif_radius=12;score_normalization=train_quantile;raw_border_score=0.427852;border_score=1.192867",0.22254163026809692,0.24359022080898285,0.533868134021759
test_Seq_841,0,2,"benchmark=nucleotide_transformer_downstream_tasks;dataset=splice_sites_all;matching=kmer_balanced;matching_signature=(6, 'TTA');border_estimator=center_window_kmer_jsd;estimator=center_jsd;window=48;search_radius=24;kmer=2;top_ratio=0.25;score_scale=4.0;motif_weight=0.0;motif_radius=12;score_normalization=train_quantile;raw_border_score=0.376348;border_score=1.185844",0.28884780406951904,0.30860579013824463,0.40254640579223633
test_Seq_513,0,2,"benchmark=nucleotide_transformer_downstream_tasks;dataset=splice_sites_all;matching=kmer_balanced;matching_signature=(7, 'TGT');border_estimator=center_window_kmer_jsd;estimator=center_jsd;window=48;search_radius=24;kmer=2;top_ratio=0.25;score_scale=4.0;motif_weight=0.0;motif_radius=12;score_normalization=train_quantile;raw_border_score=0.219959;border_score=1.018689",0.24445413053035736,0.2690429389476776,0.48650291562080383
test_Seq_2278,2,2,"benchmark=nucleotide_transformer_downstream_tasks;dataset=splice_sites_all;matching=kmer_balanced;matching_signature=(7, 'TTT');border_estimator=center_window_kmer_jsd;estimator=center_jsd;window=48;search_radius=24;kmer=2;top_ratio=0.25;score_scale=4.0;motif_weight=0.0;motif_radius=12;score_normalization=train_quantile;raw_border_score=0.202034;border_score=0.976111",0.21661023795604706,0.24399825930595398,0.5393915176391602
test_Seq_1466,1,2,"benchmark=nucleotide_transformer_downstream_tasks;dataset=splice_sites_all;matching=kmer_balanced;matching_signature=(8, 'TTT');border_estimator=center_window_kmer_jsd;estimator=center_jsd;window=48;search_radius=24;kmer=2;top_ratio=0.25;score_scale=4.0;motif_weight=0.0;motif_radius=12;score_normalization=train_quantile;raw_border_score=0.214790;border_score=1.005533",0.25385209918022156,0.2804759740829468,0.4656718969345093
test_Seq_911,0,2,"benchmark=nucleotide_transformer_downstream_tasks;dataset=splice_sites_all;matching=kmer_balanced;matching_signature=(7, 'ATA');border_estimator=center_window_kmer_jsd;estimator=center_jsd;window=48;search_radius=24;kmer=2;top_ratio=0.25;score_scale=4.0;motif_weight=0.0;motif_radius=12;score_normalization=train_quantile;raw_border_score=0.280090;border_score=1.124111",0.21954801678657532,0.257365345954895,0.5230866074562073
test_Seq_1095,1,0,"benchmark=nucleotide_transformer_downstream_tasks;dataset=splice_sites_all;matching=kmer_balanced;matching_signature=(13, 'GGG');border_estimator=center_window_kmer_jsd;estimator=center_jsd;window=48;search_radius=24;kmer=2;top_ratio=0.25;score_scale=4.0;motif_weight=0.0;motif_radius=12;score_normalization=train_quantile;raw_border_score=0.127683;border_score=0.816956",0.33885666728019714,0.3373095691204071,0.32383376359939575
test_Seq_1998,1,2,"benchmark=nucleotide_transformer_downstream_tasks;dataset=splice_sites_all;matching=kmer_balanced;matching_signature=(14, 'GGG');border_estimator=center_window_kmer_jsd;estimator=center_jsd;window=48;search_radius=24;kmer=2;top_ratio=0.25;score_scale=4.0;motif_weight=0.0;motif_radius=12;score_normalization=train_quantile;raw_border_score=0.219612;border_score=1.017578",0.3273538053035736,0.3296830952167511,0.3429631292819977
test_Seq_698,0,2,"benchmark=nucleotide_transformer_downstream_tasks;dataset=splice_sites_all;matching=kmer_balanced;matching_signature=(8, 'TTT');border_estimator=center_window_kmer_jsd;estimator=center_jsd;window=48;search_radius=24;kmer=2;top_ratio=0.25;score_scale=4.0;motif_weight=0.0;motif_radius=12;score_normalization=train_quantile;raw_border_score=0.411818;border_score=1.191400",0.22599966824054718,0.25322845578193665,0.520771861076355
test_Seq_497,0,2,"benchmark=nucleotide_transformer_downstream_tasks;dataset=splice_sites_all;matching=kmer_balanced;matching_signature=(11, 'CCC');border_estimator=center_window_kmer_jsd;estimator=center_jsd;window=48;search_radius=24;kmer=2;top_ratio=0.25;score_scale=4.0;motif_weight=0.0;motif_radius=12;score_normalization=train_quantile;raw_border_score=0.209983;border_score=0.995044",0.3025374412536621,0.3075195848941803,0.38994300365448
test_Seq_1922,1,2,"benchmark=nucleotide_transformer_downstream_tasks;dataset=splice_sites_all;matching=kmer_balanced;matching_signature=(7, 'TTT');border_estimator=center_window_kmer_jsd;estimator=center_jsd;window=48;search_radius=24;kmer=2;top_ratio=0.25;score_scale=4.0;motif_weight=0.0;motif_radius=12;score_normalization=train_quantile;raw_border_score=0.162644;border_score=0.873222",0.26567989587783813,0.2883565127849579,0.44596362113952637
test_Seq_1086,1,2,"benchmark=nucleotide_transformer_downstream_tasks;dataset=splice_sites_all;matching=kmer_balanced;matching_signature=(12, 'GGG');border_estimator=center_window_kmer_jsd;estimator=center_jsd;window=48;search_radius=24;kmer=2;top_ratio=0.25;score_scale=4.0;motif_weight=0.0;motif_radius=12;score_normalization=train_quantile;raw_border_score=0.179368;border_score=0.916378",0.31045031547546387,0.32065069675445557,0.36889898777008057
test_Seq_2657,2,2,"benchmark=nucleotide_transformer_downstream_tasks;dataset=splice_sites_all;matching=kmer_balanced;matching_signature=(7, 'TTT');border_estimator=center_window_kmer_jsd;estimator=center_jsd;window=48;search_radius=24;kmer=2;top_ratio=0.25;score_scale=4.0;motif_weight=0.0;motif_radius=12;score_normalization=train_quantile;raw_border_score=0.292910;border_score=1.139133",0.2384810745716095,0.2726793587207794,0.4888395667076111
test_Seq_1846,1,2,"benchmark=nucleotide_transformer_downstream_tasks;dataset=splice_sites_all;matching=kmer_balanced;matching_signature=(13, 'CCC');border_estimator=center_window_kmer_jsd;estimator=center_jsd;window=48;search_radius=24;kmer=2;top_ratio=0.25;score_scale=4.0;motif_weight=0.0;motif_radius=12;score_normalization=train_quantile;raw_border_score=0.284676;border_score=1.129844",0.29200172424316406,0.30371806025505066,0.4042802155017853
test_Seq_771,0,2,"benchmark=nucleotide_transformer_downstream_tasks;dataset=splice_sites_all;matching=kmer_balanced;matching_signature=(8, 'AAA');border_estimator=center_window_kmer_jsd;estimator=center_jsd;window=48;search_radius=24;kmer=2;top_ratio=0.25;score_scale=4.0;motif_weight=0.0;motif_radius=12;score_normalization=train_quantile;raw_border_score=0.158653;border_score=0.864467",0.2729038596153259,0.2851676940917969,0.4419284462928772
test_Seq_1643,1,2,"benchmark=nucleotide_transformer_downstream_tasks;dataset=splice_sites_all;matching=kmer_balanced;matching_signature=(8, 'TTT');border_estimator=center_window_kmer_jsd;estimator=center_jsd;window=48;search_radius=24;kmer=2;top_ratio=0.25;score_scale=4.0;motif_weight=0.0;motif_radius=12;score_normalization=train_quantile;raw_border_score=0.248564;border_score=1.076289",0.1907346099615097,0.21703697741031647,0.5922284722328186
test_Seq_1347,1,2,"benchmark=nucleotide_transformer_downstream_tasks;dataset=splice_sites_all;matching=kmer_balanced;matching_signature=(12, 'GGG');border_estimator=center_window_kmer_jsd;estimator=center_jsd;window=48;search_radius=24;kmer=2;top_ratio=0.25;score_scale=4.0;motif_weight=0.0;motif_radius=12;score_normalization=train_quantile;raw_border_score=0.147931;border_score=0.843844",0.30872681736946106,0.31566986441612244,0.3756033480167389
test_Seq_2667,2,2,"benchmark=nucleotide_transformer_downstream_tasks;dataset=splice_sites_all;matching=kmer_balanced;matching_signature=(7, 'TTT');border_estimator=center_window_kmer_jsd;estimator=center_jsd;window=48;search_radius=24;kmer=2;top_ratio=0.25;score_scale=4.0;motif_weight=0.0;motif_radius=12;score_normalization=train_quantile;raw_border_score=0.167836;border_score=0.886378",0.2486048936843872,0.27274447679519653,0.4786505699157715
test_Seq_218,0,2,"benchmark=nucleotide_transformer_downstream_tasks;dataset=splice_sites_all;matching=kmer_balanced;matching_signature=(11, 'GGG');border_estimator=center_window_kmer_jsd;estimator=center_jsd;window=48;search_radius=24;kmer=2;top_ratio=0.25;score_scale=4.0;motif_weight=0.0;motif_radius=12;score_normalization=train_quantile;raw_border_score=0.213702;border_score=1.003622",0.2797148525714874,0.2943798899650574,0.4259052574634552
test_Seq_2042,2,0,"benchmark=nucleotide_transformer_downstream_tasks;dataset=splice_sites_all;matching=kmer_balanced;matching_signature=(13, 'CTG');border_estimator=center_window_kmer_jsd;estimator=center_jsd;window=48;search_radius=24;kmer=2;top_ratio=0.25;score_scale=4.0;motif_weight=0.0;motif_radius=12;score_normalization=train_quantile;raw_border_score=0.175439;border_score=0.906156",0.3404233455657959,0.3287937343120575,0.3307829201221466
test_Seq_1800,1,2,"benchmark=nucleotide_transformer_downstream_tasks;dataset=splice_sites_all;matching=kmer_balanced;matching_signature=(11, 'CCC');border_estimator=center_window_kmer_jsd;estimator=center_jsd;window=48;search_radius=24;kmer=2;top_ratio=0.25;score_scale=4.0;motif_weight=0.0;motif_radius=12;score_normalization=train_quantile;raw_border_score=0.150511;border_score=0.848422",0.2929147183895111,0.30341556668281555,0.4036697745323181
test_Seq_988,0,2,"benchmark=nucleotide_transformer_downstream_tasks;dataset=splice_sites_all;matching=kmer_balanced;matching_signature=(8, 'AAG');border_estimator=center_window_kmer_jsd;estimator=center_jsd;window=48;search_radius=24;kmer=2;top_ratio=0.25;score_scale=4.0;motif_weight=0.0;motif_radius=12;score_normalization=train_quantile;raw_border_score=0.279746;border_score=1.123711",0.3003847599029541,0.3236297369003296,0.3759855329990387
test_Seq_1157,1,2,"benchmark=nucleotide_transformer_downstream_tasks;dataset=splice_sites_all;matching=kmer_balanced;matching_signature=(8, 'TTT');border_estimator=center_window_kmer_jsd;estimator=center_jsd;window=48;search_radius=24;kmer=2;top_ratio=0.25;score_scale=4.0;motif_weight=0.0;motif_radius=12;score_normalization=train_quantile;raw_border_score=0.276023;border_score=1.118644",0.3061017692089081,0.33026307821273804,0.3636351227760315
test_Seq_323,0,2,"benchmark=nucleotide_transformer_downstream_tasks;dataset=splice_sites_all;matching=kmer_balanced;matching_signature=(8, 'TCT');border_estimator=center_window_kmer_jsd;estimator=center_jsd;window=48;search_radius=24;kmer=2;top_ratio=0.25;score_scale=4.0;motif_weight=0.0;motif_radius=12;score_normalization=train_quantile;raw_border_score=0.344622;border_score=1.174467",0.26474982500076294,0.29454660415649414,0.4407036006450653
test_Seq_2928,2,2,"benchmark=nucleotide_transformer_downstream_tasks;dataset=splice_sites_all;matching=kmer_balanced;matching_signature=(8, 'TTT');border_estimator=center_window_kmer_jsd;estimator=center_jsd;window=48;search_radius=24;kmer=2;top_ratio=0.25;score_scale=4.0;motif_weight=0.0;motif_radius=12;score_normalization=train_quantile;raw_border_score=0.369177;border_score=1.183844",0.2774931788444519,0.30865928530693054,0.41384750604629517
test_Seq_2209,2,1,"benchmark=nucleotide_transformer_downstream_tasks;dataset=splice_sites_all;matching=kmer_balanced;matching_signature=(11, 'GGG');border_estimator=center_window_kmer_jsd;estimator=center_jsd;window=48;search_radius=24;kmer=2;top_ratio=0.25;score_scale=4.0;motif_weight=0.0;motif_radius=12;score_normalization=train_quantile;raw_border_score=0.271824;border_score=1.112956",0.3328937292098999,0.3415394723415375,0.32556673884391785
test_Seq_952,0,2,"benchmark=nucleotide_transformer_downstream_tasks;dataset=splice_sites_all;matching=kmer_balanced;matching_signature=(9, 'TTT');border_estimator=center_window_kmer_jsd;estimator=center_jsd;window=48;search_radius=24;kmer=2;top_ratio=0.25;score_scale=4.0;motif_weight=0.0;motif_radius=12;score_normalization=train_quantile;raw_border_score=0.200883;border_score=0.973089",0.2887655794620514,0.3041142225265503,0.4071202278137207
test_Seq_2280,2,2,"benchmark=nucleotide_transformer_downstream_tasks;dataset=splice_sites_all;matching=kmer_balanced;matching_signature=(7, 'TTT');border_estimator=center_window_kmer_jsd;estimator=center_jsd;window=48;search_radius=24;kmer=2;top_ratio=0.25;score_scale=4.0;motif_weight=0.0;motif_radius=12;score_normalization=train_quantile;raw_border_score=0.212947;border_score=1.001844",0.25223785638809204,0.2720298767089844,0.47573232650756836
test_Seq_1410,1,1,"benchmark=nucleotide_transformer_downstream_tasks;dataset=splice_sites_all;matching=kmer_balanced;matching_signature=(9, 'GGG');border_estimator=center_window_kmer_jsd;estimator=center_jsd;window=48;search_radius=24;kmer=2;top_ratio=0.25;score_scale=4.0;motif_weight=0.0;motif_radius=12;score_normalization=train_quantile;raw_border_score=0.158025;border_score=0.862822",0.3419052064418793,0.3470004200935364,0.31109440326690674
test_Seq_1417,1,2,"benchmark=nucleotide_transformer_downstream_tasks;dataset=splice_sites_all;matching=kmer_balanced;matching_signature=(8, 'AAA');border_estimator=center_window_kmer_jsd;estimator=center_jsd;window=48;search_radius=24;kmer=2;top_ratio=0.25;score_scale=4.0;motif_weight=0.0;motif_radius=12;score_normalization=train_quantile;raw_border_score=0.159981;border_score=0.867622",0.26176634430885315,0.28787925839424133,0.4503543972969055
test_Seq_2060,2,1,"benchmark=nucleotide_transformer_downstream_tasks;dataset=splice_sites_all;matching=kmer_balanced;matching_signature=(10, 'CTG');border_estimator=center_window_kmer_jsd;estimator=center_jsd;window=48;search_radius=24;kmer=2;top_ratio=0.25;score_scale=4.0;motif_weight=0.0;motif_radius=12;score_normalization=train_quantile;raw_border_score=0.221363;border_score=1.022333",0.33666008710861206,0.34842240810394287,0.31491756439208984
test_Seq_1223,1,2,"benchmark=nucleotide_transformer_downstream_tasks;dataset=splice_sites_all;matching=kmer_balanced;matching_signature=(8, 'TTT');border_estimator=center_window_kmer_jsd;estimator=center_jsd;window=48;search_radius=24;kmer=2;top_ratio=0.25;score_scale=4.0;motif_weight=0.0;motif_radius=12;score_normalization=train_quantile;raw_border_score=0.262435;border_score=1.099933",0.2889716923236847,0.31091180443763733,0.40011653304100037
test_Seq_1865,1,2,"benchmark=nucleotide_transformer_downstream_tasks;dataset=splice_sites_all;matching=kmer_balanced;matching_signature=(7, 'TTT');border_estimator=center_window_kmer_jsd;estimator=center_jsd;window=48;search_radius=24;kmer=2;top_ratio=0.25;score_scale=4.0;motif_weight=0.0;motif_radius=12;score_normalization=train_quantile;raw_border_score=0.217990;border_score=1.013800",0.21301527321338654,0.23738135397434235,0.5496033430099487
test_Seq_134,0,2,"benchmark=nucleotide_transformer_downstream_tasks;dataset=splice_sites_all;matching=kmer_balanced;matching_signature=(9, 'TGT');border_estimator=center_window_kmer_jsd;estimator=center_jsd;window=48;search_radius=24;kmer=2;top_ratio=0.25;score_scale=4.0;motif_weight=0.0;motif_radius=12;score_normalization=train_quantile;raw_border_score=0.200628;border_score=0.972600",0.29806336760520935,0.32143285870552063,0.3805038034915924
test_Seq_2570,2,2,"benchmark=nucleotide_transformer_downstream_tasks;dataset=splice_sites_all;matching=kmer_balanced;matching_signature=(10, 'AGG');border_estimator=center_window_kmer_jsd;estimator=center_jsd;window=48;search_radius=24;kmer=2;top_ratio=0.25;score_scale=4.0;motif_weight=0.0;motif_radius=12;score_normalization=train_quantile;raw_border_score=0.136918;border_score=0.827622",0.2965066432952881,0.31245654821395874,0.3910367786884308
test_Seq_2696,2,2,"benchmark=nucleotide_transformer_downstream_tasks;dataset=splice_sites_all;matching=kmer_balanced;matching_signature=(8, 'AAA');border_estimator=center_window_kmer_jsd;estimator=center_jsd;window=48;search_radius=24;kmer=2;top_ratio=0.25;score_scale=4.0;motif_weight=0.0;motif_radius=12;score_normalization=train_quantile;raw_border_score=0.189419;border_score=0.942333",0.22800332307815552,0.2457568496465683,0.526239812374115
test_Seq_1155,1,2,"benchmark=nucleotide_transformer_downstream_tasks;dataset=splice_sites_all;matching=kmer_balanced;matching_signature=(9, 'CTG');border_estimator=center_window_kmer_jsd;estimator=center_jsd;window=48;search_radius=24;kmer=2;top_ratio=0.25;score_scale=4.0;motif_weight=0.0;motif_radius=12;score_normalization=train_quantile;raw_border_score=0.172177;border_score=0.896644",0.305249959230423,0.32370978593826294,0.3710402548313141
test_Seq_870,0,1,"benchmark=nucleotide_transformer_downstream_tasks;dataset=splice_sites_all;matching=kmer_balanced;matching_signature=(8, 'TTT');border_estimator=center_window_kmer_jsd;estimator=center_jsd;window=48;search_radius=24;kmer=2;top_ratio=0.25;score_scale=4.0;motif_weight=0.0;motif_radius=12;score_normalization=train_quantile;raw_border_score=0.271107;border_score=1.111711",0.33366844058036804,0.3374606668949127,0.32887086272239685
test_Seq_1454,1,2,"benchmark=nucleotide_transformer_downstream_tasks;dataset=splice_sites_all;matching=kmer_balanced;matching_signature=(5, 'TTT');border_estimator=center_window_kmer_jsd;estimator=center_jsd;window=48;search_radius=24;kmer=2;top_ratio=0.25;score_scale=4.0;motif_weight=0.0;motif_radius=12;score_normalization=train_quantile;raw_border_score=0.244386;border_score=1.068156",0.2447320818901062,0.2697621285915375,0.4855057895183563
test_Seq_1801,1,2,"benchmark=nucleotide_transformer_downstream_tasks;dataset=splice_sites_all;matching=kmer_balanced;matching_signature=(9, 'TTT');border_estimator=center_window_kmer_jsd;estimator=center_jsd;window=48;search_radius=24;kmer=2;top_ratio=0.25;score_scale=4.0;motif_weight=0.0;motif_radius=12;score_normalization=train_quantile;raw_border_score=0.241110;border_score=1.061222",0.2624596655368805,0.29437878727912903,0.44316157698631287
test_Seq_217,0,2,"benchmark=nucleotide_transformer_downstream_tasks;dataset=splice_sites_all;matching=kmer_balanced;matching_signature=(8, 'TTT');border_estimator=center_window_kmer_jsd;estimator=center_jsd;window=48;search_radius=24;kmer=2;top_ratio=0.25;score_scale=4.0;motif_weight=0.0;motif_radius=12;score_normalization=train_quantile;raw_border_score=0.205509;border_score=0.985267",0.3045557141304016,0.32152706384658813,0.37391719222068787
test_Seq_2896,2,2,"benchmark=nucleotide_transformer_downstream_tasks;dataset=splice_sites_all;matching=kmer_balanced;matching_signature=(5, 'AAA');border_estimator=center_window_kmer_jsd;estimator=center_jsd;window=48;search_radius=24;kmer=2;top_ratio=0.25;score_scale=4.0;motif_weight=0.0;motif_radius=12;score_normalization=train_quantile;raw_border_score=0.157884;border_score=0.862778",0.24030305445194244,0.2681388258934021,0.4915582239627838
test_Seq_2778,2,2,"benchmark=nucleotide_transformer_downstream_tasks;dataset=splice_sites_all;matching=kmer_balanced;matching_signature=(9, 'CTG');border_estimator=center_window_kmer_jsd;estimator=center_jsd;window=48;search_radius=24;kmer=2;top_ratio=0.25;score_scale=4.0;motif_weight=0.0;motif_radius=12;score_normalization=train_quantile;raw_border_score=0.396597;border_score=1.189356",0.29624396562576294,0.3131621181964874,0.39059391617774963
test_Seq_1525,1,2,"benchmark=nucleotide_transformer_downstream_tasks;dataset=splice_sites_all;matching=kmer_balanced;matching_signature=(10, 'CAG');border_estimator=center_window_kmer_jsd;estimator=center_jsd;window=48;search_radius=24;kmer=2;top_ratio=0.25;score_scale=4.0;motif_weight=0.0;motif_radius=12;score_normalization=train_quantile;raw_border_score=0.182307;border_score=0.923089",0.2858119010925293,0.29913464188575745,0.41505345702171326
test_Seq_2710,2,2,"benchmark=nucleotide_transformer_downstream_tasks;dataset=splice_sites_all;matching=kmer_balanced;matching_signature=(7, 'AAA');border_estimator=center_window_kmer_jsd;estimator=center_jsd;window=48;search_radius=24;kmer=2;top_ratio=0.25;score_scale=4.0;motif_weight=0.0;motif_radius=12;score_normalization=train_quantile;raw_border_score=0.162104;border_score=0.871578",0.2855304479598999,0.2993769645690918,0.4150925874710083
test_Seq_1507,1,2,"benchmark=nucleotide_transformer_downstream_tasks;dataset=splice_sites_all;matching=kmer_balanced;matching_signature=(7, 'TTT');border_estimator=center_window_kmer_jsd;estimator=center_jsd;window=48;search_radius=24;kmer=2;top_ratio=0.25;score_scale=4.0;motif_weight=0.0;motif_radius=12;score_normalization=train_quantile;raw_border_score=0.120696;border_score=0.811400",0.24163854122161865,0.2616240978240967,0.4967373311519623
test_Seq_1741,1,2,"benchmark=nucleotide_transformer_downstream_tasks;dataset=splice_sites_all;matching=kmer_balanced;matching_signature=(6, 'TTT');border_estimator=center_window_kmer_jsd;estimator=center_jsd;window=48;search_radius=24;kmer=2;top_ratio=0.25;score_scale=4.0;motif_weight=0.0;motif_radius=12;score_normalization=train_quantile;raw_border_score=0.179355;border_score=0.916333",0.2391095757484436,0.26612672209739685,0.49476373195648193
test_Seq_1278,1,2,"benchmark=nucleotide_transformer_downstream_tasks;dataset=splice_sites_all;matching=kmer_balanced;matching_signature=(11, 'CAG');border_estimator=center_window_kmer_jsd;estimator=center_jsd;window=48;search_radius=24;kmer=2;top_ratio=0.25;score_scale=4.0;motif_weight=0.0;motif_radius=12;score_normalization=train_quantile;raw_border_score=0.200170;border_score=0.971800",0.29520183801651,0.31387725472450256,0.3909209370613098
test_Seq_381,0,2,"benchmark=nucleotide_transformer_downstream_tasks;dataset=splice_sites_all;matching=kmer_balanced;matching_signature=(7, 'TTT');border_estimator=center_window_kmer_jsd;estimator=center_jsd;window=48;search_radius=24;kmer=2;top_ratio=0.25;score_scale=4.0;motif_weight=0.0;motif_radius=12;score_normalization=train_quantile;raw_border_score=0.291718;border_score=1.138111",0.28099748492240906,0.3037835955619812,0.41521894931793213
test_Seq_2126,2,2,"benchmark=nucleotide_transformer_downstream_tasks;dataset=splice_sites_all;matching=kmer_balanced;matching_signature=(10, 'TTT');border_estimator=center_window_kmer_jsd;estimator=center_jsd;window=48;search_radius=24;kmer=2;top_ratio=0.25;score_scale=4.0;motif_weight=0.0;motif_radius=12;score_normalization=train_quantile;raw_border_score=0.095141;border_score=0.801756",0.30162009596824646,0.31759241223335266,0.38078752160072327
test_Seq_209,0,2,"benchmark=nucleotide_transformer_downstream_tasks;dataset=splice_sites_all;matching=kmer_balanced;matching_signature=(8, 'TTT');border_estimator=center_window_kmer_jsd;estimator=center_jsd;window=48;search_radius=24;kmer=2;top_ratio=0.25;score_scale=4.0;motif_weight=0.0;motif_radius=12;score_normalization=train_quantile;raw_border_score=0.167676;border_score=0.885978",0.24214108288288116,0.27214565873146057,0.48571327328681946
test_Seq_1763,1,2,"benchmark=nucleotide_transformer_downstream_tasks;dataset=splice_sites_all;matching=kmer_balanced;matching_signature=(7, 'TTT');border_estimator=center_window_kmer_jsd;estimator=center_jsd;window=48;search_radius=24;kmer=2;top_ratio=0.25;score_scale=4.0;motif_weight=0.0;motif_radius=12;score_normalization=train_quantile;raw_border_score=0.256334;border_score=1.089711",0.23077857494354248,0.2552720010280609,0.5139493942260742
test_Seq_317,0,2,"benchmark=nucleotide_transformer_downstream_tasks;dataset=splice_sites_all;matching=kmer_balanced;matching_signature=(8, 'AAA');border_estimator=center_window_kmer_jsd;estimator=center_jsd;window=48;search_radius=24;kmer=2;top_ratio=0.25;score_scale=4.0;motif_weight=0.0;motif_radius=12;score_normalization=train_quantile;raw_border_score=0.145559;border_score=0.839711",0.2299877405166626,0.2561022639274597,0.5139100551605225
test_Seq_2957,2,2,"benchmark=nucleotide_transformer_downstream_tasks;dataset=splice_sites_all;matching=kmer_balanced;matching_signature=(10, 'CTG');border_estimator=center_window_kmer_jsd;estimator=center_jsd;window=48;search_radius=24;kmer=2;top_ratio=0.25;score_scale=4.0;motif_weight=0.0;motif_radius=12;score_normalization=train_quantile;raw_border_score=0.200128;border_score=0.971622",0.28422456979751587,0.3123830556869507,0.40339240431785583
test_Seq_2935,2,2,"benchmark=nucleotide_transformer_downstream_tasks;dataset=splice_sites_all;matching=kmer_balanced;matching_signature=(8, 'TTT');border_estimator=center_window_kmer_jsd;estimator=center_jsd;window=48;search_radius=24;kmer=2;top_ratio=0.25;score_scale=4.0;motif_weight=0.0;motif_radius=12;score_normalization=train_quantile;raw_border_score=0.205093;border_score=0.984467",0.25518444180488586,0.28241482377052307,0.46240079402923584
test_Seq_120,0,2,"benchmark=nucleotide_transformer_downstream_tasks;dataset=splice_sites_all;matching=kmer_balanced;matching_signature=(7, 'TTT');border_estimator=center_window_kmer_jsd;estimator=center_jsd;window=48;search_radius=24;kmer=2;top_ratio=0.25;score_scale=4.0;motif_weight=0.0;motif_radius=12;score_normalization=train_quantile;raw_border_score=0.169244;border_score=0.889000",0.2257804423570633,0.26300153136253357,0.5112180113792419
test_Seq_1585,1,2,"benchmark=nucleotide_transformer_downstream_tasks;dataset=splice_sites_all;matching=kmer_balanced;matching_signature=(7, 'TTT');border_estimator=center_window_kmer_jsd;estimator=center_jsd;window=48;search_radius=24;kmer=2;top_ratio=0.25;score_scale=4.0;motif_weight=0.0;motif_radius=12;score_normalization=train_quantile;raw_border_score=0.339074;border_score=1.171489",0.2562949061393738,0.27954116463661194,0.4641639292240143
test_Seq_617,0,2,"benchmark=nucleotide_transformer_downstream_tasks;dataset=splice_sites_all;matching=kmer_balanced;matching_signature=(11, 'GGG');border_estimator=center_window_kmer_jsd;estimator=center_jsd;window=48;search_radius=24;kmer=2;top_ratio=0.25;score_scale=4.0;motif_weight=0.0;motif_radius=12;score_normalization=train_quantile;raw_border_score=0.142033;border_score=0.834067",0.30344006419181824,0.31105518341064453,0.38550472259521484
test_Seq_186,0,2,"benchmark=nucleotide_transformer_downstream_tasks;dataset=splice_sites_all;matching=kmer_balanced;matching_signature=(6, 'TTT');border_estimator=center_window_kmer_jsd;estimator=center_jsd;window=48;search_radius=24;kmer=2;top_ratio=0.25;score_scale=4.0;motif_weight=0.0;motif_radius=12;score_normalization=train_quantile;raw_border_score=0.120760;border_score=0.811400",0.24878232181072235,0.2690409719944,0.48217663168907166
test_Seq_1602,1,2,"benchmark=nucleotide_transformer_downstream_tasks;dataset=splice_sites_all;matching=kmer_balanced;matching_signature=(9, 'TTT');border_estimator=center_window_kmer_jsd;estimator=center_jsd;window=48;search_radius=24;kmer=2;top_ratio=0.25;score_scale=4.0;motif_weight=0.0;motif_radius=12;score_normalization=train_quantile;raw_border_score=0.267779;border_score=1.106867",0.263400673866272,0.28626418113708496,0.4503350853919983
test_Seq_2044,2,2,"benchmark=nucleotide_transformer_downstream_tasks;dataset=splice_sites_all;matching=kmer_balanced;matching_signature=(12, 'CAG');border_estimator=center_window_kmer_jsd;estimator=center_jsd;window=48;search_radius=24;kmer=2;top_ratio=0.25;score_scale=4.0;motif_weight=0.0;motif_radius=12;score_normalization=train_quantile;raw_border_score=0.156528;border_score=0.860467",0.29986879229545593,0.3020791709423065,0.39805206656455994
test_Seq_1836,1,2,"benchmark=nucleotide_transformer_downstream_tasks;dataset=splice_sites_all;matching=kmer_balanced;matching_signature=(12, 'CCC');border_estimator=center_window_kmer_jsd;estimator=center_jsd;window=48;search_radius=24;kmer=2;top_ratio=0.25;score_scale=4.0;motif_weight=0.0;motif_radius=12;score_normalization=train_quantile;raw_border_score=0.192359;border_score=0.950689",0.2878340482711792,0.3070123493671417,0.4051536023616791
test_Seq_1742,1,2,"benchmark=nucleotide_transformer_downstream_tasks;dataset=splice_sites_all;matching=kmer_balanced;matching_signature=(14, 'GGG');border_estimator=center_window_kmer_jsd;estimator=center_jsd;window=48;search_radius=24;kmer=2;top_ratio=0.25;score_scale=4.0;motif_weight=0.0;motif_radius=12;score_normalization=train_quantile;raw_border_score=0.246671;border_score=1.072467",0.32348141074180603,0.32647988200187683,0.35003870725631714
test_Seq_1302,1,2,"benchmark=nucleotide_transformer_downstream_tasks;dataset=splice_sites_all;matching=kmer_balanced;matching_signature=(7, 'AAA');border_estimator=center_window_kmer_jsd;estimator=center_jsd;window=48;search_radius=24;kmer=2;top_ratio=0.25;score_scale=4.0;motif_weight=0.0;motif_radius=12;score_normalization=train_quantile;raw_border_score=0.179404;border_score=0.916422",0.23243549466133118,0.2528437376022339,0.5147207379341125
test_Seq_810,0,2,"benchmark=nucleotide_transformer_downstream_tasks;dataset=splice_sites_all;matching=kmer_balanced;matching_signature=(7, 'TTT');border_estimator=center_window_kmer_jsd;estimator=center_jsd;window=48;search_radius=24;kmer=2;top_ratio=0.25;score_scale=4.0;motif_weight=0.0;motif_radius=12;score_normalization=train_quantile;raw_border_score=0.249359;border_score=1.077844",0.28008610010147095,0.3031846284866333,0.41672924160957336
test_Seq_392,0,2,"benchmark=nucleotide_transformer_downstream_tasks;dataset=splice_sites_all;matching=kmer_balanced;matching_signature=(12, 'GGG');border_estimator=center_window_kmer_jsd;estimator=center_jsd;window=48;search_radius=24;kmer=2;top_ratio=0.25;score_scale=4.0;motif_weight=0.0;motif_radius=12;score_normalization=train_quantile;raw_border_score=0.384800;border_score=1.187622",0.33013272285461426,0.32929450273513794,0.3405727446079254
test_Seq_2524,2,2,"benchmark=nucleotide_transformer_downstream_tasks;dataset=splice_sites_all;matching=kmer_balanced;matching_signature=(6, 'TTT');border_estimator=center_window_kmer_jsd;estimator=center_jsd;window=48;search_radius=24;kmer=2;top_ratio=0.25;score_scale=4.0;motif_weight=0.0;motif_radius=12;score_normalization=train_quantile;raw_border_score=0.238881;border_score=1.056111",0.2583206295967102,0.28502267599105835,0.45665669441223145
test_Seq_975,0,2,"benchmark=nucleotide_transformer_downstream_tasks;dataset=splice_sites_all;matching=kmer_balanced;matching_signature=(7, 'TTT');border_estimator=center_window_kmer_jsd;estimator=center_jsd;window=48;search_radius=24;kmer=2;top_ratio=0.25;score_scale=4.0;motif_weight=0.0;motif_radius=12;score_normalization=train_quantile;raw_border_score=0.259498;border_score=1.094733",0.30075016617774963,0.3127434253692627,0.3865063488483429
test_Seq_1977,1,2,"benchmark=nucleotide_transformer_downstream_tasks;dataset=splice_sites_all;matching=kmer_balanced;matching_signature=(13, 'CCC');border_estimator=center_window_kmer_jsd;estimator=center_jsd;window=48;search_radius=24;kmer=2;top_ratio=0.25;score_scale=4.0;motif_weight=0.0;motif_radius=12;score_normalization=train_quantile;raw_border_score=0.143281;border_score=0.836022",0.3227842152118683,0.32278773188591003,0.3544280529022217
test_Seq_2212,2,2,"benchmark=nucleotide_transformer_downstream_tasks;dataset=splice_sites_all;matching=kmer_balanced;matching_signature=(9, 'CTT');border_estimator=center_window_kmer_jsd;estimator=center_jsd;window=48;search_radius=24;kmer=2;top_ratio=0.25;score_scale=4.0;motif_weight=0.0;motif_radius=12;score_normalization=train_quantile;raw_border_score=0.214790;border_score=1.005533",0.21155695617198944,0.24204474687576294,0.5463982820510864
test_Seq_1237,1,2,"benchmark=nucleotide_transformer_downstream_tasks;dataset=splice_sites_all;matching=kmer_balanced;matching_signature=(11, 'GGC');border_estimator=center_window_kmer_jsd;estimator=center_jsd;window=48;search_radius=24;kmer=2;top_ratio=0.25;score_scale=4.0;motif_weight=0.0;motif_radius=12;score_normalization=train_quantile;raw_border_score=0.193446;border_score=0.953400",0.2941988408565521,0.3106120526790619,0.3951891362667084
test_Seq_2730,2,1,"benchmark=nucleotide_transformer_downstream_tasks;dataset=splice_sites_all;matching=kmer_balanced;matching_signature=(9, 'CTG');border_estimator=center_window_kmer_jsd;estimator=center_jsd;window=48;search_radius=24;kmer=2;top_ratio=0.25;score_scale=4.0;motif_weight=0.0;motif_radius=12;score_normalization=train_quantile;raw_border_score=0.276394;border_score=1.119000",0.3258357644081116,0.33984845876693726,0.33431577682495117
test_Seq_2915,2,2,"benchmark=nucleotide_transformer_downstream_tasks;dataset=splice_sites_all;matching=kmer_balanced;matching_signature=(7, 'AAA');border_estimator=center_window_kmer_jsd;estimator=center_jsd;window=48;search_radius=24;kmer=2;top_ratio=0.25;score_scale=4.0;motif_weight=0.0;motif_radius=12;score_normalization=train_quantile;raw_border_score=0.189634;border_score=0.943089",0.24809998273849487,0.26631221175193787,0.4855877459049225
test_Seq_2323,2,2,"benchmark=nucleotide_transformer_downstream_tasks;dataset=splice_sites_all;matching=kmer_balanced;matching_signature=(12, 'GGG');border_estimator=center_window_kmer_jsd;estimator=center_jsd;window=48;search_radius=24;kmer=2;top_ratio=0.25;score_scale=4.0;motif_weight=0.0;motif_radius=12;score_normalization=train_quantile;raw_border_score=0.284697;border_score=1.129889",0.3053288757801056,0.31620529294013977,0.378465861082077
test_Seq_1032,1,2,"benchmark=nucleotide_transformer_downstream_tasks;dataset=splice_sites_all;matching=kmer_balanced;matching_signature=(6, 'TTT');border_estimator=center_window_kmer_jsd;estimator=center_jsd;window=48;search_radius=24;kmer=2;top_ratio=0.25;score_scale=4.0;motif_weight=0.0;motif_radius=12;score_normalization=train_quantile;raw_border_score=0.188210;border_score=0.939444",0.2676699757575989,0.2938437759876251,0.4384862780570984
test_Seq_2798,2,2,"benchmark=nucleotide_transformer_downstream_tasks;dataset=splice_sites_all;matching=kmer_balanced;matching_signature=(8, 'TTT');border_estimator=center_window_kmer_jsd;estimator=center_jsd;window=48;search_radius=24;kmer=2;top_ratio=0.25;score_scale=4.0;motif_weight=0.0;motif_radius=12;score_normalization=train_quantile;raw_border_score=0.233685;border_score=1.046778",0.24116452038288116,0.2701783776283264,0.4886570870876312
test_Seq_2016,2,2,"benchmark=nucleotide_transformer_downstream_tasks;dataset=splice_sites_all;matching=kmer_balanced;matching_signature=(7, 'TTT');border_estimator=center_window_kmer_jsd;estimator=center_jsd;window=48;search_radius=24;kmer=2;top_ratio=0.25;score_scale=4.0;motif_weight=0.0;motif_radius=12;score_normalization=train_quantile;raw_border_score=0.180499;border_score=0.919044",0.25883948802948,0.28058740496635437,0.46057310700416565
test_Seq_2588,2,2,"benchmark=nucleotide_transformer_downstream_tasks;dataset=splice_sites_all;matching=kmer_balanced;matching_signature=(10, 'GGG');border_estimator=center_window_kmer_jsd;estimator=center_jsd;window=48;search_radius=24;kmer=2;top_ratio=0.25;score_scale=4.0;motif_weight=0.0;motif_radius=12;score_normalization=train_quantile;raw_border_score=0.165608;border_score=0.880289",0.31597089767456055,0.33347398042678833,0.35055509209632874
test_Seq_927,0,2,"benchmark=nucleotide_transformer_downstream_tasks;dataset=splice_sites_all;matching=kmer_balanced;matching_signature=(8, 'AAA');border_estimator=center_window_kmer_jsd;estimator=center_jsd;window=48;search_radius=24;kmer=2;top_ratio=0.25;score_scale=4.0;motif_weight=0.0;motif_radius=12;score_normalization=train_quantile;raw_border_score=0.217938;border_score=1.013578",0.2619965970516205,0.2898479104042053,0.4481555223464966
test_Seq_2818,2,2,"benchmark=nucleotide_transformer_downstream_tasks;dataset=splice_sites_all;matching=kmer_balanced;matching_signature=(6, 'TTT');border_estimator=center_window_kmer_jsd;estimator=center_jsd;window=48;search_radius=24;kmer=2;top_ratio=0.25;score_scale=4.0;motif_weight=0.0;motif_radius=12;score_normalization=train_quantile;raw_border_score=0.294397;border_score=1.140289",0.2543294131755829,0.2795458734035492,0.46612462401390076
test_Seq_60,0,2,"benchmark=nucleotide_transformer_downstream_tasks;dataset=splice_sites_all;matching=kmer_balanced;matching_signature=(7, 'TTT');border_estimator=center_window_kmer_jsd;estimator=center_jsd;window=48;search_radius=24;kmer=2;top_ratio=0.25;score_scale=4.0;motif_weight=0.0;motif_radius=12;score_normalization=train_quantile;raw_border_score=0.233085;border_score=1.045756",0.3176390826702118,0.3292611539363861,0.3530997633934021
test_Seq_603,0,1,"benchmark=nucleotide_transformer_downstream_tasks;dataset=splice_sites_all;matching=kmer_balanced;matching_signature=(9, 'AGG');border_estimator=center_window_kmer_jsd;estimator=center_jsd;window=48;search_radius=24;kmer=2;top_ratio=0.25;score_scale=4.0;motif_weight=0.0;motif_radius=12;score_normalization=train_quantile;raw_border_score=0.116104;border_score=0.808778",0.3253404200077057,0.34067434072494507,0.33398526906967163
test_Seq_195,0,2,"benchmark=nucleotide_transformer_downstream_tasks;dataset=splice_sites_all;matching=kmer_balanced;matching_signature=(12, 'GGG');border_estimator=center_window_kmer_jsd;estimator=center_jsd;window=48;search_radius=24;kmer=2;top_ratio=0.25;score_scale=4.0;motif_weight=0.0;motif_radius=12;score_normalization=train_quantile;raw_border_score=0.283276;border_score=1.128289",0.30959779024124146,0.322388231754303,0.36801397800445557
test_Seq_1020,1,1,"benchmark=nucleotide_transformer_downstream_tasks;dataset=splice_sites_all;matching=kmer_balanced;matching_signature=(11, 'GGG');border_estimator=center_window_kmer_jsd;estimator=center_jsd;window=48;search_radius=24;kmer=2;top_ratio=0.25;score_scale=4.0;motif_weight=0.0;motif_radius=12;score_normalization=train_quantile;raw_border_score=0.174351;border_score=0.903178",0.3275233507156372,0.3423306941986084,0.3301459848880768
test_Seq_627,0,2,"benchmark=nucleotide_transformer_downstream_tasks;dataset=splice_sites_all;matching=kmer_balanced;matching_signature=(7, 'AAA');border_estimator=center_window_kmer_jsd;estimator=center_jsd;window=48;search_radius=24;kmer=2;top_ratio=0.25;score_scale=4.0;motif_weight=0.0;motif_radius=12;score_normalization=train_quantile;raw_border_score=0.212004;border_score=0.999711",0.2751648724079132,0.29508915543556213,0.42974603176116943
test_Seq_1497,1,2,"benchmark=nucleotide_transformer_downstream_tasks;dataset=splice_sites_all;matching=kmer_balanced;matching_signature=(8, 'TTT');border_estimator=center_window_kmer_jsd;estimator=center_jsd;window=48;search_radius=24;kmer=2;top_ratio=0.25;score_scale=4.0;motif_weight=0.0;motif_radius=12;score_normalization=train_quantile;raw_border_score=0.282504;border_score=1.127089",0.25781160593032837,0.2762998938560486,0.46588847041130066
test_Seq_2065,2,2,"benchmark=nucleotide_transformer_downstream_tasks;dataset=splice_sites_all;matching=kmer_balanced;matching_signature=(6, 'TTT');border_estimator=center_window_kmer_jsd;estimator=center_jsd;window=48;search_radius=24;kmer=2;top_ratio=0.25;score_scale=4.0;motif_weight=0.0;motif_radius=12;score_normalization=train_quantile;raw_border_score=0.247430;border_score=1.073889",0.2286536693572998,0.2522261142730713,0.5191202163696289
test_Seq_434,0,2,"benchmark=nucleotide_transformer_downstream_tasks;dataset=splice_sites_all;matching=kmer_balanced;matching_signature=(7, 'TTT');border_estimator=center_window_kmer_jsd;estimator=center_jsd;window=48;search_radius=24;kmer=2;top_ratio=0.25;score_scale=4.0;motif_weight=0.0;motif_radius=12;score_normalization=train_quantile;raw_border_score=0.223863;border_score=1.027889",0.2733689546585083,0.2906608283519745,0.4359702467918396
test_Seq_1591,1,2,"benchmark=nucleotide_transformer_downstream_tasks;dataset=splice_sites_all;matching=kmer_balanced;matching_signature=(6, 'TTT');border_estimator=center_window_kmer_jsd;estimator=center_jsd;window=48;search_radius=24;kmer=2;top_ratio=0.25;score_scale=4.0;motif_weight=0.0;motif_radius=12;score_normalization=train_quantile;raw_border_score=0.134496;border_score=0.824600",0.2564999461174011,0.2813611328601837,0.4621388614177704
test_Seq_1566,1,2,"benchmark=nucleotide_transformer_downstream_tasks;dataset=splice_sites_all;matching=kmer_balanced;matching_signature=(13, 'CCC');border_estimator=center_window_kmer_jsd;estimator=center_jsd;window=48;search_radius=24;kmer=2;top_ratio=0.25;score_scale=4.0;motif_weight=0.0;motif_radius=12;score_normalization=train_quantile;raw_border_score=0.201310;border_score=0.974200",0.29251277446746826,0.29956674575805664,0.4079204499721527
test_Seq_47,0,2,"benchmark=nucleotide_transformer_downstream_tasks;dataset=splice_sites_all;matching=kmer_balanced;matching_signature=(8, 'TTT');border_estimator=center_window_kmer_jsd;estimator=center_jsd;window=48;search_radius=24;kmer=2;top_ratio=0.25;score_scale=4.0;motif_weight=0.0;motif_radius=12;score_normalization=train_quantile;raw_border_score=0.145727;border_score=0.839978",0.27874326705932617,0.3111012876033783,0.41015544533729553
test_Seq_582,0,2,"benchmark=nucleotide_transformer_downstream_tasks;dataset=splice_sites_all;matching=kmer_balanced;matching_signature=(10, 'GGG');border_estimator=center_window_kmer_jsd;estimator=center_jsd;window=48;search_radius=24;kmer=2;top_ratio=0.25;score_scale=4.0;motif_weight=0.0;motif_radius=12;score_normalization=train_quantile;raw_border_score=0.368611;border_score=1.183756",0.3212198317050934,0.33062875270843506,0.34815147519111633
test_Seq_1895,1,2,"benchmark=nucleotide_transformer_downstream_tasks;dataset=splice_sites_all;matching=kmer_balanced;matching_signature=(7, 'TTT');border_estimator=center_window_kmer_jsd;estimator=center_jsd;window=48;search_radius=24;kmer=2;top_ratio=0.25;score_scale=4.0;motif_weight=0.0;motif_radius=12;score_normalization=train_quantile;raw_border_score=0.210237;border_score=0.995667",0.2516334056854248,0.2759295403957367,0.4724370241165161
test_Seq_25,0,2,"benchmark=nucleotide_transformer_downstream_tasks;dataset=splice_sites_all;matching=kmer_balanced;matching_signature=(11, 'CCC');border_estimator=center_window_kmer_jsd;estimator=center_jsd;window=48;search_radius=24;kmer=2;top_ratio=0.25;score_scale=4.0;motif_weight=0.0;motif_radius=12;score_normalization=train_quantile;raw_border_score=0.252242;border_score=1.082689",0.29192742705345154,0.3006480932235718,0.4074244201183319
test_Seq_2163,2,2,"benchmark=nucleotide_transformer_downstream_tasks;dataset=splice_sites_all;matching=kmer_balanced;matching_signature=(8, 'TTT');border_estimator=center_window_kmer_jsd;estimator=center_jsd;window=48;search_radius=24;kmer=2;top_ratio=0.25;score_scale=4.0;motif_weight=0.0;motif_radius=12;score_normalization=train_quantile;raw_border_score=0.374647;border_score=1.185311",0.2592146694660187,0.2904646694660187,0.45032069087028503
test_Seq_2146,2,2,"benchmark=nucleotide_transformer_downstream_tasks;dataset=splice_sites_all;matching=kmer_balanced;matching_signature=(8, 'TTT');border_estimator=center_window_kmer_jsd;estimator=center_jsd;window=48;search_radius=24;kmer=2;top_ratio=0.25;score_scale=4.0;motif_weight=0.0;motif_radius=12;score_normalization=train_quantile;raw_border_score=0.424577;border_score=1.192733",0.2109246551990509,0.2353288233280182,0.5537465214729309
test_Seq_2880,2,2,"benchmark=nucleotide_transformer_downstream_tasks;dataset=splice_sites_all;matching=kmer_balanced;matching_signature=(6, 'AAA');border_estimator=center_window_kmer_jsd;estimator=center_jsd;window=48;search_radius=24;kmer=2;top_ratio=0.25;score_scale=4.0;motif_weight=0.0;motif_radius=12;score_normalization=train_quantile;raw_border_score=0.160566;border_score=0.868333",0.24333277344703674,0.2654315233230591,0.49123576283454895
test_Seq_2967,2,2,"benchmark=nucleotide_transformer_downstream_tasks;dataset=splice_sites_all;matching=kmer_balanced;matching_signature=(11, 'CCT');border_estimator=center_window_kmer_jsd;estimator=center_jsd;window=48;search_radius=24;kmer=2;top_ratio=0.25;score_scale=4.0;motif_weight=0.0;motif_radius=12;score_normalization=train_quantile;raw_border_score=0.238087;border_score=1.054822",0.2865852117538452,0.298753559589386,0.4146612584590912
test_Seq_1475,1,2,"benchmark=nucleotide_transformer_downstream_tasks;dataset=splice_sites_all;matching=kmer_balanced;matching_signature=(7, 'AAA');border_estimator=center_window_kmer_jsd;estimator=center_jsd;window=48;search_radius=24;kmer=2;top_ratio=0.25;score_scale=4.0;motif_weight=0.0;motif_radius=12;score_normalization=train_quantile;raw_border_score=0.258016;border_score=1.092244",0.2563309669494629,0.27579519152641296,0.46787381172180176
test_Seq_2439,2,2,"benchmark=nucleotide_transformer_downstream_tasks;dataset=splice_sites_all;matching=kmer_balanced;matching_signature=(7, 'TTT');border_estimator=center_window_kmer_jsd;estimator=center_jsd;window=48;search_radius=24;kmer=2;top_ratio=0.25;score_scale=4.0;motif_weight=0.0;motif_radius=12;score_normalization=train_quantile;raw_border_score=0.103126;border_score=0.803489",0.21255730092525482,0.23730415105819702,0.5501385927200317
test_Seq_258,0,2,"benchmark=nucleotide_transformer_downstream_tasks;dataset=splice_sites_all;matching=kmer_balanced;matching_signature=(8, 'AGA');border_estimator=center_window_kmer_jsd;estimator=center_jsd;window=48;search_radius=24;kmer=2;top_ratio=0.25;score_scale=4.0;motif_weight=0.0;motif_radius=12;score_normalization=train_quantile;raw_border_score=0.182403;border_score=0.923267",0.23967859148979187,0.26261836290359497,0.49770307540893555
test_Seq_235,0,2,"benchmark=nucleotide_transformer_downstream_tasks;dataset=splice_sites_all;matching=kmer_balanced;matching_signature=(12, 'CAG');border_estimator=center_window_kmer_jsd;estimator=center_jsd;window=48;search_radius=24;kmer=2;top_ratio=0.25;score_scale=4.0;motif_weight=0.0;motif_radius=12;score_normalization=train_quantile;raw_border_score=0.170328;border_score=0.891400",0.2919847071170807,0.2976379096508026,0.4103773534297943
test_Seq_2037,2,2,"benchmark=nucleotide_transformer_downstream_tasks;dataset=splice_sites_all;matching=kmer_balanced;matching_signature=(13, 'GGG');border_estimator=center_window_kmer_jsd;estimator=center_jsd;window=48;search_radius=24;kmer=2;top_ratio=0.25;score_scale=4.0;motif_weight=0.0;motif_radius=12;score_normalization=train_quantile;raw_border_score=0.124064;border_score=0.813444",0.3112483620643616,0.3195899724960327,0.3691616654396057
test_Seq_2496,2,0,"benchmark=nucleotide_transformer_downstream_tasks;dataset=splice_sites_all;matching=kmer_balanced;matching_signature=(12, 'CAG');border_estimator=center_window_kmer_jsd;estimator=center_jsd;window=48;search_radius=24;kmer=2;top_ratio=0.25;score_scale=4.0;motif_weight=0.0;motif_radius=12;score_normalization=train_quantile;raw_border_score=0.151203;border_score=0.849222",0.3367260992527008,0.33144253492355347,0.3318313956260681
test_Seq_275,0,0,"benchmark=nucleotide_transformer_downstream_tasks;dataset=splice_sites_all;matching=kmer_balanced;matching_signature=(12, 'CCC');border_estimator=center_window_kmer_jsd;estimator=center_jsd;window=48;search_radius=24;kmer=2;top_ratio=0.25;score_scale=4.0;motif_weight=0.0;motif_radius=12;score_normalization=train_quantile;raw_border_score=0.284094;border_score=1.129222",0.3344508409500122,0.33384159207344055,0.33170759677886963
test_Seq_1883,1,1,"benchmark=nucleotide_transformer_downstream_tasks;dataset=splice_sites_all;matching=kmer_balanced;matching_signature=(11, 'CTG');border_estimator=center_window_kmer_jsd;estimator=center_jsd;window=48;search_radius=24;kmer=2;top_ratio=0.25;score_scale=4.0;motif_weight=0.0;motif_radius=12;score_normalization=train_quantile;raw_border_score=0.241665;border_score=1.062422",0.34057560563087463,0.3428114652633667,0.31661292910575867
test_Seq_1210,1,2,"benchmark=nucleotide_transformer_downstream_tasks;dataset=splice_sites_all;matching=kmer_balanced;matching_signature=(12, 'CCT');border_estimator=center_window_kmer_jsd;estimator=center_jsd;window=48;search_radius=24;kmer=2;top_ratio=0.25;score_scale=4.0;motif_weight=0.0;motif_radius=12;score_normalization=train_quantile;raw_border_score=0.235939;border_score=1.050644",0.3075158894062042,0.3139054477214813,0.37857866287231445
test_Seq_1025,1,2,"benchmark=nucleotide_transformer_downstream_tasks;dataset=splice_sites_all;matching=kmer_balanced;matching_signature=(12, 'CTG');border_estimator=center_window_kmer_jsd;estimator=center_jsd;window=48;search_radius=24;kmer=2;top_ratio=0.25;score_scale=4.0;motif_weight=0.0;motif_radius=12;score_normalization=train_quantile;raw_border_score=0.304248;border_score=1.149933",0.30168280005455017,0.30206188559532166,0.3962553143501282
test_Seq_1271,1,2,"benchmark=nucleotide_transformer_downstream_tasks;dataset=splice_sites_all;matching=kmer_balanced;matching_signature=(10, 'GGA');border_estimator=center_window_kmer_jsd;estimator=center_jsd;window=48;search_radius=24;kmer=2;top_ratio=0.25;score_scale=4.0;motif_weight=0.0;motif_radius=12;score_normalization=train_quantile;raw_border_score=0.245494;border_score=1.070111",0.2291969507932663,0.2548079788684845,0.5159950852394104
test_Seq_1035,1,2,"benchmark=nucleotide_transformer_downstream_tasks;dataset=splice_sites_all;matching=kmer_balanced;matching_signature=(8, 'TTT');border_estimator=center_window_kmer_jsd;estimator=center_jsd;window=48;search_radius=24;kmer=2;top_ratio=0.25;score_scale=4.0;motif_weight=0.0;motif_radius=12;score_normalization=train_quantile;raw_border_score=0.195074;border_score=0.957178",0.23563113808631897,0.2635737657546997,0.5007950663566589
test_Seq_1679,1,2,"benchmark=nucleotide_transformer_downstream_tasks;dataset=splice_sites_all;matching=kmer_balanced;matching_signature=(6, 'TTT');border_estimator=center_window_kmer_jsd;estimator=center_jsd;window=48;search_radius=24;kmer=2;top_ratio=0.25;score_scale=4.0;motif_weight=0.0;motif_radius=12;score_normalization=train_quantile;raw_border_score=0.238795;border_score=1.056067",0.26501768827438354,0.28500011563301086,0.449982225894928
test_Seq_2020,2,2,"benchmark=nucleotide_transformer_downstream_tasks;dataset=splice_sites_all;matching=kmer_balanced;matching_signature=(7, 'TTT');border_estimator=center_window_kmer_jsd;estimator=center_jsd;window=48;search_radius=24;kmer=2;top_ratio=0.25;score_scale=4.0;motif_weight=0.0;motif_radius=12;score_normalization=train_quantile;raw_border_score=0.222044;border_score=1.023356",0.24876898527145386,0.27450916171073914,0.4767218232154846
test_Seq_232,0,2,"benchmark=nucleotide_transformer_downstream_tasks;dataset=splice_sites_all;matching=kmer_balanced;matching_signature=(7, 'AAA');border_estimator=center_window_kmer_jsd;estimator=center_jsd;window=48;search_radius=24;kmer=2;top_ratio=0.25;score_scale=4.0;motif_weight=0.0;motif_radius=12;score_normalization=train_quantile;raw_border_score=0.172308;border_score=0.897044",0.281381756067276,0.29794034361839294,0.42067787051200867
test_Seq_2552,2,2,"benchmark=nucleotide_transformer_downstream_tasks;dataset=splice_sites_all;matching=kmer_balanced;matching_signature=(13, 'CCC');border_estimator=center_window_kmer_jsd;estimator=center_jsd;window=48;search_radius=24;kmer=2;top_ratio=0.25;score_scale=4.0;motif_weight=0.0;motif_radius=12;score_normalization=train_quantile;raw_border_score=0.171040;border_score=0.893222",0.2980577051639557,0.3041464686393738,0.39779576659202576
test_Seq_621,0,2,"benchmark=nucleotide_transformer_downstream_tasks;dataset=splice_sites_all;matching=kmer_balanced;matching_signature=(7, 'TTT');border_estimator=center_window_kmer_jsd;estimator=center_jsd;window=48;search_radius=24;kmer=2;top_ratio=0.25;score_scale=4.0;motif_weight=0.0;motif_radius=12;score_normalization=train_quantile;raw_border_score=0.171175;border_score=0.893533",0.2287854105234146,0.25518137216567993,0.5160331726074219
test_Seq_92,0,2,"benchmark=nucleotide_transformer_downstream_tasks;dataset=splice_sites_all;matching=kmer_balanced;matching_signature=(9, 'TTT');border_estimator=center_window_kmer_jsd;estimator=center_jsd;window=48;search_radius=24;kmer=2;top_ratio=0.25;score_scale=4.0;motif_weight=0.0;motif_radius=12;score_normalization=train_quantile;raw_border_score=0.413969;border_score=1.191622",0.2934160828590393,0.31270885467529297,0.3938751220703125
test_Seq_1269,1,2,"benchmark=nucleotide_transformer_downstream_tasks;dataset=splice_sites_all;matching=kmer_balanced;matching_signature=(10, 'TTT');border_estimator=center_window_kmer_jsd;estimator=center_jsd;window=48;search_radius=24;kmer=2;top_ratio=0.25;score_scale=4.0;motif_weight=0.0;motif_radius=12;score_normalization=train_quantile;raw_border_score=0.264772;border_score=1.103044",0.3010678291320801,0.3197939097881317,0.379138320684433
test_Seq_439,0,2,"benchmark=nucleotide_transformer_downstream_tasks;dataset=splice_sites_all;matching=kmer_balanced;matching_signature=(9, 'TTT');border_estimator=center_window_kmer_jsd;estimator=center_jsd;window=48;search_radius=24;kmer=2;top_ratio=0.25;score_scale=4.0;motif_weight=0.0;motif_radius=12;score_normalization=train_quantile;raw_border_score=0.302615;border_score=1.148778",0.31061214208602905,0.3231706917285919,0.36621707677841187
test_Seq_1430,1,2,"benchmark=nucleotide_transformer_downstream_tasks;dataset=splice_sites_all;matching=kmer_balanced;matching_signature=(13, 'GGG');border_estimator=center_window_kmer_jsd;estimator=center_jsd;window=48;search_radius=24;kmer=2;top_ratio=0.25;score_scale=4.0;motif_weight=0.0;motif_radius=12;score_normalization=train_quantile;raw_border_score=0.223041;border_score=1.026022",0.3245914578437805,0.3258800506591797,0.3495284914970398
test_Seq_644,0,2,"benchmark=nucleotide_transformer_downstream_tasks;dataset=splice_sites_all;matching=kmer_balanced;matching_signature=(9, 'AAA');border_estimator=center_window_kmer_jsd;estimator=center_jsd;window=48;search_radius=24;kmer=2;top_ratio=0.25;score_scale=4.0;motif_weight=0.0;motif_radius=12;score_normalization=train_quantile;raw_border_score=0.279409;border_score=1.123356",0.21381184458732605,0.23330719769001007,0.5528810024261475
test_Seq_2647,2,2,"benchmark=nucleotide_transformer_downstream_tasks;dataset=splice_sites_all;matching=kmer_balanced;matching_signature=(9, 'CTG');border_estimator=center_window_kmer_jsd;estimator=center_jsd;window=48;search_radius=24;kmer=2;top_ratio=0.25;score_scale=4.0;motif_weight=0.0;motif_radius=12;score_normalization=train_quantile;raw_border_score=0.398542;border_score=1.189889",0.22200879454612732,0.2452530860900879,0.5327380895614624
test_Seq_2291,2,2,"benchmark=nucleotide_transformer_downstream_tasks;dataset=splice_sites_all;matching=kmer_balanced;matching_signature=(7, 'TTT');border_estimator=center_window_kmer_jsd;estimator=center_jsd;window=48;search_radius=24;kmer=2;top_ratio=0.25;score_scale=4.0;motif_weight=0.0;motif_radius=12;score_normalization=train_quantile;raw_border_score=0.168989;border_score=0.888600",0.21770578622817993,0.2470656931400299,0.5352285504341125
test_Seq_548,0,2,"benchmark=nucleotide_transformer_downstream_tasks;dataset=splice_sites_all;matching=kmer_balanced;matching_signature=(8, 'TTT');border_estimator=center_window_kmer_jsd;estimator=center_jsd;window=48;search_radius=24;kmer=2;top_ratio=0.25;score_scale=4.0;motif_weight=0.0;motif_radius=12;score_normalization=train_quantile;raw_border_score=0.217513;border_score=1.012511",0.25046807527542114,0.2762998640537262,0.47323206067085266
test_Seq_1841,1,2,"benchmark=nucleotide_transformer_downstream_tasks;dataset=splice_sites_all;matching=kmer_balanced;matching_signature=(11, 'CTG');border_estimator=center_window_kmer_jsd;estimator=center_jsd;window=48;search_radius=24;kmer=2;top_ratio=0.25;score_scale=4.0;motif_weight=0.0;motif_radius=12;score_normalization=train_quantile;raw_border_score=0.163455;border_score=0.874867",0.3096945285797119,0.31734970211982727,0.3729557693004608
test_Seq_2506,2,2,"benchmark=nucleotide_transformer_downstream_tasks;dataset=splice_sites_all;matching=kmer_balanced;matching_signature=(8, 'TTT');border_estimator=center_window_kmer_jsd;estimator=center_jsd;window=48;search_radius=24;kmer=2;top_ratio=0.25;score_scale=4.0;motif_weight=0.0;motif_radius=12;score_normalization=train_quantile;raw_border_score=0.252101;border_score=1.082378",0.2229081094264984,0.24556544423103333,0.5315264463424683
test_Seq_1059,1,2,"benchmark=nucleotide_transformer_downstream_tasks;dataset=splice_sites_all;matching=kmer_balanced;matching_signature=(10, 'AGG');border_estimator=center_window_kmer_jsd;estimator=center_jsd;window=48;search_radius=24;kmer=2;top_ratio=0.25;score_scale=4.0;motif_weight=0.0;motif_radius=12;score_normalization=train_quantile;raw_border_score=0.193338;border_score=0.953044",0.3113997280597687,0.3338218629360199,0.35477837920188904
test_Seq_906,0,2,"benchmark=nucleotide_transformer_downstream_tasks;dataset=splice_sites_all;matching=kmer_balanced;matching_signature=(10, 'CCC');border_estimator=center_window_kmer_jsd;estimator=center_jsd;window=48;search_radius=24;kmer=2;top_ratio=0.25;score_scale=4.0;motif_weight=0.0;motif_radius=12;score_normalization=train_quantile;raw_border_score=0.247409;border_score=1.073889",0.29424506425857544,0.2982274293899536,0.40752753615379333
test_Seq_1705,1,2,"benchmark=nucleotide_transformer_downstream_tasks;dataset=splice_sites_all;matching=kmer_balanced;matching_signature=(11, 'CCA');border_estimator=center_window_kmer_jsd;estimator=center_jsd;window=48;search_radius=24;kmer=2;top_ratio=0.25;score_scale=4.0;motif_weight=0.0;motif_radius=12;score_normalization=train_quantile;raw_border_score=0.168601;border_score=0.887578",0.24752280116081238,0.2735699415206909,0.4789072871208191
test_Seq_987,0,2,"benchmark=nucleotide_transformer_downstream_tasks;dataset=splice_sites_all;matching=kmer_balanced;matching_signature=(10, 'AAA');border_estimator=center_window_kmer_jsd;estimator=center_jsd;window=48;search_radius=24;kmer=2;top_ratio=0.25;score_scale=4.0;motif_weight=0.0;motif_radius=12;score_normalization=train_quantile;raw_border_score=0.375922;border_score=1.185711",0.2579118311405182,0.28303757309913635,0.45905059576034546
test_Seq_1720,1,2,"benchmark=nucleotide_transformer_downstream_tasks;dataset=splice_sites_all;matching=kmer_balanced;matching_signature=(8, 'TTT');border_estimator=center_window_kmer_jsd;estimator=center_jsd;window=48;search_radius=24;kmer=2;top_ratio=0.25;score_scale=4.0;motif_weight=0.0;motif_radius=12;score_normalization=train_quantile;raw_border_score=0.150023;border_score=0.847756",0.2451270967721939,0.27447745203971863,0.48039546608924866
test_Seq_2160,2,2,"benchmark=nucleotide_transformer_downstream_tasks;dataset=splice_sites_all;matching=kmer_balanced;matching_signature=(6, 'TTT');border_estimator=center_window_kmer_jsd;estimator=center_jsd;window=48;search_radius=24;kmer=2;top_ratio=0.25;score_scale=4.0;motif_weight=0.0;motif_radius=12;score_normalization=train_quantile;raw_border_score=0.157869;border_score=0.862733",0.23810487985610962,0.26682400703430176,0.495071142911911
test_Seq_2401,2,2,"benchmark=nucleotide_transformer_downstream_tasks;dataset=splice_sites_all;matching=kmer_balanced;matching_signature=(8, 'TCT');border_estimator=center_window_kmer_jsd;estimator=center_jsd;window=48;search_radius=24;kmer=2;top_ratio=0.25;score_scale=4.0;motif_weight=0.0;motif_radius=12;score_normalization=train_quantile;raw_border_score=0.284971;border_score=1.130156",0.3107941746711731,0.33073940873146057,0.3584664463996887
test_Seq_1550,1,2,"benchmark=nucleotide_transformer_downstream_tasks;dataset=splice_sites_all;matching=kmer_balanced;matching_signature=(6, 'TTT');border_estimator=center_window_kmer_jsd;estimator=center_jsd;window=48;search_radius=24;kmer=2;top_ratio=0.25;score_scale=4.0;motif_weight=0.0;motif_radius=12;score_normalization=train_quantile;raw_border_score=0.265384;border_score=1.104067",0.2710679769515991,0.28741151094436646,0.44152045249938965
test_Seq_1334,1,2,"benchmark=nucleotide_transformer_downstream_tasks;dataset=splice_sites_all;matching=kmer_balanced;matching_signature=(5, 'TTT');border_estimator=center_window_kmer_jsd;estimator=center_jsd;window=48;search_radius=24;kmer=2;top_ratio=0.25;score_scale=4.0;motif_weight=0.0;motif_radius=12;score_normalization=train_quantile;raw_border_score=0.198822;border_score=0.968156",0.26186370849609375,0.2863274812698364,0.4518088400363922
test_Seq_331,0,2,"benchmark=nucleotide_transformer_downstream_tasks;dataset=splice_sites_all;matching=kmer_balanced;matching_signature=(10, 'CAG');border_estimator=center_window_kmer_jsd;estimator=center_jsd;window=48;search_radius=24;kmer=2;top_ratio=0.25;score_scale=4.0;motif_weight=0.0;motif_radius=12;score_normalization=train_quantile;raw_border_score=0.254997;border_score=1.087400",0.29554831981658936,0.31044209003448486,0.3940095603466034
test_Seq_1950,1,2,"benchmark=nucleotide_transformer_downstream_tasks;dataset=splice_sites_all;matching=kmer_balanced;matching_signature=(8, 'TGT');border_estimator=center_window_kmer_jsd;estimator=center_jsd;window=48;search_radius=24;kmer=2;top_ratio=0.25;score_scale=4.0;motif_weight=0.0;motif_radius=12;score_normalization=train_quantile;raw_border_score=0.162388;border_score=0.872467",0.255486398935318,0.27899637818336487,0.46551716327667236
test_Seq_20,0,2,"benchmark=nucleotide_transformer_downstream_tasks;dataset=splice_sites_all;matching=kmer_balanced;matching_signature=(10, 'TTT');border_estimator=center_window_kmer_jsd;estimator=center_jsd;window=48;search_radius=24;kmer=2;top_ratio=0.25;score_scale=4.0;motif_weight=0.0;motif_radius=12;score_normalization=train_quantile;raw_border_score=0.426100;border_score=1.192778",0.3133520185947418,0.3334667980670929,0.3531811535358429
test_Seq_2795,2,2,"benchmark=nucleotide_transformer_downstream_tasks;dataset=splice_sites_all;matching=kmer_balanced;matching_signature=(10, 'TGG');border_estimator=center_window_kmer_jsd;estimator=center_jsd;window=48;search_radius=24;kmer=2;top_ratio=0.25;score_scale=4.0;motif_weight=0.0;motif_radius=12;score_normalization=train_quantile;raw_border_score=0.187791;border_score=0.938111",0.2821417450904846,0.29912641644477844,0.41873183846473694
test_Seq_2505,2,2,"benchmark=nucleotide_transformer_downstream_tasks;dataset=splice_sites_all;matching=kmer_balanced;matching_signature=(8, 'TTT');border_estimator=center_window_kmer_jsd;estimator=center_jsd;window=48;search_radius=24;kmer=2;top_ratio=0.25;score_scale=4.0;motif_weight=0.0;motif_radius=12;score_normalization=train_quantile;raw_border_score=0.179207;border_score=0.915978",0.24193209409713745,0.2640666663646698,0.49400120973587036
test_Seq_2085,2,2,"benchmark=nucleotide_transformer_downstream_tasks;dataset=splice_sites_all;matching=kmer_balanced;matching_signature=(9, 'TTT');border_estimator=center_window_kmer_jsd;estimator=center_jsd;window=48;search_radius=24;kmer=2;top_ratio=0.25;score_scale=4.0;motif_weight=0.0;motif_radius=12;score_normalization=train_quantile;raw_border_score=0.183103;border_score=0.925222",0.2423371970653534,0.2605414092540741,0.4971214234828949
test_Seq_1621,1,2,"benchmark=nucleotide_transformer_downstream_tasks;dataset=splice_sites_all;matching=kmer_balanced;matching_signature=(8, 'TTT');border_estimator=center_window_kmer_jsd;estimator=center_jsd;window=48;search_radius=24;kmer=2;top_ratio=0.25;score_scale=4.0;motif_weight=0.0;motif_radius=12;score_normalization=train_quantile;raw_border_score=0.209596;border_score=0.994289",0.2507334351539612,0.26623964309692383,0.483026921749115
test_Seq_2785,2,2,"benchmark=nucleotide_transformer_downstream_tasks;dataset=splice_sites_all;matching=kmer_balanced;matching_signature=(7, 'TTT');border_estimator=center_window_kmer_jsd;estimator=center_jsd;window=48;search_radius=24;kmer=2;top_ratio=0.25;score_scale=4.0;motif_weight=0.0;motif_radius=12;score_normalization=train_quantile;raw_border_score=0.150409;border_score=0.848200",0.22154784202575684,0.2475980818271637,0.5308540463447571
test_Seq_600,0,2,"benchmark=nucleotide_transformer_downstream_tasks;dataset=splice_sites_all;matching=kmer_balanced;matching_signature=(8, 'TTT');border_estimator=center_window_kmer_jsd;estimator=center_jsd;window=48;search_radius=24;kmer=2;top_ratio=0.25;score_scale=4.0;motif_weight=0.0;motif_radius=12;score_normalization=train_quantile;raw_border_score=0.210773;border_score=0.997178",0.3182455599308014,0.3285749852657318,0.3531794250011444
test_Seq_1274,1,2,"benchmark=nucleotide_transformer_downstream_tasks;dataset=splice_sites_all;matching=kmer_balanced;matching_signature=(7, 'TTT');border_estimator=center_window_kmer_jsd;estimator=center_jsd;window=48;search_radius=24;kmer=2;top_ratio=0.25;score_scale=4.0;motif_weight=0.0;motif_radius=12;score_normalization=train_quantile;raw_border_score=0.256664;border_score=1.090022",0.254806250333786,0.2857752740383148,0.4594184458255768
test_Seq_251,0,2,"benchmark=nucleotide_transformer_downstream_tasks;dataset=splice_sites_all;matching=kmer_balanced;matching_signature=(9, 'AAA');border_estimator=center_window_kmer_jsd;estimator=center_jsd;window=48;search_radius=24;kmer=2;top_ratio=0.25;score_scale=4.0;motif_weight=0.0;motif_radius=12;score_normalization=train_quantile;raw_border_score=0.316203;border_score=1.158422",0.23858387768268585,0.26343342661857605,0.4979826807975769
test_Seq_2565,2,2,"benchmark=nucleotide_transformer_downstream_tasks;dataset=splice_sites_all;matching=kmer_balanced;matching_signature=(8, 'AAA');border_estimator=center_window_kmer_jsd;estimator=center_jsd;window=48;search_radius=24;kmer=2;top_ratio=0.25;score_scale=4.0;motif_weight=0.0;motif_radius=12;score_normalization=train_quantile;raw_border_score=0.235526;border_score=1.050022",0.2491229921579361,0.26971760392189026,0.4811593294143677
test_Seq_2325,2,2,"benchmark=nucleotide_transformer_downstream_tasks;dataset=splice_sites_all;matching=kmer_balanced;matching_signature=(6, 'AAA');border_estimator=center_window_kmer_jsd;estimator=center_jsd;window=48;search_radius=24;kmer=2;top_ratio=0.25;score_scale=4.0;motif_weight=0.0;motif_radius=12;score_normalization=train_quantile;raw_border_score=0.250289;border_score=1.079889",0.24948976933956146,0.27081069350242615,0.4796994626522064
test_Seq_541,0,2,"benchmark=nucleotide_transformer_downstream_tasks;dataset=splice_sites_all;matching=kmer_balanced;matching_signature=(6, 'TTT');border_estimator=center_window_kmer_jsd;estimator=center_jsd;window=48;search_radius=24;kmer=2;top_ratio=0.25;score_scale=4.0;motif_weight=0.0;motif_radius=12;score_normalization=train_quantile;raw_border_score=0.223396;border_score=1.026733",0.25360387563705444,0.2789234220981598,0.46747270226478577
test_Seq_88,0,2,"benchmark=nucleotide_transformer_downstream_tasks;dataset=splice_sites_all;matching=kmer_balanced;matching_signature=(9, 'TTT');border_estimator=center_window_kmer_jsd;estimator=center_jsd;window=48;search_radius=24;kmer=2;top_ratio=0.25;score_scale=4.0;motif_weight=0.0;motif_radius=12;score_normalization=train_quantile;raw_border_score=0.350788;border_score=1.177133",0.23614230751991272,0.25009530782699585,0.5137624144554138
test_Seq_636,0,0,"benchmark=nucleotide_transformer_downstream_tasks;dataset=splice_sites_all;matching=kmer_balanced;matching_signature=(13, 'GGG');border_estimator=center_window_kmer_jsd;estimator=center_jsd;window=48;search_radius=24;kmer=2;top_ratio=0.25;score_scale=4.0;motif_weight=0.0;motif_radius=12;score_normalization=train_quantile;raw_border_score=0.309282;border_score=1.153578",0.3501933813095093,0.34592801332473755,0.3038785755634308
test_Seq_2843,2,2,"benchmark=nucleotide_transformer_downstream_tasks;dataset=splice_sites_all;matching=kmer_balanced;matching_signature=(11, 'GGG');border_estimator=center_window_kmer_jsd;estimator=center_jsd;window=48;search_radius=24;kmer=2;top_ratio=0.25;score_scale=4.0;motif_weight=0.0;motif_radius=12;score_normalization=train_quantile;raw_border_score=0.236181;border_score=1.051133",0.31273016333580017,0.32745692133903503,0.35981285572052
test_Seq_1699,1,2,"benchmark=nucleotide_transformer_downstream_tasks;dataset=splice_sites_all;matching=kmer_balanced;matching_signature=(11, 'CCC');border_estimator=center_window_kmer_jsd;estimator=center_jsd;window=48;search_radius=24;kmer=2;top_ratio=0.25;score_scale=4.0;motif_weight=0.0;motif_radius=12;score_normalization=train_quantile;raw_border_score=0.252608;border_score=1.083267",0.31944239139556885,0.32866910099983215,0.351888507604599
test_Seq_69,0,2,"benchmark=nucleotide_transformer_downstream_tasks;dataset=splice_sites_all;matching=kmer_balanced;matching_signature=(11, 'CCC');border_estimator=center_window_kmer_jsd;estimator=center_jsd;window=48;search_radius=24;kmer=2;top_ratio=0.25;score_scale=4.0;motif_weight=0.0;motif_radius=12;score_normalization=train_quantile;raw_border_score=0.332561;border_score=1.167444",0.30675143003463745,0.3108084499835968,0.38244009017944336
test_Seq_2308,2,2,"benchmark=nucleotide_transformer_downstream_tasks;dataset=splice_sites_all;matching=kmer_balanced;matching_signature=(7, 'AAA');border_estimator=center_window_kmer_jsd;estimator=center_jsd;window=48;search_radius=24;kmer=2;top_ratio=0.25;score_scale=4.0;motif_weight=0.0;motif_radius=12;score_normalization=train_quantile;raw_border_score=0.150002;border_score=0.847711",0.2327144294977188,0.258412629365921,0.508872926235199
test_Seq_1450,1,2,"benchmark=nucleotide_transformer_downstream_tasks;dataset=splice_sites_all;matching=kmer_balanced;matching_signature=(5, 'TTT');border_estimator=center_window_kmer_jsd;estimator=center_jsd;window=48;search_radius=24;kmer=2;top_ratio=0.25;score_scale=4.0;motif_weight=0.0;motif_radius=12;score_normalization=train_quantile;raw_border_score=0.237097;border_score=1.052867",0.2488277405500412,0.2744148075580597,0.4767574369907379
test_Seq_2784,2,2,"benchmark=nucleotide_transformer_downstream_tasks;dataset=splice_sites_all;matching=kmer_balanced;matching_signature=(10, 'TCC');border_estimator=center_window_kmer_jsd;estimator=center_jsd;window=48;search_radius=24;kmer=2;top_ratio=0.25;score_scale=4.0;motif_weight=0.0;motif_radius=12;score_normalization=train_quantile;raw_border_score=0.172262;border_score=0.896911",0.30737602710723877,0.3244345486164093,0.36818933486938477
test_Seq_2512,2,2,"benchmark=nucleotide_transformer_downstream_tasks;dataset=splice_sites_all;matching=kmer_balanced;matching_signature=(6, 'AAA');border_estimator=center_window_kmer_jsd;estimator=center_jsd;window=48;search_radius=24;kmer=2;top_ratio=0.25;score_scale=4.0;motif_weight=0.0;motif_radius=12;score_normalization=train_quantile;raw_border_score=0.143637;border_score=0.836689",0.2901191711425781,0.2974783778190613,0.412402480840683
test_Seq_29,0,2,"benchmark=nucleotide_transformer_downstream_tasks;dataset=splice_sites_all;matching=kmer_balanced;matching_signature=(6, 'TTT');border_estimator=center_window_kmer_jsd;estimator=center_jsd;window=48;search_radius=24;kmer=2;top_ratio=0.25;score_scale=4.0;motif_weight=0.0;motif_radius=12;score_normalization=train_quantile;raw_border_score=0.232271;border_score=1.044289",0.2732979655265808,0.2957768738269806,0.4309251606464386
test_Seq_2059,2,2,"benchmark=nucleotide_transformer_downstream_tasks;dataset=splice_sites_all;matching=kmer_balanced;matching_signature=(11, 'CCC');border_estimator=center_window_kmer_jsd;estimator=center_jsd;window=48;search_radius=24;kmer=2;top_ratio=0.25;score_scale=4.0;motif_weight=0.0;motif_radius=12;score_normalization=train_quantile;raw_border_score=0.196293;border_score=0.960778",0.2973356544971466,0.3052939176559448,0.39737042784690857
test_Seq_2023,2,2,"benchmark=nucleotide_transformer_downstream_tasks;dataset=splice_sites_all;matching=kmer_balanced;matching_signature=(7, 'AAA');border_estimator=center_window_kmer_jsd;estimator=center_jsd;window=48;search_radius=24;kmer=2;top_ratio=0.25;score_scale=4.0;motif_weight=0.0;motif_radius=12;score_normalization=train_quantile;raw_border_score=0.166064;border_score=0.881311",0.25066179037094116,0.2651737630367279,0.4841645061969757
test_Seq_424,0,2,"benchmark=nucleotide_transformer_downstream_tasks;dataset=splice_sites_all;matching=kmer_balanced;matching_signature=(7, 'TTT');border_estimator=center_window_kmer_jsd;estimator=center_jsd;window=48;search_radius=24;kmer=2;top_ratio=0.25;score_scale=4.0;motif_weight=0.0;motif_radius=12;score_normalization=train_quantile;raw_border_score=0.312425;border_score=1.155800",0.22567829489707947,0.2448885589838028,0.5294331312179565
test_Seq_2708,2,2,"benchmark=nucleotide_transformer_downstream_tasks;dataset=splice_sites_all;matching=kmer_balanced;matching_signature=(7, 'TTT');border_estimator=center_window_kmer_jsd;estimator=center_jsd;window=48;search_radius=24;kmer=2;top_ratio=0.25;score_scale=4.0;motif_weight=0.0;motif_radius=12;score_normalization=train_quantile;raw_border_score=0.241401;border_score=1.061756",0.2230517864227295,0.2526167929172516,0.5243314504623413
test_Seq_2164,2,2,"benchmark=nucleotide_transformer_downstream_tasks;dataset=splice_sites_all;matching=kmer_balanced;matching_signature=(6, 'TTT');border_estimator=center_window_kmer_jsd;estimator=center_jsd;window=48;search_radius=24;kmer=2;top_ratio=0.25;score_scale=4.0;motif_weight=0.0;motif_radius=12;score_normalization=train_quantile;raw_border_score=0.286689;border_score=1.132378",0.23760980367660522,0.2564156949520111,0.5059744715690613
test_Seq_1284,1,2,"benchmark=nucleotide_transformer_downstream_tasks;dataset=splice_sites_all;matching=kmer_balanced;matching_signature=(8, 'AAA');border_estimator=center_window_kmer_jsd;estimator=center_jsd;window=48;search_radius=24;kmer=2;top_ratio=0.25;score_scale=4.0;motif_weight=0.0;motif_radius=12;score_normalization=train_quantile;raw_border_score=0.265579;border_score=1.104333",0.2798455059528351,0.30542173981666565,0.41473281383514404
test_Seq_1513,1,2,"benchmark=nucleotide_transformer_downstream_tasks;dataset=splice_sites_all;matching=kmer_balanced;matching_signature=(7, 'AAA');border_estimator=center_window_kmer_jsd;estimator=center_jsd;window=48;search_radius=24;kmer=2;top_ratio=0.25;score_scale=4.0;motif_weight=0.0;motif_radius=12;score_normalization=train_quantile;raw_border_score=0.162490;border_score=0.872689",0.24378643929958344,0.2686311602592468,0.48758241534233093
test_Seq_2832,2,2,"benchmark=nucleotide_transformer_downstream_tasks;dataset=splice_sites_all;matching=kmer_balanced;matching_signature=(6, 'TTT');border_estimator=center_window_kmer_jsd;estimator=center_jsd;window=48;search_radius=24;kmer=2;top_ratio=0.25;score_scale=4.0;motif_weight=0.0;motif_radius=12;score_normalization=train_quantile;raw_border_score=0.179441;border_score=0.916467",0.2346002608537674,0.26484885811805725,0.5005508661270142
test_Seq_86,0,2,"benchmark=nucleotide_transformer_downstream_tasks;dataset=splice_sites_all;matching=kmer_balanced;matching_signature=(6, 'AAA');border_estimator=center_window_kmer_jsd;estimator=center_jsd;window=48;search_radius=24;kmer=2;top_ratio=0.25;score_scale=4.0;motif_weight=0.0;motif_radius=12;score_normalization=train_quantile;raw_border_score=0.355596;border_score=1.179044",0.256834477186203,0.27497249841690063,0.468192994594574
test_Seq_593,0,2,"benchmark=nucleotide_transformer_downstream_tasks;dataset=splice_sites_all;matching=kmer_balanced;matching_signature=(7, 'AAA');border_estimator=center_window_kmer_jsd;estimator=center_jsd;window=48;search_radius=24;kmer=2;top_ratio=0.25;score_scale=4.0;motif_weight=0.0;motif_radius=12;score_normalization=train_quantile;raw_border_score=0.155858;border_score=0.859044",0.29036128520965576,0.3154478073120117,0.3941909074783325
test_Seq_2986,2,2,"benchmark=nucleotide_transformer_downstream_tasks;dataset=splice_sites_all;matching=kmer_balanced;matching_signature=(6, 'TTT');border_estimator=center_window_kmer_jsd;estimator=center_jsd;window=48;search_radius=24;kmer=2;top_ratio=0.25;score_scale=4.0;motif_weight=0.0;motif_radius=12;score_normalization=train_quantile;raw_border_score=0.281332;border_score=1.125533",0.237087219953537,0.2611147463321686,0.5017980337142944
test_Seq_2597,2,2,"benchmark=nucleotide_transformer_downstream_tasks;dataset=splice_sites_all;matching=kmer_balanced;matching_signature=(8, 'TTT');border_estimator=center_window_kmer_jsd;estimator=center_jsd;window=48;search_radius=24;kmer=2;top_ratio=0.25;score_scale=4.0;motif_weight=0.0;motif_radius=12;score_normalization=train_quantile;raw_border_score=0.342364;border_score=1.173133",0.21855656802654266,0.24057234823703766,0.5408710837364197
test_Seq_2929,2,2,"benchmark=nucleotide_transformer_downstream_tasks;dataset=splice_sites_all;matching=kmer_balanced;matching_signature=(10, 'CCC');border_estimator=center_window_kmer_jsd;estimator=center_jsd;window=48;search_radius=24;kmer=2;top_ratio=0.25;score_scale=4.0;motif_weight=0.0;motif_radius=12;score_normalization=train_quantile;raw_border_score=0.344838;border_score=1.174689",0.26011019945144653,0.29157155752182007,0.4483182430267334
test_Seq_1530,1,2,"benchmark=nucleotide_transformer_downstream_tasks;dataset=splice_sites_all;matching=kmer_balanced;matching_signature=(11, 'CCC');border_estimator=center_window_kmer_jsd;estimator=center_jsd;window=48;search_radius=24;kmer=2;top_ratio=0.25;score_scale=4.0;motif_weight=0.0;motif_radius=12;score_normalization=train_quantile;raw_border_score=0.269279;border_score=1.109044",0.2318173050880432,0.24845601618289948,0.5197266340255737
test_Seq_869,0,2,"benchmark=nucleotide_transformer_downstream_tasks;dataset=splice_sites_all;matching=kmer_balanced;matching_signature=(9, 'TGT');border_estimator=center_window_kmer_jsd;estimator=center_jsd;window=48;search_radius=24;kmer=2;top_ratio=0.25;score_scale=4.0;motif_weight=0.0;motif_radius=12;score_normalization=train_quantile;raw_border_score=0.285245;border_score=1.130556",0.2869189977645874,0.30775198340415955,0.4053289294242859
test_Seq_715,0,2,"benchmark=nucleotide_transformer_downstream_tasks;dataset=splice_sites_all;matching=kmer_balanced;matching_signature=(10, 'CTG');border_estimator=center_window_kmer_jsd;estimator=center_jsd;window=48;search_radius=24;kmer=2;top_ratio=0.25;score_scale=4.0;motif_weight=0.0;motif_radius=12;score_normalization=train_quantile;raw_border_score=0.152188;border_score=0.851222",0.28236648440361023,0.30526670813560486,0.4123668074607849
test_Seq_423,0,2,"benchmark=nucleotide_transformer_downstream_tasks;dataset=splice_sites_all;matching=kmer_balanced;matching_signature=(8, 'TTT');border_estimator=center_window_kmer_jsd;estimator=center_jsd;window=48;search_radius=24;kmer=2;top_ratio=0.25;score_scale=4.0;motif_weight=0.0;motif_radius=12;score_normalization=train_quantile;raw_border_score=0.102314;border_score=0.803356",0.2335371971130371,0.26147231459617615,0.5049904584884644
test_Seq_719,0,2,"benchmark=nucleotide_transformer_downstream_tasks;dataset=splice_sites_all;matching=kmer_balanced;matching_signature=(6, 'TTT');border_estimator=center_window_kmer_jsd;estimator=center_jsd;window=48;search_radius=24;kmer=2;top_ratio=0.25;score_scale=4.0;motif_weight=0.0;motif_radius=12;score_normalization=train_quantile;raw_border_score=0.428103;border_score=1.192956",0.26093313097953796,0.28718245029449463,0.4518844187259674
test_Seq_2125,2,2,"benchmark=nucleotide_transformer_downstream_tasks;dataset=splice_sites_all;matching=kmer_balanced;matching_signature=(13, 'CTG');border_estimator=center_window_kmer_jsd;estimator=center_jsd;window=48;search_radius=24;kmer=2;top_ratio=0.25;score_scale=4.0;motif_weight=0.0;motif_radius=12;score_normalization=train_quantile;raw_border_score=0.205251;border_score=0.984867",0.307900071144104,0.31644758582115173,0.37565234303474426
test_Seq_1694,1,2,"benchmark=nucleotide_transformer_downstream_tasks;dataset=splice_sites_all;matching=kmer_balanced;matching_signature=(7, 'TTT');border_estimator=center_window_kmer_jsd;estimator=center_jsd;window=48;search_radius=24;kmer=2;top_ratio=0.25;score_scale=4.0;motif_weight=0.0;motif_radius=12;score_normalization=train_quantile;raw_border_score=0.155179;border_score=0.857889",0.23846435546875,0.261810839176178,0.49972477555274963
test_Seq_2874,2,2,"benchmark=nucleotide_transformer_downstream_tasks;dataset=splice_sites_all;matching=kmer_balanced;matching_signature=(12, 'CAG');border_estimator=center_window_kmer_jsd;estimator=center_jsd;window=48;search_radius=24;kmer=2;top_ratio=0.25;score_scale=4.0;motif_weight=0.0;motif_radius=12;score_normalization=train_quantile;raw_border_score=0.162487;border_score=0.872689",0.2583194971084595,0.27471405267715454,0.4669664800167084
test_Seq_1101,1,2,"benchmark=nucleotide_transformer_downstream_tasks;dataset=splice_sites_all;matching=kmer_balanced;matching_signature=(9, 'GAG');border_estimator=center_window_kmer_jsd;estimator=center_jsd;window=48;search_radius=24;kmer=2;top_ratio=0.25;score_scale=4.0;motif_weight=0.0;motif_radius=12;score_normalization=train_quantile;raw_border_score=0.112542;border_score=0.806911",0.29617032408714294,0.31636643409729004,0.387463241815567
test_Seq_611,0,2,"benchmark=nucleotide_transformer_downstream_tasks;dataset=splice_sites_all;matching=kmer_balanced;matching_signature=(10, 'CAG');border_estimator=center_window_kmer_jsd;estimator=center_jsd;window=48;search_radius=24;kmer=2;top_ratio=0.25;score_scale=4.0;motif_weight=0.0;motif_radius=12;score_normalization=train_quantile;raw_border_score=0.263290;border_score=1.101356",0.2859858572483063,0.29497969150543213,0.41903451085090637
test_Seq_2083,2,2,"benchmark=nucleotide_transformer_downstream_tasks;dataset=splice_sites_all;matching=kmer_balanced;matching_signature=(8, 'TTT');border_estimator=center_window_kmer_jsd;estimator=center_jsd;window=48;search_radius=24;kmer=2;top_ratio=0.25;score_scale=4.0;motif_weight=0.0;motif_radius=12;score_normalization=train_quantile;raw_border_score=0.206601;border_score=0.987533",0.21156854927539825,0.23733754456043243,0.5510938763618469
test_Seq_1658,1,2,"benchmark=nucleotide_transformer_downstream_tasks;dataset=splice_sites_all;matching=kmer_balanced;matching_signature=(6, 'AAA');border_estimator=center_window_kmer_jsd;estimator=center_jsd;window=48;search_radius=24;kmer=2;top_ratio=0.25;score_scale=4.0;motif_weight=0.0;motif_radius=12;score_normalization=train_quantile;raw_border_score=0.155773;border_score=0.858911",0.22159382700920105,0.2533259987831116,0.5250802040100098
test_Seq_2941,2,2,"benchmark=nucleotide_transformer_downstream_tasks;dataset=splice_sites_all;matching=kmer_balanced;matching_signature=(6, 'TTT');border_estimator=center_window_kmer_jsd;estimator=center_jsd;window=48;search_radius=24;kmer=2;top_ratio=0.25;score_scale=4.0;motif_weight=0.0;motif_radius=12;score_normalization=train_quantile;raw_border_score=0.155135;border_score=0.857756",0.2204197496175766,0.24723584949970245,0.5323444604873657
test_Seq_2191,2,2,"benchmark=nucleotide_transformer_downstream_tasks;dataset=splice_sites_all;matching=kmer_balanced;matching_signature=(8, 'AAA');border_estimator=center_window_kmer_jsd;estimator=center_jsd;window=48;search_radius=24;kmer=2;top_ratio=0.25;score_scale=4.0;motif_weight=0.0;motif_radius=12;score_normalization=train_quantile;raw_border_score=0.175136;border_score=0.905267",0.2721402943134308,0.2868276536464691,0.4410320520401001
test_Seq_545,0,2,"benchmark=nucleotide_transformer_downstream_tasks;dataset=splice_sites_all;matching=kmer_balanced;matching_signature=(11, 'CAG');border_estimator=center_window_kmer_jsd;estimator=center_jsd;window=48;search_radius=24;kmer=2;top_ratio=0.25;score_scale=4.0;motif_weight=0.0;motif_radius=12;score_normalization=train_quantile;raw_border_score=0.251289;border_score=1.081444",0.31872740387916565,0.32732394337654114,0.3539486825466156
test_Seq_2865,2,2,"benchmark=nucleotide_transformer_downstream_tasks;dataset=splice_sites_all;matching=kmer_balanced;matching_signature=(12, 'GCC');border_estimator=center_window_kmer_jsd;estimator=center_jsd;window=48;search_radius=24;kmer=2;top_ratio=0.25;score_scale=4.0;motif_weight=0.0;motif_radius=12;score_normalization=train_quantile;raw_border_score=0.201098;border_score=0.973667",0.2120354324579239,0.24047382175922394,0.5474907159805298
test_Seq_1824,1,2,"benchmark=nucleotide_transformer_downstream_tasks;dataset=splice_sites_all;matching=kmer_balanced;matching_signature=(10, 'CAG');border_estimator=center_window_kmer_jsd;estimator=center_jsd;window=48;search_radius=24;kmer=2;top_ratio=0.25;score_scale=4.0;motif_weight=0.0;motif_radius=12;score_normalization=train_quantile;raw_border_score=0.325234;border_score=1.163844",0.2781749367713928,0.2992185950279236,0.4226064085960388
test_Seq_2663,2,2,"benchmark=nucleotide_transformer_downstream_tasks;dataset=splice_sites_all;matching=kmer_balanced;matching_signature=(12, 'GGG');border_estimator=center_window_kmer_jsd;estimator=center_jsd;window=48;search_radius=24;kmer=2;top_ratio=0.25;score_scale=4.0;motif_weight=0.0;motif_radius=12;score_normalization=train_quantile;raw_border_score=0.119227;border_score=0.810378",0.31665778160095215,0.31978362798690796,0.3635585904121399
test_Seq_1082,1,2,"benchmark=nucleotide_transformer_downstream_tasks;dataset=splice_sites_all;matching=kmer_balanced;matching_signature=(8, 'AAA');border_estimator=center_window_kmer_jsd;estimator=center_jsd;window=48;search_radius=24;kmer=2;top_ratio=0.25;score_scale=4.0;motif_weight=0.0;motif_radius=12;score_normalization=train_quantile;raw_border_score=0.192944;border_score=0.951933",0.2265985757112503,0.2527579367160797,0.520643413066864
test_Seq_1060,1,2,"benchmark=nucleotide_transformer_downstream_tasks;dataset=splice_sites_all;matching=kmer_balanced;matching_signature=(12, 'GGG');border_estimator=center_window_kmer_jsd;estimator=center_jsd;window=48;search_radius=24;kmer=2;top_ratio=0.25;score_scale=4.0;motif_weight=0.0;motif_radius=12;score_normalization=train_quantile;raw_border_score=0.259841;border_score=1.095311",0.3072803318500519,0.3123117685317993,0.3804078996181488
test_Seq_1498,1,2,"benchmark=nucleotide_transformer_downstream_tasks;dataset=splice_sites_all;matching=kmer_balanced;matching_signature=(6, 'TTT');border_estimator=center_window_kmer_jsd;estimator=center_jsd;window=48;search_radius=24;kmer=2;top_ratio=0.25;score_scale=4.0;motif_weight=0.0;motif_radius=12;score_normalization=train_quantile;raw_border_score=0.275523;border_score=1.117889",0.2413051426410675,0.26661819219589233,0.49207666516304016
test_Seq_934,0,2,"benchmark=nucleotide_transformer_downstream_tasks;dataset=splice_sites_all;matching=kmer_balanced;matching_signature=(6, 'TTT');border_estimator=center_window_kmer_jsd;estimator=center_jsd;window=48;search_radius=24;kmer=2;top_ratio=0.25;score_scale=4.0;motif_weight=0.0;motif_radius=12;score_normalization=train_quantile;raw_border_score=0.180040;border_score=0.917844",0.26677101850509644,0.28805112838745117,0.4451778829097748
test_Seq_504,0,2,"benchmark=nucleotide_transformer_downstream_tasks;dataset=splice_sites_all;matching=kmer_balanced;matching_signature=(6, 'AAA');border_estimator=center_window_kmer_jsd;estimator=center_jsd;window=48;search_radius=24;kmer=2;top_ratio=0.25;score_scale=4.0;motif_weight=0.0;motif_radius=12;score_normalization=train_quantile;raw_border_score=0.144428;border_score=0.837978",0.2955532371997833,0.31616610288619995,0.3882806897163391
test_Seq_1384,1,2,"benchmark=nucleotide_transformer_downstream_tasks;dataset=splice_sites_all;matching=kmer_balanced;matching_signature=(11, 'CAG');border_estimator=center_window_kmer_jsd;estimator=center_jsd;window=48;search_radius=24;kmer=2;top_ratio=0.25;score_scale=4.0;motif_weight=0.0;motif_radius=12;score_normalization=train_quantile;raw_border_score=0.243121;border_score=1.065800",0.27662017941474915,0.2972865104675293,0.4260932505130768
test_Seq_2971,2,2,"benchmark=nucleotide_transformer_downstream_tasks;dataset=splice_sites_all;matching=kmer_balanced;matching_signature=(8, 'TTT');border_estimator=center_window_kmer_jsd;estimator=center_jsd;window=48;search_radius=24;kmer=2;top_ratio=0.25;score_scale=4.0;motif_weight=0.0;motif_radius=12;score_normalization=train_quantile;raw_border_score=0.296390;border_score=1.142378",0.2870592772960663,0.3063347637653351,0.4066060483455658
test_Seq_1649,1,2,"benchmark=nucleotide_transformer_downstream_tasks;dataset=splice_sites_all;matching=kmer_balanced;matching_signature=(10, 'CTG');border_estimator=center_window_kmer_jsd;estimator=center_jsd;window=48;search_radius=24;kmer=2;top_ratio=0.25;score_scale=4.0;motif_weight=0.0;motif_radius=12;score_normalization=train_quantile;raw_border_score=0.154943;border_score=0.857444",0.2580619752407074,0.27887076139450073,0.46306726336479187
test_Seq_1389,1,2,"benchmark=nucleotide_transformer_downstream_tasks;dataset=splice_sites_all;matching=kmer_balanced;matching_signature=(7, 'TTT');border_estimator=center_window_kmer_jsd;estimator=center_jsd;window=48;search_radius=24;kmer=2;top_ratio=0.25;score_scale=4.0;motif_weight=0.0;motif_radius=12;score_normalization=train_quantile;raw_border_score=0.169001;border_score=0.888600",0.2676464319229126,0.2838417887687683,0.4485118091106415
test_Seq_859,0,2,"benchmark=nucleotide_transformer_downstream_tasks;dataset=splice_sites_all;matching=kmer_balanced;matching_signature=(10, 'GGG');border_estimator=center_window_kmer_jsd;estimator=center_jsd;window=48;search_radius=24;kmer=2;top_ratio=0.25;score_scale=4.0;motif_weight=0.0;motif_radius=12;score_normalization=train_quantile;raw_border_score=0.247465;border_score=1.073889",0.29665595293045044,0.3042129576206207,0.39913105964660645
test_Seq_2629,2,2,"benchmark=nucleotide_transformer_downstream_tasks;dataset=splice_sites_all;matching=kmer_balanced;matching_signature=(8, 'TTT');border_estimator=center_window_kmer_jsd;estimator=center_jsd;window=48;search_radius=24;kmer=2;top_ratio=0.25;score_scale=4.0;motif_weight=0.0;motif_radius=12;score_normalization=train_quantile;raw_border_score=0.300120;border_score=1.146289",0.2124868780374527,0.23269739747047424,0.5548157691955566
test_Seq_991,0,2,"benchmark=nucleotide_transformer_downstream_tasks;dataset=splice_sites_all;matching=kmer_balanced;matching_signature=(8, 'TTT');border_estimator=center_window_kmer_jsd;estimator=center_jsd;window=48;search_radius=24;kmer=2;top_ratio=0.25;score_scale=4.0;motif_weight=0.0;motif_radius=12;score_normalization=train_quantile;raw_border_score=0.122055;border_score=0.812067",0.28977569937705994,0.3082149922847748,0.4020092487335205
test_Seq_733,0,1,"benchmark=nucleotide_transformer_downstream_tasks;dataset=splice_sites_all;matching=kmer_balanced;matching_signature=(9, 'TGG');border_estimator=center_window_kmer_jsd;estimator=center_jsd;window=48;search_radius=24;kmer=2;top_ratio=0.25;score_scale=4.0;motif_weight=0.0;motif_radius=12;score_normalization=train_quantile;raw_border_score=0.211048;border_score=0.997889",0.34072816371917725,0.35167548060417175,0.3075963854789734
test_Seq_1543,1,2,"benchmark=nucleotide_transformer_downstream_tasks;dataset=splice_sites_all;matching=kmer_balanced;matching_signature=(10, 'CCC');border_estimator=center_window_kmer_jsd;estimator=center_jsd;window=48;search_radius=24;kmer=2;top_ratio=0.25;score_scale=4.0;motif_weight=0.0;motif_radius=12;score_normalization=train_quantile;raw_border_score=0.154128;border_score=0.855622",0.23531723022460938,0.26717835664749146,0.49750441312789917
test_Seq_897,0,2,"benchmark=nucleotide_transformer_downstream_tasks;dataset=splice_sites_all;matching=kmer_balanced;matching_signature=(11, 'GGG');border_estimator=center_window_kmer_jsd;estimator=center_jsd;window=48;search_radius=24;kmer=2;top_ratio=0.25;score_scale=4.0;motif_weight=0.0;motif_radius=12;score_normalization=train_quantile;raw_border_score=0.255790;border_score=1.088867",0.2805310785770416,0.2963021695613861,0.42316675186157227
test_Seq_2519,2,2,"benchmark=nucleotide_transformer_downstream_tasks;dataset=splice_sites_all;matching=kmer_balanced;matching_signature=(10, 'CCC');border_estimator=center_window_kmer_jsd;estimator=center_jsd;window=48;search_radius=24;kmer=2;top_ratio=0.25;score_scale=4.0;motif_weight=0.0;motif_radius=12;score_normalization=train_quantile;raw_border_score=0.225431;border_score=1.030956",0.2959057092666626,0.3041752278804779,0.3999190628528595
test_Seq_2395,2,2,"benchmark=nucleotide_transformer_downstream_tasks;dataset=splice_sites_all;matching=kmer_balanced;matching_signature=(8, 'AAA');border_estimator=center_window_kmer_jsd;estimator=center_jsd;window=48;search_radius=24;kmer=2;top_ratio=0.25;score_scale=4.0;motif_weight=0.0;motif_radius=12;score_normalization=train_quantile;raw_border_score=0.355058;border_score=1.178689",0.2229997217655182,0.24558289349079132,0.5314173698425293
test_Seq_1138,1,2,"benchmark=nucleotide_transformer_downstream_tasks;dataset=splice_sites_all;matching=kmer_balanced;matching_signature=(11, 'CCC');border_estimator=center_window_kmer_jsd;estimator=center_jsd;window=48;search_radius=24;kmer=2;top_ratio=0.25;score_scale=4.0;motif_weight=0.0;motif_radius=12;score_normalization=train_quantile;raw_border_score=0.229012;border_score=1.038200",0.27091923356056213,0.2917817533016205,0.43729904294013977
test_Seq_2003,2,2,"benchmark=nucleotide_transformer_downstream_tasks;dataset=splice_sites_all;matching=kmer_balanced;matching_signature=(12, 'CTG');border_estimator=center_window_kmer_jsd;estimator=center_jsd;window=48;search_radius=24;kmer=2;top_ratio=0.25;score_scale=4.0;motif_weight=0.0;motif_radius=12;score_normalization=train_quantile;raw_border_score=0.131192;border_score=0.820733",0.3305702805519104,0.3298289477825165,0.33960074186325073
test_Seq_860,0,2,"benchmark=nucleotide_transformer_downstream_tasks;dataset=splice_sites_all;matching=kmer_balanced;matching_signature=(12, 'CTG');border_estimator=center_window_kmer_jsd;estimator=center_jsd;window=48;search_radius=24;kmer=2;top_ratio=0.25;score_scale=4.0;motif_weight=0.0;motif_radius=12;score_normalization=train_quantile;raw_border_score=0.146903;border_score=0.842200",0.30415046215057373,0.32357197999954224,0.3722775876522064
test_Seq_2433,2,2,"benchmark=nucleotide_transformer_downstream_tasks;dataset=splice_sites_all;matching=kmer_balanced;matching_signature=(6, 'TTT');border_estimator=center_window_kmer_jsd;estimator=center_jsd;window=48;search_radius=24;kmer=2;top_ratio=0.25;score_scale=4.0;motif_weight=0.0;motif_radius=12;score_normalization=train_quantile;raw_border_score=0.134818;border_score=0.824956",0.23779147863388062,0.2674597501754761,0.4947488307952881
test_Seq_1704,1,2,"benchmark=nucleotide_transformer_downstream_tasks;dataset=splice_sites_all;matching=kmer_balanced;matching_signature=(13, 'CCC');border_estimator=center_window_kmer_jsd;estimator=center_jsd;window=48;search_radius=24;kmer=2;top_ratio=0.25;score_scale=4.0;motif_weight=0.0;motif_radius=12;score_normalization=train_quantile;raw_border_score=0.293604;border_score=1.139756",0.30321475863456726,0.32007262110710144,0.3767126500606537
test_Seq_174,0,2,"benchmark=nucleotide_transformer_downstream_tasks;dataset=splice_sites_all;matching=kmer_balanced;matching_signature=(6, 'AAA');border_estimator=center_window_kmer_jsd;estimator=center_jsd;window=48;search_radius=24;kmer=2;top_ratio=0.25;score_scale=4.0;motif_weight=0.0;motif_radius=12;score_normalization=train_quantile;raw_border_score=0.283212;border_score=1.128111",0.25405824184417725,0.27606716752052307,0.4698745906352997
test_Seq_1726,1,2,"benchmark=nucleotide_transformer_downstream_tasks;dataset=splice_sites_all;matching=kmer_balanced;matching_signature=(7, 'TTT');border_estimator=center_window_kmer_jsd;estimator=center_jsd;window=48;search_radius=24;kmer=2;top_ratio=0.25;score_scale=4.0;motif_weight=0.0;motif_radius=12;score_normalization=train_quantile;raw_border_score=0.242624;border_score=1.065000",0.2388298660516739,0.2665906846523285,0.4945794641971588
test_Seq_1787,1,2,"benchmark=nucleotide_transformer_downstream_tasks;dataset=splice_sites_all;matching=kmer_balanced;matching_signature=(8, 'TTT');border_estimator=center_window_kmer_jsd;estimator=center_jsd;window=48;search_radius=24;kmer=2;top_ratio=0.25;score_scale=4.0;motif_weight=0.0;motif_radius=12;score_normalization=train_quantile;raw_border_score=0.210671;border_score=0.996867",0.20102883875370026,0.22817286849021912,0.5707982778549194
test_Seq_620,0,2,"benchmark=nucleotide_transformer_downstream_tasks;dataset=splice_sites_all;matching=kmer_balanced;matching_signature=(11, 'CTG');border_estimator=center_window_kmer_jsd;estimator=center_jsd;window=48;search_radius=24;kmer=2;top_ratio=0.25;score_scale=4.0;motif_weight=0.0;motif_radius=12;score_normalization=train_quantile;raw_border_score=0.148213;border_score=0.844378",0.2654171586036682,0.2818228304386139,0.4527600109577179
test_Seq_2282,2,2,"benchmark=nucleotide_transformer_downstream_tasks;dataset=splice_sites_all;matching=kmer_balanced;matching_signature=(7, 'AAA');border_estimator=center_window_kmer_jsd;estimator=center_jsd;window=48;search_radius=24;kmer=2;top_ratio=0.25;score_scale=4.0;motif_weight=0.0;motif_radius=12;score_normalization=train_quantile;raw_border_score=0.145971;border_score=0.840378",0.27701666951179504,0.3022952675819397,0.4206880033016205
test_Seq_581,0,2,"benchmark=nucleotide_transformer_downstream_tasks;dataset=splice_sites_all;matching=kmer_balanced;matching_signature=(11, 'CTG');border_estimator=center_window_kmer_jsd;estimator=center_jsd;window=48;search_radius=24;kmer=2;top_ratio=0.25;score_scale=4.0;motif_weight=0.0;motif_radius=12;score_normalization=train_quantile;raw_border_score=0.264958;border_score=1.103489",0.3025304079055786,0.313183069229126,0.3842865228652954
test_Seq_2307,2,2,"benchmark=nucleotide_transformer_downstream_tasks;dataset=splice_sites_all;matching=kmer_balanced;matching_signature=(8, 'ATT');border_estimator=center_window_kmer_jsd;estimator=center_jsd;window=48;search_radius=24;kmer=2;top_ratio=0.25;score_scale=4.0;motif_weight=0.0;motif_radius=12;score_normalization=train_quantile;raw_border_score=0.207018;border_score=0.988289",0.23222942650318146,0.2548428177833557,0.5129277110099792
test_Seq_2671,2,2,"benchmark=nucleotide_transformer_downstream_tasks;dataset=splice_sites_all;matching=kmer_balanced;matching_signature=(5, 'TTT');border_estimator=center_window_kmer_jsd;estimator=center_jsd;window=48;search_radius=24;kmer=2;top_ratio=0.25;score_scale=4.0;motif_weight=0.0;motif_radius=12;score_normalization=train_quantile;raw_border_score=0.278328;border_score=1.121889",0.22646480798721313,0.2574446201324463,0.5160905718803406
test_Seq_1988,1,2,"benchmark=nucleotide_transformer_downstream_tasks;dataset=splice_sites_all;matching=kmer_balanced;matching_signature=(6, 'AAA');border_estimator=center_window_kmer_jsd;estimator=center_jsd;window=48;search_radius=24;kmer=2;top_ratio=0.25;score_scale=4.0;motif_weight=0.0;motif_radius=12;score_normalization=train_quantile;raw_border_score=0.254505;border_score=1.086556",0.25383496284484863,0.27719345688819885,0.46897152066230774
test_Seq_1503,1,2,"benchmark=nucleotide_transformer_downstream_tasks;dataset=splice_sites_all;matching=kmer_balanced;matching_signature=(8, 'AAA');border_estimator=center_window_kmer_jsd;estimator=center_jsd;window=48;search_radius=24;kmer=2;top_ratio=0.25;score_scale=4.0;motif_weight=0.0;motif_radius=12;score_normalization=train_quantile;raw_border_score=0.173055;border_score=0.899400",0.2728041112422943,0.29468390345573425,0.43251198530197144
test_Seq_1063,1,1,"benchmark=nucleotide_transformer_downstream_tasks;dataset=splice_sites_all;matching=kmer_balanced;matching_signature=(9, 'TCT');border_estimator=center_window_kmer_jsd;estimator=center_jsd;window=48;search_radius=24;kmer=2;top_ratio=0.25;score_scale=4.0;motif_weight=0.0;motif_radius=12;score_normalization=train_quantile;raw_border_score=0.309277;border_score=1.153578",0.34147945046424866,0.34758198261260986,0.31093859672546387
test_Seq_291,0,2,"benchmark=nucleotide_transformer_downstream_tasks;dataset=splice_sites_all;matching=kmer_balanced;matching_signature=(5, 'TTT');border_estimator=center_window_kmer_jsd;estimator=center_jsd;window=48;search_radius=24;kmer=2;top_ratio=0.25;score_scale=4.0;motif_weight=0.0;motif_radius=12;score_normalization=train_quantile;raw_border_score=0.354279;border_score=1.178200",0.21902532875537872,0.251601904630661,0.5293727517127991
test_Seq_107,0,2,"benchmark=nucleotide_transformer_downstream_tasks;dataset=splice_sites_all;matching=kmer_balanced;matching_signature=(10, 'AGG');border_estimator=center_window_kmer_jsd;estimator=center_jsd;window=48;search_radius=24;kmer=2;top_ratio=0.25;score_scale=4.0;motif_weight=0.0;motif_radius=12;score_normalization=train_quantile;raw_border_score=0.179469;border_score=0.916467",0.23376770317554474,0.26161274313926697,0.5046194791793823
test_Seq_1362,1,2,"benchmark=nucleotide_transformer_downstream_tasks;dataset=splice_sites_all;matching=kmer_balanced;matching_signature=(12, 'GCC');border_estimator=center_window_kmer_jsd;estimator=center_jsd;window=48;search_radius=24;kmer=2;top_ratio=0.25;score_scale=4.0;motif_weight=0.0;motif_radius=12;score_normalization=train_quantile;raw_border_score=0.151953;border_score=0.850822",0.2971181869506836,0.3090914785861969,0.3937903046607971
test_Seq_2984,2,2,"benchmark=nucleotide_transformer_downstream_tasks;dataset=splice_sites_all;matching=kmer_balanced;matching_signature=(8, 'TTT');border_estimator=center_window_kmer_jsd;estimator=center_jsd;window=48;search_radius=24;kmer=2;top_ratio=0.25;score_scale=4.0;motif_weight=0.0;motif_radius=12;score_normalization=train_quantile;raw_border_score=0.196720;border_score=0.962111",0.26663967967033386,0.285621702671051,0.4477386176586151
test_Seq_482,0,2,"benchmark=nucleotide_transformer_downstream_tasks;dataset=splice_sites_all;matching=kmer_balanced;matching_signature=(9, 'AAA');border_estimator=center_window_kmer_jsd;estimator=center_jsd;window=48;search_radius=24;kmer=2;top_ratio=0.25;score_scale=4.0;motif_weight=0.0;motif_radius=12;score_normalization=train_quantile;raw_border_score=0.556978;border_score=1.199356",0.2921024560928345,0.3095962703227997,0.39830127358436584
test_Seq_2744,2,2,"benchmark=nucleotide_transformer_downstream_tasks;dataset=splice_sites_all;matching=kmer_balanced;matching_signature=(10, 'CCT');border_estimator=center_window_kmer_jsd;estimator=center_jsd;window=48;search_radius=24;kmer=2;top_ratio=0.25;score_scale=4.0;motif_weight=0.0;motif_radius=12;score_normalization=train_quantile;raw_border_score=0.276474;border_score=1.119222",0.2733388841152191,0.2915687561035156,0.43509238958358765
test_Seq_1424,1,2,"benchmark=nucleotide_transformer_downstream_tasks;dataset=splice_sites_all;matching=kmer_balanced;matching_signature=(10, 'TTT');border_estimator=center_window_kmer_jsd;estimator=center_jsd;window=48;search_radius=24;kmer=2;top_ratio=0.25;score_scale=4.0;motif_weight=0.0;motif_radius=12;score_normalization=train_quantile;raw_border_score=0.167979;border_score=0.886644",0.30450794100761414,0.3143574893474579,0.381134569644928
test_Seq_2324,2,2,"benchmark=nucleotide_transformer_downstream_tasks;dataset=splice_sites_all;matching=kmer_balanced;matching_signature=(10, 'AGG');border_estimator=center_window_kmer_jsd;estimator=center_jsd;window=48;search_radius=24;kmer=2;top_ratio=0.25;score_scale=4.0;motif_weight=0.0;motif_radius=12;score_normalization=train_quantile;raw_border_score=0.171971;border_score=0.896289",0.28735029697418213,0.3014892041683197,0.41116052865982056
test_Seq_2919,2,2,"benchmark=nucleotide_transformer_downstream_tasks;dataset=splice_sites_all;matching=kmer_balanced;matching_signature=(8, 'AAA');border_estimator=center_window_kmer_jsd;estimator=center_jsd;window=48;search_radius=24;kmer=2;top_ratio=0.25;score_scale=4.0;motif_weight=0.0;motif_radius=12;score_normalization=train_quantile;raw_border_score=0.166571;border_score=0.882867",0.23716184496879578,0.2677798569202423,0.4950583875179291
test_Seq_222,0,2,"benchmark=nucleotide_transformer_downstream_tasks;dataset=splice_sites_all;matching=kmer_balanced;matching_signature=(7, 'TTT');border_estimator=center_window_kmer_jsd;estimator=center_jsd;window=48;search_radius=24;kmer=2;top_ratio=0.25;score_scale=4.0;motif_weight=0.0;motif_radius=12;score_normalization=train_quantile;raw_border_score=0.311792;border_score=1.155400",0.23541061580181122,0.25665482878685,0.5079345703125
test_Seq_538,0,2,"benchmark=nucleotide_transformer_downstream_tasks;dataset=splice_sites_all;matching=kmer_balanced;matching_signature=(7, 'TTT');border_estimator=center_window_kmer_jsd;estimator=center_jsd;window=48;search_radius=24;kmer=2;top_ratio=0.25;score_scale=4.0;motif_weight=0.0;motif_radius=12;score_normalization=train_quantile;raw_border_score=0.227841;border_score=1.035756",0.2678493559360504,0.2954080402851105,0.4367425739765167
test_Seq_1859,1,2,"benchmark=nucleotide_transformer_downstream_tasks;dataset=splice_sites_all;matching=kmer_balanced;matching_signature=(8, 'TTT');border_estimator=center_window_kmer_jsd;estimator=center_jsd;window=48;search_radius=24;kmer=2;top_ratio=0.25;score_scale=4.0;motif_weight=0.0;motif_radius=12;score_normalization=train_quantile;raw_border_score=0.172662;border_score=0.897844",0.2726600468158722,0.2974115014076233,0.42992842197418213
test_Seq_1622,1,2,"benchmark=nucleotide_transformer_downstream_tasks;dataset=splice_sites_all;matching=kmer_balanced;matching_signature=(11, 'CTC');border_estimator=center_window_kmer_jsd;estimator=center_jsd;window=48;search_radius=24;kmer=2;top_ratio=0.25;score_scale=4.0;motif_weight=0.0;motif_radius=12;score_normalization=train_quantile;raw_border_score=0.242078;border_score=1.063489",0.299858033657074,0.30857720971107483,0.39156481623649597
test_Seq_2329,2,2,"benchmark=nucleotide_transformer_downstream_tasks;dataset=splice_sites_all;matching=kmer_balanced;matching_signature=(6, 'AAA');border_estimator=center_window_kmer_jsd;estimator=center_jsd;window=48;search_radius=24;kmer=2;top_ratio=0.25;score_scale=4.0;motif_weight=0.0;motif_radius=12;score_normalization=train_quantile;raw_border_score=0.116989;border_score=0.809267",0.24774563312530518,0.26823171973228455,0.4840226471424103
test_Seq_102,0,2,"benchmark=nucleotide_transformer_downstream_tasks;dataset=splice_sites_all;matching=kmer_balanced;matching_signature=(7, 'TTT');border_estimator=center_window_kmer_jsd;estimator=center_jsd;window=48;search_radius=24;kmer=2;top_ratio=0.25;score_scale=4.0;motif_weight=0.0;motif_radius=12;score_normalization=train_quantile;raw_border_score=0.124444;border_score=0.814022",0.2567793130874634,0.2796735465526581,0.4635471701622009
test_Seq_881,0,2,"benchmark=nucleotide_transformer_downstream_tasks;dataset=splice_sites_all;matching=kmer_balanced;matching_signature=(6, 'TTT');border_estimator=center_window_kmer_jsd;estimator=center_jsd;window=48;search_radius=24;kmer=2;top_ratio=0.25;score_scale=4.0;motif_weight=0.0;motif_radius=12;score_normalization=train_quantile;raw_border_score=0.334816;border_score=1.168911",0.24949489533901215,0.2741548418998718,0.47635018825531006
test_Seq_978,0,2,"benchmark=nucleotide_transformer_downstream_tasks;dataset=splice_sites_all;matching=kmer_balanced;matching_signature=(7, 'TTT');border_estimator=center_window_kmer_jsd;estimator=center_jsd;window=48;search_radius=24;kmer=2;top_ratio=0.25;score_scale=4.0;motif_weight=0.0;motif_radius=12;score_normalization=train_quantile;raw_border_score=0.239479;border_score=1.057133",0.24448466300964355,0.2718544900417328,0.48366090655326843
test_Seq_2373,2,2,"benchmark=nucleotide_transformer_downstream_tasks;dataset=splice_sites_all;matching=kmer_balanced;matching_signature=(10, 'AAA');border_estimator=center_window_kmer_jsd;estimator=center_jsd;window=48;search_radius=24;kmer=2;top_ratio=0.25;score_scale=4.0;motif_weight=0.0;motif_radius=12;score_normalization=train_quantile;raw_border_score=0.300031;border_score=1.146289",0.21186727285385132,0.23722775280475616,0.5509049296379089
test_Seq_8,0,2,"benchmark=nucleotide_transformer_downstream_tasks;dataset=splice_sites_all;matching=kmer_balanced;matching_signature=(7, 'TTT');border_estimator=center_window_kmer_jsd;estimator=center_jsd;window=48;search_radius=24;kmer=2;top_ratio=0.25;score_scale=4.0;motif_weight=0.0;motif_radius=12;score_normalization=train_quantile;raw_border_score=0.239194;border_score=1.056556",0.26226699352264404,0.2835223972797394,0.45421066880226135
test_Seq_2523,2,2,"benchmark=nucleotide_transformer_downstream_tasks;dataset=splice_sites_all;matching=kmer_balanced;matching_signature=(6, 'AAA');border_estimator=center_window_kmer_jsd;estimator=center_jsd;window=48;search_radius=24;kmer=2;top_ratio=0.25;score_scale=4.0;motif_weight=0.0;motif_radius=12;score_normalization=train_quantile;raw_border_score=0.209843;border_score=0.994822",0.2765650749206543,0.29870158433914185,0.42473331093788147
test_Seq_2392,2,2,"benchmark=nucleotide_transformer_downstream_tasks;dataset=splice_sites_all;matching=kmer_balanced;matching_signature=(9, 'TTT');border_estimator=center_window_kmer_jsd;estimator=center_jsd;window=48;search_radius=24;kmer=2;top_ratio=0.25;score_scale=4.0;motif_weight=0.0;motif_radius=12;score_normalization=train_quantile;raw_border_score=0.405197;border_score=1.190867",0.2889132797718048,0.3037453889846802,0.4073413610458374
test_Seq_2137,2,2,"benchmark=nucleotide_transformer_downstream_tasks;dataset=splice_sites_all;matching=kmer_balanced;matching_signature=(6, 'AAA');border_estimator=center_window_kmer_jsd;estimator=center_jsd;window=48;search_radius=24;kmer=2;top_ratio=0.25;score_scale=4.0;motif_weight=0.0;motif_radius=12;score_normalization=train_quantile;raw_border_score=0.179292;border_score=0.916244",0.23914110660552979,0.26376873254776,0.4970901608467102
test_Seq_393,0,2,"benchmark=nucleotide_transformer_downstream_tasks;dataset=splice_sites_all;matching=kmer_balanced;matching_signature=(8, 'TTT');border_estimator=center_window_kmer_jsd;estimator=center_jsd;window=48;search_radius=24;kmer=2;top_ratio=0.25;score_scale=4.0;motif_weight=0.0;motif_radius=12;score_normalization=train_quantile;raw_border_score=0.312411;border_score=1.155800",0.23770572245121002,0.2552749812602997,0.5070192813873291
test_Seq_808,0,1,"benchmark=nucleotide_transformer_downstream_tasks;dataset=splice_sites_all;matching=kmer_balanced;matching_signature=(14, 'CGG');border_estimator=center_window_kmer_jsd;estimator=center_jsd;window=48;search_radius=24;kmer=2;top_ratio=0.25;score_scale=4.0;motif_weight=0.0;motif_radius=12;score_normalization=train_quantile;raw_border_score=0.169503;border_score=0.889622",0.3331977128982544,0.33731186389923096,0.32949042320251465
test_Seq_775,0,2,"benchmark=nucleotide_transformer_downstream_tasks;dataset=splice_sites_all;matching=kmer_balanced;matching_signature=(8, 'TTT');border_estimator=center_window_kmer_jsd;estimator=center_jsd;window=48;search_radius=24;kmer=2;top_ratio=0.25;score_scale=4.0;motif_weight=0.0;motif_radius=12;score_normalization=train_quantile;raw_border_score=0.378857;border_score=1.186378",0.19224078953266144,0.21534638106822968,0.5924128293991089
test_Seq_2723,2,2,"benchmark=nucleotide_transformer_downstream_tasks;dataset=splice_sites_all;matching=kmer_balanced;matching_signature=(8, 'TTT');border_estimator=center_window_kmer_jsd;estimator=center_jsd;window=48;search_radius=24;kmer=2;top_ratio=0.25;score_scale=4.0;motif_weight=0.0;motif_radius=12;score_normalization=train_quantile;raw_border_score=0.308819;border_score=1.152956",0.2890033423900604,0.31488269567489624,0.39611390233039856
test_Seq_2814,2,2,"benchmark=nucleotide_transformer_downstream_tasks;dataset=splice_sites_all;matching=kmer_balanced;matching_signature=(6, 'AAA');border_estimator=center_window_kmer_jsd;estimator=center_jsd;window=48;search_radius=24;kmer=2;top_ratio=0.25;score_scale=4.0;motif_weight=0.0;motif_radius=12;score_normalization=train_quantile;raw_border_score=0.209630;border_score=0.994289",0.26074934005737305,0.2813315689563751,0.45791909098625183
test_Seq_2167,2,2,"benchmark=nucleotide_transformer_downstream_tasks;dataset=splice_sites_all;matching=kmer_balanced;matching_signature=(8, 'TTT');border_estimator=center_window_kmer_jsd;estimator=center_jsd;window=48;search_radius=24;kmer=2;top_ratio=0.25;score_scale=4.0;motif_weight=0.0;motif_radius=12;score_normalization=train_quantile;raw_border_score=0.171283;border_score=0.894022",0.27339017391204834,0.2946809232234955,0.4319288730621338
test_Seq_1245,1,2,"benchmark=nucleotide_transformer_downstream_tasks;dataset=splice_sites_all;matching=kmer_balanced;matching_signature=(6, 'AAA');border_estimator=center_window_kmer_jsd;estimator=center_jsd;window=48;search_radius=24;kmer=2;top_ratio=0.25;score_scale=4.0;motif_weight=0.0;motif_radius=12;score_normalization=train_quantile;raw_border_score=0.260140;border_score=1.095978",0.2613358497619629,0.2851021885871887,0.453561931848526
test_Seq_1067,1,2,"benchmark=nucleotide_transformer_downstream_tasks;dataset=splice_sites_all;matching=kmer_balanced;matching_signature=(6, 'TTT');border_estimator=center_window_kmer_jsd;estimator=center_jsd;window=48;search_radius=24;kmer=2;top_ratio=0.25;score_scale=4.0;motif_weight=0.0;motif_radius=12;score_normalization=train_quantile;raw_border_score=0.154917;border_score=0.857400",0.24183538556098938,0.26723334193229675,0.4909312427043915
test_Seq_429,0,2,"benchmark=nucleotide_transformer_downstream_tasks;dataset=splice_sites_all;matching=kmer_balanced;matching_signature=(6, 'TTT');border_estimator=center_window_kmer_jsd;estimator=center_jsd;window=48;search_radius=24;kmer=2;top_ratio=0.25;score_scale=4.0;motif_weight=0.0;motif_radius=12;score_normalization=train_quantile;raw_border_score=0.259821;border_score=1.095311",0.32131731510162354,0.3320782482624054,0.34660446643829346
test_Seq_1910,1,2,"benchmark=nucleotide_transformer_downstream_tasks;dataset=splice_sites_all;matching=kmer_balanced;matching_signature=(8, 'TTT');border_estimator=center_window_kmer_jsd;estimator=center_jsd;window=48;search_radius=24;kmer=2;top_ratio=0.25;score_scale=4.0;motif_weight=0.0;motif_radius=12;score_normalization=train_quantile;raw_border_score=0.171958;border_score=0.896200",0.26110416650772095,0.2871585488319397,0.45173728466033936
test_Seq_2050,2,2,"benchmark=nucleotide_transformer_downstream_tasks;dataset=splice_sites_all;matching=kmer_balanced;matching_signature=(7, 'AAA');border_estimator=center_window_kmer_jsd;estimator=center_jsd;window=48;search_radius=24;kmer=2;top_ratio=0.25;score_scale=4.0;motif_weight=0.0;motif_radius=12;score_normalization=train_quantile;raw_border_score=0.254942;border_score=1.087356",0.25631147623062134,0.28085654973983765,0.46283194422721863
test_Seq_925,0,1,"benchmark=nucleotide_transformer_downstream_tasks;dataset=splice_sites_all;matching=kmer_balanced;matching_signature=(9, 'GAA');border_estimator=center_window_kmer_jsd;estimator=center_jsd;window=48;search_radius=24;kmer=2;top_ratio=0.25;score_scale=4.0;motif_weight=0.0;motif_radius=12;score_normalization=train_quantile;raw_border_score=0.199397;border_score=0.969533",0.33192604780197144,0.3428528308868408,0.32522112131118774
test_Seq_2680,2,2,"benchmark=nucleotide_transformer_downstream_tasks;dataset=splice_sites_all;matching=kmer_balanced;matching_signature=(8, 'TGT');border_estimator=center_window_kmer_jsd;estimator=center_jsd;window=48;search_radius=24;kmer=2;top_ratio=0.25;score_scale=4.0;motif_weight=0.0;motif_radius=12;score_normalization=train_quantile;raw_border_score=0.186750;border_score=0.935311",0.2623012363910675,0.2791360318660736,0.4585627615451813
test_Seq_359,0,2,"benchmark=nucleotide_transformer_downstream_tasks;dataset=splice_sites_all;matching=kmer_balanced;matching_signature=(9, 'AAA');border_estimator=center_window_kmer_jsd;estimator=center_jsd;window=48;search_radius=24;kmer=2;top_ratio=0.25;score_scale=4.0;motif_weight=0.0;motif_radius=12;score_normalization=train_quantile;raw_border_score=0.262397;border_score=1.099844",0.22423425316810608,0.24558453261852264,0.5301811695098877
test_Seq_28,0,2,"benchmark=nucleotide_transformer_downstream_tasks;dataset=splice_sites_all;matching=kmer_balanced;matching_signature=(10, 'CCC');border_estimator=center_window_kmer_jsd;estimator=center_jsd;window=48;search_radius=24;kmer=2;top_ratio=0.25;score_scale=4.0;motif_weight=0.0;motif_radius=12;score_normalization=train_quantile;raw_border_score=0.195227;border_score=0.957800",0.3010832667350769,0.3104214072227478,0.3884953558444977
test_Seq_1739,1,2,"benchmark=nucleotide_transformer_downstream_tasks;dataset=splice_sites_all;matching=kmer_balanced;matching_signature=(9, 'TGA');border_estimator=center_window_kmer_jsd;estimator=center_jsd;window=48;search_radius=24;kmer=2;top_ratio=0.25;score_scale=4.0;motif_weight=0.0;motif_radius=12;score_normalization=train_quantile;raw_border_score=0.217336;border_score=1.011978",0.325638085603714,0.3325221836566925,0.3418397605419159
test_Seq_985,0,0,"benchmark=nucleotide_transformer_downstream_tasks;dataset=splice_sites_all;matching=kmer_balanced;matching_signature=(9, 'TTT');border_estimator=center_window_kmer_jsd;estimator=center_jsd;window=48;search_radius=24;kmer=2;top_ratio=0.25;score_scale=4.0;motif_weight=0.0;motif_radius=12;score_normalization=train_quantile;raw_border_score=0.250929;border_score=1.080822",0.3419244587421417,0.34158703684806824,0.31648850440979004
test_Seq_240,0,2,"benchmark=nucleotide_transformer_downstream_tasks;dataset=splice_sites_all;matching=kmer_balanced;matching_signature=(6, 'TTT');border_estimator=center_window_kmer_jsd;estimator=center_jsd;window=48;search_radius=24;kmer=2;top_ratio=0.25;score_scale=4.0;motif_weight=0.0;motif_radius=12;score_normalization=train_quantile;raw_border_score=0.234400;border_score=1.048244",0.2497534304857254,0.2747700810432434,0.4754764139652252
test_Seq_100,0,1,"benchmark=nucleotide_transformer_downstream_tasks;dataset=splice_sites_all;matching=kmer_balanced;matching_signature=(8, 'AAA');border_estimator=center_window_kmer_jsd;estimator=center_jsd;window=48;search_radius=24;kmer=2;top_ratio=0.25;score_scale=4.0;motif_weight=0.0;motif_radius=12;score_normalization=train_quantile;raw_border_score=0.371221;border_score=1.184733",0.3518539369106293,0.3563680052757263,0.2917781174182892
test_Seq_2170,2,2,"benchmark=nucleotide_transformer_downstream_tasks;dataset=splice_sites_all;matching=kmer_balanced;matching_signature=(11, 'GGG');border_estimator=center_window_kmer_jsd;estimator=center_jsd;window=48;search_radius=24;kmer=2;top_ratio=0.25;score_scale=4.0;motif_weight=0.0;motif_radius=12;score_normalization=train_quantile;raw_border_score=0.196956;border_score=0.962556",0.2651031017303467,0.2878560423851013,0.4470407962799072
test_Seq_1855,1,2,"benchmark=nucleotide_transformer_downstream_tasks;dataset=splice_sites_all;matching=kmer_balanced;matching_signature=(11, 'GGG');border_estimator=center_window_kmer_jsd;estimator=center_jsd;window=48;search_radius=24;kmer=2;top_ratio=0.25;score_scale=4.0;motif_weight=0.0;motif_radius=12;score_normalization=train_quantile;raw_border_score=0.179821;border_score=0.917311",0.3178351819515228,0.3237450420856476,0.3584197759628296
test_Seq_2530,2,2,"benchmark=nucleotide_transformer_downstream_tasks;dataset=splice_sites_all;matching=kmer_balanced;matching_signature=(5, 'TTT');border_estimator=center_window_kmer_jsd;estimator=center_jsd;window=48;search_radius=24;kmer=2;top_ratio=0.25;score_scale=4.0;motif_weight=0.0;motif_radius=12;score_normalization=train_quantile;raw_border_score=0.175677;border_score=0.907044",0.24248754978179932,0.27241194248199463,0.48510047793388367
test_Seq_2197,2,2,"benchmark=nucleotide_transformer_downstream_tasks;dataset=splice_sites_all;matching=kmer_balanced;matching_signature=(8, 'TTT');border_estimator=center_window_kmer_jsd;estimator=center_jsd;window=48;search_radius=24;kmer=2;top_ratio=0.25;score_scale=4.0;motif_weight=0.0;motif_radius=12;score_normalization=train_quantile;raw_border_score=0.136200;border_score=0.826956",0.26214563846588135,0.2903057336807251,0.44754868745803833
test_Seq_536,0,2,"benchmark=nucleotide_transformer_downstream_tasks;dataset=splice_sites_all;matching=kmer_balanced;matching_signature=(9, 'AAA');border_estimator=center_window_kmer_jsd;estimator=center_jsd;window=48;search_radius=24;kmer=2;top_ratio=0.25;score_scale=4.0;motif_weight=0.0;motif_radius=12;score_normalization=train_quantile;raw_border_score=0.314950;border_score=1.157356",0.23838424682617188,0.2611933946609497,0.5004223585128784
test_Seq_862,0,2,"benchmark=nucleotide_transformer_downstream_tasks;dataset=splice_sites_all;matching=kmer_balanced;matching_signature=(10, 'TTT');border_estimator=center_window_kmer_jsd;estimator=center_jsd;window=48;search_radius=24;kmer=2;top_ratio=0.25;score_scale=4.0;motif_weight=0.0;motif_radius=12;score_normalization=train_quantile;raw_border_score=0.220227;border_score=1.019222",0.30303075909614563,0.3158283829689026,0.381140798330307
test_Seq_1619,1,2,"benchmark=nucleotide_transformer_downstream_tasks;dataset=splice_sites_all;matching=kmer_balanced;matching_signature=(8, 'TTT');border_estimator=center_window_kmer_jsd;estimator=center_jsd;window=48;search_radius=24;kmer=2;top_ratio=0.25;score_scale=4.0;motif_weight=0.0;motif_radius=12;score_normalization=train_quantile;raw_border_score=0.220572;border_score=1.019933",0.24471692740917206,0.2700463533401489,0.4852367043495178
test_Seq_1761,1,2,"benchmark=nucleotide_transformer_downstream_tasks;dataset=splice_sites_all;matching=kmer_balanced;matching_signature=(7, 'TTT');border_estimator=center_window_kmer_jsd;estimator=center_jsd;window=48;search_radius=24;kmer=2;top_ratio=0.25;score_scale=4.0;motif_weight=0.0;motif_radius=12;score_normalization=train_quantile;raw_border_score=0.275168;border_score=1.117533",0.2613019049167633,0.2795722186565399,0.459125816822052
test_Seq_2511,2,2,"benchmark=nucleotide_transformer_downstream_tasks;dataset=splice_sites_all;matching=kmer_balanced;matching_signature=(6, 'TTT');border_estimator=center_window_kmer_jsd;estimator=center_jsd;window=48;search_radius=24;kmer=2;top_ratio=0.25;score_scale=4.0;motif_weight=0.0;motif_radius=12;score_normalization=train_quantile;raw_border_score=0.234223;border_score=1.048022",0.2392714023590088,0.25616955757141113,0.5045590400695801
test_Seq_1207,1,2,"benchmark=nucleotide_transformer_downstream_tasks;dataset=splice_sites_all;matching=kmer_balanced;matching_signature=(10, 'CCC');border_estimator=center_window_kmer_jsd;estimator=center_jsd;window=48;search_radius=24;kmer=2;top_ratio=0.25;score_scale=4.0;motif_weight=0.0;motif_radius=12;score_normalization=train_quantile;raw_border_score=0.205548;border_score=0.985400",0.26179367303848267,0.27830252051353455,0.45990386605262756
test_Seq_2812,2,2,"benchmark=nucleotide_transformer_downstream_tasks;dataset=splice_sites_all;matching=kmer_balanced;matching_signature=(8, 'AAA');border_estimator=center_window_kmer_jsd;estimator=center_jsd;window=48;search_radius=24;kmer=2;top_ratio=0.25;score_scale=4.0;motif_weight=0.0;motif_radius=12;score_normalization=train_quantile;raw_border_score=0.195043;border_score=0.957133",0.23246432840824127,0.26317092776298523,0.5043647289276123
test_Seq_1087,1,2,"benchmark=nucleotide_transformer_downstream_tasks;dataset=splice_sites_all;matching=kmer_balanced;matching_signature=(13, 'GGG');border_estimator=center_window_kmer_jsd;estimator=center_jsd;window=48;search_radius=24;kmer=2;top_ratio=0.25;score_scale=4.0;motif_weight=0.0;motif_radius=12;score_normalization=train_quantile;raw_border_score=0.159673;border_score=0.866911",0.3293156325817108,0.33280912041664124,0.33787524700164795
test_Seq_2394,2,2,"benchmark=nucleotide_transformer_downstream_tasks;dataset=splice_sites_all;matching=kmer_balanced;matching_signature=(6, 'TTT');border_estimator=center_window_kmer_jsd;estimator=center_jsd;window=48;search_radius=24;kmer=2;top_ratio=0.25;score_scale=4.0;motif_weight=0.0;motif_radius=12;score_normalization=train_quantile;raw_border_score=0.182920;border_score=0.924644",0.23203465342521667,0.25950533151626587,0.5084600448608398
test_Seq_646,0,2,"benchmark=nucleotide_transformer_downstream_tasks;dataset=splice_sites_all;matching=kmer_balanced;matching_signature=(10, 'TGG');border_estimator=center_window_kmer_jsd;estimator=center_jsd;window=48;search_radius=24;kmer=2;top_ratio=0.25;score_scale=4.0;motif_weight=0.0;motif_radius=12;score_normalization=train_quantile;raw_border_score=0.150119;border_score=0.847889",0.2949002981185913,0.3116037845611572,0.39349594712257385
test_Seq_764,0,2,"benchmark=nucleotide_transformer_downstream_tasks;dataset=splice_sites_all;matching=kmer_balanced;matching_signature=(11, 'CCC');border_estimator=center_window_kmer_jsd;estimator=center_jsd;window=48;search_radius=24;kmer=2;top_ratio=0.25;score_scale=4.0;motif_weight=0.0;motif_radius=12;score_normalization=train_quantile;raw_border_score=0.152277;border_score=0.851444",0.30334001779556274,0.30986011028289795,0.3867998719215393
test_Seq_333,0,2,"benchmark=nucleotide_transformer_downstream_tasks;dataset=splice_sites_all;matching=kmer_balanced;matching_signature=(6, 'TTT');border_estimator=center_window_kmer_jsd;estimator=center_jsd;window=48;search_radius=24;kmer=2;top_ratio=0.25;score_scale=4.0;motif_weight=0.0;motif_radius=12;score_normalization=train_quantile;raw_border_score=0.345808;border_score=1.175311",0.2813985347747803,0.3009029030799866,0.41769853234291077
test_Seq_1715,1,2,"benchmark=nucleotide_transformer_downstream_tasks;dataset=splice_sites_all;matching=kmer_balanced;matching_signature=(11, 'CCT');border_estimator=center_window_kmer_jsd;estimator=center_jsd;window=48;search_radius=24;kmer=2;top_ratio=0.25;score_scale=4.0;motif_weight=0.0;motif_radius=12;score_normalization=train_quantile;raw_border_score=0.110456;border_score=0.805667",0.2983660101890564,0.31324341893196106,0.38839057087898254
test_Seq_1968,1,2,"benchmark=nucleotide_transformer_downstream_tasks;dataset=splice_sites_all;matching=kmer_balanced;matching_signature=(7, 'AAA');border_estimator=center_window_kmer_jsd;estimator=center_jsd;window=48;search_radius=24;kmer=2;top_ratio=0.25;score_scale=4.0;motif_weight=0.0;motif_radius=12;score_normalization=train_quantile;raw_border_score=0.217058;border_score=1.011578",0.2317245900630951,0.24808701872825623,0.5201883912086487
test_Seq_2827,2,2,"benchmark=nucleotide_transformer_downstream_tasks;dataset=splice_sites_all;matching=kmer_balanced;matching_signature=(8, 'AAA');border_estimator=center_window_kmer_jsd;estimator=center_jsd;window=48;search_radius=24;kmer=2;top_ratio=0.25;score_scale=4.0;motif_weight=0.0;motif_radius=12;score_normalization=train_quantile;raw_border_score=0.140022;border_score=0.831622",0.21387504041194916,0.24171966314315796,0.5444052815437317
test_Seq_2094,2,2,"benchmark=nucleotide_transformer_downstream_tasks;dataset=splice_sites_all;matching=kmer_balanced;matching_signature=(8, 'AAG');border_estimator=center_window_kmer_jsd;estimator=center_jsd;window=48;search_radius=24;kmer=2;top_ratio=0.25;score_scale=4.0;motif_weight=0.0;motif_radius=12;score_normalization=train_quantile;raw_border_score=0.293411;border_score=1.139667",0.2320738434791565,0.2646681070327759,0.5032580494880676
test_Seq_2161,2,1,"benchmark=nucleotide_transformer_downstream_tasks;dataset=splice_sites_all;matching=kmer_balanced;matching_signature=(8, 'TTT');border_estimator=center_window_kmer_jsd;estimator=center_jsd;window=48;search_radius=24;kmer=2;top_ratio=0.25;score_scale=4.0;motif_weight=0.0;motif_radius=12;score_normalization=train_quantile;raw_border_score=0.318147;border_score=1.159756",0.32779237627983093,0.34147390723228455,0.3307337164878845
test_Seq_1075,1,2,"benchmark=nucleotide_transformer_downstream_tasks;dataset=splice_sites_all;matching=kmer_balanced;matching_signature=(8, 'TTT');border_estimator=center_window_kmer_jsd;estimator=center_jsd;window=48;search_radius=24;kmer=2;top_ratio=0.25;score_scale=4.0;motif_weight=0.0;motif_radius=12;score_normalization=train_quantile;raw_border_score=0.175959;border_score=0.907711",0.23961953818798065,0.2679983079433441,0.4923821985721588
test_Seq_1193,1,2,"benchmark=nucleotide_transformer_downstream_tasks;dataset=splice_sites_all;matching=kmer_balanced;matching_signature=(6, 'TTT');border_estimator=center_window_kmer_jsd;estimator=center_jsd;window=48;search_radius=24;kmer=2;top_ratio=0.25;score_scale=4.0;motif_weight=0.0;motif_radius=12;score_normalization=train_quantile;raw_border_score=0.339185;border_score=1.171489",0.23076988756656647,0.25599151849746704,0.5132385492324829
test_Seq_982,0,2,"benchmark=nucleotide_transformer_downstream_tasks;dataset=splice_sites_all;matching=kmer_balanced;matching_signature=(8, 'AAA');border_estimator=center_window_kmer_jsd;estimator=center_jsd;window=48;search_radius=24;kmer=2;top_ratio=0.25;score_scale=4.0;motif_weight=0.0;motif_radius=12;score_normalization=train_quantile;raw_border_score=0.303004;border_score=1.148911",0.2624676525592804,0.29410985112190247,0.44342249631881714
test_Seq_1847,1,2,"benchmark=nucleotide_transformer_downstream_tasks;dataset=splice_sites_all;matching=kmer_balanced;matching_signature=(10, 'CAG');border_estimator=center_window_kmer_jsd;estimator=center_jsd;window=48;search_radius=24;kmer=2;top_ratio=0.25;score_scale=4.0;motif_weight=0.0;motif_radius=12;score_normalization=train_quantile;raw_border_score=0.333532;border_score=1.168067",0.22714152932167053,0.2476869523525238,0.5251715183258057
test_Seq_2526,2,2,"benchmark=nucleotide_transformer_downstream_tasks;dataset=splice_sites_all;matching=kmer_balanced;matching_signature=(9, 'TTT');border_estimator=center_window_kmer_jsd;estimator=center_jsd;window=48;search_radius=24;kmer=2;top_ratio=0.25;score_scale=4.0;motif_weight=0.0;motif_radius=12;score_normalization=train_quantile;raw_border_score=0.202411;border_score=0.977178",0.19985713064670563,0.22062073647975922,0.5795221328735352
test_Seq_736,0,2,"benchmark=nucleotide_transformer_downstream_tasks;dataset=splice_sites_all;matching=kmer_balanced;matching_signature=(7, 'AAA');border_estimator=center_window_kmer_jsd;estimator=center_jsd;window=48;search_radius=24;kmer=2;top_ratio=0.25;score_scale=4.0;motif_weight=0.0;motif_radius=12;score_normalization=train_quantile;raw_border_score=0.274574;border_score=1.116600",0.241127148270607,0.26130810379981995,0.4975646734237671
test_Seq_117,0,2,"benchmark=nucleotide_transformer_downstream_tasks;dataset=splice_sites_all;matching=kmer_balanced;matching_signature=(8, 'TGT');border_estimator=center_window_kmer_jsd;estimator=center_jsd;window=48;search_radius=24;kmer=2;top_ratio=0.25;score_scale=4.0;motif_weight=0.0;motif_radius=12;score_normalization=train_quantile;raw_border_score=0.242530;border_score=1.064778",0.2613181471824646,0.2944811284542084,0.44420066475868225
test_Seq_768,0,2,"benchmark=nucleotide_transformer_downstream_tasks;dataset=splice_sites_all;matching=kmer_balanced;matching_signature=(13, 'GGG');border_estimator=center_window_kmer_jsd;estimator=center_jsd;window=48;search_radius=24;kmer=2;top_ratio=0.25;score_scale=4.0;motif_weight=0.0;motif_radius=12;score_normalization=train_quantile;raw_border_score=0.312403;border_score=1.155800",0.3235120475292206,0.3253180682659149,0.3511698842048645
test_Seq_1235,1,2,"benchmark=nucleotide_transformer_downstream_tasks;dataset=splice_sites_all;matching=kmer_balanced;matching_signature=(5, 'TTT');border_estimator=center_window_kmer_jsd;estimator=center_jsd;window=48;search_radius=24;kmer=2;top_ratio=0.25;score_scale=4.0;motif_weight=0.0;motif_radius=12;score_normalization=train_quantile;raw_border_score=0.546578;border_score=1.199356",0.25531530380249023,0.2783597707748413,0.4663248658180237
test_Seq_1936,1,2,"benchmark=nucleotide_transformer_downstream_tasks;dataset=splice_sites_all;matching=kmer_balanced;matching_signature=(6, 'TTT');border_estimator=center_window_kmer_jsd;estimator=center_jsd;window=48;search_radius=24;kmer=2;top_ratio=0.25;score_scale=4.0;motif_weight=0.0;motif_radius=12;score_normalization=train_quantile;raw_border_score=0.201309;border_score=0.974200",0.22987355291843414,0.2616939842700958,0.5084323883056641
test_Seq_850,0,2,"benchmark=nucleotide_transformer_downstream_tasks;dataset=splice_sites_all;matching=kmer_balanced;matching_signature=(7, 'TTT');border_estimator=center_window_kmer_jsd;estimator=center_jsd;window=48;search_radius=24;kmer=2;top_ratio=0.25;score_scale=4.0;motif_weight=0.0;motif_radius=12;score_normalization=train_quantile;raw_border_score=0.140370;border_score=0.832067",0.28813740611076355,0.3027915060520172,0.4090711772441864
test_Seq_1834,1,2,"benchmark=nucleotide_transformer_downstream_tasks;dataset=splice_sites_all;matching=kmer_balanced;matching_signature=(6, 'AAA');border_estimator=center_window_kmer_jsd;estimator=center_jsd;window=48;search_radius=24;kmer=2;top_ratio=0.25;score_scale=4.0;motif_weight=0.0;motif_radius=12;score_normalization=train_quantile;raw_border_score=0.137278;border_score=0.828244",0.2528626322746277,0.2771061360836029,0.4700312316417694
test_Seq_2765,2,2,"benchmark=nucleotide_transformer_downstream_tasks;dataset=splice_sites_all;matching=kmer_balanced;matching_signature=(7, 'TTT');border_estimator=center_window_kmer_jsd;estimator=center_jsd;window=48;search_radius=24;kmer=2;top_ratio=0.25;score_scale=4.0;motif_weight=0.0;motif_radius=12;score_normalization=train_quantile;raw_border_score=0.102174;border_score=0.803311",0.23043638467788696,0.261232852935791,0.508330762386322
test_Seq_2418,2,2,"benchmark=nucleotide_transformer_downstream_tasks;dataset=splice_sites_all;matching=kmer_balanced;matching_signature=(7, 'TTT');border_estimator=center_window_kmer_jsd;estimator=center_jsd;window=48;search_radius=24;kmer=2;top_ratio=0.25;score_scale=4.0;motif_weight=0.0;motif_radius=12;score_normalization=train_quantile;raw_border_score=0.279400;border_score=1.123356",0.2540344297885895,0.2750178873538971,0.4709477126598358
test_Seq_1590,1,2,"benchmark=nucleotide_transformer_downstream_tasks;dataset=splice_sites_all;matching=kmer_balanced;matching_signature=(8, 'TTC');border_estimator=center_window_kmer_jsd;estimator=center_jsd;window=48;search_radius=24;kmer=2;top_ratio=0.25;score_scale=4.0;motif_weight=0.0;motif_radius=12;score_normalization=train_quantile;raw_border_score=0.117386;border_score=0.809444",0.2366272211074829,0.266055166721344,0.4973176419734955
test_Seq_654,0,2,"benchmark=nucleotide_transformer_downstream_tasks;dataset=splice_sites_all;matching=kmer_balanced;matching_signature=(8, 'TTT');border_estimator=center_window_kmer_jsd;estimator=center_jsd;window=48;search_radius=24;kmer=2;top_ratio=0.25;score_scale=4.0;motif_weight=0.0;motif_radius=12;score_normalization=train_quantile;raw_border_score=0.261991;border_score=1.098867",0.27138790488243103,0.2956196367740631,0.43299245834350586
test_Seq_1819,1,2,"benchmark=nucleotide_transformer_downstream_tasks;dataset=splice_sites_all;matching=kmer_balanced;matching_signature=(9, 'TTT');border_estimator=center_window_kmer_jsd;estimator=center_jsd;window=48;search_radius=24;kmer=2;top_ratio=0.25;score_scale=4.0;motif_weight=0.0;motif_radius=12;score_normalization=train_quantile;raw_border_score=0.210914;border_score=0.997311",0.3111971318721771,0.32039326429367065,0.36840954422950745
test_Seq_1929,1,2,"benchmark=nucleotide_transformer_downstream_tasks;dataset=splice_sites_all;matching=kmer_balanced;matching_signature=(9, 'TTT');border_estimator=center_window_kmer_jsd;estimator=center_jsd;window=48;search_radius=24;kmer=2;top_ratio=0.25;score_scale=4.0;motif_weight=0.0;motif_radius=12;score_normalization=train_quantile;raw_border_score=0.244879;border_score=1.069222",0.2054804414510727,0.23146219551563263,0.5630573630332947
test_Seq_1432,1,2,"benchmark=nucleotide_transformer_downstream_tasks;dataset=splice_sites_all;matching=kmer_balanced;matching_signature=(9, 'TTT');border_estimator=center_window_kmer_jsd;estimator=center_jsd;window=48;search_radius=24;kmer=2;top_ratio=0.25;score_scale=4.0;motif_weight=0.0;motif_radius=12;score_normalization=train_quantile;raw_border_score=0.201855;border_score=0.975844",0.2487378716468811,0.2687860429286957,0.482476145029068
test_Seq_1049,1,2,"benchmark=nucleotide_transformer_downstream_tasks;dataset=splice_sites_all;matching=kmer_balanced;matching_signature=(6, 'TTA');border_estimator=center_window_kmer_jsd;estimator=center_jsd;window=48;search_radius=24;kmer=2;top_ratio=0.25;score_scale=4.0;motif_weight=0.0;motif_radius=12;score_normalization=train_quantile;raw_border_score=0.146911;border_score=0.842200",0.28090977668762207,0.3047846257686615,0.41430559754371643
test_Seq_2939,2,1,"benchmark=nucleotide_transformer_downstream_tasks;dataset=splice_sites_all;matching=kmer_balanced;matching_signature=(10, 'GAG');border_estimator=center_window_kmer_jsd;estimator=center_jsd;window=48;search_radius=24;kmer=2;top_ratio=0.25;score_scale=4.0;motif_weight=0.0;motif_radius=12;score_normalization=train_quantile;raw_border_score=0.150504;border_score=0.848378",0.33529892563819885,0.33984658122062683,0.32485446333885193
test_Seq_2002,2,2,"benchmark=nucleotide_transformer_downstream_tasks;dataset=splice_sites_all;matching=kmer_balanced;matching_signature=(9, 'AGG');border_estimator=center_window_kmer_jsd;estimator=center_jsd;window=48;search_radius=24;kmer=2;top_ratio=0.25;score_scale=4.0;motif_weight=0.0;motif_radius=12;score_normalization=train_quantile;raw_border_score=0.188176;border_score=0.939267",0.3187306225299835,0.33181634545326233,0.34945303201675415
test_Seq_2743,2,2,"benchmark=nucleotide_transformer_downstream_tasks;dataset=splice_sites_all;matching=kmer_balanced;matching_signature=(7, 'TTT');border_estimator=center_window_kmer_jsd;estimator=center_jsd;window=48;search_radius=24;kmer=2;top_ratio=0.25;score_scale=4.0;motif_weight=0.0;motif_radius=12;score_normalization=train_quantile;raw_border_score=0.154474;border_score=0.856289",0.23924817144870758,0.2631984055042267,0.49755340814590454
test_Seq_1850,1,2,"benchmark=nucleotide_transformer_downstream_tasks;dataset=splice_sites_all;matching=kmer_balanced;matching_signature=(7, 'TTT');border_estimator=center_window_kmer_jsd;estimator=center_jsd;window=48;search_radius=24;kmer=2;top_ratio=0.25;score_scale=4.0;motif_weight=0.0;motif_radius=12;score_normalization=train_quantile;raw_border_score=0.300597;border_score=1.146911",0.31198787689208984,0.32809513807296753,0.359917014837265
test_Seq_1545,1,2,"benchmark=nucleotide_transformer_downstream_tasks;dataset=splice_sites_all;matching=kmer_balanced;matching_signature=(6, 'AAA');border_estimator=center_window_kmer_jsd;estimator=center_jsd;window=48;search_radius=24;kmer=2;top_ratio=0.25;score_scale=4.0;motif_weight=0.0;motif_radius=12;score_normalization=train_quantile;raw_border_score=0.120733;border_score=0.811400",0.28641626238822937,0.311359167098999,0.4022245705127716
test_Seq_1184,1,2,"benchmark=nucleotide_transformer_downstream_tasks;dataset=splice_sites_all;matching=kmer_balanced;matching_signature=(9, 'TTT');border_estimator=center_window_kmer_jsd;estimator=center_jsd;window=48;search_radius=24;kmer=2;top_ratio=0.25;score_scale=4.0;motif_weight=0.0;motif_radius=12;score_normalization=train_quantile;raw_border_score=0.170295;border_score=0.891311",0.2419506311416626,0.26521265506744385,0.49283671379089355
test_Seq_820,0,2,"benchmark=nucleotide_transformer_downstream_tasks;dataset=splice_sites_all;matching=kmer_balanced;matching_signature=(8, 'ATT');border_estimator=center_window_kmer_jsd;estimator=center_jsd;window=48;search_radius=24;kmer=2;top_ratio=0.25;score_scale=4.0;motif_weight=0.0;motif_radius=12;score_normalization=train_quantile;raw_border_score=0.232487;border_score=1.044511",0.25197240710258484,0.2726289927959442,0.47539854049682617
test_Seq_1788,1,2,"benchmark=nucleotide_transformer_downstream_tasks;dataset=splice_sites_all;matching=kmer_balanced;matching_signature=(11, 'GGG');border_estimator=center_window_kmer_jsd;estimator=center_jsd;window=48;search_radius=24;kmer=2;top_ratio=0.25;score_scale=4.0;motif_weight=0.0;motif_radius=12;score_normalization=train_quantile;raw_border_score=0.336024;border_score=1.169622",0.29651182889938354,0.31268492341041565,0.3908032476902008
test_Seq_2504,2,2,"benchmark=nucleotide_transformer_downstream_tasks;dataset=splice_sites_all;matching=kmer_balanced;matching_signature=(7, 'TTT');border_estimator=center_window_kmer_jsd;estimator=center_jsd;window=48;search_radius=24;kmer=2;top_ratio=0.25;score_scale=4.0;motif_weight=0.0;motif_radius=12;score_normalization=train_quantile;raw_border_score=0.178170;border_score=0.913622",0.24399876594543457,0.26706463098526,0.4889366030693054
test_Seq_2181,2,2,"benchmark=nucleotide_transformer_downstream_tasks;dataset=splice_sites_all;matching=kmer_balanced;matching_signature=(5, 'TTT');border_estimator=center_window_kmer_jsd;estimator=center_jsd;window=48;search_radius=24;kmer=2;top_ratio=0.25;score_scale=4.0;motif_weight=0.0;motif_radius=12;score_normalization=train_quantile;raw_border_score=0.212012;border_score=0.999711",0.24625617265701294,0.26815080642700195,0.4855930209159851
test_Seq_1395,1,2,"benchmark=nucleotide_transformer_downstream_tasks;dataset=splice_sites_all;matching=kmer_balanced;matching_signature=(7, 'TTT');border_estimator=center_window_kmer_jsd;estimator=center_jsd;window=48;search_radius=24;kmer=2;top_ratio=0.25;score_scale=4.0;motif_weight=0.0;motif_radius=12;score_normalization=train_quantile;raw_border_score=0.166381;border_score=0.882244",0.24830296635627747,0.2759343385696411,0.4757627546787262
test_Seq_2187,2,2,"benchmark=nucleotide_transformer_downstream_tasks;dataset=splice_sites_all;matching=kmer_balanced;matching_signature=(6, 'TTT');border_estimator=center_window_kmer_jsd;estimator=center_jsd;window=48;search_radius=24;kmer=2;top_ratio=0.25;score_scale=4.0;motif_weight=0.0;motif_radius=12;score_normalization=train_quantile;raw_border_score=0.182484;border_score=0.923667",0.23619705438613892,0.2631869316101074,0.5006159543991089
test_Seq_2335,2,2,"benchmark=nucleotide_transformer_downstream_tasks;dataset=splice_sites_all;matching=kmer_balanced;matching_signature=(8, 'AAA');border_estimator=center_window_kmer_jsd;estimator=center_jsd;window=48;search_radius=24;kmer=2;top_ratio=0.25;score_scale=4.0;motif_weight=0.0;motif_radius=12;score_normalization=train_quantile;raw_border_score=0.195119;border_score=0.957489",0.253954142332077,0.2774772047996521,0.46856874227523804
test_Seq_1002,1,2,"benchmark=nucleotide_transformer_downstream_tasks;dataset=splice_sites_all;matching=kmer_balanced;matching_signature=(12, 'CCC');border_estimator=center_window_kmer_jsd;estimator=center_jsd;window=48;search_radius=24;kmer=2;top_ratio=0.25;score_scale=4.0;motif_weight=0.0;motif_radius=12;score_normalization=train_quantile;raw_border_score=0.446625;border_score=1.195089",0.26087409257888794,0.28477007150650024,0.4543558657169342
test_Seq_2132,2,2,"benchmark=nucleotide_transformer_downstream_tasks;dataset=splice_sites_all;matching=kmer_balanced;matching_signature=(10, 'TTT');border_estimator=center_window_kmer_jsd;estimator=center_jsd;window=48;search_radius=24;kmer=2;top_ratio=0.25;score_scale=4.0;motif_weight=0.0;motif_radius=12;score_normalization=train_quantile;raw_border_score=0.245525;border_score=1.070156",0.1968916803598404,0.21487313508987427,0.5882351994514465
test_Seq_830,0,2,"benchmark=nucleotide_transformer_downstream_tasks;dataset=splice_sites_all;matching=kmer_balanced;matching_signature=(11, 'CTG');border_estimator=center_window_kmer_jsd;estimator=center_jsd;window=48;search_radius=24;kmer=2;top_ratio=0.25;score_scale=4.0;motif_weight=0.0;motif_radius=12;score_normalization=train_quantile;raw_border_score=0.333838;border_score=1.168244",0.2689143121242523,0.28947895765304565,0.44160670042037964
test_Seq_1861,1,2,"benchmark=nucleotide_transformer_downstream_tasks;dataset=splice_sites_all;matching=kmer_balanced;matching_signature=(6, 'TTT');border_estimator=center_window_kmer_jsd;estimator=center_jsd;window=48;search_radius=24;kmer=2;top_ratio=0.25;score_scale=4.0;motif_weight=0.0;motif_radius=12;score_normalization=train_quantile;raw_border_score=0.210412;border_score=0.996156",0.24076400697231293,0.2630058228969574,0.4962301552295685
test_Seq_528,0,2,"benchmark=nucleotide_transformer_downstream_tasks;dataset=splice_sites_all;matching=kmer_balanced;matching_signature=(9, 'CTG');border_estimator=center_window_kmer_jsd;estimator=center_jsd;window=48;search_radius=24;kmer=2;top_ratio=0.25;score_scale=4.0;motif_weight=0.0;motif_radius=12;score_normalization=train_quantile;raw_border_score=0.205979;border_score=0.986022",0.251906156539917,0.27238383889198303,0.47571003437042236
test_Seq_2333,2,2,"benchmark=nucleotide_transformer_downstream_tasks;dataset=splice_sites_all;matching=kmer_balanced;matching_signature=(7, 'AAA');border_estimator=center_window_kmer_jsd;estimator=center_jsd;window=48;search_radius=24;kmer=2;top_ratio=0.25;score_scale=4.0;motif_weight=0.0;motif_radius=12;score_normalization=train_quantile;raw_border_score=0.156126;border_score=0.859489",0.2394282966852188,0.26786014437675476,0.49271154403686523
test_Seq_1864,1,2,"benchmark=nucleotide_transformer_downstream_tasks;dataset=splice_sites_all;matching=kmer_balanced;matching_signature=(11, 'CAG');border_estimator=center_window_kmer_jsd;estimator=center_jsd;window=48;search_radius=24;kmer=2;top_ratio=0.25;score_scale=4.0;motif_weight=0.0;motif_radius=12;score_normalization=train_quantile;raw_border_score=0.235490;border_score=1.049978",0.33215710520744324,0.33166757225990295,0.3361753523349762
test_Seq_2734,2,2,"benchmark=nucleotide_transformer_downstream_tasks;dataset=splice_sites_all;matching=kmer_balanced;matching_signature=(10, 'CCC');border_estimator=center_window_kmer_jsd;estimator=center_jsd;window=48;search_radius=24;kmer=2;top_ratio=0.25;score_scale=4.0;motif_weight=0.0;motif_radius=12;score_normalization=train_quantile;raw_border_score=0.285539;border_score=1.130867",0.2836344242095947,0.3009243905544281,0.41544124484062195
test_Seq_858,0,2,"benchmark=nucleotide_transformer_downstream_tasks;dataset=splice_sites_all;matching=kmer_balanced;matching_signature=(12, 'GGG');border_estimator=center_window_kmer_jsd;estimator=center_jsd;window=48;search_radius=24;kmer=2;top_ratio=0.25;score_scale=4.0;motif_weight=0.0;motif_radius=12;score_normalization=train_quantile;raw_border_score=0.319991;border_score=1.161089",0.2869044244289398,0.30369433760643005,0.4094012975692749
test_Seq_104,0,2,"benchmark=nucleotide_transformer_downstream_tasks;dataset=splice_sites_all;matching=kmer_balanced;matching_signature=(13, 'GGG');border_estimator=center_window_kmer_jsd;estimator=center_jsd;window=48;search_radius=24;kmer=2;top_ratio=0.25;score_scale=4.0;motif_weight=0.0;motif_radius=12;score_normalization=train_quantile;raw_border_score=0.228473;border_score=1.036956",0.3118339776992798,0.3154313862323761,0.37273460626602173
test_Seq_2198,2,2,"benchmark=nucleotide_transformer_downstream_tasks;dataset=splice_sites_all;matching=kmer_balanced;matching_signature=(5, 'TTT');border_estimator=center_window_kmer_jsd;estimator=center_jsd;window=48;search_radius=24;kmer=2;top_ratio=0.25;score_scale=4.0;motif_weight=0.0;motif_radius=12;score_normalization=train_quantile;raw_border_score=0.096805;border_score=0.802111",0.22993260622024536,0.25386276841163635,0.5162045955657959
test_Seq_387,0,1,"benchmark=nucleotide_transformer_downstream_tasks;dataset=splice_sites_all;matching=kmer_balanced;matching_signature=(7, 'AAA');border_estimator=center_window_kmer_jsd;estimator=center_jsd;window=48;search_radius=24;kmer=2;top_ratio=0.25;score_scale=4.0;motif_weight=0.0;motif_radius=12;score_normalization=train_quantile;raw_border_score=0.241243;border_score=1.061444",0.33262869715690613,0.347066193819046,0.32030510902404785
test_Seq_505,0,2,"benchmark=nucleotide_transformer_downstream_tasks;dataset=splice_sites_all;matching=kmer_balanced;matching_signature=(7, 'TTT');border_estimator=center_window_kmer_jsd;estimator=center_jsd;window=48;search_radius=24;kmer=2;top_ratio=0.25;score_scale=4.0;motif_weight=0.0;motif_radius=12;score_normalization=train_quantile;raw_border_score=0.295281;border_score=1.140956",0.22701381146907806,0.2513897716999054,0.5215964317321777
test_Seq_1857,1,2,"benchmark=nucleotide_transformer_downstream_tasks;dataset=splice_sites_all;matching=kmer_balanced;matching_signature=(8, 'TCT');border_estimator=center_window_kmer_jsd;estimator=center_jsd;window=48;search_radius=24;kmer=2;top_ratio=0.25;score_scale=4.0;motif_weight=0.0;motif_radius=12;score_normalization=train_quantile;raw_border_score=0.161603;border_score=0.870378",0.27586624026298523,0.3009801208972931,0.4231536388397217
test_Seq_1853,1,2,"benchmark=nucleotide_transformer_downstream_tasks;dataset=splice_sites_all;matching=kmer_balanced;matching_signature=(5, 'TTT');border_estimator=center_window_kmer_jsd;estimator=center_jsd;window=48;search_radius=24;kmer=2;top_ratio=0.25;score_scale=4.0;motif_weight=0.0;motif_radius=12;score_normalization=train_quantile;raw_border_score=0.240391;border_score=1.059844",0.21450471878051758,0.2407274693250656,0.5447677969932556
test_Seq_404,0,2,"benchmark=nucleotide_transformer_downstream_tasks;dataset=splice_sites_all;matching=kmer_balanced;matching_signature=(9, 'CTT');border_estimator=center_window_kmer_jsd;estimator=center_jsd;window=48;search_radius=24;kmer=2;top_ratio=0.25;score_scale=4.0;motif_weight=0.0;motif_radius=12;score_normalization=train_quantile;raw_border_score=0.163655;border_score=0.875311",0.3120783865451813,0.3349657952785492,0.35295578837394714
test_Seq_1010,1,2,"benchmark=nucleotide_transformer_downstream_tasks;dataset=splice_sites_all;matching=kmer_balanced;matching_signature=(7, 'TTT');border_estimator=center_window_kmer_jsd;estimator=center_jsd;window=48;search_radius=24;kmer=2;top_ratio=0.25;score_scale=4.0;motif_weight=0.0;motif_radius=12;score_normalization=train_quantile;raw_border_score=0.194247;border_score=0.955356",0.23592272400856018,0.2651846706867218,0.49889254570007324
test_Seq_2435,2,2,"benchmark=nucleotide_transformer_downstream_tasks;dataset=splice_sites_all;matching=kmer_balanced;matching_signature=(8, 'TTT');border_estimator=center_window_kmer_jsd;estimator=center_jsd;window=48;search_radius=24;kmer=2;top_ratio=0.25;score_scale=4.0;motif_weight=0.0;motif_radius=12;score_normalization=train_quantile;raw_border_score=0.146916;border_score=0.842200",0.24144935607910156,0.2630264163017273,0.4955242872238159
test_Seq_132,0,2,"benchmark=nucleotide_transformer_downstream_tasks;dataset=splice_sites_all;matching=kmer_balanced;matching_signature=(8, 'AAA');border_estimator=center_window_kmer_jsd;estimator=center_jsd;window=48;search_radius=24;kmer=2;top_ratio=0.25;score_scale=4.0;motif_weight=0.0;motif_radius=12;score_normalization=train_quantile;raw_border_score=0.266005;border_score=1.104822",0.3131791353225708,0.3292350172996521,0.3575858175754547
test_Seq_1131,1,2,"benchmark=nucleotide_transformer_downstream_tasks;dataset=splice_sites_all;matching=kmer_balanced;matching_signature=(12, 'CCC');border_estimator=center_window_kmer_jsd;estimator=center_jsd;window=48;search_radius=24;kmer=2;top_ratio=0.25;score_scale=4.0;motif_weight=0.0;motif_radius=12;score_normalization=train_quantile;raw_border_score=0.357015;border_score=1.179400",0.28653621673583984,0.28973862528800964,0.42372509837150574
test_Seq_2888,2,2,"benchmark=nucleotide_transformer_downstream_tasks;dataset=splice_sites_all;matching=kmer_balanced;matching_signature=(12, 'CTG');border_estimator=center_window_kmer_jsd;estimator=center_jsd;window=48;search_radius=24;kmer=2;top_ratio=0.25;score_scale=4.0;motif_weight=0.0;motif_radius=12;score_normalization=train_quantile;raw_border_score=0.244527;border_score=1.068422",0.31003329157829285,0.31888097524642944,0.3710857331752777
test_Seq_1297,1,2,"benchmark=nucleotide_transformer_downstream_tasks;dataset=splice_sites_all;matching=kmer_balanced;matching_signature=(10, 'GGG');border_estimator=center_window_kmer_jsd;estimator=center_jsd;window=48;search_radius=24;kmer=2;top_ratio=0.25;score_scale=4.0;motif_weight=0.0;motif_radius=12;score_normalization=train_quantile;raw_border_score=0.324962;border_score=1.163622",0.29569312930107117,0.3192320764064789,0.3850748538970947
test_Seq_75,0,2,"benchmark=nucleotide_transformer_downstream_tasks;dataset=splice_sites_all;matching=kmer_balanced;matching_signature=(7, 'TTT');border_estimator=center_window_kmer_jsd;estimator=center_jsd;window=48;search_radius=24;kmer=2;top_ratio=0.25;score_scale=4.0;motif_weight=0.0;motif_radius=12;score_normalization=train_quantile;raw_border_score=0.235161;border_score=1.049444",0.2437775433063507,0.2654808759689331,0.4907415211200714
test_Seq_532,0,2,"benchmark=nucleotide_transformer_downstream_tasks;dataset=splice_sites_all;matching=kmer_balanced;matching_signature=(8, 'AAA');border_estimator=center_window_kmer_jsd;estimator=center_jsd;window=48;search_radius=24;kmer=2;top_ratio=0.25;score_scale=4.0;motif_weight=0.0;motif_radius=12;score_normalization=train_quantile;raw_border_score=0.323675;border_score=1.163044",0.20654165744781494,0.2324390709400177,0.561019241809845
test_Seq_1903,1,2,"benchmark=nucleotide_transformer_downstream_tasks;dataset=splice_sites_all;matching=kmer_balanced;matching_signature=(8, 'TTT');border_estimator=center_window_kmer_jsd;estimator=center_jsd;window=48;search_radius=24;kmer=2;top_ratio=0.25;score_scale=4.0;motif_weight=0.0;motif_radius=12;score_normalization=train_quantile;raw_border_score=0.275271;border_score=1.117578",0.24526159465312958,0.26966115832328796,0.4850772023200989
test_Seq_695,0,2,"benchmark=nucleotide_transformer_downstream_tasks;dataset=splice_sites_all;matching=kmer_balanced;matching_signature=(8, 'AAA');border_estimator=center_window_kmer_jsd;estimator=center_jsd;window=48;search_radius=24;kmer=2;top_ratio=0.25;score_scale=4.0;motif_weight=0.0;motif_radius=12;score_normalization=train_quantile;raw_border_score=0.271469;border_score=1.112244",0.22935964167118073,0.2568718492984772,0.5137684941291809
test_Seq_2396,2,2,"benchmark=nucleotide_transformer_downstream_tasks;dataset=splice_sites_all;matching=kmer_balanced;matching_signature=(5, 'TTT');border_estimator=center_window_kmer_jsd;estimator=center_jsd;window=48;search_radius=24;kmer=2;top_ratio=0.25;score_scale=4.0;motif_weight=0.0;motif_radius=12;score_normalization=train_quantile;raw_border_score=0.219635;border_score=1.017622",0.25654616951942444,0.2789902091026306,0.46446359157562256
test_Seq_527,0,2,"benchmark=nucleotide_transformer_downstream_tasks;dataset=splice_sites_all;matching=kmer_balanced;matching_signature=(8, 'TTT');border_estimator=center_window_kmer_jsd;estimator=center_jsd;window=48;search_radius=24;kmer=2;top_ratio=0.25;score_scale=4.0;motif_weight=0.0;motif_radius=12;score_normalization=train_quantile;raw_border_score=0.245604;border_score=1.070333",0.27555933594703674,0.2953544557094574,0.42908617854118347
test_Seq_1711,1,2,"benchmark=nucleotide_transformer_downstream_tasks;dataset=splice_sites_all;matching=kmer_balanced;matching_signature=(13, 'GGC');border_estimator=center_window_kmer_jsd;estimator=center_jsd;window=48;search_radius=24;kmer=2;top_ratio=0.25;score_scale=4.0;motif_weight=0.0;motif_radius=12;score_normalization=train_quantile;raw_border_score=0.181662;border_score=0.921800",0.3068554103374481,0.31192880868911743,0.38121581077575684
test_Seq_2661,2,2,"benchmark=nucleotide_transformer_downstream_tasks;dataset=splice_sites_all;matching=kmer_balanced;matching_signature=(7, 'TTT');border_estimator=center_window_kmer_jsd;estimator=center_jsd;window=48;search_radius=24;kmer=2;top_ratio=0.25;score_scale=4.0;motif_weight=0.0;motif_radius=12;score_normalization=train_quantile;raw_border_score=0.218100;border_score=1.014022",0.271936297416687,0.29548245668411255,0.43258121609687805
test_Seq_124,0,1,"benchmark=nucleotide_transformer_downstream_tasks;dataset=splice_sites_all;matching=kmer_balanced;matching_signature=(8, 'TTT');border_estimator=center_window_kmer_jsd;estimator=center_jsd;window=48;search_radius=24;kmer=2;top_ratio=0.25;score_scale=4.0;motif_weight=0.0;motif_radius=12;score_normalization=train_quantile;raw_border_score=0.163410;border_score=0.874822",0.3349320888519287,0.3491221070289612,0.3159458637237549
test_Seq_2371,2,2,"benchmark=nucleotide_transformer_downstream_tasks;dataset=splice_sites_all;matching=kmer_balanced;matching_signature=(7, 'TTT');border_estimator=center_window_kmer_jsd;estimator=center_jsd;window=48;search_radius=24;kmer=2;top_ratio=0.25;score_scale=4.0;motif_weight=0.0;motif_radius=12;score_normalization=train_quantile;raw_border_score=0.161063;border_score=0.869444",0.22511710226535797,0.2428302764892578,0.5320526361465454
test_Seq_1974,1,2,"benchmark=nucleotide_transformer_downstream_tasks;dataset=splice_sites_all;matching=kmer_balanced;matching_signature=(11, 'CCT');border_estimator=center_window_kmer_jsd;estimator=center_jsd;window=48;search_radius=24;kmer=2;top_ratio=0.25;score_scale=4.0;motif_weight=0.0;motif_radius=12;score_normalization=train_quantile;raw_border_score=0.232528;border_score=1.044556",0.29560887813568115,0.3145117163658142,0.38987940549850464
test_Seq_2668,2,2,"benchmark=nucleotide_transformer_downstream_tasks;dataset=splice_sites_all;matching=kmer_balanced;matching_signature=(6, 'TTT');border_estimator=center_window_kmer_jsd;estimator=center_jsd;window=48;search_radius=24;kmer=2;top_ratio=0.25;score_scale=4.0;motif_weight=0.0;motif_radius=12;score_normalization=train_quantile;raw_border_score=0.197704;border_score=0.964822",0.23190675675868988,0.26053595542907715,0.5075573325157166
test_Seq_1568,1,2,"benchmark=nucleotide_transformer_downstream_tasks;dataset=splice_sites_all;matching=kmer_balanced;matching_signature=(7, 'TTT');border_estimator=center_window_kmer_jsd;estimator=center_jsd;window=48;search_radius=24;kmer=2;top_ratio=0.25;score_scale=4.0;motif_weight=0.0;motif_radius=12;score_normalization=train_quantile;raw_border_score=0.201748;border_score=0.975311",0.27560582756996155,0.30039292573928833,0.42400121688842773
test_Seq_440,0,2,"benchmark=nucleotide_transformer_downstream_tasks;dataset=splice_sites_all;matching=kmer_balanced;matching_signature=(6, 'TTT');border_estimator=center_window_kmer_jsd;estimator=center_jsd;window=48;search_radius=24;kmer=2;top_ratio=0.25;score_scale=4.0;motif_weight=0.0;motif_radius=12;score_normalization=train_quantile;raw_border_score=0.299526;border_score=1.145756",0.2350253015756607,0.26389771699905396,0.5010769963264465
test_Seq_152,0,2,"benchmark=nucleotide_transformer_downstream_tasks;dataset=splice_sites_all;matching=kmer_balanced;matching_signature=(12, 'CTG');border_estimator=center_window_kmer_jsd;estimator=center_jsd;window=48;search_radius=24;kmer=2;top_ratio=0.25;score_scale=4.0;motif_weight=0.0;motif_radius=12;score_normalization=train_quantile;raw_border_score=0.172490;border_score=0.897489",0.30916354060173035,0.32080164551734924,0.3700348138809204
test_Seq_294,0,2,"benchmark=nucleotide_transformer_downstream_tasks;dataset=splice_sites_all;matching=kmer_balanced;matching_signature=(9, 'TGA');border_estimator=center_window_kmer_jsd;estimator=center_jsd;window=48;search_radius=24;kmer=2;top_ratio=0.25;score_scale=4.0;motif_weight=0.0;motif_radius=12;score_normalization=train_quantile;raw_border_score=0.180822;border_score=0.919978",0.24271343648433685,0.266126811504364,0.4911597669124603
test_Seq_2232,2,2,"benchmark=nucleotide_transformer_downstream_tasks;dataset=splice_sites_all;matching=kmer_balanced;matching_signature=(8, 'TTT');border_estimator=center_window_kmer_jsd;estimator=center_jsd;window=48;search_radius=24;kmer=2;top_ratio=0.25;score_scale=4.0;motif_weight=0.0;motif_radius=12;score_normalization=train_quantile;raw_border_score=0.252063;border_score=1.082333",0.20470023155212402,0.2273336499929428,0.567966103553772
test_Seq_145,0,2,"benchmark=nucleotide_transformer_downstream_tasks;dataset=splice_sites_all;matching=kmer_balanced;matching_signature=(13, 'GGC');border_estimator=center_window_kmer_jsd;estimator=center_jsd;window=48;search_radius=24;kmer=2;top_ratio=0.25;score_scale=4.0;motif_weight=0.0;motif_radius=12;score_normalization=train_quantile;raw_border_score=0.255320;border_score=1.087889",0.3010402023792267,0.3066680431365967,0.3922918140888214
test_Seq_2492,2,2,"benchmark=nucleotide_transformer_downstream_tasks;dataset=splice_sites_all;matching=kmer_balanced;matching_signature=(10, 'AAA');border_estimator=center_window_kmer_jsd;estimator=center_jsd;window=48;search_radius=24;kmer=2;top_ratio=0.25;score_scale=4.0;motif_weight=0.0;motif_radius=12;score_normalization=train_quantile;raw_border_score=0.181298;border_score=0.921222",0.19934822618961334,0.22125111520290375,0.5794006586074829
test_Seq_2912,2,2,"benchmark=nucleotide_transformer_downstream_tasks;dataset=splice_sites_all;matching=kmer_balanced;matching_signature=(10, 'GGG');border_estimator=center_window_kmer_jsd;estimator=center_jsd;window=48;search_radius=24;kmer=2;top_ratio=0.25;score_scale=4.0;motif_weight=0.0;motif_radius=12;score_normalization=train_quantile;raw_border_score=0.185715;border_score=0.932556",0.2964433431625366,0.31455013155937195,0.3890065550804138
test_Seq_1943,1,1,"benchmark=nucleotide_transformer_downstream_tasks;dataset=splice_sites_all;matching=kmer_balanced;matching_signature=(9, 'AAG');border_estimator=center_window_kmer_jsd;estimator=center_jsd;window=48;search_radius=24;kmer=2;top_ratio=0.25;score_scale=4.0;motif_weight=0.0;motif_radius=12;score_normalization=train_quantile;raw_border_score=0.338236;border_score=1.170956",0.3340957462787628,0.340541273355484,0.3253629505634308
test_Seq_1518,1,2,"benchmark=nucleotide_transformer_downstream_tasks;dataset=splice_sites_all;matching=kmer_balanced;matching_signature=(12, 'GGG');border_estimator=center_window_kmer_jsd;estimator=center_jsd;window=48;search_radius=24;kmer=2;top_ratio=0.25;score_scale=4.0;motif_weight=0.0;motif_radius=12;score_normalization=train_quantile;raw_border_score=0.175729;border_score=0.907089",0.3055800497531891,0.3074165880680084,0.3870033025741577
test_Seq_2004,2,2,"benchmark=nucleotide_transformer_downstream_tasks;dataset=splice_sites_all;matching=kmer_balanced;matching_signature=(8, 'TTT');border_estimator=center_window_kmer_jsd;estimator=center_jsd;window=48;search_radius=24;kmer=2;top_ratio=0.25;score_scale=4.0;motif_weight=0.0;motif_radius=12;score_normalization=train_quantile;raw_border_score=0.295989;border_score=1.141844",0.2493942379951477,0.2737885117530823,0.47681722044944763
test_Seq_2535,2,2,"benchmark=nucleotide_transformer_downstream_tasks;dataset=splice_sites_all;matching=kmer_balanced;matching_signature=(9, 'TTT');border_estimator=center_window_kmer_jsd;estimator=center_jsd;window=48;search_radius=24;kmer=2;top_ratio=0.25;score_scale=4.0;motif_weight=0.0;motif_radius=12;score_normalization=train_quantile;raw_border_score=0.240269;border_score=1.059489",0.2733118236064911,0.2976720333099365,0.42901611328125
test_Seq_740,0,2,"benchmark=nucleotide_transformer_downstream_tasks;dataset=splice_sites_all;matching=kmer_balanced;matching_signature=(9, 'CTG');border_estimator=center_window_kmer_jsd;estimator=center_jsd;window=48;search_radius=24;kmer=2;top_ratio=0.25;score_scale=4.0;motif_weight=0.0;motif_radius=12;score_normalization=train_quantile;raw_border_score=0.201802;border_score=0.975578",0.29703792929649353,0.3292801082134247,0.3736819624900818
test_Seq_876,0,2,"benchmark=nucleotide_transformer_downstream_tasks;dataset=splice_sites_all;matching=kmer_balanced;matching_signature=(11, 'CTG');border_estimator=center_window_kmer_jsd;estimator=center_jsd;window=48;search_radius=24;kmer=2;top_ratio=0.25;score_scale=4.0;motif_weight=0.0;motif_radius=12;score_normalization=train_quantile;raw_border_score=0.123762;border_score=0.813356",0.3234604597091675,0.3375946581363678,0.3389449119567871
test_Seq_498,0,2,"benchmark=nucleotide_transformer_downstream_tasks;dataset=splice_sites_all;matching=kmer_balanced;matching_signature=(10, 'CCC');border_estimator=center_window_kmer_jsd;estimator=center_jsd;window=48;search_radius=24;kmer=2;top_ratio=0.25;score_scale=4.0;motif_weight=0.0;motif_radius=12;score_normalization=train_quantile;raw_border_score=0.304853;border_score=1.150156",0.27895864844322205,0.29639339447021484,0.4246479272842407
test_Seq_66,0,2,"benchmark=nucleotide_transformer_downstream_tasks;dataset=splice_sites_all;matching=kmer_balanced;matching_signature=(9, 'TTT');border_estimator=center_window_kmer_jsd;estimator=center_jsd;window=48;search_radius=24;kmer=2;top_ratio=0.25;score_scale=4.0;motif_weight=0.0;motif_radius=12;score_normalization=train_quantile;raw_border_score=0.331985;border_score=1.167267",0.21770340204238892,0.24386698007583618,0.5384296178817749
test_Seq_2069,2,2,"benchmark=nucleotide_transformer_downstream_tasks;dataset=splice_sites_all;matching=kmer_balanced;matching_signature=(7, 'TTT');border_estimator=center_window_kmer_jsd;estimator=center_jsd;window=48;search_radius=24;kmer=2;top_ratio=0.25;score_scale=4.0;motif_weight=0.0;motif_radius=12;score_normalization=train_quantile;raw_border_score=0.154540;border_score=0.856511",0.2369641214609146,0.2553218901157379,0.5077139735221863
test_Seq_2889,2,2,"benchmark=nucleotide_transformer_downstream_tasks;dataset=splice_sites_all;matching=kmer_balanced;matching_signature=(7, 'TTT');border_estimator=center_window_kmer_jsd;estimator=center_jsd;window=48;search_radius=24;kmer=2;top_ratio=0.25;score_scale=4.0;motif_weight=0.0;motif_radius=12;score_normalization=train_quantile;raw_border_score=0.286915;border_score=1.132867",0.2377244383096695,0.2660978436470032,0.49617767333984375
test_Seq_2328,2,2,"benchmark=nucleotide_transformer_downstream_tasks;dataset=splice_sites_all;matching=kmer_balanced;matching_signature=(14, 'GGG');border_estimator=center_window_kmer_jsd;estimator=center_jsd;window=48;search_radius=24;kmer=2;top_ratio=0.25;score_scale=4.0;motif_weight=0.0;motif_radius=12;score_normalization=train_quantile;raw_border_score=0.187740;border_score=0.938022",0.3193207085132599,0.3289739489555359,0.3517053425312042
test_Seq_1191,1,2,"benchmark=nucleotide_transformer_downstream_tasks;dataset=splice_sites_all;matching=kmer_balanced;matching_signature=(7, 'TTT');border_estimator=center_window_kmer_jsd;estimator=center_jsd;window=48;search_radius=24;kmer=2;top_ratio=0.25;score_scale=4.0;motif_weight=0.0;motif_radius=12;score_normalization=train_quantile;raw_border_score=0.306595;border_score=1.151178",0.233452707529068,0.25949913263320923,0.5070481300354004
test_Seq_1243,1,2,"benchmark=nucleotide_transformer_downstream_tasks;dataset=splice_sites_all;matching=kmer_balanced;matching_signature=(12, 'CTG');border_estimator=center_window_kmer_jsd;estimator=center_jsd;window=48;search_radius=24;kmer=2;top_ratio=0.25;score_scale=4.0;motif_weight=0.0;motif_radius=12;score_normalization=train_quantile;raw_border_score=0.226098;border_score=1.032022",0.31939205527305603,0.3251132071018219,0.3554947078227997
test_Seq_50,0,2,"benchmark=nucleotide_transformer_downstream_tasks;dataset=splice_sites_all;matching=kmer_balanced;matching_signature=(10, 'TCT');border_estimator=center_window_kmer_jsd;estimator=center_jsd;window=48;search_radius=24;kmer=2;top_ratio=0.25;score_scale=4.0;motif_weight=0.0;motif_radius=12;score_normalization=train_quantile;raw_border_score=0.175413;border_score=0.906067",0.22821363806724548,0.2506893277168274,0.5210970044136047
test_Seq_732,0,2,"benchmark=nucleotide_transformer_downstream_tasks;dataset=splice_sites_all;matching=kmer_balanced;matching_signature=(12, 'CTG');border_estimator=center_window_kmer_jsd;estimator=center_jsd;window=48;search_radius=24;kmer=2;top_ratio=0.25;score_scale=4.0;motif_weight=0.0;motif_radius=12;score_normalization=train_quantile;raw_border_score=0.150172;border_score=0.847933",0.32381460070610046,0.3335346281528473,0.34265080094337463
test_Seq_2193,2,2,"benchmark=nucleotide_transformer_downstream_tasks;dataset=splice_sites_all;matching=kmer_balanced;matching_signature=(7, 'TTT');border_estimator=center_window_kmer_jsd;estimator=center_jsd;window=48;search_radius=24;kmer=2;top_ratio=0.25;score_scale=4.0;motif_weight=0.0;motif_radius=12;score_normalization=train_quantile;raw_border_score=0.363578;border_score=1.181800",0.25896045565605164,0.2846647799015045,0.45637476444244385
test_Seq_680,0,2,"benchmark=nucleotide_transformer_downstream_tasks;dataset=splice_sites_all;matching=kmer_balanced;matching_signature=(10, 'TGG');border_estimator=center_window_kmer_jsd;estimator=center_jsd;window=48;search_radius=24;kmer=2;top_ratio=0.25;score_scale=4.0;motif_weight=0.0;motif_radius=12;score_normalization=train_quantile;raw_border_score=0.218920;border_score=1.016200",0.3192521631717682,0.32808202505111694,0.35266581177711487
test_Seq_564,0,2,"benchmark=nucleotide_transformer_downstream_tasks;dataset=splice_sites_all;matching=kmer_balanced;matching_signature=(7, 'AAA');border_estimator=center_window_kmer_jsd;estimator=center_jsd;window=48;search_radius=24;kmer=2;top_ratio=0.25;score_scale=4.0;motif_weight=0.0;motif_radius=12;score_normalization=train_quantile;raw_border_score=0.188768;border_score=0.940689",0.26953616738319397,0.28987643122673035,0.44058746099472046
test_Seq_666,0,2,"benchmark=nucleotide_transformer_downstream_tasks;dataset=splice_sites_all;matching=kmer_balanced;matching_signature=(12, 'CAG');border_estimator=center_window_kmer_jsd;estimator=center_jsd;window=48;search_radius=24;kmer=2;top_ratio=0.25;score_scale=4.0;motif_weight=0.0;motif_radius=12;score_normalization=train_quantile;raw_border_score=0.236166;border_score=1.051133",0.3037090003490448,0.31257200241088867,0.38371896743774414
test_Seq_191,0,2,"benchmark=nucleotide_transformer_downstream_tasks;dataset=splice_sites_all;matching=kmer_balanced;matching_signature=(11, 'GGG');border_estimator=center_window_kmer_jsd;estimator=center_jsd;window=48;search_radius=24;kmer=2;top_ratio=0.25;score_scale=4.0;motif_weight=0.0;motif_radius=12;score_normalization=train_quantile;raw_border_score=0.122728;border_score=0.812511",0.2519690990447998,0.2789912819862366,0.46903958916664124
test_Seq_965,0,2,"benchmark=nucleotide_transformer_downstream_tasks;dataset=splice_sites_all;matching=kmer_balanced;matching_signature=(11, 'CTG');border_estimator=center_window_kmer_jsd;estimator=center_jsd;window=48;search_radius=24;kmer=2;top_ratio=0.25;score_scale=4.0;motif_weight=0.0;motif_radius=12;score_normalization=train_quantile;raw_border_score=0.302003;border_score=1.147933",0.29556331038475037,0.29984787106513977,0.40458881855010986
test_Seq_2454,2,2,"benchmark=nucleotide_transformer_downstream_tasks;dataset=splice_sites_all;matching=kmer_balanced;matching_signature=(8, 'TTT');border_estimator=center_window_kmer_jsd;estimator=center_jsd;window=48;search_radius=24;kmer=2;top_ratio=0.25;score_scale=4.0;motif_weight=0.0;motif_radius=12;score_normalization=train_quantile;raw_border_score=0.225643;border_score=1.031311",0.23269303143024445,0.2478695511817932,0.5194373726844788
test_Seq_2705,2,2,"benchmark=nucleotide_transformer_downstream_tasks;dataset=splice_sites_all;matching=kmer_balanced;matching_signature=(10, 'CCT');border_estimator=center_window_kmer_jsd;estimator=center_jsd;window=48;search_radius=24;kmer=2;top_ratio=0.25;score_scale=4.0;motif_weight=0.0;motif_radius=12;score_normalization=train_quantile;raw_border_score=0.151588;border_score=0.849933",0.20298807322978973,0.22617657482624054,0.5708353519439697
test_Seq_1016,1,2,"benchmark=nucleotide_transformer_downstream_tasks;dataset=splice_sites_all;matching=kmer_balanced;matching_signature=(14, 'GGG');border_estimator=center_window_kmer_jsd;estimator=center_jsd;window=48;search_radius=24;kmer=2;top_ratio=0.25;score_scale=4.0;motif_weight=0.0;motif_radius=12;score_normalization=train_quantile;raw_border_score=0.197589;border_score=0.964511",0.31744253635406494,0.31425604224205017,0.3683014512062073
test_Seq_1407,1,2,"benchmark=nucleotide_transformer_downstream_tasks;dataset=splice_sites_all;matching=kmer_balanced;matching_signature=(10, 'TCT');border_estimator=center_window_kmer_jsd;estimator=center_jsd;window=48;search_radius=24;kmer=2;top_ratio=0.25;score_scale=4.0;motif_weight=0.0;motif_radius=12;score_normalization=train_quantile;raw_border_score=0.296642;border_score=1.142511",0.3103047311306,0.32899659872055054,0.3606986403465271
test_Seq_16,0,2,"benchmark=nucleotide_transformer_downstream_tasks;dataset=splice_sites_all;matching=kmer_balanced;matching_signature=(12, 'CCC');border_estimator=center_window_kmer_jsd;estimator=center_jsd;window=48;search_radius=24;kmer=2;top_ratio=0.25;score_scale=4.0;motif_weight=0.0;motif_radius=12;score_normalization=train_quantile;raw_border_score=0.197542;border_score=0.964422",0.2935072183609009,0.3032299876213074,0.40326276421546936
test_Seq_2764,2,2,"benchmark=nucleotide_transformer_downstream_tasks;dataset=splice_sites_all;matching=kmer_balanced;matching_signature=(6, 'TTT');border_estimator=center_window_kmer_jsd;estimator=center_jsd;window=48;search_radius=24;kmer=2;top_ratio=0.25;score_scale=4.0;motif_weight=0.0;motif_radius=12;score_normalization=train_quantile;raw_border_score=0.126789;border_score=0.816244",0.2674330472946167,0.28260836005210876,0.44995856285095215
test_Seq_773,0,2,"benchmark=nucleotide_transformer_downstream_tasks;dataset=splice_sites_all;matching=kmer_balanced;matching_signature=(7, 'TTT');border_estimator=center_window_kmer_jsd;estimator=center_jsd;window=48;search_radius=24;kmer=2;top_ratio=0.25;score_scale=4.0;motif_weight=0.0;motif_radius=12;score_normalization=train_quantile;raw_border_score=0.193275;border_score=0.952778",0.23890846967697144,0.2648201882839203,0.49627137184143066
test_Seq_2555,2,2,"benchmark=nucleotide_transformer_downstream_tasks;dataset=splice_sites_all;matching=kmer_balanced;matching_signature=(7, 'TTT');border_estimator=center_window_kmer_jsd;estimator=center_jsd;window=48;search_radius=24;kmer=2;top_ratio=0.25;score_scale=4.0;motif_weight=0.0;motif_radius=12;score_normalization=train_quantile;raw_border_score=0.165449;border_score=0.879933",0.23011884093284607,0.2532898485660553,0.5165913105010986
test_Seq_789,0,2,"benchmark=nucleotide_transformer_downstream_tasks;dataset=splice_sites_all;matching=kmer_balanced;matching_signature=(6, 'TTT');border_estimator=center_window_kmer_jsd;estimator=center_jsd;window=48;search_radius=24;kmer=2;top_ratio=0.25;score_scale=4.0;motif_weight=0.0;motif_radius=12;score_normalization=train_quantile;raw_border_score=0.331575;border_score=1.167089",0.2956940531730652,0.31428539752960205,0.3900205194950104
test_Seq_2694,2,2,"benchmark=nucleotide_transformer_downstream_tasks;dataset=splice_sites_all;matching=kmer_balanced;matching_signature=(12, 'CAG');border_estimator=center_window_kmer_jsd;estimator=center_jsd;window=48;search_radius=24;kmer=2;top_ratio=0.25;score_scale=4.0;motif_weight=0.0;motif_radius=12;score_normalization=train_quantile;raw_border_score=0.245468;border_score=1.070111",0.3201187252998352,0.3222867250442505,0.3575945794582367
test_Seq_2717,2,2,"benchmark=nucleotide_transformer_downstream_tasks;dataset=splice_sites_all;matching=kmer_balanced;matching_signature=(8, 'TTT');border_estimator=center_window_kmer_jsd;estimator=center_jsd;window=48;search_radius=24;kmer=2;top_ratio=0.25;score_scale=4.0;motif_weight=0.0;motif_radius=12;score_normalization=train_quantile;raw_border_score=0.182839;border_score=0.924467",0.2292618602514267,0.25288721919059753,0.517850935459137
test_Seq_2103,2,2,"benchmark=nucleotide_transformer_downstream_tasks;dataset=splice_sites_all;matching=kmer_balanced;matching_signature=(5, 'TTT');border_estimator=center_window_kmer_jsd;estimator=center_jsd;window=48;search_radius=24;kmer=2;top_ratio=0.25;score_scale=4.0;motif_weight=0.0;motif_radius=12;score_normalization=train_quantile;raw_border_score=0.187902;border_score=0.938644",0.23719938099384308,0.26069408655166626,0.5021065473556519
test_Seq_2838,2,2,"benchmark=nucleotide_transformer_downstream_tasks;dataset=splice_sites_all;matching=kmer_balanced;matching_signature=(8, 'TTT');border_estimator=center_window_kmer_jsd;estimator=center_jsd;window=48;search_radius=24;kmer=2;top_ratio=0.25;score_scale=4.0;motif_weight=0.0;motif_radius=12;score_normalization=train_quantile;raw_border_score=0.133892;border_score=0.824067",0.20437411963939667,0.22912906110286713,0.5664968490600586
test_Seq_1142,1,2,"benchmark=nucleotide_transformer_downstream_tasks;dataset=splice_sites_all;matching=kmer_balanced;matching_signature=(11, 'AGG');border_estimator=center_window_kmer_jsd;estimator=center_jsd;window=48;search_radius=24;kmer=2;top_ratio=0.25;score_scale=4.0;motif_weight=0.0;motif_radius=12;score_normalization=train_quantile;raw_border_score=0.151050;border_score=0.849089",0.3025483787059784,0.32175007462501526,0.37570154666900635
test_Seq_305,0,2,"benchmark=nucleotide_transformer_downstream_tasks;dataset=splice_sites_all;matching=kmer_balanced;matching_signature=(9, 'TTT');border_estimator=center_window_kmer_jsd;estimator=center_jsd;window=48;search_radius=24;kmer=2;top_ratio=0.25;score_scale=4.0;motif_weight=0.0;motif_radius=12;score_normalization=train_quantile;raw_border_score=0.249682;border_score=1.078511",0.23471538722515106,0.2619054317474365,0.503379225730896
test_Seq_229,0,2,"benchmark=nucleotide_transformer_downstream_tasks;dataset=splice_sites_all;matching=kmer_balanced;matching_signature=(10, 'TCT');border_estimator=center_window_kmer_jsd;estimator=center_jsd;window=48;search_radius=24;kmer=2;top_ratio=0.25;score_scale=4.0;motif_weight=0.0;motif_radius=12;score_normalization=train_quantile;raw_border_score=0.316770;border_score=1.158689",0.30082303285598755,0.31732186675071716,0.38185515999794006
test_Seq_2299,2,2,"benchmark=nucleotide_transformer_downstream_tasks;dataset=splice_sites_all;matching=kmer_balanced;matching_signature=(6, 'AAA');border_estimator=center_window_kmer_jsd;estimator=center_jsd;window=48;search_radius=24;kmer=2;top_ratio=0.25;score_scale=4.0;motif_weight=0.0;motif_radius=12;score_normalization=train_quantile;raw_border_score=0.245963;border_score=1.071044",0.2732412815093994,0.29204264283180237,0.43471604585647583
test_Seq_1906,1,2,"benchmark=nucleotide_transformer_downstream_tasks;dataset=splice_sites_all;matching=kmer_balanced;matching_signature=(8, 'AAA');border_estimator=center_window_kmer_jsd;estimator=center_jsd;window=48;search_radius=24;kmer=2;top_ratio=0.25;score_scale=4.0;motif_weight=0.0;motif_radius=12;score_normalization=train_quantile;raw_border_score=0.134484;border_score=0.824600",0.27880188822746277,0.303162544965744,0.4180355966091156
test_Seq_2722,2,2,"benchmark=nucleotide_transformer_downstream_tasks;dataset=splice_sites_all;matching=kmer_balanced;matching_signature=(10, 'CTG');border_estimator=center_window_kmer_jsd;estimator=center_jsd;window=48;search_radius=24;kmer=2;top_ratio=0.25;score_scale=4.0;motif_weight=0.0;motif_radius=12;score_normalization=train_quantile;raw_border_score=0.281655;border_score=1.125889",0.27372029423713684,0.28635767102241516,0.4399220645427704
test_Seq_2618,2,2,"benchmark=nucleotide_transformer_downstream_tasks;dataset=splice_sites_all;matching=kmer_balanced;matching_signature=(10, 'AGG');border_estimator=center_window_kmer_jsd;estimator=center_jsd;window=48;search_radius=24;kmer=2;top_ratio=0.25;score_scale=4.0;motif_weight=0.0;motif_radius=12;score_normalization=train_quantile;raw_border_score=0.208006;border_score=0.990111",0.2871638238430023,0.30501967668533325,0.40781643986701965
test_Seq_1381,1,2,"benchmark=nucleotide_transformer_downstream_tasks;dataset=splice_sites_all;matching=kmer_balanced;matching_signature=(13, 'CCC');border_estimator=center_window_kmer_jsd;estimator=center_jsd;window=48;search_radius=24;kmer=2;top_ratio=0.25;score_scale=4.0;motif_weight=0.0;motif_radius=12;score_normalization=train_quantile;raw_border_score=0.237324;border_score=1.053267",0.27676522731781006,0.2938334047794342,0.42940136790275574
test_Seq_2336,2,2,"benchmark=nucleotide_transformer_downstream_tasks;dataset=splice_sites_all;matching=kmer_balanced;matching_signature=(9, 'TGA');border_estimator=center_window_kmer_jsd;estimator=center_jsd;window=48;search_radius=24;kmer=2;top_ratio=0.25;score_scale=4.0;motif_weight=0.0;motif_radius=12;score_normalization=train_quantile;raw_border_score=0.176257;border_score=0.908867",0.23870670795440674,0.26036763191223145,0.5009257197380066
test_Seq_1175,1,2,"benchmark=nucleotide_transformer_downstream_tasks;dataset=splice_sites_all;matching=kmer_balanced;matching_signature=(13, 'CCC');border_estimator=center_window_kmer_jsd;estimator=center_jsd;window=48;search_radius=24;kmer=2;top_ratio=0.25;score_scale=4.0;motif_weight=0.0;motif_radius=12;score_normalization=train_quantile;raw_border_score=0.214646;border_score=1.005356",0.30108559131622314,0.31514692306518555,0.38376757502555847
test_Seq_421,0,2,"benchmark=nucleotide_transformer_downstream_tasks;dataset=splice_sites_all;matching=kmer_balanced;matching_signature=(7, 'TTT');border_estimator=center_window_kmer_jsd;estimator=center_jsd;window=48;search_radius=24;kmer=2;top_ratio=0.25;score_scale=4.0;motif_weight=0.0;motif_radius=12;score_normalization=train_quantile;raw_border_score=0.282499;border_score=1.127044",0.23464544117450714,0.26412391662597656,0.5012307167053223
test_Seq_2636,2,2,"benchmark=nucleotide_transformer_downstream_tasks;dataset=splice_sites_all;matching=kmer_balanced;matching_signature=(7, 'TTT');border_estimator=center_window_kmer_jsd;estimator=center_jsd;window=48;search_radius=24;kmer=2;top_ratio=0.25;score_scale=4.0;motif_weight=0.0;motif_radius=12;score_normalization=train_quantile;raw_border_score=0.242604;border_score=1.065000",0.2529902756214142,0.27094271779060364,0.47606703639030457
test_Seq_2411,2,2,"benchmark=nucleotide_transformer_downstream_tasks;dataset=splice_sites_all;matching=kmer_balanced;matching_signature=(8, 'TTT');border_estimator=center_window_kmer_jsd;estimator=center_jsd;window=48;search_radius=24;kmer=2;top_ratio=0.25;score_scale=4.0;motif_weight=0.0;motif_radius=12;score_normalization=train_quantile;raw_border_score=0.258854;border_score=1.093533",0.19995510578155518,0.2279641032218933,0.5720807313919067
test_Seq_2175,2,2,"benchmark=nucleotide_transformer_downstream_tasks;dataset=splice_sites_all;matching=kmer_balanced;matching_signature=(7, 'TTT');border_estimator=center_window_kmer_jsd;estimator=center_jsd;window=48;search_radius=24;kmer=2;top_ratio=0.25;score_scale=4.0;motif_weight=0.0;motif_radius=12;score_normalization=train_quantile;raw_border_score=0.323970;border_score=1.163178",0.23835672438144684,0.2576198875904083,0.5040234327316284
test_Seq_2437,2,0,"benchmark=nucleotide_transformer_downstream_tasks;dataset=splice_sites_all;matching=kmer_balanced;matching_signature=(12, 'GGG');border_estimator=center_window_kmer_jsd;estimator=center_jsd;window=48;search_radius=24;kmer=2;top_ratio=0.25;score_scale=4.0;motif_weight=0.0;motif_radius=12;score_normalization=train_quantile;raw_border_score=0.240353;border_score=1.059667",0.3387865722179413,0.33710378408432007,0.32410961389541626
test_Seq_2613,2,2,"benchmark=nucleotide_transformer_downstream_tasks;dataset=splice_sites_all;matching=kmer_balanced;matching_signature=(6, 'AAA');border_estimator=center_window_kmer_jsd;estimator=center_jsd;window=48;search_radius=24;kmer=2;top_ratio=0.25;score_scale=4.0;motif_weight=0.0;motif_radius=12;score_normalization=train_quantile;raw_border_score=0.129470;border_score=0.818867",0.26787930727005005,0.2824311852455139,0.44968950748443604
test_Seq_1948,1,2,"benchmark=nucleotide_transformer_downstream_tasks;dataset=splice_sites_all;matching=kmer_balanced;matching_signature=(7, 'TTT');border_estimator=center_window_kmer_jsd;estimator=center_jsd;window=48;search_radius=24;kmer=2;top_ratio=0.25;score_scale=4.0;motif_weight=0.0;motif_radius=12;score_normalization=train_quantile;raw_border_score=0.185158;border_score=0.931044",0.2616497874259949,0.2794058322906494,0.4589443504810333
test_Seq_2049,2,2,"benchmark=nucleotide_transformer_downstream_tasks;dataset=splice_sites_all;matching=kmer_balanced;matching_signature=(8, 'TCT');border_estimator=center_window_kmer_jsd;estimator=center_jsd;window=48;search_radius=24;kmer=2;top_ratio=0.25;score_scale=4.0;motif_weight=0.0;motif_radius=12;score_normalization=train_quantile;raw_border_score=0.197340;border_score=0.963889",0.28272491693496704,0.2985462248325348,0.41872885823249817
test_Seq_1255,1,2,"benchmark=nucleotide_transformer_downstream_tasks;dataset=splice_sites_all;matching=kmer_balanced;matching_signature=(8, 'AAA');border_estimator=center_window_kmer_jsd;estimator=center_jsd;window=48;search_radius=24;kmer=2;top_ratio=0.25;score_scale=4.0;motif_weight=0.0;motif_radius=12;score_normalization=train_quantile;raw_border_score=0.270272;border_score=1.110689",0.2794630825519562,0.30758342146873474,0.41295355558395386
test_Seq_265,0,2,"benchmark=nucleotide_transformer_downstream_tasks;dataset=splice_sites_all;matching=kmer_balanced;matching_signature=(13, 'CCC');border_estimator=center_window_kmer_jsd;estimator=center_jsd;window=48;search_radius=24;kmer=2;top_ratio=0.25;score_scale=4.0;motif_weight=0.0;motif_radius=12;score_normalization=train_quantile;raw_border_score=0.156140;border_score=0.859578",0.29470768570899963,0.3018229603767395,0.40346935391426086
test_Seq_1505,1,2,"benchmark=nucleotide_transformer_downstream_tasks;dataset=splice_sites_all;matching=kmer_balanced;matching_signature=(11, 'CTG');border_estimator=center_window_kmer_jsd;estimator=center_jsd;window=48;search_radius=24;kmer=2;top_ratio=0.25;score_scale=4.0;motif_weight=0.0;motif_radius=12;score_normalization=train_quantile;raw_border_score=0.213842;border_score=1.003933",0.2961391806602478,0.31778934597969055,0.38607147336006165
test_Seq_2068,2,1,"benchmark=nucleotide_transformer_downstream_tasks;dataset=splice_sites_all;matching=kmer_balanced;matching_signature=(12, 'GGG');border_estimator=center_window_kmer_jsd;estimator=center_jsd;window=48;search_radius=24;kmer=2;top_ratio=0.25;score_scale=4.0;motif_weight=0.0;motif_radius=12;score_normalization=train_quantile;raw_border_score=0.229585;border_score=1.038956",0.3347753584384918,0.33582547307014465,0.3293991684913635
test_Seq_1547,1,2,"benchmark=nucleotide_transformer_downstream_tasks;dataset=splice_sites_all;matching=kmer_balanced;matching_signature=(7, 'AAA');border_estimator=center_window_kmer_jsd;estimator=center_jsd;window=48;search_radius=24;kmer=2;top_ratio=0.25;score_scale=4.0;motif_weight=0.0;motif_radius=12;score_normalization=train_quantile;raw_border_score=0.127649;border_score=0.816956",0.2329544574022293,0.2612764537334442,0.5057691335678101
test_Seq_1283,1,2,"benchmark=nucleotide_transformer_downstream_tasks;dataset=splice_sites_all;matching=kmer_balanced;matching_signature=(7, 'TGA');border_estimator=center_window_kmer_jsd;estimator=center_jsd;window=48;search_radius=24;kmer=2;top_ratio=0.25;score_scale=4.0;motif_weight=0.0;motif_radius=12;score_normalization=train_quantile;raw_border_score=0.217897;border_score=1.013489",0.238930344581604,0.2725415825843811,0.4885281026363373
test_Seq_2948,2,2,"benchmark=nucleotide_transformer_downstream_tasks;dataset=splice_sites_all;matching=kmer_balanced;matching_signature=(7, 'TTT');border_estimator=center_window_kmer_jsd;estimator=center_jsd;window=48;search_radius=24;kmer=2;top_ratio=0.25;score_scale=4.0;motif_weight=0.0;motif_radius=12;score_normalization=train_quantile;raw_border_score=0.159035;border_score=0.865444",0.22058233618736267,0.24713867902755737,0.5322790145874023
test_Seq_630,0,2,"benchmark=nucleotide_transformer_downstream_tasks;dataset=splice_sites_all;matching=kmer_balanced;matching_signature=(12, 'CTG');border_estimator=center_window_kmer_jsd;estimator=center_jsd;window=48;search_radius=24;kmer=2;top_ratio=0.25;score_scale=4.0;motif_weight=0.0;motif_radius=12;score_normalization=train_quantile;raw_border_score=0.310232;border_score=1.154289",0.3000592887401581,0.31150078773498535,0.38843992352485657
test_Seq_1096,1,2,"benchmark=nucleotide_transformer_downstream_tasks;dataset=splice_sites_all;matching=kmer_balanced;matching_signature=(7, 'AAA');border_estimator=center_window_kmer_jsd;estimator=center_jsd;window=48;search_radius=24;kmer=2;top_ratio=0.25;score_scale=4.0;motif_weight=0.0;motif_radius=12;score_normalization=train_quantile;raw_border_score=0.148297;border_score=0.844422",0.24494387209415436,0.2798789441585541,0.47517725825309753
test_Seq_2697,2,2,"benchmark=nucleotide_transformer_downstream_tasks;dataset=splice_sites_all;matching=kmer_balanced;matching_signature=(14, 'GGG');border_estimator=center_window_kmer_jsd;estimator=center_jsd;window=48;search_radius=24;kmer=2;top_ratio=0.25;score_scale=4.0;motif_weight=0.0;motif_radius=12;score_normalization=train_quantile;raw_border_score=0.258345;border_score=1.092733",0.3276827335357666,0.31990134716033936,0.35241591930389404
test_Seq_2314,2,2,"benchmark=nucleotide_transformer_downstream_tasks;dataset=splice_sites_all;matching=kmer_balanced;matching_signature=(9, 'CTC');border_estimator=center_window_kmer_jsd;estimator=center_jsd;window=48;search_radius=24;kmer=2;top_ratio=0.25;score_scale=4.0;motif_weight=0.0;motif_radius=12;score_normalization=train_quantile;raw_border_score=0.289728;border_score=1.136156",0.17608270049095154,0.1979880928993225,0.6259291768074036
test_Seq_1870,1,2,"benchmark=nucleotide_transformer_downstream_tasks;dataset=splice_sites_all;matching=kmer_balanced;matching_signature=(8, 'AAA');border_estimator=center_window_kmer_jsd;estimator=center_jsd;window=48;search_radius=24;kmer=2;top_ratio=0.25;score_scale=4.0;motif_weight=0.0;motif_radius=12;score_normalization=train_quantile;raw_border_score=0.216170;border_score=1.009444",0.2301381677389145,0.25382566452026367,0.5160361528396606
test_Seq_2604,2,2,"benchmark=nucleotide_transformer_downstream_tasks;dataset=splice_sites_all;matching=kmer_balanced;matching_signature=(7, 'TTT');border_estimator=center_window_kmer_jsd;estimator=center_jsd;window=48;search_radius=24;kmer=2;top_ratio=0.25;score_scale=4.0;motif_weight=0.0;motif_radius=12;score_normalization=train_quantile;raw_border_score=0.209504;border_score=0.994156",0.26247936487197876,0.2938167452812195,0.44370391964912415
test_Seq_1572,1,2,"benchmark=nucleotide_transformer_downstream_tasks;dataset=splice_sites_all;matching=kmer_balanced;matching_signature=(10, 'GGG');border_estimator=center_window_kmer_jsd;estimator=center_jsd;window=48;search_radius=24;kmer=2;top_ratio=0.25;score_scale=4.0;motif_weight=0.0;motif_radius=12;score_normalization=train_quantile;raw_border_score=0.320997;border_score=1.161622",0.2800655961036682,0.30055296421051025,0.4193814694881439
test_Seq_809,0,2,"benchmark=nucleotide_transformer_downstream_tasks;dataset=splice_sites_all;matching=kmer_balanced;matching_signature=(12, 'GGG');border_estimator=center_window_kmer_jsd;estimator=center_jsd;window=48;search_radius=24;kmer=2;top_ratio=0.25;score_scale=4.0;motif_weight=0.0;motif_radius=12;score_normalization=train_quantile;raw_border_score=0.142163;border_score=0.834289",0.317692369222641,0.32601088285446167,0.3562967777252197
test_Seq_2684,2,2,"benchmark=nucleotide_transformer_downstream_tasks;dataset=splice_sites_all;matching=kmer_balanced;matching_signature=(7, 'TTT');border_estimator=center_window_kmer_jsd;estimator=center_jsd;window=48;search_radius=24;kmer=2;top_ratio=0.25;score_scale=4.0;motif_weight=0.0;motif_radius=12;score_normalization=train_quantile;raw_border_score=0.274862;border_score=1.117000",0.2927141785621643,0.31581732630729675,0.39146843552589417
test_Seq_2724,2,2,"benchmark=nucleotide_transformer_downstream_tasks;dataset=splice_sites_all;matching=kmer_balanced;matching_signature=(6, 'AAA');border_estimator=center_window_kmer_jsd;estimator=center_jsd;window=48;search_radius=24;kmer=2;top_ratio=0.25;score_scale=4.0;motif_weight=0.0;motif_radius=12;score_normalization=train_quantile;raw_border_score=0.123477;border_score=0.813044",0.25655314326286316,0.28184622526168823,0.4616006314754486
test_Seq_1820,1,2,"benchmark=nucleotide_transformer_downstream_tasks;dataset=splice_sites_all;matching=kmer_balanced;matching_signature=(9, 'TGG');border_estimator=center_window_kmer_jsd;estimator=center_jsd;window=48;search_radius=24;kmer=2;top_ratio=0.25;score_scale=4.0;motif_weight=0.0;motif_radius=12;score_normalization=train_quantile;raw_border_score=0.154561;border_score=0.856511",0.23829269409179688,0.2575893700122833,0.5041179060935974
test_Seq_1093,1,2,"benchmark=nucleotide_transformer_downstream_tasks;dataset=splice_sites_all;matching=kmer_balanced;matching_signature=(6, 'AAA');border_estimator=center_window_kmer_jsd;estimator=center_jsd;window=48;search_radius=24;kmer=2;top_ratio=0.25;score_scale=4.0;motif_weight=0.0;motif_radius=12;score_normalization=train_quantile;raw_border_score=0.188083;border_score=0.939133",0.24335865676403046,0.2618868052959442,0.49475449323654175
test_Seq_1053,1,2,"benchmark=nucleotide_transformer_downstream_tasks;dataset=splice_sites_all;matching=kmer_balanced;matching_signature=(8, 'AAA');border_estimator=center_window_kmer_jsd;estimator=center_jsd;window=48;search_radius=24;kmer=2;top_ratio=0.25;score_scale=4.0;motif_weight=0.0;motif_radius=12;score_normalization=train_quantile;raw_border_score=0.188704;border_score=0.940422",0.2567281126976013,0.26999789476394653,0.47327396273612976
test_Seq_1418,1,2,"benchmark=nucleotide_transformer_downstream_tasks;dataset=splice_sites_all;matching=kmer_balanced;matching_signature=(9, 'AAA');border_estimator=center_window_kmer_jsd;estimator=center_jsd;window=48;search_radius=24;kmer=2;top_ratio=0.25;score_scale=4.0;motif_weight=0.0;motif_radius=12;score_normalization=train_quantile;raw_border_score=0.341972;border_score=1.172911",0.2768595516681671,0.3000192940235138,0.4231211543083191
test_Seq_419,0,2,"benchmark=nucleotide_transformer_downstream_tasks;dataset=splice_sites_all;matching=kmer_balanced;matching_signature=(13, 'CCC');border_estimator=center_window_kmer_jsd;estimator=center_jsd;window=48;search_radius=24;kmer=2;top_ratio=0.25;score_scale=4.0;motif_weight=0.0;motif_radius=12;score_normalization=train_quantile;raw_border_score=0.192129;border_score=0.949978",0.299945205450058,0.3065684139728546,0.3934863805770874
test_Seq_609,0,2,"benchmark=nucleotide_transformer_downstream_tasks;dataset=splice_sites_all;matching=kmer_balanced;matching_signature=(8, 'TTT');border_estimator=center_window_kmer_jsd;estimator=center_jsd;window=48;search_radius=24;kmer=2;top_ratio=0.25;score_scale=4.0;motif_weight=0.0;motif_radius=12;score_normalization=train_quantile;raw_border_score=0.397926;border_score=1.189756",0.20382744073867798,0.23172670602798462,0.5644458532333374
test_Seq_2991,2,2,"benchmark=nucleotide_transformer_downstream_tasks;dataset=splice_sites_all;matching=kmer_balanced;matching_signature=(6, 'AAA');border_estimator=center_window_kmer_jsd;estimator=center_jsd;window=48;search_radius=24;kmer=2;top_ratio=0.25;score_scale=4.0;motif_weight=0.0;motif_radius=12;score_normalization=train_quantile;raw_border_score=0.170047;border_score=0.890956",0.23970605432987213,0.26017138361930847,0.5001225471496582
test_Seq_2470,2,2,"benchmark=nucleotide_transformer_downstream_tasks;dataset=splice_sites_all;matching=kmer_balanced;matching_signature=(12, 'GGG');border_estimator=center_window_kmer_jsd;estimator=center_jsd;window=48;search_radius=24;kmer=2;top_ratio=0.25;score_scale=4.0;motif_weight=0.0;motif_radius=12;score_normalization=train_quantile;raw_border_score=0.264449;border_score=1.102733",0.24360254406929016,0.2646081745624542,0.4917893409729004
test_Seq_1829,1,2,"benchmark=nucleotide_transformer_downstream_tasks;dataset=splice_sites_all;matching=kmer_balanced;matching_signature=(11, 'AGG');border_estimator=center_window_kmer_jsd;estimator=center_jsd;window=48;search_radius=24;kmer=2;top_ratio=0.25;score_scale=4.0;motif_weight=0.0;motif_radius=12;score_normalization=train_quantile;raw_border_score=0.189491;border_score=0.942644",0.3037418723106384,0.32284921407699585,0.3734089136123657
test_Seq_980,0,2,"benchmark=nucleotide_transformer_downstream_tasks;dataset=splice_sites_all;matching=kmer_balanced;matching_signature=(8, 'TTT');border_estimator=center_window_kmer_jsd;estimator=center_jsd;window=48;search_radius=24;kmer=2;top_ratio=0.25;score_scale=4.0;motif_weight=0.0;motif_radius=12;score_normalization=train_quantile;raw_border_score=0.432908;border_score=1.193444",0.20730403065681458,0.23238453269004822,0.5603114366531372
test_Seq_1068,1,2,"benchmark=nucleotide_transformer_downstream_tasks;dataset=splice_sites_all;matching=kmer_balanced;matching_signature=(9, 'TTT');border_estimator=center_window_kmer_jsd;estimator=center_jsd;window=48;search_radius=24;kmer=2;top_ratio=0.25;score_scale=4.0;motif_weight=0.0;motif_radius=12;score_normalization=train_quantile;raw_border_score=0.289205;border_score=1.135711",0.23916281759738922,0.26403898000717163,0.49679815769195557
test_Seq_1361,1,1,"benchmark=nucleotide_transformer_downstream_tasks;dataset=splice_sites_all;matching=kmer_balanced;matching_signature=(10, 'CCT');border_estimator=center_window_kmer_jsd;estimator=center_jsd;window=48;search_radius=24;kmer=2;top_ratio=0.25;score_scale=4.0;motif_weight=0.0;motif_radius=12;score_normalization=train_quantile;raw_border_score=0.135135;border_score=0.825311",0.3356090784072876,0.3393477499485016,0.3250432014465332
test_Seq_2342,2,2,"benchmark=nucleotide_transformer_downstream_tasks;dataset=splice_sites_all;matching=kmer_balanced;matching_signature=(9, 'TTT');border_estimator=center_window_kmer_jsd;estimator=center_jsd;window=48;search_radius=24;kmer=2;top_ratio=0.25;score_scale=4.0;motif_weight=0.0;motif_radius=12;score_normalization=train_quantile;raw_border_score=0.290335;border_score=1.136556",0.25779256224632263,0.2866699695587158,0.45553749799728394
test_Seq_625,0,2,"benchmark=nucleotide_transformer_downstream_tasks;dataset=splice_sites_all;matching=kmer_balanced;matching_signature=(10, 'TTT');border_estimator=center_window_kmer_jsd;estimator=center_jsd;window=48;search_radius=24;kmer=2;top_ratio=0.25;score_scale=4.0;motif_weight=0.0;motif_radius=12;score_normalization=train_quantile;raw_border_score=0.290833;border_score=1.137044",0.3189076781272888,0.3341929614543915,0.3468993604183197
test_Seq_1947,1,2,"benchmark=nucleotide_transformer_downstream_tasks;dataset=splice_sites_all;matching=kmer_balanced;matching_signature=(8, 'AAG');border_estimator=center_window_kmer_jsd;estimator=center_jsd;window=48;search_radius=24;kmer=2;top_ratio=0.25;score_scale=4.0;motif_weight=0.0;motif_radius=12;score_normalization=train_quantile;raw_border_score=0.162362;border_score=0.872244",0.26188477873802185,0.2912234961986542,0.446891725063324
test_Seq_2296,2,2,"benchmark=nucleotide_transformer_downstream_tasks;dataset=splice_sites_all;matching=kmer_balanced;matching_signature=(6, 'TTT');border_estimator=center_window_kmer_jsd;estimator=center_jsd;window=48;search_radius=24;kmer=2;top_ratio=0.25;score_scale=4.0;motif_weight=0.0;motif_radius=12;score_normalization=train_quantile;raw_border_score=0.168150;border_score=0.886911",0.25104421377182007,0.2702607214450836,0.4786950349807739
test_Seq_269,0,2,"benchmark=nucleotide_transformer_downstream_tasks;dataset=splice_sites_all;matching=kmer_balanced;matching_signature=(5, 'TTT');border_estimator=center_window_kmer_jsd;estimator=center_jsd;window=48;search_radius=24;kmer=2;top_ratio=0.25;score_scale=4.0;motif_weight=0.0;motif_radius=12;score_normalization=train_quantile;raw_border_score=0.307332;border_score=1.151667",0.3183441758155823,0.33000776171684265,0.3516480624675751
test_Seq_150,0,2,"benchmark=nucleotide_transformer_downstream_tasks;dataset=splice_sites_all;matching=kmer_balanced;matching_signature=(10, 'CTC');border_estimator=center_window_kmer_jsd;estimator=center_jsd;window=48;search_radius=24;kmer=2;top_ratio=0.25;score_scale=4.0;motif_weight=0.0;motif_radius=12;score_normalization=train_quantile;raw_border_score=0.279688;border_score=1.123667",0.2929878830909729,0.30520057678222656,0.4018115997314453
test_Seq_799,0,2,"benchmark=nucleotide_transformer_downstream_tasks;dataset=splice_sites_all;matching=kmer_balanced;matching_signature=(12, 'CAG');border_estimator=center_window_kmer_jsd;estimator=center_jsd;window=48;search_radius=24;kmer=2;top_ratio=0.25;score_scale=4.0;motif_weight=0.0;motif_radius=12;score_normalization=train_quantile;raw_border_score=0.393340;border_score=1.188867",0.30595532059669495,0.31270772218704224,0.38133692741394043
test_Seq_1664,1,2,"benchmark=nucleotide_transformer_downstream_tasks;dataset=splice_sites_all;matching=kmer_balanced;matching_signature=(11, 'GGG');border_estimator=center_window_kmer_jsd;estimator=center_jsd;window=48;search_radius=24;kmer=2;top_ratio=0.25;score_scale=4.0;motif_weight=0.0;motif_radius=12;score_normalization=train_quantile;raw_border_score=0.290580;border_score=1.136644",0.2995757758617401,0.3125692307949066,0.3878549635410309
test_Seq_652,0,2,"benchmark=nucleotide_transformer_downstream_tasks;dataset=splice_sites_all;matching=kmer_balanced;matching_signature=(6, 'TTT');border_estimator=center_window_kmer_jsd;estimator=center_jsd;window=48;search_radius=24;kmer=2;top_ratio=0.25;score_scale=4.0;motif_weight=0.0;motif_radius=12;score_normalization=train_quantile;raw_border_score=0.248916;border_score=1.077000",0.2600548565387726,0.2813703417778015,0.4585748016834259
test_Seq_32,0,0,"benchmark=nucleotide_transformer_downstream_tasks;dataset=splice_sites_all;matching=kmer_balanced;matching_signature=(13, 'GGG');border_estimator=center_window_kmer_jsd;estimator=center_jsd;window=48;search_radius=24;kmer=2;top_ratio=0.25;score_scale=4.0;motif_weight=0.0;motif_radius=12;score_normalization=train_quantile;raw_border_score=0.308898;border_score=1.153133",0.3666938543319702,0.34014368057250977,0.2931624948978424
test_Seq_784,0,2,"benchmark=nucleotide_transformer_downstream_tasks;dataset=splice_sites_all;matching=kmer_balanced;matching_signature=(11, 'CAG');border_estimator=center_window_kmer_jsd;estimator=center_jsd;window=48;search_radius=24;kmer=2;top_ratio=0.25;score_scale=4.0;motif_weight=0.0;motif_radius=12;score_normalization=train_quantile;raw_border_score=0.183543;border_score=0.926200",0.2919941842556,0.30469655990600586,0.4033091962337494
test_Seq_755,0,2,"benchmark=nucleotide_transformer_downstream_tasks;dataset=splice_sites_all;matching=kmer_balanced;matching_signature=(13, 'CCC');border_estimator=center_window_kmer_jsd;estimator=center_jsd;window=48;search_radius=24;kmer=2;top_ratio=0.25;score_scale=4.0;motif_weight=0.0;motif_radius=12;score_normalization=train_quantile;raw_border_score=0.211976;border_score=0.999667",0.2879566252231598,0.2980409860610962,0.41400235891342163
test_Seq_864,0,2,"benchmark=nucleotide_transformer_downstream_tasks;dataset=splice_sites_all;matching=kmer_balanced;matching_signature=(7, 'AAA');border_estimator=center_window_kmer_jsd;estimator=center_jsd;window=48;search_radius=24;kmer=2;top_ratio=0.25;score_scale=4.0;motif_weight=0.0;motif_radius=12;score_normalization=train_quantile;raw_border_score=0.251519;border_score=1.081622",0.24059543013572693,0.26365160942077637,0.4957529604434967
test_Seq_2860,2,2,"benchmark=nucleotide_transformer_downstream_tasks;dataset=splice_sites_all;matching=kmer_balanced;matching_signature=(6, 'TTT');border_estimator=center_window_kmer_jsd;estimator=center_jsd;window=48;search_radius=24;kmer=2;top_ratio=0.25;score_scale=4.0;motif_weight=0.0;motif_radius=12;score_normalization=train_quantile;raw_border_score=0.325545;border_score=1.164067",0.23515644669532776,0.2588663697242737,0.505977213382721
test_Seq_685,0,2,"benchmark=nucleotide_transformer_downstream_tasks;dataset=splice_sites_all;matching=kmer_balanced;matching_signature=(7, 'AAA');border_estimator=center_window_kmer_jsd;estimator=center_jsd;window=48;search_radius=24;kmer=2;top_ratio=0.25;score_scale=4.0;motif_weight=0.0;motif_radius=12;score_normalization=train_quantile;raw_border_score=0.317078;border_score=1.159000",0.24398314952850342,0.2683786153793335,0.4876382052898407
test_Seq_1937,1,2,"benchmark=nucleotide_transformer_downstream_tasks;dataset=splice_sites_all;matching=kmer_balanced;matching_signature=(9, 'TTT');border_estimator=center_window_kmer_jsd;estimator=center_jsd;window=48;search_radius=24;kmer=2;top_ratio=0.25;score_scale=4.0;motif_weight=0.0;motif_radius=12;score_normalization=train_quantile;raw_border_score=0.287423;border_score=1.133267",0.3001846671104431,0.3257223069667816,0.37409305572509766
test_Seq_759,0,2,"benchmark=nucleotide_transformer_downstream_tasks;dataset=splice_sites_all;matching=kmer_balanced;matching_signature=(7, 'TTT');border_estimator=center_window_kmer_jsd;estimator=center_jsd;window=48;search_radius=24;kmer=2;top_ratio=0.25;score_scale=4.0;motif_weight=0.0;motif_radius=12;score_normalization=train_quantile;raw_border_score=0.245788;border_score=1.070778",0.23569266498088837,0.26119038462638855,0.5031169652938843
test_Seq_2924,2,2,"benchmark=nucleotide_transformer_downstream_tasks;dataset=splice_sites_all;matching=kmer_balanced;matching_signature=(6, 'TTT');border_estimator=center_window_kmer_jsd;estimator=center_jsd;window=48;search_radius=24;kmer=2;top_ratio=0.25;score_scale=4.0;motif_weight=0.0;motif_radius=12;score_normalization=train_quantile;raw_border_score=0.179475;border_score=0.916467",0.23907539248466492,0.2600959837436676,0.5008286237716675
test_Seq_2360,2,2,"benchmark=nucleotide_transformer_downstream_tasks;dataset=splice_sites_all;matching=kmer_balanced;matching_signature=(11, 'AGG');border_estimator=center_window_kmer_jsd;estimator=center_jsd;window=48;search_radius=24;kmer=2;top_ratio=0.25;score_scale=4.0;motif_weight=0.0;motif_radius=12;score_normalization=train_quantile;raw_border_score=0.238104;border_score=1.054822",0.2014206200838089,0.23010937869548798,0.5684700012207031
test_Seq_832,0,2,"benchmark=nucleotide_transformer_downstream_tasks;dataset=splice_sites_all;matching=kmer_balanced;matching_signature=(8, 'TTT');border_estimator=center_window_kmer_jsd;estimator=center_jsd;window=48;search_radius=24;kmer=2;top_ratio=0.25;score_scale=4.0;motif_weight=0.0;motif_radius=12;score_normalization=train_quantile;raw_border_score=0.154184;border_score=0.855800",0.2796908915042877,0.30320337414741516,0.41710570454597473
test_Seq_188,0,2,"benchmark=nucleotide_transformer_downstream_tasks;dataset=splice_sites_all;matching=kmer_balanced;matching_signature=(7, 'TTT');border_estimator=center_window_kmer_jsd;estimator=center_jsd;window=48;search_radius=24;kmer=2;top_ratio=0.25;score_scale=4.0;motif_weight=0.0;motif_radius=12;score_normalization=train_quantile;raw_border_score=0.274403;border_score=1.116467",0.2679099142551422,0.2906044125556946,0.44148561358451843
test_Seq_2736,2,2,"benchmark=nucleotide_transformer_downstream_tasks;dataset=splice_sites_all;matching=kmer_balanced;matching_signature=(6, 'TTT');border_estimator=center_window_kmer_jsd;estimator=center_jsd;window=48;search_radius=24;kmer=2;top_ratio=0.25;score_scale=4.0;motif_weight=0.0;motif_radius=12;score_normalization=train_quantile;raw_border_score=0.204948;border_score=0.984067",0.2331104725599289,0.2634941041469574,0.5033954381942749
test_Seq_287,0,2,"benchmark=nucleotide_transformer_downstream_tasks;dataset=splice_sites_all;matching=kmer_balanced;matching_signature=(7, 'TTT');border_estimator=center_window_kmer_jsd;estimator=center_jsd;window=48;search_radius=24;kmer=2;top_ratio=0.25;score_scale=4.0;motif_weight=0.0;motif_radius=12;score_normalization=train_quantile;raw_border_score=0.248768;border_score=1.076733",0.2526150941848755,0.2771426737308502,0.4702422320842743
test_Seq_2034,2,2,"benchmark=nucleotide_transformer_downstream_tasks;dataset=splice_sites_all;matching=kmer_balanced;matching_signature=(11, 'CAG');border_estimator=center_window_kmer_jsd;estimator=center_jsd;window=48;search_radius=24;kmer=2;top_ratio=0.25;score_scale=4.0;motif_weight=0.0;motif_radius=12;score_normalization=train_quantile;raw_border_score=0.218158;border_score=1.014111",0.2787180542945862,0.3036867678165436,0.41759514808654785
test_Seq_1972,1,2,"benchmark=nucleotide_transformer_downstream_tasks;dataset=splice_sites_all;matching=kmer_balanced;matching_signature=(8, 'TTT');border_estimator=center_window_kmer_jsd;estimator=center_jsd;window=48;search_radius=24;kmer=2;top_ratio=0.25;score_scale=4.0;motif_weight=0.0;motif_radius=12;score_normalization=train_quantile;raw_border_score=0.195567;border_score=0.958822",0.24804256856441498,0.263030081987381,0.48892742395401
test_Seq_2363,2,2,"benchmark=nucleotide_transformer_downstream_tasks;dataset=splice_sites_all;matching=kmer_balanced;matching_signature=(11, 'CTG');border_estimator=center_window_kmer_jsd;estimator=center_jsd;window=48;search_radius=24;kmer=2;top_ratio=0.25;score_scale=4.0;motif_weight=0.0;motif_radius=12;score_normalization=train_quantile;raw_border_score=0.219935;border_score=1.018644",0.2974008321762085,0.3087752163410187,0.3938239514827728
test_Seq_2728,2,2,"benchmark=nucleotide_transformer_downstream_tasks;dataset=splice_sites_all;matching=kmer_balanced;matching_signature=(7, 'AAA');border_estimator=center_window_kmer_jsd;estimator=center_jsd;window=48;search_radius=24;kmer=2;top_ratio=0.25;score_scale=4.0;motif_weight=0.0;motif_radius=12;score_normalization=train_quantile;raw_border_score=0.162807;border_score=0.873667",0.21993158757686615,0.24129420518875122,0.5387741327285767
test_Seq_2304,2,2,"benchmark=nucleotide_transformer_downstream_tasks;dataset=splice_sites_all;matching=kmer_balanced;matching_signature=(9, 'AAA');border_estimator=center_window_kmer_jsd;estimator=center_jsd;window=48;search_radius=24;kmer=2;top_ratio=0.25;score_scale=4.0;motif_weight=0.0;motif_radius=12;score_normalization=train_quantile;raw_border_score=0.288822;border_score=1.135267",0.23081359267234802,0.24905933439731598,0.5201270580291748
test_Seq_1515,1,2,"benchmark=nucleotide_transformer_downstream_tasks;dataset=splice_sites_all;matching=kmer_balanced;matching_signature=(6, 'TTT');border_estimator=center_window_kmer_jsd;estimator=center_jsd;window=48;search_radius=24;kmer=2;top_ratio=0.25;score_scale=4.0;motif_weight=0.0;motif_radius=12;score_normalization=train_quantile;raw_border_score=0.290882;border_score=1.137178",0.22014327347278595,0.2430071085691452,0.5368496179580688
test_Seq_2755,2,2,"benchmark=nucleotide_transformer_downstream_tasks;dataset=splice_sites_all;matching=kmer_balanced;matching_signature=(6, 'TTT');border_estimator=center_window_kmer_jsd;estimator=center_jsd;window=48;search_radius=24;kmer=2;top_ratio=0.25;score_scale=4.0;motif_weight=0.0;motif_radius=12;score_normalization=train_quantile;raw_border_score=0.157051;border_score=0.861489",0.25674334168434143,0.2787362337112427,0.4645204246044159
test_Seq_339,0,2,"benchmark=nucleotide_transformer_downstream_tasks;dataset=splice_sites_all;matching=kmer_balanced;matching_signature=(6, 'TTT');border_estimator=center_window_kmer_jsd;estimator=center_jsd;window=48;search_radius=24;kmer=2;top_ratio=0.25;score_scale=4.0;motif_weight=0.0;motif_radius=12;score_normalization=train_quantile;raw_border_score=0.163038;border_score=0.873889",0.25106948614120483,0.2784601151943207,0.4704704284667969
test_Seq_1604,1,2,"benchmark=nucleotide_transformer_downstream_tasks;dataset=splice_sites_all;matching=kmer_balanced;matching_signature=(8, 'TTT');border_estimator=center_window_kmer_jsd;estimator=center_jsd;window=48;search_radius=24;kmer=2;top_ratio=0.25;score_scale=4.0;motif_weight=0.0;motif_radius=12;score_normalization=train_quantile;raw_border_score=0.221078;border_score=1.021444",0.2260267287492752,0.24522584676742554,0.5287474393844604
test_Seq_366,0,2,"benchmark=nucleotide_transformer_downstream_tasks;dataset=splice_sites_all;matching=kmer_balanced;matching_signature=(6, 'AAA');border_estimator=center_window_kmer_jsd;estimator=center_jsd;window=48;search_radius=24;kmer=2;top_ratio=0.25;score_scale=4.0;motif_weight=0.0;motif_radius=12;score_normalization=train_quantile;raw_border_score=0.269678;border_score=1.109756",0.24049343168735504,0.2657141387462616,0.49379247426986694
test_Seq_2098,2,2,"benchmark=nucleotide_transformer_downstream_tasks;dataset=splice_sites_all;matching=kmer_balanced;matching_signature=(6, 'AAA');border_estimator=center_window_kmer_jsd;estimator=center_jsd;window=48;search_radius=24;kmer=2;top_ratio=0.25;score_scale=4.0;motif_weight=0.0;motif_radius=12;score_normalization=train_quantile;raw_border_score=0.306002;border_score=1.151089",0.2648756206035614,0.29165416955947876,0.44347020983695984
test_Seq_2093,2,2,"benchmark=nucleotide_transformer_downstream_tasks;dataset=splice_sites_all;matching=kmer_balanced;matching_signature=(8, 'TTT');border_estimator=center_window_kmer_jsd;estimator=center_jsd;window=48;search_radius=24;kmer=2;top_ratio=0.25;score_scale=4.0;motif_weight=0.0;motif_radius=12;score_normalization=train_quantile;raw_border_score=0.167370;border_score=0.885133",0.3181881010532379,0.3326154351234436,0.3491964638233185
test_Seq_1669,1,2,"benchmark=nucleotide_transformer_downstream_tasks;dataset=splice_sites_all;matching=kmer_balanced;matching_signature=(11, 'CCT');border_estimator=center_window_kmer_jsd;estimator=center_jsd;window=48;search_radius=24;kmer=2;top_ratio=0.25;score_scale=4.0;motif_weight=0.0;motif_radius=12;score_normalization=train_quantile;raw_border_score=0.250411;border_score=1.079978",0.2865547239780426,0.29615628719329834,0.41728898882865906
test_Seq_741,0,2,"benchmark=nucleotide_transformer_downstream_tasks;dataset=splice_sites_all;matching=kmer_balanced;matching_signature=(12, 'GGG');border_estimator=center_window_kmer_jsd;estimator=center_jsd;window=48;search_radius=24;kmer=2;top_ratio=0.25;score_scale=4.0;motif_weight=0.0;motif_radius=12;score_normalization=train_quantile;raw_border_score=0.146067;border_score=0.840911",0.3268328011035919,0.33176037669181824,0.34140685200691223
test_Seq_2174,2,2,"benchmark=nucleotide_transformer_downstream_tasks;dataset=splice_sites_all;matching=kmer_balanced;matching_signature=(11, 'GGG');border_estimator=center_window_kmer_jsd;estimator=center_jsd;window=48;search_radius=24;kmer=2;top_ratio=0.25;score_scale=4.0;motif_weight=0.0;motif_radius=12;score_normalization=train_quantile;raw_border_score=0.254174;border_score=1.085978",0.3214344084262848,0.3343859612941742,0.34417960047721863
test_Seq_1832,1,2,"benchmark=nucleotide_transformer_downstream_tasks;dataset=splice_sites_all;matching=kmer_balanced;matching_signature=(11, 'GGG');border_estimator=center_window_kmer_jsd;estimator=center_jsd;window=48;search_radius=24;kmer=2;top_ratio=0.25;score_scale=4.0;motif_weight=0.0;motif_radius=12;score_normalization=train_quantile;raw_border_score=0.351943;border_score=1.177578",0.29475605487823486,0.3116135895252228,0.39363035559654236
test_Seq_1914,1,2,"benchmark=nucleotide_transformer_downstream_tasks;dataset=splice_sites_all;matching=kmer_balanced;matching_signature=(10, 'TCT');border_estimator=center_window_kmer_jsd;estimator=center_jsd;window=48;search_radius=24;kmer=2;top_ratio=0.25;score_scale=4.0;motif_weight=0.0;motif_radius=12;score_normalization=train_quantile;raw_border_score=0.190728;border_score=0.945889",0.2952234148979187,0.31802383065223694,0.38675275444984436
test_Seq_1180,1,2,"benchmark=nucleotide_transformer_downstream_tasks;dataset=splice_sites_all;matching=kmer_balanced;matching_signature=(6, 'AAA');border_estimator=center_window_kmer_jsd;estimator=center_jsd;window=48;search_radius=24;kmer=2;top_ratio=0.25;score_scale=4.0;motif_weight=0.0;motif_radius=12;score_normalization=train_quantile;raw_border_score=0.207294;border_score=0.988911",0.23163670301437378,0.25774165987968445,0.5106216669082642
test_Seq_1036,1,2,"benchmark=nucleotide_transformer_downstream_tasks;dataset=splice_sites_all;matching=kmer_balanced;matching_signature=(6, 'TTT');border_estimator=center_window_kmer_jsd;estimator=center_jsd;window=48;search_radius=24;kmer=2;top_ratio=0.25;score_scale=4.0;motif_weight=0.0;motif_radius=12;score_normalization=train_quantile;raw_border_score=0.196169;border_score=0.960467",0.25105229020118713,0.280682235956192,0.4682655334472656
test_Seq_347,0,2,"benchmark=nucleotide_transformer_downstream_tasks;dataset=splice_sites_all;matching=kmer_balanced;matching_signature=(11, 'CCT');border_estimator=center_window_kmer_jsd;estimator=center_jsd;window=48;search_radius=24;kmer=2;top_ratio=0.25;score_scale=4.0;motif_weight=0.0;motif_radius=12;score_normalization=train_quantile;raw_border_score=0.283419;border_score=1.128378",0.2942928969860077,0.3132783770561218,0.39242875576019287
test_Seq_1510,1,2,"benchmark=nucleotide_transformer_downstream_tasks;dataset=splice_sites_all;matching=kmer_balanced;matching_signature=(11, 'CTG');border_estimator=center_window_kmer_jsd;estimator=center_jsd;window=48;search_radius=24;kmer=2;top_ratio=0.25;score_scale=4.0;motif_weight=0.0;motif_radius=12;score_normalization=train_quantile;raw_border_score=0.276186;border_score=1.118867",0.28547805547714233,0.3016556203365326,0.4128663241863251
test_Seq_803,0,2,"benchmark=nucleotide_transformer_downstream_tasks;dataset=splice_sites_all;matching=kmer_balanced;matching_signature=(6, 'AAA');border_estimator=center_window_kmer_jsd;estimator=center_jsd;window=48;search_radius=24;kmer=2;top_ratio=0.25;score_scale=4.0;motif_weight=0.0;motif_radius=12;score_normalization=train_quantile;raw_border_score=0.185594;border_score=0.932244",0.23289336264133453,0.2600034475326538,0.5071032047271729
test_Seq_919,0,2,"benchmark=nucleotide_transformer_downstream_tasks;dataset=splice_sites_all;matching=kmer_balanced;matching_signature=(9, 'TTT');border_estimator=center_window_kmer_jsd;estimator=center_jsd;window=48;search_radius=24;kmer=2;top_ratio=0.25;score_scale=4.0;motif_weight=0.0;motif_radius=12;score_normalization=train_quantile;raw_border_score=0.306219;border_score=1.151089",0.3026858866214752,0.32327380776405334,0.37404030561447144
test_Seq_783,0,2,"benchmark=nucleotide_transformer_downstream_tasks;dataset=splice_sites_all;matching=kmer_balanced;matching_signature=(6, 'ATT');border_estimator=center_window_kmer_jsd;estimator=center_jsd;window=48;search_radius=24;kmer=2;top_ratio=0.25;score_scale=4.0;motif_weight=0.0;motif_radius=12;score_normalization=train_quantile;raw_border_score=0.326678;border_score=1.164733",0.22641786932945251,0.2587316930294037,0.5148504376411438
test_Seq_2931,2,2,"benchmark=nucleotide_transformer_downstream_tasks;dataset=splice_sites_all;matching=kmer_balanced;matching_signature=(9, 'TTT');border_estimator=center_window_kmer_jsd;estimator=center_jsd;window=48;search_radius=24;kmer=2;top_ratio=0.25;score_scale=4.0;motif_weight=0.0;motif_radius=12;score_normalization=train_quantile;raw_border_score=0.238481;border_score=1.055311",0.21235550940036774,0.22844043374061584,0.5592041015625
test_Seq_903,0,2,"benchmark=nucleotide_transformer_downstream_tasks;dataset=splice_sites_all;matching=kmer_balanced;matching_signature=(7, 'TGT');border_estimator=center_window_kmer_jsd;estimator=center_jsd;window=48;search_radius=24;kmer=2;top_ratio=0.25;score_scale=4.0;motif_weight=0.0;motif_radius=12;score_normalization=train_quantile;raw_border_score=0.247389;border_score=1.073844",0.23893101513385773,0.2658051550388336,0.495263934135437
test_Seq_2959,2,2,"benchmark=nucleotide_transformer_downstream_tasks;dataset=splice_sites_all;matching=kmer_balanced;matching_signature=(6, 'TTT');border_estimator=center_window_kmer_jsd;estimator=center_jsd;window=48;search_radius=24;kmer=2;top_ratio=0.25;score_scale=4.0;motif_weight=0.0;motif_radius=12;score_normalization=train_quantile;raw_border_score=0.113148;border_score=0.807178",0.26621708273887634,0.28736385703086853,0.4464190602302551
test_Seq_2976,2,2,"benchmark=nucleotide_transformer_downstream_tasks;dataset=splice_sites_all;matching=kmer_balanced;matching_signature=(8, 'TGA');border_estimator=center_window_kmer_jsd;estimator=center_jsd;window=48;search_radius=24;kmer=2;top_ratio=0.25;score_scale=4.0;motif_weight=0.0;motif_radius=12;score_normalization=train_quantile;raw_border_score=0.205106;border_score=0.984556",0.3080511689186096,0.33118385076522827,0.3607650399208069
test_Seq_1176,1,2,"benchmark=nucleotide_transformer_downstream_tasks;dataset=splice_sites_all;matching=kmer_balanced;matching_signature=(7, 'AAA');border_estimator=center_window_kmer_jsd;estimator=center_jsd;window=48;search_radius=24;kmer=2;top_ratio=0.25;score_scale=4.0;motif_weight=0.0;motif_radius=12;score_normalization=train_quantile;raw_border_score=0.252548;border_score=1.083222",0.2774953842163086,0.29679790139198303,0.4257067143917084
test_Seq_1379,1,2,"benchmark=nucleotide_transformer_downstream_tasks;dataset=splice_sites_all;matching=kmer_balanced;matching_signature=(11, 'CCC');border_estimator=center_window_kmer_jsd;estimator=center_jsd;window=48;search_radius=24;kmer=2;top_ratio=0.25;score_scale=4.0;motif_weight=0.0;motif_radius=12;score_normalization=train_quantile;raw_border_score=0.343527;border_score=1.173622",0.31837019324302673,0.3226889371871948,0.35894089937210083
test_Seq_81,0,2,"benchmark=nucleotide_transformer_downstream_tasks;dataset=splice_sites_all;matching=kmer_balanced;matching_signature=(12, 'CCC');border_estimator=center_window_kmer_jsd;estimator=center_jsd;window=48;search_radius=24;kmer=2;top_ratio=0.25;score_scale=4.0;motif_weight=0.0;motif_radius=12;score_normalization=train_quantile;raw_border_score=0.362683;border_score=1.181400",0.2673121392726898,0.2830907106399536,0.44959715008735657
test_Seq_2609,2,2,"benchmark=nucleotide_transformer_downstream_tasks;dataset=splice_sites_all;matching=kmer_balanced;matching_signature=(7, 'TAT');border_estimator=center_window_kmer_jsd;estimator=center_jsd;window=48;search_radius=24;kmer=2;top_ratio=0.25;score_scale=4.0;motif_weight=0.0;motif_radius=12;score_normalization=train_quantile;raw_border_score=0.291847;border_score=1.138200",0.24454815685749054,0.27245885133743286,0.4829930067062378
test_Seq_1078,1,2,"benchmark=nucleotide_transformer_downstream_tasks;dataset=splice_sites_all;matching=kmer_balanced;matching_signature=(5, 'TTT');border_estimator=center_window_kmer_jsd;estimator=center_jsd;window=48;search_radius=24;kmer=2;top_ratio=0.25;score_scale=4.0;motif_weight=0.0;motif_radius=12;score_normalization=train_quantile;raw_border_score=0.329631;border_score=1.166022",0.23938603699207306,0.2665940821170807,0.49401989579200745
test_Seq_1199,1,2,"benchmark=nucleotide_transformer_downstream_tasks;dataset=splice_sites_all;matching=kmer_balanced;matching_signature=(10, 'CAG');border_estimator=center_window_kmer_jsd;estimator=center_jsd;window=48;search_radius=24;kmer=2;top_ratio=0.25;score_scale=4.0;motif_weight=0.0;motif_radius=12;score_normalization=train_quantile;raw_border_score=0.203021;border_score=0.979044",0.27283740043640137,0.29582956433296204,0.4313330054283142
test_Seq_1757,1,2,"benchmark=nucleotide_transformer_downstream_tasks;dataset=splice_sites_all;matching=kmer_balanced;matching_signature=(7, 'AAA');border_estimator=center_window_kmer_jsd;estimator=center_jsd;window=48;search_radius=24;kmer=2;top_ratio=0.25;score_scale=4.0;motif_weight=0.0;motif_radius=12;score_normalization=train_quantile;raw_border_score=0.188386;border_score=0.939800",0.24367989599704742,0.27455446124076843,0.4817656874656677
test_Seq_1413,1,2,"benchmark=nucleotide_transformer_downstream_tasks;dataset=splice_sites_all;matching=kmer_balanced;matching_signature=(6, 'TTT');border_estimator=center_window_kmer_jsd;estimator=center_jsd;window=48;search_radius=24;kmer=2;top_ratio=0.25;score_scale=4.0;motif_weight=0.0;motif_radius=12;score_normalization=train_quantile;raw_border_score=0.239888;border_score=1.058022",0.23476551473140717,0.2556326389312744,0.509601891040802
test_Seq_337,0,2,"benchmark=nucleotide_transformer_downstream_tasks;dataset=splice_sites_all;matching=kmer_balanced;matching_signature=(13, 'GGG');border_estimator=center_window_kmer_jsd;estimator=center_jsd;window=48;search_radius=24;kmer=2;top_ratio=0.25;score_scale=4.0;motif_weight=0.0;motif_radius=12;score_normalization=train_quantile;raw_border_score=0.168884;border_score=0.888422",0.3182942271232605,0.33110252022743225,0.35060325264930725
test_Seq_1148,1,2,"benchmark=nucleotide_transformer_downstream_tasks;dataset=splice_sites_all;matching=kmer_balanced;matching_signature=(8, 'TTT');border_estimator=center_window_kmer_jsd;estimator=center_jsd;window=48;search_radius=24;kmer=2;top_ratio=0.25;score_scale=4.0;motif_weight=0.0;motif_radius=12;score_normalization=train_quantile;raw_border_score=0.136095;border_score=0.826822",0.2529408931732178,0.28062161803245544,0.46643751859664917
test_Seq_2008,2,1,"benchmark=nucleotide_transformer_downstream_tasks;dataset=splice_sites_all;matching=kmer_balanced;matching_signature=(11, 'CTG');border_estimator=center_window_kmer_jsd;estimator=center_jsd;window=48;search_radius=24;kmer=2;top_ratio=0.25;score_scale=4.0;motif_weight=0.0;motif_radius=12;score_normalization=train_quantile;raw_border_score=0.242146;border_score=1.063978",0.3315296471118927,0.33786365389823914,0.33060669898986816
test_Seq_898,0,2,"benchmark=nucleotide_transformer_downstream_tasks;dataset=splice_sites_all;matching=kmer_balanced;matching_signature=(8, 'TTT');border_estimator=center_window_kmer_jsd;estimator=center_jsd;window=48;search_radius=24;kmer=2;top_ratio=0.25;score_scale=4.0;motif_weight=0.0;motif_radius=12;score_normalization=train_quantile;raw_border_score=0.264040;border_score=1.102378",0.2073579728603363,0.22947292029857635,0.5631691217422485
test_Seq_252,0,2,"benchmark=nucleotide_transformer_downstream_tasks;dataset=splice_sites_all;matching=kmer_balanced;matching_signature=(6, 'TTT');border_estimator=center_window_kmer_jsd;estimator=center_jsd;window=48;search_radius=24;kmer=2;top_ratio=0.25;score_scale=4.0;motif_weight=0.0;motif_radius=12;score_normalization=train_quantile;raw_border_score=0.389260;border_score=1.188156",0.26262345910072327,0.27919331192970276,0.458183228969574
test_Seq_836,0,2,"benchmark=nucleotide_transformer_downstream_tasks;dataset=splice_sites_all;matching=kmer_balanced;matching_signature=(6, 'TTT');border_estimator=center_window_kmer_jsd;estimator=center_jsd;window=48;search_radius=24;kmer=2;top_ratio=0.25;score_scale=4.0;motif_weight=0.0;motif_radius=12;score_normalization=train_quantile;raw_border_score=0.213295;border_score=1.002911",0.24291950464248657,0.26702845096588135,0.49005210399627686
test_Seq_471,0,2,"benchmark=nucleotide_transformer_downstream_tasks;dataset=splice_sites_all;matching=kmer_balanced;matching_signature=(6, 'TTT');border_estimator=center_window_kmer_jsd;estimator=center_jsd;window=48;search_radius=24;kmer=2;top_ratio=0.25;score_scale=4.0;motif_weight=0.0;motif_radius=12;score_normalization=train_quantile;raw_border_score=0.192998;border_score=0.952067",0.25231871008872986,0.27594950795173645,0.4717317819595337
test_Seq_754,0,2,"benchmark=nucleotide_transformer_downstream_tasks;dataset=splice_sites_all;matching=kmer_balanced;matching_signature=(10, 'CAG');border_estimator=center_window_kmer_jsd;estimator=center_jsd;window=48;search_radius=24;kmer=2;top_ratio=0.25;score_scale=4.0;motif_weight=0.0;motif_radius=12;score_normalization=train_quantile;raw_border_score=0.307427;border_score=1.151711",0.2634207606315613,0.28935378789901733,0.44722551107406616
test_Seq_556,0,2,"benchmark=nucleotide_transformer_downstream_tasks;dataset=splice_sites_all;matching=kmer_balanced;matching_signature=(7, 'AAA');border_estimator=center_window_kmer_jsd;estimator=center_jsd;window=48;search_radius=24;kmer=2;top_ratio=0.25;score_scale=4.0;motif_weight=0.0;motif_radius=12;score_normalization=train_quantile;raw_border_score=0.310750;border_score=1.154822",0.25320887565612793,0.2761043608188629,0.47068676352500916
test_Seq_1899,1,2,"benchmark=nucleotide_transformer_downstream_tasks;dataset=splice_sites_all;matching=kmer_balanced;matching_signature=(7, 'TTT');border_estimator=center_window_kmer_jsd;estimator=center_jsd;window=48;search_radius=24;kmer=2;top_ratio=0.25;score_scale=4.0;motif_weight=0.0;motif_radius=12;score_normalization=train_quantile;raw_border_score=0.216822;border_score=1.011044",0.25800371170043945,0.2913472652435303,0.45064908266067505
test_Seq_2612,2,2,"benchmark=nucleotide_transformer_downstream_tasks;dataset=splice_sites_all;matching=kmer_balanced;matching_signature=(8, 'GAA');border_estimator=center_window_kmer_jsd;estimator=center_jsd;window=48;search_radius=24;kmer=2;top_ratio=0.25;score_scale=4.0;motif_weight=0.0;motif_radius=12;score_normalization=train_quantile;raw_border_score=0.139101;border_score=0.830689",0.25844255089759827,0.28505003452301025,0.4565073847770691
test_Seq_2623,2,2,"benchmark=nucleotide_transformer_downstream_tasks;dataset=splice_sites_all;matching=kmer_balanced;matching_signature=(7, 'AAA');border_estimator=center_window_kmer_jsd;estimator=center_jsd;window=48;search_radius=24;kmer=2;top_ratio=0.25;score_scale=4.0;motif_weight=0.0;motif_radius=12;score_normalization=train_quantile;raw_border_score=0.234800;border_score=1.049089",0.22734905779361725,0.24476681649684906,0.5278841257095337
test_Seq_1842,1,2,"benchmark=nucleotide_transformer_downstream_tasks;dataset=splice_sites_all;matching=kmer_balanced;matching_signature=(6, 'TTT');border_estimator=center_window_kmer_jsd;estimator=center_jsd;window=48;search_radius=24;kmer=2;top_ratio=0.25;score_scale=4.0;motif_weight=0.0;motif_radius=12;score_normalization=train_quantile;raw_border_score=0.179415;border_score=0.916422",0.2540418207645416,0.2702915370464325,0.4756666123867035
test_Seq_2455,2,2,"benchmark=nucleotide_transformer_downstream_tasks;dataset=splice_sites_all;matching=kmer_balanced;matching_signature=(8, 'TTT');border_estimator=center_window_kmer_jsd;estimator=center_jsd;window=48;search_radius=24;kmer=2;top_ratio=0.25;score_scale=4.0;motif_weight=0.0;motif_radius=12;score_normalization=train_quantile;raw_border_score=0.204898;border_score=0.984022",0.21241366863250732,0.23652850091457367,0.5510578155517578
test_Seq_1860,1,2,"benchmark=nucleotide_transformer_downstream_tasks;dataset=splice_sites_all;matching=kmer_balanced;matching_signature=(10, 'TCC');border_estimator=center_window_kmer_jsd;estimator=center_jsd;window=48;search_radius=24;kmer=2;top_ratio=0.25;score_scale=4.0;motif_weight=0.0;motif_radius=12;score_normalization=train_quantile;raw_border_score=0.243479;border_score=1.066689",0.28292396664619446,0.2923908233642578,0.42468520998954773
test_Seq_171,0,1,"benchmark=nucleotide_transformer_downstream_tasks;dataset=splice_sites_all;matching=kmer_balanced;matching_signature=(12, 'CTG');border_estimator=center_window_kmer_jsd;estimator=center_jsd;window=48;search_radius=24;kmer=2;top_ratio=0.25;score_scale=4.0;motif_weight=0.0;motif_radius=12;score_normalization=train_quantile;raw_border_score=0.229709;border_score=1.039178",0.3274506628513336,0.33862408995628357,0.3339252471923828
test_Seq_742,0,2,"benchmark=nucleotide_transformer_downstream_tasks;dataset=splice_sites_all;matching=kmer_balanced;matching_signature=(10, 'GGG');border_estimator=center_window_kmer_jsd;estimator=center_jsd;window=48;search_radius=24;kmer=2;top_ratio=0.25;score_scale=4.0;motif_weight=0.0;motif_radius=12;score_normalization=train_quantile;raw_border_score=0.170399;border_score=0.891578",0.2944602966308594,0.3173554241657257,0.3881843090057373
test_Seq_2019,2,2,"benchmark=nucleotide_transformer_downstream_tasks;dataset=splice_sites_all;matching=kmer_balanced;matching_signature=(10, 'CAG');border_estimator=center_window_kmer_jsd;estimator=center_jsd;window=48;search_radius=24;kmer=2;top_ratio=0.25;score_scale=4.0;motif_weight=0.0;motif_radius=12;score_normalization=train_quantile;raw_border_score=0.116657;border_score=0.809089",0.3207792341709137,0.3241318464279175,0.3550889492034912
test_Seq_2824,2,2,"benchmark=nucleotide_transformer_downstream_tasks;dataset=splice_sites_all;matching=kmer_balanced;matching_signature=(10, 'CCA');border_estimator=center_window_kmer_jsd;estimator=center_jsd;window=48;search_radius=24;kmer=2;top_ratio=0.25;score_scale=4.0;motif_weight=0.0;motif_radius=12;score_normalization=train_quantile;raw_border_score=0.208785;border_score=0.992067",0.2685168385505676,0.29641199111938477,0.43507120013237
test_Seq_1236,1,2,"benchmark=nucleotide_transformer_downstream_tasks;dataset=splice_sites_all;matching=kmer_balanced;matching_signature=(10, 'CTG');border_estimator=center_window_kmer_jsd;estimator=center_jsd;window=48;search_radius=24;kmer=2;top_ratio=0.25;score_scale=4.0;motif_weight=0.0;motif_radius=12;score_normalization=train_quantile;raw_border_score=0.119928;border_score=0.810956",0.2890702188014984,0.3093724846839905,0.4015572965145111
test_Seq_1478,1,2,"benchmark=nucleotide_transformer_downstream_tasks;dataset=splice_sites_all;matching=kmer_balanced;matching_signature=(9, 'TTT');border_estimator=center_window_kmer_jsd;estimator=center_jsd;window=48;search_radius=24;kmer=2;top_ratio=0.25;score_scale=4.0;motif_weight=0.0;motif_radius=12;score_normalization=train_quantile;raw_border_score=0.170863;border_score=0.892778",0.3092881441116333,0.31952038407325745,0.3711914122104645
test_Seq_1892,1,2,"benchmark=nucleotide_transformer_downstream_tasks;dataset=splice_sites_all;matching=kmer_balanced;matching_signature=(8, 'TGT');border_estimator=center_window_kmer_jsd;estimator=center_jsd;window=48;search_radius=24;kmer=2;top_ratio=0.25;score_scale=4.0;motif_weight=0.0;motif_radius=12;score_normalization=train_quantile;raw_border_score=0.263835;border_score=1.102067",0.2988884150981903,0.3198959529399872,0.3812156021595001
test_Seq_1833,1,2,"benchmark=nucleotide_transformer_downstream_tasks;dataset=splice_sites_all;matching=kmer_balanced;matching_signature=(6, 'AAA');border_estimator=center_window_kmer_jsd;estimator=center_jsd;window=48;search_radius=24;kmer=2;top_ratio=0.25;score_scale=4.0;motif_weight=0.0;motif_radius=12;score_normalization=train_quantile;raw_border_score=0.251950;border_score=1.082200",0.24056309461593628,0.2669569253921509,0.49247995018959045
test_Seq_2295,2,2,"benchmark=nucleotide_transformer_downstream_tasks;dataset=splice_sites_all;matching=kmer_balanced;matching_signature=(9, 'TTT');border_estimator=center_window_kmer_jsd;estimator=center_jsd;window=48;search_radius=24;kmer=2;top_ratio=0.25;score_scale=4.0;motif_weight=0.0;motif_radius=12;score_normalization=train_quantile;raw_border_score=0.150891;border_score=0.848867",0.29410505294799805,0.3126811981201172,0.39321374893188477
test_Seq_597,0,2,"benchmark=nucleotide_transformer_downstream_tasks;dataset=splice_sites_all;matching=kmer_balanced;matching_signature=(6, 'TTT');border_estimator=center_window_kmer_jsd;estimator=center_jsd;window=48;search_radius=24;kmer=2;top_ratio=0.25;score_scale=4.0;motif_weight=0.0;motif_radius=12;score_normalization=train_quantile;raw_border_score=0.177440;border_score=0.912156",0.24232380092144012,0.26879602670669556,0.48888012766838074
test_Seq_1551,1,2,"benchmark=nucleotide_transformer_downstream_tasks;dataset=splice_sites_all;matching=kmer_balanced;matching_signature=(9, 'AAA');border_estimator=center_window_kmer_jsd;estimator=center_jsd;window=48;search_radius=24;kmer=2;top_ratio=0.25;score_scale=4.0;motif_weight=0.0;motif_radius=12;score_normalization=train_quantile;raw_border_score=0.179406;border_score=0.916422",0.2928987443447113,0.32324954867362976,0.38385164737701416
test_Seq_1665,1,2,"benchmark=nucleotide_transformer_downstream_tasks;dataset=splice_sites_all;matching=kmer_balanced;matching_signature=(7, 'AAA');border_estimator=center_window_kmer_jsd;estimator=center_jsd;window=48;search_radius=24;kmer=2;top_ratio=0.25;score_scale=4.0;motif_weight=0.0;motif_radius=12;score_normalization=train_quantile;raw_border_score=0.183298;border_score=0.925667",0.26590415835380554,0.2921964228153229,0.4418993890285492
test_Seq_516,0,2,"benchmark=nucleotide_transformer_downstream_tasks;dataset=splice_sites_all;matching=kmer_balanced;matching_signature=(7, 'AAA');border_estimator=center_window_kmer_jsd;estimator=center_jsd;window=48;search_radius=24;kmer=2;top_ratio=0.25;score_scale=4.0;motif_weight=0.0;motif_radius=12;score_normalization=train_quantile;raw_border_score=0.260579;border_score=1.096822",0.2388640195131302,0.262999951839447,0.4981359839439392
test_Seq_383,0,2,"benchmark=nucleotide_transformer_downstream_tasks;dataset=splice_sites_all;matching=kmer_balanced;matching_signature=(6, 'TTT');border_estimator=center_window_kmer_jsd;estimator=center_jsd;window=48;search_radius=24;kmer=2;top_ratio=0.25;score_scale=4.0;motif_weight=0.0;motif_radius=12;score_normalization=train_quantile;raw_border_score=0.340203;border_score=1.172022",0.2384796440601349,0.26092666387557983,0.5005936622619629
test_Seq_328,0,2,"benchmark=nucleotide_transformer_downstream_tasks;dataset=splice_sites_all;matching=kmer_balanced;matching_signature=(7, 'TTT');border_estimator=center_window_kmer_jsd;estimator=center_jsd;window=48;search_radius=24;kmer=2;top_ratio=0.25;score_scale=4.0;motif_weight=0.0;motif_radius=12;score_normalization=train_quantile;raw_border_score=0.274403;border_score=1.116467",0.26825958490371704,0.29105693101882935,0.4406834542751312
test_Seq_23,0,2,"benchmark=nucleotide_transformer_downstream_tasks;dataset=splice_sites_all;matching=kmer_balanced;matching_signature=(7, 'TTT');border_estimator=center_window_kmer_jsd;estimator=center_jsd;window=48;search_radius=24;kmer=2;top_ratio=0.25;score_scale=4.0;motif_weight=0.0;motif_radius=12;score_normalization=train_quantile;raw_border_score=0.200507;border_score=0.972333",0.26549822092056274,0.2900427281856537,0.44445908069610596
test_Seq_825,0,2,"benchmark=nucleotide_transformer_downstream_tasks;dataset=splice_sites_all;matching=kmer_balanced;matching_signature=(13, 'GGG');border_estimator=center_window_kmer_jsd;estimator=center_jsd;window=48;search_radius=24;kmer=2;top_ratio=0.25;score_scale=4.0;motif_weight=0.0;motif_radius=12;score_normalization=train_quantile;raw_border_score=0.150767;border_score=0.848778",0.3017367422580719,0.30786240100860596,0.39040088653564453
test_Seq_1837,1,2,"benchmark=nucleotide_transformer_downstream_tasks;dataset=splice_sites_all;matching=kmer_balanced;matching_signature=(6, 'AAT');border_estimator=center_window_kmer_jsd;estimator=center_jsd;window=48;search_radius=24;kmer=2;top_ratio=0.25;score_scale=4.0;motif_weight=0.0;motif_radius=12;score_normalization=train_quantile;raw_border_score=0.220803;border_score=1.020644",0.23509524762630463,0.26531222462654114,0.49959251284599304
test_Seq_485,0,2,"benchmark=nucleotide_transformer_downstream_tasks;dataset=splice_sites_all;matching=kmer_balanced;matching_signature=(5, 'AAA');border_estimator=center_window_kmer_jsd;estimator=center_jsd;window=48;search_radius=24;kmer=2;top_ratio=0.25;score_scale=4.0;motif_weight=0.0;motif_radius=12;score_normalization=train_quantile;raw_border_score=0.195434;border_score=0.958378",0.25787341594696045,0.2829274833202362,0.45919907093048096
test_Seq_1827,1,2,"benchmark=nucleotide_transformer_downstream_tasks;dataset=splice_sites_all;matching=kmer_balanced;matching_signature=(7, 'TTT');border_estimator=center_window_kmer_jsd;estimator=center_jsd;window=48;search_radius=24;kmer=2;top_ratio=0.25;score_scale=4.0;motif_weight=0.0;motif_radius=12;score_normalization=train_quantile;raw_border_score=0.214077;border_score=1.004511",0.2377927452325821,0.2666381895542145,0.4955690801143646
test_Seq_1465,1,2,"benchmark=nucleotide_transformer_downstream_tasks;dataset=splice_sites_all;matching=kmer_balanced;matching_signature=(9, 'TTT');border_estimator=center_window_kmer_jsd;estimator=center_jsd;window=48;search_radius=24;kmer=2;top_ratio=0.25;score_scale=4.0;motif_weight=0.0;motif_radius=12;score_normalization=train_quantile;raw_border_score=0.267897;border_score=1.107044",0.2787499725818634,0.29460713267326355,0.42664292454719543
test_Seq_436,0,2,"benchmark=nucleotide_transformer_downstream_tasks;dataset=splice_sites_all;matching=kmer_balanced;matching_signature=(11, 'CCT');border_estimator=center_window_kmer_jsd;estimator=center_jsd;window=48;search_radius=24;kmer=2;top_ratio=0.25;score_scale=4.0;motif_weight=0.0;motif_radius=12;score_normalization=train_quantile;raw_border_score=0.119457;border_score=0.810556",0.3144468069076538,0.3291357457637787,0.3564174771308899
test_Seq_1189,1,2,"benchmark=nucleotide_transformer_downstream_tasks;dataset=splice_sites_all;matching=kmer_balanced;matching_signature=(10, 'CTC');border_estimator=center_window_kmer_jsd;estimator=center_jsd;window=48;search_radius=24;kmer=2;top_ratio=0.25;score_scale=4.0;motif_weight=0.0;motif_radius=12;score_normalization=train_quantile;raw_border_score=0.240060;border_score=1.058644",0.31659433245658875,0.3295678496360779,0.3538378179073334
test_Seq_1772,1,2,"benchmark=nucleotide_transformer_downstream_tasks;dataset=splice_sites_all;matching=kmer_balanced;matching_signature=(6, 'AAA');border_estimator=center_window_kmer_jsd;estimator=center_jsd;window=48;search_radius=24;kmer=2;top_ratio=0.25;score_scale=4.0;motif_weight=0.0;motif_radius=12;score_normalization=train_quantile;raw_border_score=0.183547;border_score=0.926200",0.26799604296684265,0.2814367711544037,0.45056721568107605
test_Seq_1313,1,2,"benchmark=nucleotide_transformer_downstream_tasks;dataset=splice_sites_all;matching=kmer_balanced;matching_signature=(9, 'AGG');border_estimator=center_window_kmer_jsd;estimator=center_jsd;window=48;search_radius=24;kmer=2;top_ratio=0.25;score_scale=4.0;motif_weight=0.0;motif_radius=12;score_normalization=train_quantile;raw_border_score=0.301798;border_score=1.147622",0.29564690589904785,0.30983778834342957,0.39451533555984497
test_Seq_1898,1,2,"benchmark=nucleotide_transformer_downstream_tasks;dataset=splice_sites_all;matching=kmer_balanced;matching_signature=(6, 'TTT');border_estimator=center_window_kmer_jsd;estimator=center_jsd;window=48;search_radius=24;kmer=2;top_ratio=0.25;score_scale=4.0;motif_weight=0.0;motif_radius=12;score_normalization=train_quantile;raw_border_score=0.201082;border_score=0.973622",0.241377055644989,0.26727738976478577,0.49134561419487
test_Seq_1681,1,2,"benchmark=nucleotide_transformer_downstream_tasks;dataset=splice_sites_all;matching=kmer_balanced;matching_signature=(10, 'TTT');border_estimator=center_window_kmer_jsd;estimator=center_jsd;window=48;search_radius=24;kmer=2;top_ratio=0.25;score_scale=4.0;motif_weight=0.0;motif_radius=12;score_normalization=train_quantile;raw_border_score=0.239817;border_score=1.057889",0.32356148958206177,0.3336088955402374,0.3428296446800232
test_Seq_266,0,2,"benchmark=nucleotide_transformer_downstream_tasks;dataset=splice_sites_all;matching=kmer_balanced;matching_signature=(9, 'TTT');border_estimator=center_window_kmer_jsd;estimator=center_jsd;window=48;search_radius=24;kmer=2;top_ratio=0.25;score_scale=4.0;motif_weight=0.0;motif_radius=12;score_normalization=train_quantile;raw_border_score=0.237254;border_score=1.053133",0.2693859934806824,0.29329046607017517,0.43732357025146484
test_Seq_160,0,2,"benchmark=nucleotide_transformer_downstream_tasks;dataset=splice_sites_all;matching=kmer_balanced;matching_signature=(9, 'TTT');border_estimator=center_window_kmer_jsd;estimator=center_jsd;window=48;search_radius=24;kmer=2;top_ratio=0.25;score_scale=4.0;motif_weight=0.0;motif_radius=12;score_normalization=train_quantile;raw_border_score=0.187843;border_score=0.938333",0.2504585087299347,0.2675445079803467,0.48199692368507385
test_Seq_1453,1,2,"benchmark=nucleotide_transformer_downstream_tasks;dataset=splice_sites_all;matching=kmer_balanced;matching_signature=(7, 'ATT');border_estimator=center_window_kmer_jsd;estimator=center_jsd;window=48;search_radius=24;kmer=2;top_ratio=0.25;score_scale=4.0;motif_weight=0.0;motif_radius=12;score_normalization=train_quantile;raw_border_score=0.094228;border_score=0.801489",0.2675614356994629,0.2879177927970886,0.4445207417011261
test_Seq_2007,2,2,"benchmark=nucleotide_transformer_downstream_tasks;dataset=splice_sites_all;matching=kmer_balanced;matching_signature=(9, 'AAA');border_estimator=center_window_kmer_jsd;estimator=center_jsd;window=48;search_radius=24;kmer=2;top_ratio=0.25;score_scale=4.0;motif_weight=0.0;motif_radius=12;score_normalization=train_quantile;raw_border_score=0.194235;border_score=0.955356",0.23864583671092987,0.26285484433174133,0.49849939346313477
test_Seq_1603,1,2,"benchmark=nucleotide_transformer_downstream_tasks;dataset=splice_sites_all;matching=kmer_balanced;matching_signature=(7, 'AAA');border_estimator=center_window_kmer_jsd;estimator=center_jsd;window=48;search_radius=24;kmer=2;top_ratio=0.25;score_scale=4.0;motif_weight=0.0;motif_radius=12;score_normalization=train_quantile;raw_border_score=0.159262;border_score=0.866022",0.2472001016139984,0.2794859707355499,0.47331392765045166
test_Seq_2028,2,2,"benchmark=nucleotide_transformer_downstream_tasks;dataset=splice_sites_all;matching=kmer_balanced;matching_signature=(9, 'GGG');border_estimator=center_window_kmer_jsd;estimator=center_jsd;window=48;search_radius=24;kmer=2;top_ratio=0.25;score_scale=4.0;motif_weight=0.0;motif_radius=12;score_normalization=train_quantile;raw_border_score=0.312400;border_score=1.155800",0.2287125289440155,0.2572949230670929,0.5139926075935364
test_Seq_2334,2,2,"benchmark=nucleotide_transformer_downstream_tasks;dataset=splice_sites_all;matching=kmer_balanced;matching_signature=(9, 'AAA');border_estimator=center_window_kmer_jsd;estimator=center_jsd;window=48;search_radius=24;kmer=2;top_ratio=0.25;score_scale=4.0;motif_weight=0.0;motif_radius=12;score_normalization=train_quantile;raw_border_score=0.493129;border_score=1.198111",0.2182788848876953,0.23614312708377838,0.5455779433250427
test_Seq_2225,2,2,"benchmark=nucleotide_transformer_downstream_tasks;dataset=splice_sites_all;matching=kmer_balanced;matching_signature=(6, 'TTT');border_estimator=center_window_kmer_jsd;estimator=center_jsd;window=48;search_radius=24;kmer=2;top_ratio=0.25;score_scale=4.0;motif_weight=0.0;motif_radius=12;score_normalization=train_quantile;raw_border_score=0.349557;border_score=1.176822",0.23830576241016388,0.2631603181362152,0.49853387475013733
test_Seq_2343,2,2,"benchmark=nucleotide_transformer_downstream_tasks;dataset=splice_sites_all;matching=kmer_balanced;matching_signature=(11, 'GGG');border_estimator=center_window_kmer_jsd;estimator=center_jsd;window=48;search_radius=24;kmer=2;top_ratio=0.25;score_scale=4.0;motif_weight=0.0;motif_radius=12;score_normalization=train_quantile;raw_border_score=0.291167;border_score=1.137489",0.30000606179237366,0.3107128441333771,0.38928109407424927
test_Seq_944,0,2,"benchmark=nucleotide_transformer_downstream_tasks;dataset=splice_sites_all;matching=kmer_balanced;matching_signature=(8, 'TTT');border_estimator=center_window_kmer_jsd;estimator=center_jsd;window=48;search_radius=24;kmer=2;top_ratio=0.25;score_scale=4.0;motif_weight=0.0;motif_radius=12;score_normalization=train_quantile;raw_border_score=0.237937;border_score=1.054689",0.2800805866718292,0.2966742515563965,0.42324525117874146
test_Seq_126,0,2,"benchmark=nucleotide_transformer_downstream_tasks;dataset=splice_sites_all;matching=kmer_balanced;matching_signature=(10, 'CCC');border_estimator=center_window_kmer_jsd;estimator=center_jsd;window=48;search_radius=24;kmer=2;top_ratio=0.25;score_scale=4.0;motif_weight=0.0;motif_radius=12;score_normalization=train_quantile;raw_border_score=0.187981;border_score=0.938911",0.2848430275917053,0.30257338285446167,0.412583589553833
test_Seq_829,0,2,"benchmark=nucleotide_transformer_downstream_tasks;dataset=splice_sites_all;matching=kmer_balanced;matching_signature=(6, 'TTT');border_estimator=center_window_kmer_jsd;estimator=center_jsd;window=48;search_radius=24;kmer=2;top_ratio=0.25;score_scale=4.0;motif_weight=0.0;motif_radius=12;score_normalization=train_quantile;raw_border_score=0.189535;border_score=0.942733",0.26195797324180603,0.2804238796234131,0.45761817693710327
test_Seq_2977,2,2,"benchmark=nucleotide_transformer_downstream_tasks;dataset=splice_sites_all;matching=kmer_balanced;matching_signature=(6, 'TTT');border_estimator=center_window_kmer_jsd;estimator=center_jsd;window=48;search_radius=24;kmer=2;top_ratio=0.25;score_scale=4.0;motif_weight=0.0;motif_radius=12;score_normalization=train_quantile;raw_border_score=0.196352;border_score=0.961133",0.2241765260696411,0.25824663043022156,0.5175767540931702
test_Seq_2288,2,2,"benchmark=nucleotide_transformer_downstream_tasks;dataset=splice_sites_all;matching=kmer_balanced;matching_signature=(6, 'TTT');border_estimator=center_window_kmer_jsd;estimator=center_jsd;window=48;search_radius=24;kmer=2;top_ratio=0.25;score_scale=4.0;motif_weight=0.0;motif_radius=12;score_normalization=train_quantile;raw_border_score=0.166768;border_score=0.883533",0.2508792281150818,0.27674394845962524,0.47237685322761536
test_Seq_2473,2,2,"benchmark=nucleotide_transformer_downstream_tasks;dataset=splice_sites_all;matching=kmer_balanced;matching_signature=(7, 'TTA');border_estimator=center_window_kmer_jsd;estimator=center_jsd;window=48;search_radius=24;kmer=2;top_ratio=0.25;score_scale=4.0;motif_weight=0.0;motif_radius=12;score_normalization=train_quantile;raw_border_score=0.244487;border_score=1.068289",0.2288438230752945,0.2517572343349457,0.5193989276885986
test_Seq_760,0,2,"benchmark=nucleotide_transformer_downstream_tasks;dataset=splice_sites_all;matching=kmer_balanced;matching_signature=(7, 'AAA');border_estimator=center_window_kmer_jsd;estimator=center_jsd;window=48;search_radius=24;kmer=2;top_ratio=0.25;score_scale=4.0;motif_weight=0.0;motif_radius=12;score_normalization=train_quantile;raw_border_score=0.152748;border_score=0.852911",0.24623271822929382,0.27084699273109436,0.4829203188419342
test_Seq_2367,2,2,"benchmark=nucleotide_transformer_downstream_tasks;dataset=splice_sites_all;matching=kmer_balanced;matching_signature=(7, 'TTT');border_estimator=center_window_kmer_jsd;estimator=center_jsd;window=48;search_radius=24;kmer=2;top_ratio=0.25;score_scale=4.0;motif_weight=0.0;motif_radius=12;score_normalization=train_quantile;raw_border_score=0.121812;border_score=0.812067",0.241190567612648,0.2679656445980072,0.49084386229515076
test_Seq_488,0,2,"benchmark=nucleotide_transformer_downstream_tasks;dataset=splice_sites_all;matching=kmer_balanced;matching_signature=(6, 'TTT');border_estimator=center_window_kmer_jsd;estimator=center_jsd;window=48;search_radius=24;kmer=2;top_ratio=0.25;score_scale=4.0;motif_weight=0.0;motif_radius=12;score_normalization=train_quantile;raw_border_score=0.213825;border_score=1.003889",0.26542696356773376,0.28430795669555664,0.4502650797367096
test_Seq_2013,2,2,"benchmark=nucleotide_transformer_downstream_tasks;dataset=splice_sites_all;matching=kmer_balanced;matching_signature=(7, 'TTT');border_estimator=center_window_kmer_jsd;estimator=center_jsd;window=48;search_radius=24;kmer=2;top_ratio=0.25;score_scale=4.0;motif_weight=0.0;motif_radius=12;score_normalization=train_quantile;raw_border_score=0.169820;border_score=0.890422",0.2714483439922333,0.29742884635925293,0.4311228394508362
test_Seq_1575,1,2,"benchmark=nucleotide_transformer_downstream_tasks;dataset=splice_sites_all;matching=kmer_balanced;matching_signature=(10, 'TTT');border_estimator=center_window_kmer_jsd;estimator=center_jsd;window=48;search_radius=24;kmer=2;top_ratio=0.25;score_scale=4.0;motif_weight=0.0;motif_radius=12;score_normalization=train_quantile;raw_border_score=0.365555;border_score=1.182733",0.3011368215084076,0.3085196912288666,0.3903435170650482
test_Seq_2399,2,2,"benchmark=nucleotide_transformer_downstream_tasks;dataset=splice_sites_all;matching=kmer_balanced;matching_signature=(8, 'AAA');border_estimator=center_window_kmer_jsd;estimator=center_jsd;window=48;search_radius=24;kmer=2;top_ratio=0.25;score_scale=4.0;motif_weight=0.0;motif_radius=12;score_normalization=train_quantile;raw_border_score=0.271960;border_score=1.113000",0.22968211770057678,0.24913983047008514,0.5211780071258545
test_Seq_2459,2,2,"benchmark=nucleotide_transformer_downstream_tasks;dataset=splice_sites_all;matching=kmer_balanced;matching_signature=(7, 'TTT');border_estimator=center_window_kmer_jsd;estimator=center_jsd;window=48;search_radius=24;kmer=2;top_ratio=0.25;score_scale=4.0;motif_weight=0.0;motif_radius=12;score_normalization=train_quantile;raw_border_score=0.166782;border_score=0.883578",0.23215721547603607,0.2586939334869385,0.509148895740509
test_Seq_2275,2,2,"benchmark=nucleotide_transformer_downstream_tasks;dataset=splice_sites_all;matching=kmer_balanced;matching_signature=(10, 'CAG');border_estimator=center_window_kmer_jsd;estimator=center_jsd;window=48;search_radius=24;kmer=2;top_ratio=0.25;score_scale=4.0;motif_weight=0.0;motif_radius=12;score_normalization=train_quantile;raw_border_score=0.270860;border_score=1.111533",0.29253774881362915,0.2998203933238983,0.4076418876647949
test_Seq_2484,2,2,"benchmark=nucleotide_transformer_downstream_tasks;dataset=splice_sites_all;matching=kmer_balanced;matching_signature=(12, 'CCC');border_estimator=center_window_kmer_jsd;estimator=center_jsd;window=48;search_radius=24;kmer=2;top_ratio=0.25;score_scale=4.0;motif_weight=0.0;motif_radius=12;score_normalization=train_quantile;raw_border_score=0.214717;border_score=1.005444",0.29402416944503784,0.3116668462753296,0.3943089246749878
test_Seq_293,0,2,"benchmark=nucleotide_transformer_downstream_tasks;dataset=splice_sites_all;matching=kmer_balanced;matching_signature=(8, 'AAA');border_estimator=center_window_kmer_jsd;estimator=center_jsd;window=48;search_radius=24;kmer=2;top_ratio=0.25;score_scale=4.0;motif_weight=0.0;motif_radius=12;score_normalization=train_quantile;raw_border_score=0.231502;border_score=1.042511",0.2734414339065552,0.2980010509490967,0.4285575747489929
test_Seq_1921,1,2,"benchmark=nucleotide_transformer_downstream_tasks;dataset=splice_sites_all;matching=kmer_balanced;matching_signature=(7, 'AAA');border_estimator=center_window_kmer_jsd;estimator=center_jsd;window=48;search_radius=24;kmer=2;top_ratio=0.25;score_scale=4.0;motif_weight=0.0;motif_radius=12;score_normalization=train_quantile;raw_border_score=0.317401;border_score=1.159267",0.27025336027145386,0.2951062321662903,0.43464043736457825
test_Seq_1443,1,2,"benchmark=nucleotide_transformer_downstream_tasks;dataset=splice_sites_all;matching=kmer_balanced;matching_signature=(7, 'TTT');border_estimator=center_window_kmer_jsd;estimator=center_jsd;window=48;search_radius=24;kmer=2;top_ratio=0.25;score_scale=4.0;motif_weight=0.0;motif_radius=12;score_normalization=train_quantile;raw_border_score=0.270082;border_score=1.110200",0.25732243061065674,0.27578818798065186,0.4668893814086914
test_Seq_921,0,2,"benchmark=nucleotide_transformer_downstream_tasks;dataset=splice_sites_all;matching=kmer_balanced;matching_signature=(11, 'CAG');border_estimator=center_window_kmer_jsd;estimator=center_jsd;window=48;search_radius=24;kmer=2;top_ratio=0.25;score_scale=4.0;motif_weight=0.0;motif_radius=12;score_normalization=train_quantile;raw_border_score=0.342641;border_score=1.173178",0.2977387011051178,0.3000025153160095,0.40225884318351746
test_Seq_1544,1,2,"benchmark=nucleotide_transformer_downstream_tasks;dataset=splice_sites_all;matching=kmer_balanced;matching_signature=(8, 'TGA');border_estimator=center_window_kmer_jsd;estimator=center_jsd;window=48;search_radius=24;kmer=2;top_ratio=0.25;score_scale=4.0;motif_weight=0.0;motif_radius=12;score_normalization=train_quantile;raw_border_score=0.265435;border_score=1.104244",0.32029011845588684,0.337346613407135,0.34236326813697815
test_Seq_580,0,2,"benchmark=nucleotide_transformer_downstream_tasks;dataset=splice_sites_all;matching=kmer_balanced;matching_signature=(11, 'GGG');border_estimator=center_window_kmer_jsd;estimator=center_jsd;window=48;search_radius=24;kmer=2;top_ratio=0.25;score_scale=4.0;motif_weight=0.0;motif_radius=12;score_normalization=train_quantile;raw_border_score=0.262434;border_score=1.099933",0.2884095013141632,0.30084705352783203,0.4107434153556824
test_Seq_1812,1,2,"benchmark=nucleotide_transformer_downstream_tasks;dataset=splice_sites_all;matching=kmer_balanced;matching_signature=(8, 'ATT');border_estimator=center_window_kmer_jsd;estimator=center_jsd;window=48;search_radius=24;kmer=2;top_ratio=0.25;score_scale=4.0;motif_weight=0.0;motif_radius=12;score_normalization=train_quantile;raw_border_score=0.232341;border_score=1.044378",0.24362248182296753,0.27362892031669617,0.4827485680580139
test_Seq_2882,2,2,"benchmark=nucleotide_transformer_downstream_tasks;dataset=splice_sites_all;matching=kmer_balanced;matching_signature=(12, 'CCC');border_estimator=center_window_kmer_jsd;estimator=center_jsd;window=48;search_radius=24;kmer=2;top_ratio=0.25;score_scale=4.0;motif_weight=0.0;motif_radius=12;score_normalization=train_quantile;raw_border_score=0.239681;border_score=1.057711",0.28877750039100647,0.29902783036231995,0.41219469904899597
test_Seq_1292,1,2,"benchmark=nucleotide_transformer_downstream_tasks;dataset=splice_sites_all;matching=kmer_balanced;matching_signature=(10, 'AGG');border_estimator=center_window_kmer_jsd;estimator=center_jsd;window=48;search_radius=24;kmer=2;top_ratio=0.25;score_scale=4.0;motif_weight=0.0;motif_radius=12;score_normalization=train_quantile;raw_border_score=0.250887;border_score=1.080778",0.2602962255477905,0.29016125202178955,0.4495425224304199
test_Seq_397,0,2,"benchmark=nucleotide_transformer_downstream_tasks;dataset=splice_sites_all;matching=kmer_balanced;matching_signature=(6, 'AAA');border_estimator=center_window_kmer_jsd;estimator=center_jsd;window=48;search_radius=24;kmer=2;top_ratio=0.25;score_scale=4.0;motif_weight=0.0;motif_radius=12;score_normalization=train_quantile;raw_border_score=0.266872;border_score=1.105622",0.2516058087348938,0.2791667580604553,0.4692274332046509
test_Seq_2844,2,2,"benchmark=nucleotide_transformer_downstream_tasks;dataset=splice_sites_all;matching=kmer_balanced;matching_signature=(7, 'TTT');border_estimator=center_window_kmer_jsd;estimator=center_jsd;window=48;search_radius=24;kmer=2;top_ratio=0.25;score_scale=4.0;motif_weight=0.0;motif_radius=12;score_normalization=train_quantile;raw_border_score=0.133640;border_score=0.823533",0.2470024973154068,0.26789391040802,0.4851035177707672
test_Seq_559,0,2,"benchmark=nucleotide_transformer_downstream_tasks;dataset=splice_sites_all;matching=kmer_balanced;matching_signature=(11, 'CCC');border_estimator=center_window_kmer_jsd;estimator=center_jsd;window=48;search_radius=24;kmer=2;top_ratio=0.25;score_scale=4.0;motif_weight=0.0;motif_radius=12;score_normalization=train_quantile;raw_border_score=0.120315;border_score=0.811222",0.26989689469337463,0.28848326206207275,0.4416199028491974
test_Seq_2709,2,2,"benchmark=nucleotide_transformer_downstream_tasks;dataset=splice_sites_all;matching=kmer_balanced;matching_signature=(13, 'GGG');border_estimator=center_window_kmer_jsd;estimator=center_jsd;window=48;search_radius=24;kmer=2;top_ratio=0.25;score_scale=4.0;motif_weight=0.0;motif_radius=12;score_normalization=train_quantile;raw_border_score=0.167399;border_score=0.885178",0.3148099184036255,0.3216532766819,0.3635368049144745
test_Seq_1919,1,2,"benchmark=nucleotide_transformer_downstream_tasks;dataset=splice_sites_all;matching=kmer_balanced;matching_signature=(7, 'TTT');border_estimator=center_window_kmer_jsd;estimator=center_jsd;window=48;search_radius=24;kmer=2;top_ratio=0.25;score_scale=4.0;motif_weight=0.0;motif_radius=12;score_normalization=train_quantile;raw_border_score=0.176086;border_score=0.908200",0.2426907867193222,0.2701979875564575,0.48711124062538147
test_Seq_2450,2,2,"benchmark=nucleotide_transformer_downstream_tasks;dataset=splice_sites_all;matching=kmer_balanced;matching_signature=(9, 'AAA');border_estimator=center_window_kmer_jsd;estimator=center_jsd;window=48;search_radius=24;kmer=2;top_ratio=0.25;score_scale=4.0;motif_weight=0.0;motif_radius=12;score_normalization=train_quantile;raw_border_score=0.230400;border_score=1.040511",0.21583427488803864,0.23506909608840942,0.5490965843200684
test_Seq_2558,2,2,"benchmark=nucleotide_transformer_downstream_tasks;dataset=splice_sites_all;matching=kmer_balanced;matching_signature=(9, 'TTT');border_estimator=center_window_kmer_jsd;estimator=center_jsd;window=48;search_radius=24;kmer=2;top_ratio=0.25;score_scale=4.0;motif_weight=0.0;motif_radius=12;score_normalization=train_quantile;raw_border_score=0.143473;border_score=0.836467",0.269595742225647,0.2970835864543915,0.43332067131996155
test_Seq_1099,1,2,"benchmark=nucleotide_transformer_downstream_tasks;dataset=splice_sites_all;matching=kmer_balanced;matching_signature=(8, 'TTT');border_estimator=center_window_kmer_jsd;estimator=center_jsd;window=48;search_radius=24;kmer=2;top_ratio=0.25;score_scale=4.0;motif_weight=0.0;motif_radius=12;score_normalization=train_quantile;raw_border_score=0.192880;border_score=0.951622",0.23900653421878815,0.2610948979854584,0.49989864230155945
test_Seq_1945,1,2,"benchmark=nucleotide_transformer_downstream_tasks;dataset=splice_sites_all;matching=kmer_balanced;matching_signature=(7, 'TTT');border_estimator=center_window_kmer_jsd;estimator=center_jsd;window=48;search_radius=24;kmer=2;top_ratio=0.25;score_scale=4.0;motif_weight=0.0;motif_radius=12;score_normalization=train_quantile;raw_border_score=0.257526;border_score=1.091489",0.28139930963516235,0.29123085737228394,0.4273698627948761
test_Seq_1902,1,2,"benchmark=nucleotide_transformer_downstream_tasks;dataset=splice_sites_all;matching=kmer_balanced;matching_signature=(6, 'TTT');border_estimator=center_window_kmer_jsd;estimator=center_jsd;window=48;search_radius=24;kmer=2;top_ratio=0.25;score_scale=4.0;motif_weight=0.0;motif_radius=12;score_normalization=train_quantile;raw_border_score=0.254431;border_score=1.086333",0.264912486076355,0.2870045602321625,0.44808298349380493
test_Seq_1437,1,2,"benchmark=nucleotide_transformer_downstream_tasks;dataset=splice_sites_all;matching=kmer_balanced;matching_signature=(10, 'GTG');border_estimator=center_window_kmer_jsd;estimator=center_jsd;window=48;search_radius=24;kmer=2;top_ratio=0.25;score_scale=4.0;motif_weight=0.0;motif_radius=12;score_normalization=train_quantile;raw_border_score=0.208901;border_score=0.992244",0.32357531785964966,0.3362479507923126,0.34017670154571533
test_Seq_202,0,2,"benchmark=nucleotide_transformer_downstream_tasks;dataset=splice_sites_all;matching=kmer_balanced;matching_signature=(8, 'TTT');border_estimator=center_window_kmer_jsd;estimator=center_jsd;window=48;search_radius=24;kmer=2;top_ratio=0.25;score_scale=4.0;motif_weight=0.0;motif_radius=12;score_normalization=train_quantile;raw_border_score=0.355109;border_score=1.178689",0.23781292140483856,0.26903557777404785,0.4931515157222748
test_Seq_1306,1,2,"benchmark=nucleotide_transformer_downstream_tasks;dataset=splice_sites_all;matching=kmer_balanced;matching_signature=(12, 'CTG');border_estimator=center_window_kmer_jsd;estimator=center_jsd;window=48;search_radius=24;kmer=2;top_ratio=0.25;score_scale=4.0;motif_weight=0.0;motif_radius=12;score_normalization=train_quantile;raw_border_score=0.135083;border_score=0.825267",0.32874882221221924,0.333901584148407,0.3373495638370514
test_Seq_105,0,2,"benchmark=nucleotide_transformer_downstream_tasks;dataset=splice_sites_all;matching=kmer_balanced;matching_signature=(6, 'TTT');border_estimator=center_window_kmer_jsd;estimator=center_jsd;window=48;search_radius=24;kmer=2;top_ratio=0.25;score_scale=4.0;motif_weight=0.0;motif_radius=12;score_normalization=train_quantile;raw_border_score=0.298664;border_score=1.144956",0.255258172750473,0.28063276410102844,0.46410906314849854
test_Seq_1582,1,2,"benchmark=nucleotide_transformer_downstream_tasks;dataset=splice_sites_all;matching=kmer_balanced;matching_signature=(5, 'TTT');border_estimator=center_window_kmer_jsd;estimator=center_jsd;window=48;search_radius=24;kmer=2;top_ratio=0.25;score_scale=4.0;motif_weight=0.0;motif_radius=12;score_normalization=train_quantile;raw_border_score=0.200660;border_score=0.972689",0.2515113651752472,0.28156009316444397,0.4669285714626312
test_Seq_712,0,2,"benchmark=nucleotide_transformer_downstream_tasks;dataset=splice_sites_all;matching=kmer_balanced;matching_signature=(7, 'TTA');border_estimator=center_window_kmer_jsd;estimator=center_jsd;window=48;search_radius=24;kmer=2;top_ratio=0.25;score_scale=4.0;motif_weight=0.0;motif_radius=12;score_normalization=train_quantile;raw_border_score=0.215966;border_score=1.008733",0.29879388213157654,0.3099076449871063,0.39129838347435
test_Seq_993,0,2,"benchmark=nucleotide_transformer_downstream_tasks;dataset=splice_sites_all;matching=kmer_balanced;matching_signature=(8, 'TTT');border_estimator=center_window_kmer_jsd;estimator=center_jsd;window=48;search_radius=24;kmer=2;top_ratio=0.25;score_scale=4.0;motif_weight=0.0;motif_radius=12;score_normalization=train_quantile;raw_border_score=0.200270;border_score=0.971978",0.27362334728240967,0.2971384525299072,0.4292382299900055
test_Seq_118,0,2,"benchmark=nucleotide_transformer_downstream_tasks;dataset=splice_sites_all;matching=kmer_balanced;matching_signature=(13, 'GCC');border_estimator=center_window_kmer_jsd;estimator=center_jsd;window=48;search_radius=24;kmer=2;top_ratio=0.25;score_scale=4.0;motif_weight=0.0;motif_radius=12;score_normalization=train_quantile;raw_border_score=0.236458;border_score=1.051844",0.30928829312324524,0.3057452142238617,0.38496649265289307
test_Seq_2374,2,2,"benchmark=nucleotide_transformer_downstream_tasks;dataset=splice_sites_all;matching=kmer_balanced;matching_signature=(11, 'CCC');border_estimator=center_window_kmer_jsd;estimator=center_jsd;window=48;search_radius=24;kmer=2;top_ratio=0.25;score_scale=4.0;motif_weight=0.0;motif_radius=12;score_normalization=train_quantile;raw_border_score=0.186084;border_score=0.933400",0.2797967195510864,0.29198572039604187,0.4282175898551941
test_Seq_782,0,2,"benchmark=nucleotide_transformer_downstream_tasks;dataset=splice_sites_all;matching=kmer_balanced;matching_signature=(8, 'TTT');border_estimator=center_window_kmer_jsd;estimator=center_jsd;window=48;search_radius=24;kmer=2;top_ratio=0.25;score_scale=4.0;motif_weight=0.0;motif_radius=12;score_normalization=train_quantile;raw_border_score=0.260364;border_score=1.096467",0.24007855355739594,0.2712723910808563,0.4886491000652313
test_Seq_1170,1,2,"benchmark=nucleotide_transformer_downstream_tasks;dataset=splice_sites_all;matching=kmer_balanced;matching_signature=(13, 'GGC');border_estimator=center_window_kmer_jsd;estimator=center_jsd;window=48;search_radius=24;kmer=2;top_ratio=0.25;score_scale=4.0;motif_weight=0.0;motif_radius=12;score_normalization=train_quantile;raw_border_score=0.148609;border_score=0.845267",0.3181411027908325,0.32693710923194885,0.35492172837257385
test_Seq_1,0,2,"benchmark=nucleotide_transformer_downstream_tasks;dataset=splice_sites_all;matching=kmer_balanced;matching_signature=(9, 'TTT');border_estimator=center_window_kmer_jsd;estimator=center_jsd;window=48;search_radius=24;kmer=2;top_ratio=0.25;score_scale=4.0;motif_weight=0.0;motif_radius=12;score_normalization=train_quantile;raw_border_score=0.314159;border_score=1.156778",0.29275426268577576,0.3032422661781311,0.4040035009384155
test_Seq_2359,2,2,"benchmark=nucleotide_transformer_downstream_tasks;dataset=splice_sites_all;matching=kmer_balanced;matching_signature=(10, 'CCC');border_estimator=center_window_kmer_jsd;estimator=center_jsd;window=48;search_radius=24;kmer=2;top_ratio=0.25;score_scale=4.0;motif_weight=0.0;motif_radius=12;score_normalization=train_quantile;raw_border_score=0.280147;border_score=1.124244",0.31227561831474304,0.32036784291267395,0.3673565685749054
test_Seq_1815,1,2,"benchmark=nucleotide_transformer_downstream_tasks;dataset=splice_sites_all;matching=kmer_balanced;matching_signature=(7, 'TTT');border_estimator=center_window_kmer_jsd;estimator=center_jsd;window=48;search_radius=24;kmer=2;top_ratio=0.25;score_scale=4.0;motif_weight=0.0;motif_radius=12;score_normalization=train_quantile;raw_border_score=0.182277;border_score=0.922956",0.22263142466545105,0.24423028528690338,0.5331383347511292
test_Seq_314,0,2,"benchmark=nucleotide_transformer_downstream_tasks;dataset=splice_sites_all;matching=kmer_balanced;matching_signature=(7, 'TTT');border_estimator=center_window_kmer_jsd;estimator=center_jsd;window=48;search_radius=24;kmer=2;top_ratio=0.25;score_scale=4.0;motif_weight=0.0;motif_radius=12;score_normalization=train_quantile;raw_border_score=0.180100;border_score=0.917978",0.2325170487165451,0.26121291518211365,0.5062700510025024
test_Seq_1150,1,2,"benchmark=nucleotide_transformer_downstream_tasks;dataset=splice_sites_all;matching=kmer_balanced;matching_signature=(7, 'TTT');border_estimator=center_window_kmer_jsd;estimator=center_jsd;window=48;search_radius=24;kmer=2;top_ratio=0.25;score_scale=4.0;motif_weight=0.0;motif_radius=12;score_normalization=train_quantile;raw_border_score=0.223849;border_score=1.027889",0.28895309567451477,0.31424519419670105,0.39680173993110657
test_Seq_1587,1,1,"benchmark=nucleotide_transformer_downstream_tasks;dataset=splice_sites_all;matching=kmer_balanced;matching_signature=(13, 'GGG');border_estimator=center_window_kmer_jsd;estimator=center_jsd;window=48;search_radius=24;kmer=2;top_ratio=0.25;score_scale=4.0;motif_weight=0.0;motif_radius=12;score_normalization=train_quantile;raw_border_score=0.232562;border_score=1.044600",0.3278110921382904,0.33809685707092285,0.33409202098846436
test_Seq_2168,2,2,"benchmark=nucleotide_transformer_downstream_tasks;dataset=splice_sites_all;matching=kmer_balanced;matching_signature=(9, 'CAG');border_estimator=center_window_kmer_jsd;estimator=center_jsd;window=48;search_radius=24;kmer=2;top_ratio=0.25;score_scale=4.0;motif_weight=0.0;motif_radius=12;score_normalization=train_quantile;raw_border_score=0.167094;border_score=0.884422",0.26771628856658936,0.28801533579826355,0.4442683756351471
test_Seq_750,0,2,"benchmark=nucleotide_transformer_downstream_tasks;dataset=splice_sites_all;matching=kmer_balanced;matching_signature=(6, 'AAA');border_estimator=center_window_kmer_jsd;estimator=center_jsd;window=48;search_radius=24;kmer=2;top_ratio=0.25;score_scale=4.0;motif_weight=0.0;motif_radius=12;score_normalization=train_quantile;raw_border_score=0.250288;border_score=1.079844",0.24610787630081177,0.2723819315433502,0.4815101623535156
test_Seq_2676,2,2,"benchmark=nucleotide_transformer_downstream_tasks;dataset=splice_sites_all;matching=kmer_balanced;matching_signature=(11, 'CTC');border_estimator=center_window_kmer_jsd;estimator=center_jsd;window=48;search_radius=24;kmer=2;top_ratio=0.25;score_scale=4.0;motif_weight=0.0;motif_radius=12;score_normalization=train_quantile;raw_border_score=0.308806;border_score=1.152956",0.2917183041572571,0.308356910943985,0.3999248147010803
test_Seq_2256,2,2,"benchmark=nucleotide_transformer_downstream_tasks;dataset=splice_sites_all;matching=kmer_balanced;matching_signature=(9, 'TTT');border_estimator=center_window_kmer_jsd;estimator=center_jsd;window=48;search_radius=24;kmer=2;top_ratio=0.25;score_scale=4.0;motif_weight=0.0;motif_radius=12;score_normalization=train_quantile;raw_border_score=0.147695;border_score=0.843489",0.23109020292758942,0.2545087933540344,0.5144009590148926
test_Seq_1357,1,2,"benchmark=nucleotide_transformer_downstream_tasks;dataset=splice_sites_all;matching=kmer_balanced;matching_signature=(6, 'TTT');border_estimator=center_window_kmer_jsd;estimator=center_jsd;window=48;search_radius=24;kmer=2;top_ratio=0.25;score_scale=4.0;motif_weight=0.0;motif_radius=12;score_normalization=train_quantile;raw_border_score=0.333805;border_score=1.168200",0.24954165518283844,0.2779439389705658,0.47251442074775696
test_Seq_2252,2,2,"benchmark=nucleotide_transformer_downstream_tasks;dataset=splice_sites_all;matching=kmer_balanced;matching_signature=(9, 'TTT');border_estimator=center_window_kmer_jsd;estimator=center_jsd;window=48;search_radius=24;kmer=2;top_ratio=0.25;score_scale=4.0;motif_weight=0.0;motif_radius=12;score_normalization=train_quantile;raw_border_score=0.170116;border_score=0.891089",0.20049481093883514,0.22525224089622498,0.5742529630661011
test_Seq_1409,1,2,"benchmark=nucleotide_transformer_downstream_tasks;dataset=splice_sites_all;matching=kmer_balanced;matching_signature=(12, 'CCC');border_estimator=center_window_kmer_jsd;estimator=center_jsd;window=48;search_radius=24;kmer=2;top_ratio=0.25;score_scale=4.0;motif_weight=0.0;motif_radius=12;score_normalization=train_quantile;raw_border_score=0.199756;border_score=0.970644",0.3215382695198059,0.316535085439682,0.3619266152381897
test_Seq_2688,2,2,"benchmark=nucleotide_transformer_downstream_tasks;dataset=splice_sites_all;matching=kmer_balanced;matching_signature=(11, 'CTG');border_estimator=center_window_kmer_jsd;estimator=center_jsd;window=48;search_radius=24;kmer=2;top_ratio=0.25;score_scale=4.0;motif_weight=0.0;motif_radius=12;score_normalization=train_quantile;raw_border_score=0.203207;border_score=0.979267",0.2763035297393799,0.30278122425079346,0.42091527581214905
test_Seq_2905,2,2,"benchmark=nucleotide_transformer_downstream_tasks;dataset=splice_sites_all;matching=kmer_balanced;matching_signature=(10, 'CTG');border_estimator=center_window_kmer_jsd;estimator=center_jsd;window=48;search_radius=24;kmer=2;top_ratio=0.25;score_scale=4.0;motif_weight=0.0;motif_radius=12;score_normalization=train_quantile;raw_border_score=0.259028;border_score=1.093933",0.30693960189819336,0.32508590817451477,0.36797448992729187
test_Seq_98,0,2,"benchmark=nucleotide_transformer_downstream_tasks;dataset=splice_sites_all;matching=kmer_balanced;matching_signature=(7, 'AAA');border_estimator=center_window_kmer_jsd;estimator=center_jsd;window=48;search_radius=24;kmer=2;top_ratio=0.25;score_scale=4.0;motif_weight=0.0;motif_radius=12;score_normalization=train_quantile;raw_border_score=0.182605;border_score=0.924244",0.2870822846889496,0.29864251613616943,0.4142751693725586
test_Seq_1003,1,2,"benchmark=nucleotide_transformer_downstream_tasks;dataset=splice_sites_all;matching=kmer_balanced;matching_signature=(6, 'TTT');border_estimator=center_window_kmer_jsd;estimator=center_jsd;window=48;search_radius=24;kmer=2;top_ratio=0.25;score_scale=4.0;motif_weight=0.0;motif_radius=12;score_normalization=train_quantile;raw_border_score=0.179608;border_score=0.916822",0.2274683117866516,0.254609614610672,0.5179221034049988
test_Seq_2302,2,2,"benchmark=nucleotide_transformer_downstream_tasks;dataset=splice_sites_all;matching=kmer_balanced;matching_signature=(11, 'CAG');border_estimator=center_window_kmer_jsd;estimator=center_jsd;window=48;search_radius=24;kmer=2;top_ratio=0.25;score_scale=4.0;motif_weight=0.0;motif_radius=12;score_normalization=train_quantile;raw_border_score=0.188025;border_score=0.939044",0.24614500999450684,0.2658776640892029,0.48797735571861267
test_Seq_959,0,2,"benchmark=nucleotide_transformer_downstream_tasks;dataset=splice_sites_all;matching=kmer_balanced;matching_signature=(6, 'TTT');border_estimator=center_window_kmer_jsd;estimator=center_jsd;window=48;search_radius=24;kmer=2;top_ratio=0.25;score_scale=4.0;motif_weight=0.0;motif_radius=12;score_normalization=train_quantile;raw_border_score=0.220574;border_score=1.019933",0.2504684627056122,0.2743555009365082,0.475176066160202
test_Seq_1337,1,2,"benchmark=nucleotide_transformer_downstream_tasks;dataset=splice_sites_all;matching=kmer_balanced;matching_signature=(7, 'TTT');border_estimator=center_window_kmer_jsd;estimator=center_jsd;window=48;search_radius=24;kmer=2;top_ratio=0.25;score_scale=4.0;motif_weight=0.0;motif_radius=12;score_normalization=train_quantile;raw_border_score=0.186984;border_score=0.935978",0.2512396275997162,0.2754158675670624,0.4733445346355438
test_Seq_114,0,2,"benchmark=nucleotide_transformer_downstream_tasks;dataset=splice_sites_all;matching=kmer_balanced;matching_signature=(10, 'CAG');border_estimator=center_window_kmer_jsd;estimator=center_jsd;window=48;search_radius=24;kmer=2;top_ratio=0.25;score_scale=4.0;motif_weight=0.0;motif_radius=12;score_normalization=train_quantile;raw_border_score=0.163630;border_score=0.875267",0.3160955309867859,0.32592061161994934,0.35798385739326477
test_Seq_874,0,2,"benchmark=nucleotide_transformer_downstream_tasks;dataset=splice_sites_all;matching=kmer_balanced;matching_signature=(5, 'AAA');border_estimator=center_window_kmer_jsd;estimator=center_jsd;window=48;search_radius=24;kmer=2;top_ratio=0.25;score_scale=4.0;motif_weight=0.0;motif_radius=12;score_normalization=train_quantile;raw_border_score=0.305248;border_score=1.150467",0.24189132452011108,0.2674266993999481,0.490681916475296
test_Seq_2553,2,2,"benchmark=nucleotide_transformer_downstream_tasks;dataset=splice_sites_all;matching=kmer_balanced;matching_signature=(9, 'AAA');border_estimator=center_window_kmer_jsd;estimator=center_jsd;window=48;search_radius=24;kmer=2;top_ratio=0.25;score_scale=4.0;motif_weight=0.0;motif_radius=12;score_normalization=train_quantile;raw_border_score=0.232826;border_score=1.045311",0.27522310614585876,0.29396533966064453,0.4308115839958191
test_Seq_385,0,2,"benchmark=nucleotide_transformer_downstream_tasks;dataset=splice_sites_all;matching=kmer_balanced;matching_signature=(7, 'AAA');border_estimator=center_window_kmer_jsd;estimator=center_jsd;window=48;search_radius=24;kmer=2;top_ratio=0.25;score_scale=4.0;motif_weight=0.0;motif_radius=12;score_normalization=train_quantile;raw_border_score=0.193755;border_score=0.954022",0.26065948605537415,0.2829480767250061,0.4563924968242645
test_Seq_531,0,2,"benchmark=nucleotide_transformer_downstream_tasks;dataset=splice_sites_all;matching=kmer_balanced;matching_signature=(9, 'GTG');border_estimator=center_window_kmer_jsd;estimator=center_jsd;window=48;search_radius=24;kmer=2;top_ratio=0.25;score_scale=4.0;motif_weight=0.0;motif_radius=12;score_normalization=train_quantile;raw_border_score=0.272971;border_score=1.114467",0.2540045976638794,0.2733887732028961,0.4726065695285797
test_Seq_576,0,2,"benchmark=nucleotide_transformer_downstream_tasks;dataset=splice_sites_all;matching=kmer_balanced;matching_signature=(11, 'GTG');border_estimator=center_window_kmer_jsd;estimator=center_jsd;window=48;search_radius=24;kmer=2;top_ratio=0.25;score_scale=4.0;motif_weight=0.0;motif_radius=12;score_normalization=train_quantile;raw_border_score=0.314264;border_score=1.156911",0.3237476944923401,0.33422020077705383,0.3420321047306061
test_Seq_237,0,2,"benchmark=nucleotide_transformer_downstream_tasks;dataset=splice_sites_all;matching=kmer_balanced;matching_signature=(13, 'CTG');border_estimator=center_window_kmer_jsd;estimator=center_jsd;window=48;search_radius=24;kmer=2;top_ratio=0.25;score_scale=4.0;motif_weight=0.0;motif_radius=12;score_normalization=train_quantile;raw_border_score=0.183578;border_score=0.926200",0.31596508622169495,0.31988266110420227,0.3641522228717804
test_Seq_2120,2,2,"benchmark=nucleotide_transformer_downstream_tasks;dataset=splice_sites_all;matching=kmer_balanced;matching_signature=(8, 'TGT');border_estimator=center_window_kmer_jsd;estimator=center_jsd;window=48;search_radius=24;kmer=2;top_ratio=0.25;score_scale=4.0;motif_weight=0.0;motif_radius=12;score_normalization=train_quantile;raw_border_score=0.262206;border_score=1.099444",0.1847887486219406,0.20826251804828644,0.606948733329773
test_Seq_1120,1,2,"benchmark=nucleotide_transformer_downstream_tasks;dataset=splice_sites_all;matching=kmer_balanced;matching_signature=(8, 'GTG');border_estimator=center_window_kmer_jsd;estimator=center_jsd;window=48;search_radius=24;kmer=2;top_ratio=0.25;score_scale=4.0;motif_weight=0.0;motif_radius=12;score_normalization=train_quantile;raw_border_score=0.192960;border_score=0.951978",0.2505868673324585,0.2809182405471802,0.4684949517250061
test_Seq_2408,2,2,"benchmark=nucleotide_transformer_downstream_tasks;dataset=splice_sites_all;matching=kmer_balanced;matching_signature=(12, 'CCC');border_estimator=center_window_kmer_jsd;estimator=center_jsd;window=48;search_radius=24;kmer=2;top_ratio=0.25;score_scale=4.0;motif_weight=0.0;motif_radius=12;score_normalization=train_quantile;raw_border_score=0.139817;border_score=0.831400",0.3171602189540863,0.32688820362091064,0.35595157742500305
test_Seq_2088,2,2,"benchmark=nucleotide_transformer_downstream_tasks;dataset=splice_sites_all;matching=kmer_balanced;matching_signature=(8, 'TTT');border_estimator=center_window_kmer_jsd;estimator=center_jsd;window=48;search_radius=24;kmer=2;top_ratio=0.25;score_scale=4.0;motif_weight=0.0;motif_radius=12;score_normalization=train_quantile;raw_border_score=0.289464;border_score=1.135933",0.29488542675971985,0.30825284123420715,0.3968616724014282
test_Seq_2703,2,2,"benchmark=nucleotide_transformer_downstream_tasks;dataset=splice_sites_all;matching=kmer_balanced;matching_signature=(9, 'CTG');border_estimator=center_window_kmer_jsd;estimator=center_jsd;window=48;search_radius=24;kmer=2;top_ratio=0.25;score_scale=4.0;motif_weight=0.0;motif_radius=12;score_normalization=train_quantile;raw_border_score=0.273985;border_score=1.115933",0.26539552211761475,0.2890629172325134,0.4455416202545166
test_Seq_1368,1,2,"benchmark=nucleotide_transformer_downstream_tasks;dataset=splice_sites_all;matching=kmer_balanced;matching_signature=(8, 'TTT');border_estimator=center_window_kmer_jsd;estimator=center_jsd;window=48;search_radius=24;kmer=2;top_ratio=0.25;score_scale=4.0;motif_weight=0.0;motif_radius=12;score_normalization=train_quantile;raw_border_score=0.147594;border_score=0.843356",0.24713189899921417,0.2662303149700165,0.48663780093193054
test_Seq_1784,1,2,"benchmark=nucleotide_transformer_downstream_tasks;dataset=splice_sites_all;matching=kmer_balanced;matching_signature=(13, 'CCC');border_estimator=center_window_kmer_jsd;estimator=center_jsd;window=48;search_radius=24;kmer=2;top_ratio=0.25;score_scale=4.0;motif_weight=0.0;motif_radius=12;score_normalization=train_quantile;raw_border_score=0.273385;border_score=1.115133",0.28401827812194824,0.29155096411705017,0.424430787563324
test_Seq_2043,2,2,"benchmark=nucleotide_transformer_downstream_tasks;dataset=splice_sites_all;matching=kmer_balanced;matching_signature=(10, 'CCC');border_estimator=center_window_kmer_jsd;estimator=center_jsd;window=48;search_radius=24;kmer=2;top_ratio=0.25;score_scale=4.0;motif_weight=0.0;motif_radius=12;score_normalization=train_quantile;raw_border_score=0.505878;border_score=1.198778",0.2653476297855377,0.2781068682670593,0.4565454423427582
test_Seq_939,0,2,"benchmark=nucleotide_transformer_downstream_tasks;dataset=splice_sites_all;matching=kmer_balanced;matching_signature=(5, 'TTT');border_estimator=center_window_kmer_jsd;estimator=center_jsd;window=48;search_radius=24;kmer=2;top_ratio=0.25;score_scale=4.0;motif_weight=0.0;motif_radius=12;score_normalization=train_quantile;raw_border_score=0.162977;border_score=0.873800",0.24953150749206543,0.27393054962158203,0.47653788328170776
test_Seq_460,0,2,"benchmark=nucleotide_transformer_downstream_tasks;dataset=splice_sites_all;matching=kmer_balanced;matching_signature=(12, 'CCC');border_estimator=center_window_kmer_jsd;estimator=center_jsd;window=48;search_radius=24;kmer=2;top_ratio=0.25;score_scale=4.0;motif_weight=0.0;motif_radius=12;score_normalization=train_quantile;raw_border_score=0.447797;border_score=1.195133",0.31897836923599243,0.32084766030311584,0.3601740598678589
test_Seq_2210,2,2,"benchmark=nucleotide_transformer_downstream_tasks;dataset=splice_sites_all;matching=kmer_balanced;matching_signature=(7, 'AAA');border_estimator=center_window_kmer_jsd;estimator=center_jsd;window=48;search_radius=24;kmer=2;top_ratio=0.25;score_scale=4.0;motif_weight=0.0;motif_radius=12;score_normalization=train_quantile;raw_border_score=0.241679;border_score=1.062467",0.2531411051750183,0.27716541290283203,0.4696934223175049
test_Seq_1197,1,2,"benchmark=nucleotide_transformer_downstream_tasks;dataset=splice_sites_all;matching=kmer_balanced;matching_signature=(8, 'TTT');border_estimator=center_window_kmer_jsd;estimator=center_jsd;window=48;search_radius=24;kmer=2;top_ratio=0.25;score_scale=4.0;motif_weight=0.0;motif_radius=12;score_normalization=train_quantile;raw_border_score=0.229817;border_score=1.039356",0.3068336546421051,0.31307485699653625,0.3800915479660034
test_Seq_1901,1,2,"benchmark=nucleotide_transformer_downstream_tasks;dataset=splice_sites_all;matching=kmer_balanced;matching_signature=(11, 'CCT');border_estimator=center_window_kmer_jsd;estimator=center_jsd;window=48;search_radius=24;kmer=2;top_ratio=0.25;score_scale=4.0;motif_weight=0.0;motif_radius=12;score_normalization=train_quantile;raw_border_score=0.179953;border_score=0.917667",0.27591875195503235,0.28779977560043335,0.4362815022468567
test_Seq_2866,2,2,"benchmark=nucleotide_transformer_downstream_tasks;dataset=splice_sites_all;matching=kmer_balanced;matching_signature=(7, 'TTT');border_estimator=center_window_kmer_jsd;estimator=center_jsd;window=48;search_radius=24;kmer=2;top_ratio=0.25;score_scale=4.0;motif_weight=0.0;motif_radius=12;score_normalization=train_quantile;raw_border_score=0.202932;border_score=0.978778",0.2866462767124176,0.31243056058883667,0.40092313289642334
test_Seq_976,0,2,"benchmark=nucleotide_transformer_downstream_tasks;dataset=splice_sites_all;matching=kmer_balanced;matching_signature=(8, 'TTT');border_estimator=center_window_kmer_jsd;estimator=center_jsd;window=48;search_radius=24;kmer=2;top_ratio=0.25;score_scale=4.0;motif_weight=0.0;motif_radius=12;score_normalization=train_quantile;raw_border_score=0.208025;border_score=0.990200",0.28414395451545715,0.3101584017276764,0.40569770336151123
test_Seq_584,0,2,"benchmark=nucleotide_transformer_downstream_tasks;dataset=splice_sites_all;matching=kmer_balanced;matching_signature=(6, 'AAA');border_estimator=center_window_kmer_jsd;estimator=center_jsd;window=48;search_radius=24;kmer=2;top_ratio=0.25;score_scale=4.0;motif_weight=0.0;motif_radius=12;score_normalization=train_quantile;raw_border_score=0.256469;border_score=1.089844",0.24792441725730896,0.27410587668418884,0.4779696762561798
test_Seq_2196,2,2,"benchmark=nucleotide_transformer_downstream_tasks;dataset=splice_sites_all;matching=kmer_balanced;matching_signature=(8, 'TTT');border_estimator=center_window_kmer_jsd;estimator=center_jsd;window=48;search_radius=24;kmer=2;top_ratio=0.25;score_scale=4.0;motif_weight=0.0;motif_radius=12;score_normalization=train_quantile;raw_border_score=0.279828;border_score=1.123756",0.23251445591449738,0.2621956765651703,0.5052898526191711
test_Seq_1637,1,2,"benchmark=nucleotide_transformer_downstream_tasks;dataset=splice_sites_all;matching=kmer_balanced;matching_signature=(12, 'CCC');border_estimator=center_window_kmer_jsd;estimator=center_jsd;window=48;search_radius=24;kmer=2;top_ratio=0.25;score_scale=4.0;motif_weight=0.0;motif_radius=12;score_normalization=train_quantile;raw_border_score=0.304285;border_score=1.149933",0.28471481800079346,0.2946707606315613,0.42061442136764526
test_Seq_477,0,1,"benchmark=nucleotide_transformer_downstream_tasks;dataset=splice_sites_all;matching=kmer_balanced;matching_signature=(10, 'TGT');border_estimator=center_window_kmer_jsd;estimator=center_jsd;window=48;search_radius=24;kmer=2;top_ratio=0.25;score_scale=4.0;motif_weight=0.0;motif_radius=12;score_normalization=train_quantile;raw_border_score=0.308540;border_score=1.152689",0.33552631735801697,0.3440268635749817,0.32044684886932373
test_Seq_302,0,2,"benchmark=nucleotide_transformer_downstream_tasks;dataset=splice_sites_all;matching=kmer_balanced;matching_signature=(7, 'TTT');border_estimator=center_window_kmer_jsd;estimator=center_jsd;window=48;search_radius=24;kmer=2;top_ratio=0.25;score_scale=4.0;motif_weight=0.0;motif_radius=12;score_normalization=train_quantile;raw_border_score=0.286651;border_score=1.132200",0.261320561170578,0.28184643387794495,0.4568329453468323
test_Seq_2100,2,2,"benchmark=nucleotide_transformer_downstream_tasks;dataset=splice_sites_all;matching=kmer_balanced;matching_signature=(5, 'TTT');border_estimator=center_window_kmer_jsd;estimator=center_jsd;window=48;search_radius=24;kmer=2;top_ratio=0.25;score_scale=4.0;motif_weight=0.0;motif_radius=12;score_normalization=train_quantile;raw_border_score=0.139664;border_score=0.831222",0.25061941146850586,0.28066036105155945,0.4687202274799347
test_Seq_405,0,2,"benchmark=nucleotide_transformer_downstream_tasks;dataset=splice_sites_all;matching=kmer_balanced;matching_signature=(7, 'TTT');border_estimator=center_window_kmer_jsd;estimator=center_jsd;window=48;search_radius=24;kmer=2;top_ratio=0.25;score_scale=4.0;motif_weight=0.0;motif_radius=12;score_normalization=train_quantile;raw_border_score=0.155026;border_score=0.857489",0.23083771765232086,0.25921550393104553,0.5099468231201172
test_Seq_1563,1,2,"benchmark=nucleotide_transformer_downstream_tasks;dataset=splice_sites_all;matching=kmer_balanced;matching_signature=(6, 'AAA');border_estimator=center_window_kmer_jsd;estimator=center_jsd;window=48;search_radius=24;kmer=2;top_ratio=0.25;score_scale=4.0;motif_weight=0.0;motif_radius=12;score_normalization=train_quantile;raw_border_score=0.292661;border_score=1.138911",0.2743569314479828,0.2946217656135559,0.4310213327407837
test_Seq_704,0,2,"benchmark=nucleotide_transformer_downstream_tasks;dataset=splice_sites_all;matching=kmer_balanced;matching_signature=(6, 'AAA');border_estimator=center_window_kmer_jsd;estimator=center_jsd;window=48;search_radius=24;kmer=2;top_ratio=0.25;score_scale=4.0;motif_weight=0.0;motif_radius=12;score_normalization=train_quantile;raw_border_score=0.356365;border_score=1.179311",0.27081820368766785,0.2924170196056366,0.4367647171020508
test_Seq_1580,1,2,"benchmark=nucleotide_transformer_downstream_tasks;dataset=splice_sites_all;matching=kmer_balanced;matching_signature=(8, 'TTT');border_estimator=center_window_kmer_jsd;estimator=center_jsd;window=48;search_radius=24;kmer=2;top_ratio=0.25;score_scale=4.0;motif_weight=0.0;motif_radius=12;score_normalization=train_quantile;raw_border_score=0.355131;border_score=1.178689",0.297046959400177,0.3210471570491791,0.3819059133529663
test_Seq_341,0,2,"benchmark=nucleotide_transformer_downstream_tasks;dataset=splice_sites_all;matching=kmer_balanced;matching_signature=(10, 'CCT');border_estimator=center_window_kmer_jsd;estimator=center_jsd;window=48;search_radius=24;kmer=2;top_ratio=0.25;score_scale=4.0;motif_weight=0.0;motif_radius=12;score_normalization=train_quantile;raw_border_score=0.196921;border_score=0.962556",0.31486353278160095,0.3300830125808716,0.35505345463752747
test_Seq_182,0,2,"benchmark=nucleotide_transformer_downstream_tasks;dataset=splice_sites_all;matching=kmer_balanced;matching_signature=(7, 'AGA');border_estimator=center_window_kmer_jsd;estimator=center_jsd;window=48;search_radius=24;kmer=2;top_ratio=0.25;score_scale=4.0;motif_weight=0.0;motif_radius=12;score_normalization=train_quantile;raw_border_score=0.163679;border_score=0.875356",0.24402931332588196,0.26671525835990906,0.489255428314209
test_Seq_322,0,2,"benchmark=nucleotide_transformer_downstream_tasks;dataset=splice_sites_all;matching=kmer_balanced;matching_signature=(5, 'TTT');border_estimator=center_window_kmer_jsd;estimator=center_jsd;window=48;search_radius=24;kmer=2;top_ratio=0.25;score_scale=4.0;motif_weight=0.0;motif_radius=12;score_normalization=train_quantile;raw_border_score=0.338827;border_score=1.171222",0.24023213982582092,0.2698281407356262,0.48993971943855286
test_Seq_945,0,2,"benchmark=nucleotide_transformer_downstream_tasks;dataset=splice_sites_all;matching=kmer_balanced;matching_signature=(10, 'GGA');border_estimator=center_window_kmer_jsd;estimator=center_jsd;window=48;search_radius=24;kmer=2;top_ratio=0.25;score_scale=4.0;motif_weight=0.0;motif_radius=12;score_normalization=train_quantile;raw_border_score=0.181592;border_score=0.921756",0.31107866764068604,0.3309694826602936,0.3579518496990204
test_Seq_135,0,2,"benchmark=nucleotide_transformer_downstream_tasks;dataset=splice_sites_all;matching=kmer_balanced;matching_signature=(6, 'TTT');border_estimator=center_window_kmer_jsd;estimator=center_jsd;window=48;search_radius=24;kmer=2;top_ratio=0.25;score_scale=4.0;motif_weight=0.0;motif_radius=12;score_normalization=train_quantile;raw_border_score=0.262035;border_score=1.099000",0.23957693576812744,0.2691628634929657,0.49126020073890686
test_Seq_377,0,2,"benchmark=nucleotide_transformer_downstream_tasks;dataset=splice_sites_all;matching=kmer_balanced;matching_signature=(6, 'AAA');border_estimator=center_window_kmer_jsd;estimator=center_jsd;window=48;search_radius=24;kmer=2;top_ratio=0.25;score_scale=4.0;motif_weight=0.0;motif_radius=12;score_normalization=train_quantile;raw_border_score=0.353821;border_score=1.178111",0.2812327444553375,0.30115485191345215,0.4176124036312103
test_Seq_2669,2,2,"benchmark=nucleotide_transformer_downstream_tasks;dataset=splice_sites_all;matching=kmer_balanced;matching_signature=(7, 'AAA');border_estimator=center_window_kmer_jsd;estimator=center_jsd;window=48;search_radius=24;kmer=2;top_ratio=0.25;score_scale=4.0;motif_weight=0.0;motif_radius=12;score_normalization=train_quantile;raw_border_score=0.165524;border_score=0.880111",0.2978321611881256,0.30745989084243774,0.39470794796943665
test_Seq_1978,1,2,"benchmark=nucleotide_transformer_downstream_tasks;dataset=splice_sites_all;matching=kmer_balanced;matching_signature=(7, 'TTT');border_estimator=center_window_kmer_jsd;estimator=center_jsd;window=48;search_radius=24;kmer=2;top_ratio=0.25;score_scale=4.0;motif_weight=0.0;motif_radius=12;score_normalization=train_quantile;raw_border_score=0.209800;border_score=0.994733",0.23688335716724396,0.26751840114593506,0.4955982565879822
test_Seq_2235,2,2,"benchmark=nucleotide_transformer_downstream_tasks;dataset=splice_sites_all;matching=kmer_balanced;matching_signature=(10, 'CAG');border_estimator=center_window_kmer_jsd;estimator=center_jsd;window=48;search_radius=24;kmer=2;top_ratio=0.25;score_scale=4.0;motif_weight=0.0;motif_radius=12;score_normalization=train_quantile;raw_border_score=0.157919;border_score=0.862822",0.31305992603302,0.32281941175460815,0.3641206622123718
test_Seq_879,0,2,"benchmark=nucleotide_transformer_downstream_tasks;dataset=splice_sites_all;matching=kmer_balanced;matching_signature=(9, 'TCT');border_estimator=center_window_kmer_jsd;estimator=center_jsd;window=48;search_radius=24;kmer=2;top_ratio=0.25;score_scale=4.0;motif_weight=0.0;motif_radius=12;score_normalization=train_quantile;raw_border_score=0.261660;border_score=1.098378",0.24223929643630981,0.2715040445327759,0.4862567186355591
test_Seq_1433,1,2,"benchmark=nucleotide_transformer_downstream_tasks;dataset=splice_sites_all;matching=kmer_balanced;matching_signature=(9, 'TTT');border_estimator=center_window_kmer_jsd;estimator=center_jsd;window=48;search_radius=24;kmer=2;top_ratio=0.25;score_scale=4.0;motif_weight=0.0;motif_radius=12;score_normalization=train_quantile;raw_border_score=0.241480;border_score=1.061889",0.21709689497947693,0.24630743265151978,0.5365957021713257
test_Seq_2796,2,2,"benchmark=nucleotide_transformer_downstream_tasks;dataset=splice_sites_all;matching=kmer_balanced;matching_signature=(11, 'CAG');border_estimator=center_window_kmer_jsd;estimator=center_jsd;window=48;search_radius=24;kmer=2;top_ratio=0.25;score_scale=4.0;motif_weight=0.0;motif_radius=12;score_normalization=train_quantile;raw_border_score=0.251843;border_score=1.082067",0.27269119024276733,0.28803446888923645,0.43927431106567383
test_Seq_1982,1,2,"benchmark=nucleotide_transformer_downstream_tasks;dataset=splice_sites_all;matching=kmer_balanced;matching_signature=(10, 'CTG');border_estimator=center_window_kmer_jsd;estimator=center_jsd;window=48;search_radius=24;kmer=2;top_ratio=0.25;score_scale=4.0;motif_weight=0.0;motif_radius=12;score_normalization=train_quantile;raw_border_score=0.220829;border_score=1.020689",0.29773443937301636,0.32109934091567993,0.3811661899089813
test_Seq_2279,2,2,"benchmark=nucleotide_transformer_downstream_tasks;dataset=splice_sites_all;matching=kmer_balanced;matching_signature=(12, 'CCC');border_estimator=center_window_kmer_jsd;estimator=center_jsd;window=48;search_radius=24;kmer=2;top_ratio=0.25;score_scale=4.0;motif_weight=0.0;motif_radius=12;score_normalization=train_quantile;raw_border_score=0.220306;border_score=1.019356",0.28958654403686523,0.2968154847621918,0.413597971200943
test_Seq_2542,2,2,"benchmark=nucleotide_transformer_downstream_tasks;dataset=splice_sites_all;matching=kmer_balanced;matching_signature=(7, 'AAA');border_estimator=center_window_kmer_jsd;estimator=center_jsd;window=48;search_radius=24;kmer=2;top_ratio=0.25;score_scale=4.0;motif_weight=0.0;motif_radius=12;score_normalization=train_quantile;raw_border_score=0.196878;border_score=0.962378",0.26066988706588745,0.27866753935813904,0.4606625437736511
test_Seq_1979,1,2,"benchmark=nucleotide_transformer_downstream_tasks;dataset=splice_sites_all;matching=kmer_balanced;matching_signature=(12, 'GGG');border_estimator=center_window_kmer_jsd;estimator=center_jsd;window=48;search_radius=24;kmer=2;top_ratio=0.25;score_scale=4.0;motif_weight=0.0;motif_radius=12;score_normalization=train_quantile;raw_border_score=0.185841;border_score=0.932733",0.31341445446014404,0.3162757456302643,0.37030982971191406
test_Seq_895,0,2,"benchmark=nucleotide_transformer_downstream_tasks;dataset=splice_sites_all;matching=kmer_balanced;matching_signature=(8, 'TTT');border_estimator=center_window_kmer_jsd;estimator=center_jsd;window=48;search_radius=24;kmer=2;top_ratio=0.25;score_scale=4.0;motif_weight=0.0;motif_radius=12;score_normalization=train_quantile;raw_border_score=0.154048;border_score=0.855489",0.23701293766498566,0.2675940990447998,0.4953930377960205
test_Seq_1995,1,2,"benchmark=nucleotide_transformer_downstream_tasks;dataset=splice_sites_all;matching=kmer_balanced;matching_signature=(12, 'GGG');border_estimator=center_window_kmer_jsd;estimator=center_jsd;window=48;search_radius=24;kmer=2;top_ratio=0.25;score_scale=4.0;motif_weight=0.0;motif_radius=12;score_normalization=train_quantile;raw_border_score=0.159370;border_score=0.866378",0.28434422612190247,0.3008172810077667,0.4148384630680084
test_Seq_2901,2,2,"benchmark=nucleotide_transformer_downstream_tasks;dataset=splice_sites_all;matching=kmer_balanced;matching_signature=(9, 'TTT');border_estimator=center_window_kmer_jsd;estimator=center_jsd;window=48;search_radius=24;kmer=2;top_ratio=0.25;score_scale=4.0;motif_weight=0.0;motif_radius=12;score_normalization=train_quantile;raw_border_score=0.282765;border_score=1.127400",0.24961993098258972,0.2710154354572296,0.47936469316482544
test_Seq_2910,2,2,"benchmark=nucleotide_transformer_downstream_tasks;dataset=splice_sites_all;matching=kmer_balanced;matching_signature=(5, 'TTT');border_estimator=center_window_kmer_jsd;estimator=center_jsd;window=48;search_radius=24;kmer=2;top_ratio=0.25;score_scale=4.0;motif_weight=0.0;motif_radius=12;score_normalization=train_quantile;raw_border_score=0.193574;border_score=0.953711",0.224920392036438,0.24933044612407684,0.5257492065429688
test_Seq_2124,2,2,"benchmark=nucleotide_transformer_downstream_tasks;dataset=splice_sites_all;matching=kmer_balanced;matching_signature=(6, 'TTT');border_estimator=center_window_kmer_jsd;estimator=center_jsd;window=48;search_radius=24;kmer=2;top_ratio=0.25;score_scale=4.0;motif_weight=0.0;motif_radius=12;score_normalization=train_quantile;raw_border_score=0.228955;border_score=1.037978",0.2216118425130844,0.24585261940956116,0.5325354933738708
test_Seq_659,0,2,"benchmark=nucleotide_transformer_downstream_tasks;dataset=splice_sites_all;matching=kmer_balanced;matching_signature=(6, 'TTT');border_estimator=center_window_kmer_jsd;estimator=center_jsd;window=48;search_radius=24;kmer=2;top_ratio=0.25;score_scale=4.0;motif_weight=0.0;motif_radius=12;score_normalization=train_quantile;raw_border_score=0.231442;border_score=1.042378",0.2662794291973114,0.29085463285446167,0.44286593794822693
test_Seq_2195,2,2,"benchmark=nucleotide_transformer_downstream_tasks;dataset=splice_sites_all;matching=kmer_balanced;matching_signature=(6, 'TTT');border_estimator=center_window_kmer_jsd;estimator=center_jsd;window=48;search_radius=24;kmer=2;top_ratio=0.25;score_scale=4.0;motif_weight=0.0;motif_radius=12;score_normalization=train_quantile;raw_border_score=0.155550;border_score=0.858467",0.25752875208854675,0.28749147057533264,0.4549797773361206
test_Seq_1753,1,2,"benchmark=nucleotide_transformer_downstream_tasks;dataset=splice_sites_all;matching=kmer_balanced;matching_signature=(8, 'TTT');border_estimator=center_window_kmer_jsd;estimator=center_jsd;window=48;search_radius=24;kmer=2;top_ratio=0.25;score_scale=4.0;motif_weight=0.0;motif_radius=12;score_normalization=train_quantile;raw_border_score=0.158252;border_score=0.863267",0.2489793449640274,0.27185794711112976,0.47916272282600403
test_Seq_1380,1,2,"benchmark=nucleotide_transformer_downstream_tasks;dataset=splice_sites_all;matching=kmer_balanced;matching_signature=(10, 'CAG');border_estimator=center_window_kmer_jsd;estimator=center_jsd;window=48;search_radius=24;kmer=2;top_ratio=0.25;score_scale=4.0;motif_weight=0.0;motif_radius=12;score_normalization=train_quantile;raw_border_score=0.190882;border_score=0.946422",0.3047480285167694,0.3261697292327881,0.3690822422504425
test_Seq_2048,2,2,"benchmark=nucleotide_transformer_downstream_tasks;dataset=splice_sites_all;matching=kmer_balanced;matching_signature=(13, 'CCC');border_estimator=center_window_kmer_jsd;estimator=center_jsd;window=48;search_radius=24;kmer=2;top_ratio=0.25;score_scale=4.0;motif_weight=0.0;motif_radius=12;score_normalization=train_quantile;raw_border_score=0.099402;border_score=0.802733",0.2950458526611328,0.3021784722805023,0.40277570486068726
test_Seq_1275,1,2,"benchmark=nucleotide_transformer_downstream_tasks;dataset=splice_sites_all;matching=kmer_balanced;matching_signature=(7, 'AAA');border_estimator=center_window_kmer_jsd;estimator=center_jsd;window=48;search_radius=24;kmer=2;top_ratio=0.25;score_scale=4.0;motif_weight=0.0;motif_radius=12;score_normalization=train_quantile;raw_border_score=0.263974;border_score=1.102333",0.23881028592586517,0.2656504809856415,0.49553927779197693
test_Seq_2046,2,2,"benchmark=nucleotide_transformer_downstream_tasks;dataset=splice_sites_all;matching=kmer_balanced;matching_signature=(10, 'CAG');border_estimator=center_window_kmer_jsd;estimator=center_jsd;window=48;search_radius=24;kmer=2;top_ratio=0.25;score_scale=4.0;motif_weight=0.0;motif_radius=12;score_normalization=train_quantile;raw_border_score=0.194949;border_score=0.956822",0.2902401387691498,0.31013989448547363,0.39962002635002136
test_Seq_2823,2,2,"benchmark=nucleotide_transformer_downstream_tasks;dataset=splice_sites_all;matching=kmer_balanced;matching_signature=(6, 'TTT');border_estimator=center_window_kmer_jsd;estimator=center_jsd;window=48;search_radius=24;kmer=2;top_ratio=0.25;score_scale=4.0;motif_weight=0.0;motif_radius=12;score_normalization=train_quantile;raw_border_score=0.248381;border_score=1.075756",0.2544257342815399,0.2806618809700012,0.4649123549461365
test_Seq_690,0,2,"benchmark=nucleotide_transformer_downstream_tasks;dataset=splice_sites_all;matching=kmer_balanced;matching_signature=(8, 'TTT');border_estimator=center_window_kmer_jsd;estimator=center_jsd;window=48;search_radius=24;kmer=2;top_ratio=0.25;score_scale=4.0;motif_weight=0.0;motif_radius=12;score_normalization=train_quantile;raw_border_score=0.325479;border_score=1.164067",0.2767485976219177,0.30502599477767944,0.4182254374027252
test_Seq_1173,1,2,"benchmark=nucleotide_transformer_downstream_tasks;dataset=splice_sites_all;matching=kmer_balanced;matching_signature=(8, 'TGT');border_estimator=center_window_kmer_jsd;estimator=center_jsd;window=48;search_radius=24;kmer=2;top_ratio=0.25;score_scale=4.0;motif_weight=0.0;motif_radius=12;score_normalization=train_quantile;raw_border_score=0.187630;border_score=0.937489",0.22964996099472046,0.24596159160137177,0.5243884921073914
test_Seq_2707,2,2,"benchmark=nucleotide_transformer_downstream_tasks;dataset=splice_sites_all;matching=kmer_balanced;matching_signature=(13, 'GGG');border_estimator=center_window_kmer_jsd;estimator=center_jsd;window=48;search_radius=24;kmer=2;top_ratio=0.25;score_scale=4.0;motif_weight=0.0;motif_radius=12;score_normalization=train_quantile;raw_border_score=0.064251;border_score=0.800156",0.26866739988327026,0.2809053659439087,0.45042726397514343
test_Seq_151,0,2,"benchmark=nucleotide_transformer_downstream_tasks;dataset=splice_sites_all;matching=kmer_balanced;matching_signature=(7, 'TTT');border_estimator=center_window_kmer_jsd;estimator=center_jsd;window=48;search_radius=24;kmer=2;top_ratio=0.25;score_scale=4.0;motif_weight=0.0;motif_radius=12;score_normalization=train_quantile;raw_border_score=0.160025;border_score=0.867667",0.2230207324028015,0.2611401677131653,0.5158390998840332
test_Seq_892,0,2,"benchmark=nucleotide_transformer_downstream_tasks;dataset=splice_sites_all;matching=kmer_balanced;matching_signature=(8, 'TTT');border_estimator=center_window_kmer_jsd;estimator=center_jsd;window=48;search_radius=24;kmer=2;top_ratio=0.25;score_scale=4.0;motif_weight=0.0;motif_radius=12;score_normalization=train_quantile;raw_border_score=0.181775;border_score=0.922022",0.23955677449703217,0.25683289766311646,0.5036103129386902
test_Seq_2545,2,2,"benchmark=nucleotide_transformer_downstream_tasks;dataset=splice_sites_all;matching=kmer_balanced;matching_signature=(6, 'TTT');border_estimator=center_window_kmer_jsd;estimator=center_jsd;window=48;search_radius=24;kmer=2;top_ratio=0.25;score_scale=4.0;motif_weight=0.0;motif_radius=12;score_normalization=train_quantile;raw_border_score=0.133049;border_score=0.822733",0.24339058995246887,0.27638348937034607,0.48022595047950745
test_Seq_2870,2,2,"benchmark=nucleotide_transformer_downstream_tasks;dataset=splice_sites_all;matching=kmer_balanced;matching_signature=(7, 'TTT');border_estimator=center_window_kmer_jsd;estimator=center_jsd;window=48;search_radius=24;kmer=2;top_ratio=0.25;score_scale=4.0;motif_weight=0.0;motif_radius=12;score_normalization=train_quantile;raw_border_score=0.285355;border_score=1.130733",0.22512634098529816,0.25046631693840027,0.5244073271751404
test_Seq_734,0,2,"benchmark=nucleotide_transformer_downstream_tasks;dataset=splice_sites_all;matching=kmer_balanced;matching_signature=(12, 'CTG');border_estimator=center_window_kmer_jsd;estimator=center_jsd;window=48;search_radius=24;kmer=2;top_ratio=0.25;score_scale=4.0;motif_weight=0.0;motif_radius=12;score_normalization=train_quantile;raw_border_score=0.178904;border_score=0.915311",0.30286240577697754,0.3126066029071808,0.3845309615135193
test_Seq_2184,2,2,"benchmark=nucleotide_transformer_downstream_tasks;dataset=splice_sites_all;matching=kmer_balanced;matching_signature=(8, 'TTT');border_estimator=center_window_kmer_jsd;estimator=center_jsd;window=48;search_radius=24;kmer=2;top_ratio=0.25;score_scale=4.0;motif_weight=0.0;motif_radius=12;score_normalization=train_quantile;raw_border_score=0.388816;border_score=1.188067",0.20578883588314056,0.23317624628543854,0.5610349178314209
test_Seq_1186,1,2,"benchmark=nucleotide_transformer_downstream_tasks;dataset=splice_sites_all;matching=kmer_balanced;matching_signature=(6, 'TTT');border_estimator=center_window_kmer_jsd;estimator=center_jsd;window=48;search_radius=24;kmer=2;top_ratio=0.25;score_scale=4.0;motif_weight=0.0;motif_radius=12;score_normalization=train_quantile;raw_border_score=0.252033;border_score=1.082333",0.25139933824539185,0.28040745854377747,0.4681932330131531
test_Seq_2254,2,2,"benchmark=nucleotide_transformer_downstream_tasks;dataset=splice_sites_all;matching=kmer_balanced;matching_signature=(9, 'TCT');border_estimator=center_window_kmer_jsd;estimator=center_jsd;window=48;search_radius=24;kmer=2;top_ratio=0.25;score_scale=4.0;motif_weight=0.0;motif_radius=12;score_normalization=train_quantile;raw_border_score=0.243268;border_score=1.066244",0.24354828894138336,0.2766948342323303,0.4797568619251251
test_Seq_1326,1,2,"benchmark=nucleotide_transformer_downstream_tasks;dataset=splice_sites_all;matching=kmer_balanced;matching_signature=(8, 'AAA');border_estimator=center_window_kmer_jsd;estimator=center_jsd;window=48;search_radius=24;kmer=2;top_ratio=0.25;score_scale=4.0;motif_weight=0.0;motif_radius=12;score_normalization=train_quantile;raw_border_score=0.225603;border_score=1.031267",0.2865041494369507,0.29600608348846436,0.4174897372722626
test_Seq_878,0,2,"benchmark=nucleotide_transformer_downstream_tasks;dataset=splice_sites_all;matching=kmer_balanced;matching_signature=(6, 'TTT');border_estimator=center_window_kmer_jsd;estimator=center_jsd;window=48;search_radius=24;kmer=2;top_ratio=0.25;score_scale=4.0;motif_weight=0.0;motif_radius=12;score_normalization=train_quantile;raw_border_score=0.323461;border_score=1.162956",0.24287860095500946,0.26422616839408875,0.4928951859474182
test_Seq_2754,2,2,"benchmark=nucleotide_transformer_downstream_tasks;dataset=splice_sites_all;matching=kmer_balanced;matching_signature=(11, 'CTG');border_estimator=center_window_kmer_jsd;estimator=center_jsd;window=48;search_radius=24;kmer=2;top_ratio=0.25;score_scale=4.0;motif_weight=0.0;motif_radius=12;score_normalization=train_quantile;raw_border_score=0.193950;border_score=0.954644",0.27888041734695435,0.3024319112300873,0.41868770122528076
test_Seq_703,0,2,"benchmark=nucleotide_transformer_downstream_tasks;dataset=splice_sites_all;matching=kmer_balanced;matching_signature=(12, 'GGG');border_estimator=center_window_kmer_jsd;estimator=center_jsd;window=48;search_radius=24;kmer=2;top_ratio=0.25;score_scale=4.0;motif_weight=0.0;motif_radius=12;score_normalization=train_quantile;raw_border_score=0.477438;border_score=1.197267",0.32422327995300293,0.33286288380622864,0.3429138958454132
test_Seq_1007,1,2,"benchmark=nucleotide_transformer_downstream_tasks;dataset=splice_sites_all;matching=kmer_balanced;matching_signature=(8, 'TTT');border_estimator=center_window_kmer_jsd;estimator=center_jsd;window=48;search_radius=24;kmer=2;top_ratio=0.25;score_scale=4.0;motif_weight=0.0;motif_radius=12;score_normalization=train_quantile;raw_border_score=0.320189;border_score=1.161267",0.2995798587799072,0.3135358989238739,0.3868841826915741
test_Seq_2955,2,2,"benchmark=nucleotide_transformer_downstream_tasks;dataset=splice_sites_all;matching=kmer_balanced;matching_signature=(6, 'TTT');border_estimator=center_window_kmer_jsd;estimator=center_jsd;window=48;search_radius=24;kmer=2;top_ratio=0.25;score_scale=4.0;motif_weight=0.0;motif_radius=12;score_normalization=train_quantile;raw_border_score=0.171584;border_score=0.895178",0.24939817190170288,0.27780619263648987,0.472795695066452
test_Seq_1823,1,2,"benchmark=nucleotide_transformer_downstream_tasks;dataset=splice_sites_all;matching=kmer_balanced;matching_signature=(9, 'GAA');border_estimator=center_window_kmer_jsd;estimator=center_jsd;window=48;search_radius=24;kmer=2;top_ratio=0.25;score_scale=4.0;motif_weight=0.0;motif_radius=12;score_normalization=train_quantile;raw_border_score=0.162663;border_score=0.873311",0.30926066637039185,0.32578372955322266,0.3649556040763855
test_Seq_2616,2,2,"benchmark=nucleotide_transformer_downstream_tasks;dataset=splice_sites_all;matching=kmer_balanced;matching_signature=(12, 'CCC');border_estimator=center_window_kmer_jsd;estimator=center_jsd;window=48;search_radius=24;kmer=2;top_ratio=0.25;score_scale=4.0;motif_weight=0.0;motif_radius=12;score_normalization=train_quantile;raw_border_score=0.153022;border_score=0.853489",0.30127760767936707,0.31028005480766296,0.38844236731529236
test_Seq_1253,1,2,"benchmark=nucleotide_transformer_downstream_tasks;dataset=splice_sites_all;matching=kmer_balanced;matching_signature=(13, 'GGG');border_estimator=center_window_kmer_jsd;estimator=center_jsd;window=48;search_radius=24;kmer=2;top_ratio=0.25;score_scale=4.0;motif_weight=0.0;motif_radius=12;score_normalization=train_quantile;raw_border_score=0.230790;border_score=1.041044",0.32827940583229065,0.3350849449634552,0.33663564920425415
test_Seq_2916,2,2,"benchmark=nucleotide_transformer_downstream_tasks;dataset=splice_sites_all;matching=kmer_balanced;matching_signature=(10, 'CTG');border_estimator=center_window_kmer_jsd;estimator=center_jsd;window=48;search_radius=24;kmer=2;top_ratio=0.25;score_scale=4.0;motif_weight=0.0;motif_radius=12;score_normalization=train_quantile;raw_border_score=0.209638;border_score=0.994289",0.30033278465270996,0.3188055753707886,0.38086166977882385
test_Seq_1382,1,2,"benchmark=nucleotide_transformer_downstream_tasks;dataset=splice_sites_all;matching=kmer_balanced;matching_signature=(9, 'CCT');border_estimator=center_window_kmer_jsd;estimator=center_jsd;window=48;search_radius=24;kmer=2;top_ratio=0.25;score_scale=4.0;motif_weight=0.0;motif_radius=12;score_normalization=train_quantile;raw_border_score=0.193390;border_score=0.953222",0.29287758469581604,0.30699342489242554,0.4001289904117584
test_Seq_2442,2,2,"benchmark=nucleotide_transformer_downstream_tasks;dataset=splice_sites_all;matching=kmer_balanced;matching_signature=(9, 'GAA');border_estimator=center_window_kmer_jsd;estimator=center_jsd;window=48;search_radius=24;kmer=2;top_ratio=0.25;score_scale=4.0;motif_weight=0.0;motif_radius=12;score_normalization=train_quantile;raw_border_score=0.205029;border_score=0.984244",0.27394336462020874,0.2944607138633728,0.43159589171409607
test_Seq_2773,2,2,"benchmark=nucleotide_transformer_downstream_tasks;dataset=splice_sites_all;matching=kmer_balanced;matching_signature=(6, 'TTT');border_estimator=center_window_kmer_jsd;estimator=center_jsd;window=48;search_radius=24;kmer=2;top_ratio=0.25;score_scale=4.0;motif_weight=0.0;motif_radius=12;score_normalization=train_quantile;raw_border_score=0.171686;border_score=0.895711",0.2713945209980011,0.2882322669029236,0.44037312269210815
test_Seq_2533,2,2,"benchmark=nucleotide_transformer_downstream_tasks;dataset=splice_sites_all;matching=kmer_balanced;matching_signature=(6, 'TTT');border_estimator=center_window_kmer_jsd;estimator=center_jsd;window=48;search_radius=24;kmer=2;top_ratio=0.25;score_scale=4.0;motif_weight=0.0;motif_radius=12;score_normalization=train_quantile;raw_border_score=0.232495;border_score=1.044511",0.24590767920017242,0.2609657049179077,0.49312660098075867
test_Seq_1980,1,2,"benchmark=nucleotide_transformer_downstream_tasks;dataset=splice_sites_all;matching=kmer_balanced;matching_signature=(11, 'CTG');border_estimator=center_window_kmer_jsd;estimator=center_jsd;window=48;search_radius=24;kmer=2;top_ratio=0.25;score_scale=4.0;motif_weight=0.0;motif_radius=12;score_normalization=train_quantile;raw_border_score=0.341254;border_score=1.172733",0.3053913414478302,0.3171680271625519,0.3774406611919403
test_Seq_506,0,2,"benchmark=nucleotide_transformer_downstream_tasks;dataset=splice_sites_all;matching=kmer_balanced;matching_signature=(8, 'TTT');border_estimator=center_window_kmer_jsd;estimator=center_jsd;window=48;search_radius=24;kmer=2;top_ratio=0.25;score_scale=4.0;motif_weight=0.0;motif_radius=12;score_normalization=train_quantile;raw_border_score=0.272069;border_score=1.113178",0.30539289116859436,0.32541361451148987,0.3691934645175934
test_Seq_2747,2,2,"benchmark=nucleotide_transformer_downstream_tasks;dataset=splice_sites_all;matching=kmer_balanced;matching_signature=(8, 'AAA');border_estimator=center_window_kmer_jsd;estimator=center_jsd;window=48;search_radius=24;kmer=2;top_ratio=0.25;score_scale=4.0;motif_weight=0.0;motif_radius=12;score_normalization=train_quantile;raw_border_score=0.155711;border_score=0.858733",0.2495592087507248,0.2728578448295593,0.4775829613208771
test_Seq_1925,1,2,"benchmark=nucleotide_transformer_downstream_tasks;dataset=splice_sites_all;matching=kmer_balanced;matching_signature=(11, 'CCT');border_estimator=center_window_kmer_jsd;estimator=center_jsd;window=48;search_radius=24;kmer=2;top_ratio=0.25;score_scale=4.0;motif_weight=0.0;motif_radius=12;score_normalization=train_quantile;raw_border_score=0.170875;border_score=0.892778",0.28884056210517883,0.30553165078163147,0.4056278467178345
test_Seq_553,0,2,"benchmark=nucleotide_transformer_downstream_tasks;dataset=splice_sites_all;matching=kmer_balanced;matching_signature=(11, 'TGG');border_estimator=center_window_kmer_jsd;estimator=center_jsd;window=48;search_radius=24;kmer=2;top_ratio=0.25;score_scale=4.0;motif_weight=0.0;motif_radius=12;score_normalization=train_quantile;raw_border_score=0.324711;border_score=1.163489",0.28491201996803284,0.296211302280426,0.41887667775154114
test_Seq_1107,1,2,"benchmark=nucleotide_transformer_downstream_tasks;dataset=splice_sites_all;matching=kmer_balanced;matching_signature=(12, 'CTG');border_estimator=center_window_kmer_jsd;estimator=center_jsd;window=48;search_radius=24;kmer=2;top_ratio=0.25;score_scale=4.0;motif_weight=0.0;motif_radius=12;score_normalization=train_quantile;raw_border_score=0.153889;border_score=0.855267",0.29108256101608276,0.30041688680648804,0.408500611782074
test_Seq_2848,2,2,"benchmark=nucleotide_transformer_downstream_tasks;dataset=splice_sites_all;matching=kmer_balanced;matching_signature=(7, 'TTT');border_estimator=center_window_kmer_jsd;estimator=center_jsd;window=48;search_radius=24;kmer=2;top_ratio=0.25;score_scale=4.0;motif_weight=0.0;motif_radius=12;score_normalization=train_quantile;raw_border_score=0.227161;border_score=1.034778",0.25312742590904236,0.28022241592407227,0.4666501581668854
test_Seq_1559,1,2,"benchmark=nucleotide_transformer_downstream_tasks;dataset=splice_sites_all;matching=kmer_balanced;matching_signature=(11, 'CCC');border_estimator=center_window_kmer_jsd;estimator=center_jsd;window=48;search_radius=24;kmer=2;top_ratio=0.25;score_scale=4.0;motif_weight=0.0;motif_radius=12;score_normalization=train_quantile;raw_border_score=0.322485;border_score=1.162467",0.2882910668849945,0.3058220446109772,0.40588685870170593
test_Seq_13,0,2,"benchmark=nucleotide_transformer_downstream_tasks;dataset=splice_sites_all;matching=kmer_balanced;matching_signature=(12, 'GGG');border_estimator=center_window_kmer_jsd;estimator=center_jsd;window=48;search_radius=24;kmer=2;top_ratio=0.25;score_scale=4.0;motif_weight=0.0;motif_radius=12;score_normalization=train_quantile;raw_border_score=0.137800;border_score=0.828956",0.32086440920829773,0.32492929697036743,0.35420629382133484
test_Seq_1344,1,2,"benchmark=nucleotide_transformer_downstream_tasks;dataset=splice_sites_all;matching=kmer_balanced;matching_signature=(7, 'TTT');border_estimator=center_window_kmer_jsd;estimator=center_jsd;window=48;search_radius=24;kmer=2;top_ratio=0.25;score_scale=4.0;motif_weight=0.0;motif_radius=12;score_normalization=train_quantile;raw_border_score=0.207398;border_score=0.989133",0.23554648458957672,0.26017579436302185,0.5042777061462402
test_Seq_1064,1,1,"benchmark=nucleotide_transformer_downstream_tasks;dataset=splice_sites_all;matching=kmer_balanced;matching_signature=(10, 'CCC');border_estimator=center_window_kmer_jsd;estimator=center_jsd;window=48;search_radius=24;kmer=2;top_ratio=0.25;score_scale=4.0;motif_weight=0.0;motif_radius=12;score_normalization=train_quantile;raw_border_score=0.266645;border_score=1.105489",0.3308073878288269,0.34150969982147217,0.3276829123497009
test_Seq_2777,2,2,"benchmark=nucleotide_transformer_downstream_tasks;dataset=splice_sites_all;matching=kmer_balanced;matching_signature=(8, 'AAA');border_estimator=center_window_kmer_jsd;estimator=center_jsd;window=48;search_radius=24;kmer=2;top_ratio=0.25;score_scale=4.0;motif_weight=0.0;motif_radius=12;score_normalization=train_quantile;raw_border_score=0.231468;border_score=1.042422",0.31058481335639954,0.3192461133003235,0.370169073343277
test_Seq_2695,2,1,"benchmark=nucleotide_transformer_downstream_tasks;dataset=splice_sites_all;matching=kmer_balanced;matching_signature=(9, 'CTG');border_estimator=center_window_kmer_jsd;estimator=center_jsd;window=48;search_radius=24;kmer=2;top_ratio=0.25;score_scale=4.0;motif_weight=0.0;motif_radius=12;score_normalization=train_quantile;raw_border_score=0.145778;border_score=0.840022",0.32487139105796814,0.33908316493034363,0.33604544401168823
test_Seq_722,0,2,"benchmark=nucleotide_transformer_downstream_tasks;dataset=splice_sites_all;matching=kmer_balanced;matching_signature=(6, 'TTT');border_estimator=center_window_kmer_jsd;estimator=center_jsd;window=48;search_radius=24;kmer=2;top_ratio=0.25;score_scale=4.0;motif_weight=0.0;motif_radius=12;score_normalization=train_quantile;raw_border_score=0.212433;border_score=1.000511",0.24948075413703918,0.27701976895332336,0.47349944710731506
test_Seq_1955,1,2,"benchmark=nucleotide_transformer_downstream_tasks;dataset=splice_sites_all;matching=kmer_balanced;matching_signature=(9, 'CTT');border_estimator=center_window_kmer_jsd;estimator=center_jsd;window=48;search_radius=24;kmer=2;top_ratio=0.25;score_scale=4.0;motif_weight=0.0;motif_radius=12;score_normalization=train_quantile;raw_border_score=0.214812;border_score=1.005578",0.2562354803085327,0.2689584791660309,0.4748060703277588
test_Seq_495,0,2,"benchmark=nucleotide_transformer_downstream_tasks;dataset=splice_sites_all;matching=kmer_balanced;matching_signature=(6, 'TTT');border_estimator=center_window_kmer_jsd;estimator=center_jsd;window=48;search_radius=24;kmer=2;top_ratio=0.25;score_scale=4.0;motif_weight=0.0;motif_radius=12;score_normalization=train_quantile;raw_border_score=0.304143;border_score=1.149844",0.2508319318294525,0.2735358476638794,0.4756321310997009
test_Seq_1992,1,2,"benchmark=nucleotide_transformer_downstream_tasks;dataset=splice_sites_all;matching=kmer_balanced;matching_signature=(10, 'CCT');border_estimator=center_window_kmer_jsd;estimator=center_jsd;window=48;search_radius=24;kmer=2;top_ratio=0.25;score_scale=4.0;motif_weight=0.0;motif_radius=12;score_normalization=train_quantile;raw_border_score=0.171337;border_score=0.894378",0.294747918844223,0.31823480129241943,0.38701727986335754
test_Seq_658,0,2,"benchmark=nucleotide_transformer_downstream_tasks;dataset=splice_sites_all;matching=kmer_balanced;matching_signature=(13, 'GGG');border_estimator=center_window_kmer_jsd;estimator=center_jsd;window=48;search_radius=24;kmer=2;top_ratio=0.25;score_scale=4.0;motif_weight=0.0;motif_radius=12;score_normalization=train_quantile;raw_border_score=0.176745;border_score=0.910378",0.29763469099998474,0.30156388878822327,0.4008013904094696
test_Seq_686,0,2,"benchmark=nucleotide_transformer_downstream_tasks;dataset=splice_sites_all;matching=kmer_balanced;matching_signature=(6, 'TTT');border_estimator=center_window_kmer_jsd;estimator=center_jsd;window=48;search_radius=24;kmer=2;top_ratio=0.25;score_scale=4.0;motif_weight=0.0;motif_radius=12;score_normalization=train_quantile;raw_border_score=0.347600;border_score=1.176022",0.24066053330898285,0.26415467262268066,0.4951847493648529
test_Seq_2412,2,2,"benchmark=nucleotide_transformer_downstream_tasks;dataset=splice_sites_all;matching=kmer_balanced;matching_signature=(7, 'AAA');border_estimator=center_window_kmer_jsd;estimator=center_jsd;window=48;search_radius=24;kmer=2;top_ratio=0.25;score_scale=4.0;motif_weight=0.0;motif_radius=12;score_normalization=train_quantile;raw_border_score=0.257458;border_score=1.091356",0.23009833693504333,0.2516959309577942,0.5182057023048401
