id,true_label,pred_label,metadata,prob_0,prob_1,prob_2
test_Seq_2979,2,2,"benchmark=nucleotide_transformer_downstream_tasks;dataset=splice_sites_all;matching=kmer_balanced;matching_signature=(11, 'CAG');border_estimator=center_window_kmer_jsd;estimator=center_jsd;window=48;search_radius=24;kmer=2;top_ratio=0.25;score_scale=4.0;motif_weight=0.0;motif_radius=12;score_normalization=train_quantile;raw_border_score=0.317606;border_score=1.159356",0.32745739817619324,0.32668009400367737,0.345862478017807
test_Seq_2853,2,2,"benchmark=nucleotide_transformer_downstream_tasks;dataset=splice_sites_all;matching=kmer_balanced;matching_signature=(8, 'TTC');border_estimator=center_window_kmer_jsd;estimator=center_jsd;window=48;search_radius=24;kmer=2;top_ratio=0.25;score_scale=4.0;motif_weight=0.0;motif_radius=12;score_normalization=train_quantile;raw_border_score=0.209544;border_score=0.994156",0.2687833309173584,0.25792643427848816,0.47329020500183105
test_Seq_2520,2,2,"benchmark=nucleotide_transformer_downstream_tasks;dataset=splice_sites_all;matching=kmer_balanced;matching_signature=(12, 'GGG');border_estimator=center_window_kmer_jsd;estimator=center_jsd;window=48;search_radius=24;kmer=2;top_ratio=0.25;score_scale=4.0;motif_weight=0.0;motif_radius=12;score_normalization=train_quantile;raw_border_score=0.205414;border_score=0.985267",0.3042776584625244,0.2949201762676239,0.4008021950721741
test_Seq_2632,2,0,"benchmark=nucleotide_transformer_downstream_tasks;dataset=splice_sites_all;matching=kmer_balanced;matching_signature=(14, 'CGG');border_estimator=center_window_kmer_jsd;estimator=center_jsd;window=48;search_radius=24;kmer=2;top_ratio=0.25;score_scale=4.0;motif_weight=0.0;motif_radius=12;score_normalization=train_quantile;raw_border_score=0.181279;border_score=0.921178",0.3541119694709778,0.3533021807670593,0.2925858199596405
test_Seq_465,0,2,"benchmark=nucleotide_transformer_downstream_tasks;dataset=splice_sites_all;matching=kmer_balanced;matching_signature=(7, 'TTT');border_estimator=center_window_kmer_jsd;estimator=center_jsd;window=48;search_radius=24;kmer=2;top_ratio=0.25;score_scale=4.0;motif_weight=0.0;motif_radius=12;score_normalization=train_quantile;raw_border_score=0.246821;border_score=1.072689",0.3102811276912689,0.2986193001270294,0.39109960198402405
test_Seq_136,0,2,"benchmark=nucleotide_transformer_downstream_tasks;dataset=splice_sites_all;matching=kmer_balanced;matching_signature=(7, 'AAA');border_estimator=center_window_kmer_jsd;estimator=center_jsd;window=48;search_radius=24;kmer=2;top_ratio=0.25;score_scale=4.0;motif_weight=0.0;motif_radius=12;score_normalization=train_quantile;raw_border_score=0.251707;border_score=1.081889",0.22018851339817047,0.2171633243560791,0.5626481175422668
test_Seq_2365,2,2,"benchmark=nucleotide_transformer_downstream_tasks;dataset=splice_sites_all;matching=kmer_balanced;matching_signature=(8, 'GTG');border_estimator=center_window_kmer_jsd;estimator=center_jsd;window=48;search_radius=24;kmer=2;top_ratio=0.25;score_scale=4.0;motif_weight=0.0;motif_radius=12;score_normalization=train_quantile;raw_border_score=0.214478;border_score=1.005044",0.2993253767490387,0.3001650273799896,0.4005095660686493
test_Seq_667,0,2,"benchmark=nucleotide_transformer_downstream_tasks;dataset=splice_sites_all;matching=kmer_balanced;matching_signature=(8, 'TTT');border_estimator=center_window_kmer_jsd;estimator=center_jsd;window=48;search_radius=24;kmer=2;top_ratio=0.25;score_scale=4.0;motif_weight=0.0;motif_radius=12;score_normalization=train_quantile;raw_border_score=0.238838;border_score=1.056111",0.3110755980014801,0.3123624324798584,0.3765620291233063
test_Seq_2704,2,2,"benchmark=nucleotide_transformer_downstream_tasks;dataset=splice_sites_all;matching=kmer_balanced;matching_signature=(7, 'AAA');border_estimator=center_window_kmer_jsd;estimator=center_jsd;window=48;search_radius=24;kmer=2;top_ratio=0.25;score_scale=4.0;motif_weight=0.0;motif_radius=12;score_normalization=train_quantile;raw_border_score=0.169525;border_score=0.889667",0.28491318225860596,0.2820969223976135,0.4329899251461029
test_Seq_2921,2,2,"benchmark=nucleotide_transformer_downstream_tasks;dataset=splice_sites_all;matching=kmer_balanced;matching_signature=(7, 'TTT');border_estimator=center_window_kmer_jsd;estimator=center_jsd;window=48;search_radius=24;kmer=2;top_ratio=0.25;score_scale=4.0;motif_weight=0.0;motif_radius=12;score_normalization=train_quantile;raw_border_score=0.180431;border_score=0.918956",0.19649462401866913,0.18713216483592987,0.6163732409477234
test_Seq_1896,1,2,"benchmark=nucleotide_transformer_downstream_tasks;dataset=splice_sites_all;matching=kmer_balanced;matching_signature=(7, 'TAT');border_estimator=center_window_kmer_jsd;estimator=center_jsd;window=48;search_radius=24;kmer=2;top_ratio=0.25;score_scale=4.0;motif_weight=0.0;motif_radius=12;score_normalization=train_quantile;raw_border_score=0.165309;border_score=0.879800",0.31656414270401,0.31877008080482483,0.36466580629348755
test_Seq_2417,2,2,"benchmark=nucleotide_transformer_downstream_tasks;dataset=splice_sites_all;matching=kmer_balanced;matching_signature=(8, 'TTT');border_estimator=center_window_kmer_jsd;estimator=center_jsd;window=48;search_radius=24;kmer=2;top_ratio=0.25;score_scale=4.0;motif_weight=0.0;motif_radius=12;score_normalization=train_quantile;raw_border_score=0.159951;border_score=0.867444",0.29352128505706787,0.2802406847476959,0.4262380301952362
test_Seq_1691,1,2,"benchmark=nucleotide_transformer_downstream_tasks;dataset=splice_sites_all;matching=kmer_balanced;matching_signature=(8, 'AAA');border_estimator=center_window_kmer_jsd;estimator=center_jsd;window=48;search_radius=24;kmer=2;top_ratio=0.25;score_scale=4.0;motif_weight=0.0;motif_radius=12;score_normalization=train_quantile;raw_border_score=0.174504;border_score=0.903622",0.19977892935276031,0.19097834825515747,0.6092426776885986
test_Seq_1909,1,2,"benchmark=nucleotide_transformer_downstream_tasks;dataset=splice_sites_all;matching=kmer_balanced;matching_signature=(10, 'CCA');border_estimator=center_window_kmer_jsd;estimator=center_jsd;window=48;search_radius=24;kmer=2;top_ratio=0.25;score_scale=4.0;motif_weight=0.0;motif_radius=12;score_normalization=train_quantile;raw_border_score=0.138644;border_score=0.829889",0.28197169303894043,0.2788945436477661,0.43913379311561584
test_Seq_1472,1,2,"benchmark=nucleotide_transformer_downstream_tasks;dataset=splice_sites_all;matching=kmer_balanced;matching_signature=(12, 'CTG');border_estimator=center_window_kmer_jsd;estimator=center_jsd;window=48;search_radius=24;kmer=2;top_ratio=0.25;score_scale=4.0;motif_weight=0.0;motif_radius=12;score_normalization=train_quantile;raw_border_score=0.156291;border_score=0.859800",0.296312540769577,0.2973005473613739,0.4063869118690491
test_Seq_1839,1,2,"benchmark=nucleotide_transformer_downstream_tasks;dataset=splice_sites_all;matching=kmer_balanced;matching_signature=(5, 'TTT');border_estimator=center_window_kmer_jsd;estimator=center_jsd;window=48;search_radius=24;kmer=2;top_ratio=0.25;score_scale=4.0;motif_weight=0.0;motif_radius=12;score_normalization=train_quantile;raw_border_score=0.221860;border_score=1.023222",0.299992173910141,0.287495881319046,0.4125119149684906
test_Seq_1350,1,2,"benchmark=nucleotide_transformer_downstream_tasks;dataset=splice_sites_all;matching=kmer_balanced;matching_signature=(8, 'AAA');border_estimator=center_window_kmer_jsd;estimator=center_jsd;window=48;search_radius=24;kmer=2;top_ratio=0.25;score_scale=4.0;motif_weight=0.0;motif_radius=12;score_normalization=train_quantile;raw_border_score=0.205385;border_score=0.985178",0.2790534496307373,0.2789870798587799,0.4419594705104828
test_Seq_633,0,2,"benchmark=nucleotide_transformer_downstream_tasks;dataset=splice_sites_all;matching=kmer_balanced;matching_signature=(8, 'AAA');border_estimator=center_window_kmer_jsd;estimator=center_jsd;window=48;search_radius=24;kmer=2;top_ratio=0.25;score_scale=4.0;motif_weight=0.0;motif_radius=12;score_normalization=train_quantile;raw_border_score=0.269802;border_score=1.109889",0.32856646180152893,0.33551380038261414,0.33591970801353455
test_Seq_2419,2,1,"benchmark=nucleotide_transformer_downstream_tasks;dataset=splice_sites_all;matching=kmer_balanced;matching_signature=(13, 'GGG');border_estimator=center_window_kmer_jsd;estimator=center_jsd;window=48;search_radius=24;kmer=2;top_ratio=0.25;score_scale=4.0;motif_weight=0.0;motif_radius=12;score_normalization=train_quantile;raw_border_score=0.197733;border_score=0.965000",0.34823107719421387,0.35148558020591736,0.30028337240219116
test_Seq_2273,2,2,"benchmark=nucleotide_transformer_downstream_tasks;dataset=splice_sites_all;matching=kmer_balanced;matching_signature=(12, 'GGG');border_estimator=center_window_kmer_jsd;estimator=center_jsd;window=48;search_radius=24;kmer=2;top_ratio=0.25;score_scale=4.0;motif_weight=0.0;motif_radius=12;score_normalization=train_quantile;raw_border_score=0.166918;border_score=0.883933",0.2929952144622803,0.28678739070892334,0.4202173948287964
test_Seq_140,0,2,"benchmark=nucleotide_transformer_downstream_tasks;dataset=splice_sites_all;matching=kmer_balanced;matching_signature=(8, 'AAA');border_estimator=center_window_kmer_jsd;estimator=center_jsd;window=48;search_radius=24;kmer=2;top_ratio=0.25;score_scale=4.0;motif_weight=0.0;motif_radius=12;score_normalization=train_quantile;raw_border_score=0.395331;border_score=1.189000",0.3271225392818451,0.3213740289211273,0.3515034317970276
test_Seq_2560,2,2,"benchmark=nucleotide_transformer_downstream_tasks;dataset=splice_sites_all;matching=kmer_balanced;matching_signature=(7, 'TTT');border_estimator=center_window_kmer_jsd;estimator=center_jsd;window=48;search_radius=24;kmer=2;top_ratio=0.25;score_scale=4.0;motif_weight=0.0;motif_radius=12;score_normalization=train_quantile;raw_border_score=0.154750;border_score=0.856733",0.30392318964004517,0.29776960611343384,0.39830726385116577
test_Seq_1667,1,2,"benchmark=nucleotide_transformer_downstream_tasks;dataset=splice_sites_all;matching=kmer_balanced;matching_signature=(8, 'AAA');border_estimator=center_window_kmer_jsd;estimator=center_jsd;window=48;search_radius=24;kmer=2;top_ratio=0.25;score_scale=4.0;motif_weight=0.0;motif_radius=12;score_normalization=train_quantile;raw_border_score=0.176269;border_score=0.908867",0.29279184341430664,0.28715723752975464,0.42005085945129395
test_Seq_2729,2,1,"benchmark=nucleotide_transformer_downstream_tasks;dataset=splice_sites_all;matching=kmer_balanced;matching_signature=(6, 'AAA');border_estimator=center_window_kmer_jsd;estimator=center_jsd;window=48;search_radius=24;kmer=2;top_ratio=0.25;score_scale=4.0;motif_weight=0.0;motif_radius=12;score_normalization=train_quantile;raw_border_score=0.229686;border_score=1.039133",0.3341119885444641,0.3402498960494995,0.325638085603714
test_Seq_1169,1,2,"benchmark=nucleotide_transformer_downstream_tasks;dataset=splice_sites_all;matching=kmer_balanced;matching_signature=(9, 'TCT');border_estimator=center_window_kmer_jsd;estimator=center_jsd;window=48;search_radius=24;kmer=2;top_ratio=0.25;score_scale=4.0;motif_weight=0.0;motif_radius=12;score_normalization=train_quantile;raw_border_score=0.200967;border_score=0.973178",0.33097830414772034,0.32419630885124207,0.3448253571987152
test_Seq_30,0,2,"benchmark=nucleotide_transformer_downstream_tasks;dataset=splice_sites_all;matching=kmer_balanced;matching_signature=(11, 'GGG');border_estimator=center_window_kmer_jsd;estimator=center_jsd;window=48;search_radius=24;kmer=2;top_ratio=0.25;score_scale=4.0;motif_weight=0.0;motif_radius=12;score_normalization=train_quantile;raw_border_score=0.149944;border_score=0.847667",0.3218984007835388,0.3213641047477722,0.35673749446868896
test_Seq_1473,1,2,"benchmark=nucleotide_transformer_downstream_tasks;dataset=splice_sites_all;matching=kmer_balanced;matching_signature=(9, 'AAA');border_estimator=center_window_kmer_jsd;estimator=center_jsd;window=48;search_radius=24;kmer=2;top_ratio=0.25;score_scale=4.0;motif_weight=0.0;motif_radius=12;score_normalization=train_quantile;raw_border_score=0.118431;border_score=0.810022",0.20977233350276947,0.19781406223773956,0.5924136638641357
test_Seq_2803,2,2,"benchmark=nucleotide_transformer_downstream_tasks;dataset=splice_sites_all;matching=kmer_balanced;matching_signature=(8, 'TTT');border_estimator=center_window_kmer_jsd;estimator=center_jsd;window=48;search_radius=24;kmer=2;top_ratio=0.25;score_scale=4.0;motif_weight=0.0;motif_radius=12;score_normalization=train_quantile;raw_border_score=0.216444;border_score=1.010067",0.3285587728023529,0.3212253749370575,0.3502159118652344
test_Seq_2930,2,2,"benchmark=nucleotide_transformer_downstream_tasks;dataset=splice_sites_all;matching=kmer_balanced;matching_signature=(6, 'TTT');border_estimator=center_window_kmer_jsd;estimator=center_jsd;window=48;search_radius=24;kmer=2;top_ratio=0.25;score_scale=4.0;motif_weight=0.0;motif_radius=12;score_normalization=train_quantile;raw_border_score=0.164815;border_score=0.878556",0.31999045610427856,0.31985023617744446,0.360159307718277
test_Seq_2106,2,2,"benchmark=nucleotide_transformer_downstream_tasks;dataset=splice_sites_all;matching=kmer_balanced;matching_signature=(9, 'CAG');border_estimator=center_window_kmer_jsd;estimator=center_jsd;window=48;search_radius=24;kmer=2;top_ratio=0.25;score_scale=4.0;motif_weight=0.0;motif_radius=12;score_normalization=train_quantile;raw_border_score=0.349729;border_score=1.176822",0.2352413535118103,0.2289016991853714,0.5358569622039795
test_Seq_1104,1,2,"benchmark=nucleotide_transformer_downstream_tasks;dataset=splice_sites_all;matching=kmer_balanced;matching_signature=(8, 'TTT');border_estimator=center_window_kmer_jsd;estimator=center_jsd;window=48;search_radius=24;kmer=2;top_ratio=0.25;score_scale=4.0;motif_weight=0.0;motif_radius=12;score_normalization=train_quantile;raw_border_score=0.184519;border_score=0.928956",0.31746238470077515,0.30955934524536133,0.37297824025154114
test_Seq_1406,1,2,"benchmark=nucleotide_transformer_downstream_tasks;dataset=splice_sites_all;matching=kmer_balanced;matching_signature=(7, 'TTT');border_estimator=center_window_kmer_jsd;estimator=center_jsd;window=48;search_radius=24;kmer=2;top_ratio=0.25;score_scale=4.0;motif_weight=0.0;motif_radius=12;score_normalization=train_quantile;raw_border_score=0.290399;border_score=1.136556",0.29820555448532104,0.29133132100105286,0.4104630947113037
test_Seq_1677,1,2,"benchmark=nucleotide_transformer_downstream_tasks;dataset=splice_sites_all;matching=kmer_balanced;matching_signature=(8, 'TTT');border_estimator=center_window_kmer_jsd;estimator=center_jsd;window=48;search_radius=24;kmer=2;top_ratio=0.25;score_scale=4.0;motif_weight=0.0;motif_radius=12;score_normalization=train_quantile;raw_border_score=0.192714;border_score=0.951444",0.29061365127563477,0.290375292301178,0.41901105642318726
test_Seq_1264,1,2,"benchmark=nucleotide_transformer_downstream_tasks;dataset=splice_sites_all;matching=kmer_balanced;matching_signature=(9, 'CTG');border_estimator=center_window_kmer_jsd;estimator=center_jsd;window=48;search_radius=24;kmer=2;top_ratio=0.25;score_scale=4.0;motif_weight=0.0;motif_radius=12;score_normalization=train_quantile;raw_border_score=0.157283;border_score=0.861711",0.3036869168281555,0.29900988936424255,0.39730319380760193
test_Seq_1778,1,2,"benchmark=nucleotide_transformer_downstream_tasks;dataset=splice_sites_all;matching=kmer_balanced;matching_signature=(6, 'AAA');border_estimator=center_window_kmer_jsd;estimator=center_jsd;window=48;search_radius=24;kmer=2;top_ratio=0.25;score_scale=4.0;motif_weight=0.0;motif_radius=12;score_normalization=train_quantile;raw_border_score=0.314207;border_score=1.156867",0.30483850836753845,0.3150324821472168,0.38012897968292236
test_Seq_2166,2,2,"benchmark=nucleotide_transformer_downstream_tasks;dataset=splice_sites_all;matching=kmer_balanced;matching_signature=(12, 'CCC');border_estimator=center_window_kmer_jsd;estimator=center_jsd;window=48;search_radius=24;kmer=2;top_ratio=0.25;score_scale=4.0;motif_weight=0.0;motif_radius=12;score_normalization=train_quantile;raw_border_score=0.228521;border_score=1.037044",0.3295438587665558,0.33291956782341003,0.3375365436077118
test_Seq_638,0,2,"benchmark=nucleotide_transformer_downstream_tasks;dataset=splice_sites_all;matching=kmer_balanced;matching_signature=(11, 'CTG');border_estimator=center_window_kmer_jsd;estimator=center_jsd;window=48;search_radius=24;kmer=2;top_ratio=0.25;score_scale=4.0;motif_weight=0.0;motif_radius=12;score_normalization=train_quantile;raw_border_score=0.134643;border_score=0.824778",0.3172264099121094,0.3259736895561218,0.3567998707294464
test_Seq_2238,2,1,"benchmark=nucleotide_transformer_downstream_tasks;dataset=splice_sites_all;matching=kmer_balanced;matching_signature=(13, 'GGG');border_estimator=center_window_kmer_jsd;estimator=center_jsd;window=48;search_radius=24;kmer=2;top_ratio=0.25;score_scale=4.0;motif_weight=0.0;motif_radius=12;score_normalization=train_quantile;raw_border_score=0.225393;border_score=1.030867",0.3547156751155853,0.3563654124736786,0.2889189124107361
test_Seq_1346,1,2,"benchmark=nucleotide_transformer_downstream_tasks;dataset=splice_sites_all;matching=kmer_balanced;matching_signature=(9, 'CTG');border_estimator=center_window_kmer_jsd;estimator=center_jsd;window=48;search_radius=24;kmer=2;top_ratio=0.25;score_scale=4.0;motif_weight=0.0;motif_radius=12;score_normalization=train_quantile;raw_border_score=0.242915;border_score=1.065356",0.3112514317035675,0.31564581394195557,0.37310275435447693
test_Seq_1365,1,2,"benchmark=nucleotide_transformer_downstream_tasks;dataset=splice_sites_all;matching=kmer_balanced;matching_signature=(7, 'TTT');border_estimator=center_window_kmer_jsd;estimator=center_jsd;window=48;search_radius=24;kmer=2;top_ratio=0.25;score_scale=4.0;motif_weight=0.0;motif_radius=12;score_normalization=train_quantile;raw_border_score=0.282451;border_score=1.127000",0.2983023524284363,0.28771018981933594,0.4139874577522278
test_Seq_1234,1,2,"benchmark=nucleotide_transformer_downstream_tasks;dataset=splice_sites_all;matching=kmer_balanced;matching_signature=(7, 'TTT');border_estimator=center_window_kmer_jsd;estimator=center_jsd;window=48;search_radius=24;kmer=2;top_ratio=0.25;score_scale=4.0;motif_weight=0.0;motif_radius=12;score_normalization=train_quantile;raw_border_score=0.210312;border_score=0.996022",0.32295694947242737,0.3215901255607605,0.35545286536216736
test_Seq_2456,2,2,"benchmark=nucleotide_transformer_downstream_tasks;dataset=splice_sites_all;matching=kmer_balanced;matching_signature=(9, 'TTT');border_estimator=center_window_kmer_jsd;estimator=center_jsd;window=48;search_radius=24;kmer=2;top_ratio=0.25;score_scale=4.0;motif_weight=0.0;motif_radius=12;score_normalization=train_quantile;raw_border_score=0.255845;border_score=1.088956",0.29527348279953003,0.2971253991127014,0.40760108828544617
test_Seq_481,0,1,"benchmark=nucleotide_transformer_downstream_tasks;dataset=splice_sites_all;matching=kmer_balanced;matching_signature=(10, 'CAG');border_estimator=center_window_kmer_jsd;estimator=center_jsd;window=48;search_radius=24;kmer=2;top_ratio=0.25;score_scale=4.0;motif_weight=0.0;motif_radius=12;score_normalization=train_quantile;raw_border_score=0.210384;border_score=0.996156",0.37853193283081055,0.3880217373371124,0.23344634473323822
test_Seq_1012,1,1,"benchmark=nucleotide_transformer_downstream_tasks;dataset=splice_sites_all;matching=kmer_balanced;matching_signature=(7, 'TTT');border_estimator=center_window_kmer_jsd;estimator=center_jsd;window=48;search_radius=24;kmer=2;top_ratio=0.25;score_scale=4.0;motif_weight=0.0;motif_radius=12;score_normalization=train_quantile;raw_border_score=0.215790;border_score=1.008156",0.35972413420677185,0.3622816205024719,0.2779942452907562
test_Seq_1439,1,1,"benchmark=nucleotide_transformer_downstream_tasks;dataset=splice_sites_all;matching=kmer_balanced;matching_signature=(9, 'CTG');border_estimator=center_window_kmer_jsd;estimator=center_jsd;window=48;search_radius=24;kmer=2;top_ratio=0.25;score_scale=4.0;motif_weight=0.0;motif_radius=12;score_normalization=train_quantile;raw_border_score=0.194698;border_score=0.956244",0.33936554193496704,0.3453909456729889,0.31524351239204407
test_Seq_910,0,2,"benchmark=nucleotide_transformer_downstream_tasks;dataset=splice_sites_all;matching=kmer_balanced;matching_signature=(11, 'CCA');border_estimator=center_window_kmer_jsd;estimator=center_jsd;window=48;search_radius=24;kmer=2;top_ratio=0.25;score_scale=4.0;motif_weight=0.0;motif_radius=12;score_normalization=train_quantile;raw_border_score=0.300198;border_score=1.146378",0.296556681394577,0.2946154475212097,0.40882793068885803
test_Seq_2105,2,2,"benchmark=nucleotide_transformer_downstream_tasks;dataset=splice_sites_all;matching=kmer_balanced;matching_signature=(8, 'AAA');border_estimator=center_window_kmer_jsd;estimator=center_jsd;window=48;search_radius=24;kmer=2;top_ratio=0.25;score_scale=4.0;motif_weight=0.0;motif_radius=12;score_normalization=train_quantile;raw_border_score=0.274746;border_score=1.116956",0.2083737552165985,0.206766739487648,0.5848595499992371
test_Seq_2945,2,2,"benchmark=nucleotide_transformer_downstream_tasks;dataset=splice_sites_all;matching=kmer_balanced;matching_signature=(10, 'CCA');border_estimator=center_window_kmer_jsd;estimator=center_jsd;window=48;search_radius=24;kmer=2;top_ratio=0.25;score_scale=4.0;motif_weight=0.0;motif_radius=12;score_normalization=train_quantile;raw_border_score=0.261890;border_score=1.098733",0.2758569121360779,0.2842501103878021,0.43989288806915283
test_Seq_1989,1,1,"benchmark=nucleotide_transformer_downstream_tasks;dataset=splice_sites_all;matching=kmer_balanced;matching_signature=(6, 'TTT');border_estimator=center_window_kmer_jsd;estimator=center_jsd;window=48;search_radius=24;kmer=2;top_ratio=0.25;score_scale=4.0;motif_weight=0.0;motif_radius=12;score_normalization=train_quantile;raw_border_score=0.247959;border_score=1.075089",0.359058141708374,0.36650383472442627,0.2744380533695221
test_Seq_1090,1,2,"benchmark=nucleotide_transformer_downstream_tasks;dataset=splice_sites_all;matching=kmer_balanced;matching_signature=(8, 'TTT');border_estimator=center_window_kmer_jsd;estimator=center_jsd;window=48;search_radius=24;kmer=2;top_ratio=0.25;score_scale=4.0;motif_weight=0.0;motif_radius=12;score_normalization=train_quantile;raw_border_score=0.239577;border_score=1.057489",0.10883775353431702,0.1030653566122055,0.7880969047546387
test_Seq_785,0,2,"benchmark=nucleotide_transformer_downstream_tasks;dataset=splice_sites_all;matching=kmer_balanced;matching_signature=(8, 'TTT');border_estimator=center_window_kmer_jsd;estimator=center_jsd;window=48;search_radius=24;kmer=2;top_ratio=0.25;score_scale=4.0;motif_weight=0.0;motif_radius=12;score_normalization=train_quantile;raw_border_score=0.211729;border_score=0.999222",0.22381450235843658,0.21102631092071533,0.5651592016220093
test_Seq_1981,1,2,"benchmark=nucleotide_transformer_downstream_tasks;dataset=splice_sites_all;matching=kmer_balanced;matching_signature=(11, 'GGG');border_estimator=center_window_kmer_jsd;estimator=center_jsd;window=48;search_radius=24;kmer=2;top_ratio=0.25;score_scale=4.0;motif_weight=0.0;motif_radius=12;score_normalization=train_quantile;raw_border_score=0.180717;border_score=0.919667",0.3106074929237366,0.3242603540420532,0.3651321530342102
test_Seq_1804,1,2,"benchmark=nucleotide_transformer_downstream_tasks;dataset=splice_sites_all;matching=kmer_balanced;matching_signature=(6, 'TTT');border_estimator=center_window_kmer_jsd;estimator=center_jsd;window=48;search_radius=24;kmer=2;top_ratio=0.25;score_scale=4.0;motif_weight=0.0;motif_radius=12;score_normalization=train_quantile;raw_border_score=0.191568;border_score=0.948556",0.3030851185321808,0.28800755739212036,0.40890738368034363
test_Seq_2380,2,2,"benchmark=nucleotide_transformer_downstream_tasks;dataset=splice_sites_all;matching=kmer_balanced;matching_signature=(8, 'TTT');border_estimator=center_window_kmer_jsd;estimator=center_jsd;window=48;search_radius=24;kmer=2;top_ratio=0.25;score_scale=4.0;motif_weight=0.0;motif_radius=12;score_normalization=train_quantile;raw_border_score=0.187303;border_score=0.936822",0.3131090998649597,0.3161197304725647,0.3707711696624756
test_Seq_2423,2,0,"benchmark=nucleotide_transformer_downstream_tasks;dataset=splice_sites_all;matching=kmer_balanced;matching_signature=(7, 'TTT');border_estimator=center_window_kmer_jsd;estimator=center_jsd;window=48;search_radius=24;kmer=2;top_ratio=0.25;score_scale=4.0;motif_weight=0.0;motif_radius=12;score_normalization=train_quantile;raw_border_score=0.128517;border_score=0.817711",0.340167373418808,0.3366614878177643,0.32317113876342773
test_Seq_777,0,2,"benchmark=nucleotide_transformer_downstream_tasks;dataset=splice_sites_all;matching=kmer_balanced;matching_signature=(7, 'ATT');border_estimator=center_window_kmer_jsd;estimator=center_jsd;window=48;search_radius=24;kmer=2;top_ratio=0.25;score_scale=4.0;motif_weight=0.0;motif_radius=12;score_normalization=train_quantile;raw_border_score=0.247575;border_score=1.074111",0.16983647644519806,0.1565413773059845,0.673622190952301
test_Seq_2186,2,2,"benchmark=nucleotide_transformer_downstream_tasks;dataset=splice_sites_all;matching=kmer_balanced;matching_signature=(7, 'AAA');border_estimator=center_window_kmer_jsd;estimator=center_jsd;window=48;search_radius=24;kmer=2;top_ratio=0.25;score_scale=4.0;motif_weight=0.0;motif_radius=12;score_normalization=train_quantile;raw_border_score=0.136040;border_score=0.826733",0.2018359750509262,0.1895384043455124,0.6086256504058838
test_Seq_1116,1,2,"benchmark=nucleotide_transformer_downstream_tasks;dataset=splice_sites_all;matching=kmer_balanced;matching_signature=(6, 'AAA');border_estimator=center_window_kmer_jsd;estimator=center_jsd;window=48;search_radius=24;kmer=2;top_ratio=0.25;score_scale=4.0;motif_weight=0.0;motif_radius=12;score_normalization=train_quantile;raw_border_score=0.208159;border_score=0.990600",0.3128162920475006,0.3039994537830353,0.3831842243671417
test_Seq_967,0,2,"benchmark=nucleotide_transformer_downstream_tasks;dataset=splice_sites_all;matching=kmer_balanced;matching_signature=(8, 'TTT');border_estimator=center_window_kmer_jsd;estimator=center_jsd;window=48;search_radius=24;kmer=2;top_ratio=0.25;score_scale=4.0;motif_weight=0.0;motif_radius=12;score_normalization=train_quantile;raw_border_score=0.290994;border_score=1.137267",0.28025388717651367,0.25529298186302185,0.4644531309604645
test_Seq_656,0,2,"benchmark=nucleotide_transformer_downstream_tasks;dataset=splice_sites_all;matching=kmer_balanced;matching_signature=(13, 'GGC');border_estimator=center_window_kmer_jsd;estimator=center_jsd;window=48;search_radius=24;kmer=2;top_ratio=0.25;score_scale=4.0;motif_weight=0.0;motif_radius=12;score_normalization=train_quantile;raw_border_score=0.256349;border_score=1.089756",0.2908001244068146,0.2811480164527893,0.4280518889427185
test_Seq_1889,1,1,"benchmark=nucleotide_transformer_downstream_tasks;dataset=splice_sites_all;matching=kmer_balanced;matching_signature=(8, 'AGA');border_estimator=center_window_kmer_jsd;estimator=center_jsd;window=48;search_radius=24;kmer=2;top_ratio=0.25;score_scale=4.0;motif_weight=0.0;motif_radius=12;score_normalization=train_quantile;raw_border_score=0.291583;border_score=1.137978",0.36803820729255676,0.3898259699344635,0.24213580787181854
test_Seq_190,0,2,"benchmark=nucleotide_transformer_downstream_tasks;dataset=splice_sites_all;matching=kmer_balanced;matching_signature=(8, 'TTT');border_estimator=center_window_kmer_jsd;estimator=center_jsd;window=48;search_radius=24;kmer=2;top_ratio=0.25;score_scale=4.0;motif_weight=0.0;motif_radius=12;score_normalization=train_quantile;raw_border_score=0.491455;border_score=1.198022",0.11907769739627838,0.11295260488986969,0.7679697275161743
test_Seq_1732,1,2,"benchmark=nucleotide_transformer_downstream_tasks;dataset=splice_sites_all;matching=kmer_balanced;matching_signature=(6, 'TTT');border_estimator=center_window_kmer_jsd;estimator=center_jsd;window=48;search_radius=24;kmer=2;top_ratio=0.25;score_scale=4.0;motif_weight=0.0;motif_radius=12;score_normalization=train_quantile;raw_border_score=0.171222;border_score=0.893667",0.2997482717037201,0.29186534881591797,0.4083864390850067
test_Seq_1821,1,1,"benchmark=nucleotide_transformer_downstream_tasks;dataset=splice_sites_all;matching=kmer_balanced;matching_signature=(10, 'CTG');border_estimator=center_window_kmer_jsd;estimator=center_jsd;window=48;search_radius=24;kmer=2;top_ratio=0.25;score_scale=4.0;motif_weight=0.0;motif_radius=12;score_normalization=train_quantile;raw_border_score=0.183856;border_score=0.927044",0.32932665944099426,0.34068310260772705,0.3299902677536011
test_Seq_206,0,2,"benchmark=nucleotide_transformer_downstream_tasks;dataset=splice_sites_all;matching=kmer_balanced;matching_signature=(9, 'TTT');border_estimator=center_window_kmer_jsd;estimator=center_jsd;window=48;search_radius=24;kmer=2;top_ratio=0.25;score_scale=4.0;motif_weight=0.0;motif_radius=12;score_normalization=train_quantile;raw_border_score=0.240687;border_score=1.060467",0.23869028687477112,0.2246711105108261,0.536638617515564
test_Seq_2087,2,2,"benchmark=nucleotide_transformer_downstream_tasks;dataset=splice_sites_all;matching=kmer_balanced;matching_signature=(10, 'TTT');border_estimator=center_window_kmer_jsd;estimator=center_jsd;window=48;search_radius=24;kmer=2;top_ratio=0.25;score_scale=4.0;motif_weight=0.0;motif_radius=12;score_normalization=train_quantile;raw_border_score=0.385226;border_score=1.187667",0.15421943366527557,0.14573664963245392,0.7000439763069153
test_Seq_853,0,2,"benchmark=nucleotide_transformer_downstream_tasks;dataset=splice_sites_all;matching=kmer_balanced;matching_signature=(8, 'TCT');border_estimator=center_window_kmer_jsd;estimator=center_jsd;window=48;search_radius=24;kmer=2;top_ratio=0.25;score_scale=4.0;motif_weight=0.0;motif_radius=12;score_normalization=train_quantile;raw_border_score=0.198794;border_score=0.968111",0.2869997024536133,0.279561311006546,0.4334390163421631
test_Seq_977,0,2,"benchmark=nucleotide_transformer_downstream_tasks;dataset=splice_sites_all;matching=kmer_balanced;matching_signature=(7, 'TTT');border_estimator=center_window_kmer_jsd;estimator=center_jsd;window=48;search_radius=24;kmer=2;top_ratio=0.25;score_scale=4.0;motif_weight=0.0;motif_radius=12;score_normalization=train_quantile;raw_border_score=0.276634;border_score=1.119489",0.3011458218097687,0.28382572531700134,0.41502851247787476
test_Seq_2260,2,2,"benchmark=nucleotide_transformer_downstream_tasks;dataset=splice_sites_all;matching=kmer_balanced;matching_signature=(7, 'TTT');border_estimator=center_window_kmer_jsd;estimator=center_jsd;window=48;search_radius=24;kmer=2;top_ratio=0.25;score_scale=4.0;motif_weight=0.0;motif_radius=12;score_normalization=train_quantile;raw_border_score=0.148632;border_score=0.845356",0.19904114305973053,0.18670710921287537,0.6142517328262329
test_Seq_2151,2,2,"benchmark=nucleotide_transformer_downstream_tasks;dataset=splice_sites_all;matching=kmer_balanced;matching_signature=(6, 'TTA');border_estimator=center_window_kmer_jsd;estimator=center_jsd;window=48;search_radius=24;kmer=2;top_ratio=0.25;score_scale=4.0;motif_weight=0.0;motif_radius=12;score_normalization=train_quantile;raw_border_score=0.250746;border_score=1.080556",0.3236585557460785,0.3215624988079071,0.35477888584136963
test_Seq_1594,1,2,"benchmark=nucleotide_transformer_downstream_tasks;dataset=splice_sites_all;matching=kmer_balanced;matching_signature=(8, 'TTT');border_estimator=center_window_kmer_jsd;estimator=center_jsd;window=48;search_radius=24;kmer=2;top_ratio=0.25;score_scale=4.0;motif_weight=0.0;motif_radius=12;score_normalization=train_quantile;raw_border_score=0.214437;border_score=1.005000",0.2956586182117462,0.29493463039398193,0.40940672159194946
test_Seq_273,0,2,"benchmark=nucleotide_transformer_downstream_tasks;dataset=splice_sites_all;matching=kmer_balanced;matching_signature=(5, 'TTT');border_estimator=center_window_kmer_jsd;estimator=center_jsd;window=48;search_radius=24;kmer=2;top_ratio=0.25;score_scale=4.0;motif_weight=0.0;motif_radius=12;score_normalization=train_quantile;raw_border_score=0.200804;border_score=0.972911",0.3051517903804779,0.29772406816482544,0.39712411165237427
test_Seq_1927,1,2,"benchmark=nucleotide_transformer_downstream_tasks;dataset=splice_sites_all;matching=kmer_balanced;matching_signature=(12, 'CAG');border_estimator=center_window_kmer_jsd;estimator=center_jsd;window=48;search_radius=24;kmer=2;top_ratio=0.25;score_scale=4.0;motif_weight=0.0;motif_radius=12;score_normalization=train_quantile;raw_border_score=0.257381;border_score=1.091222",0.31836989521980286,0.3139927089214325,0.36763739585876465
test_Seq_2244,2,2,"benchmark=nucleotide_transformer_downstream_tasks;dataset=splice_sites_all;matching=kmer_balanced;matching_signature=(11, 'CTG');border_estimator=center_window_kmer_jsd;estimator=center_jsd;window=48;search_radius=24;kmer=2;top_ratio=0.25;score_scale=4.0;motif_weight=0.0;motif_radius=12;score_normalization=train_quantile;raw_border_score=0.188668;border_score=0.940378",0.2684882581233978,0.25927734375,0.47223442792892456
test_Seq_113,0,0,"benchmark=nucleotide_transformer_downstream_tasks;dataset=splice_sites_all;matching=kmer_balanced;matching_signature=(8, 'TTT');border_estimator=center_window_kmer_jsd;estimator=center_jsd;window=48;search_radius=24;kmer=2;top_ratio=0.25;score_scale=4.0;motif_weight=0.0;motif_radius=12;score_normalization=train_quantile;raw_border_score=0.326924;border_score=1.164822",0.34694018959999084,0.34655261039733887,0.3065071702003479
test_Seq_2099,2,2,"benchmark=nucleotide_transformer_downstream_tasks;dataset=splice_sites_all;matching=kmer_balanced;matching_signature=(6, 'AAA');border_estimator=center_window_kmer_jsd;estimator=center_jsd;window=48;search_radius=24;kmer=2;top_ratio=0.25;score_scale=4.0;motif_weight=0.0;motif_radius=12;score_normalization=train_quantile;raw_border_score=0.251171;border_score=1.081089",0.31062790751457214,0.32408571243286133,0.36528638005256653
test_Seq_1238,1,2,"benchmark=nucleotide_transformer_downstream_tasks;dataset=splice_sites_all;matching=kmer_balanced;matching_signature=(6, 'AAA');border_estimator=center_window_kmer_jsd;estimator=center_jsd;window=48;search_radius=24;kmer=2;top_ratio=0.25;score_scale=4.0;motif_weight=0.0;motif_radius=12;score_normalization=train_quantile;raw_border_score=0.389653;border_score=1.188244",0.3180543780326843,0.30782029032707214,0.3741253912448883
test_Seq_224,0,2,"benchmark=nucleotide_transformer_downstream_tasks;dataset=splice_sites_all;matching=kmer_balanced;matching_signature=(6, 'TTT');border_estimator=center_window_kmer_jsd;estimator=center_jsd;window=48;search_radius=24;kmer=2;top_ratio=0.25;score_scale=4.0;motif_weight=0.0;motif_radius=12;score_normalization=train_quantile;raw_border_score=0.324594;border_score=1.163400",0.3190104365348816,0.3197575509548187,0.36123204231262207
test_Seq_1171,1,1,"benchmark=nucleotide_transformer_downstream_tasks;dataset=splice_sites_all;matching=kmer_balanced;matching_signature=(6, 'AAA');border_estimator=center_window_kmer_jsd;estimator=center_jsd;window=48;search_radius=24;kmer=2;top_ratio=0.25;score_scale=4.0;motif_weight=0.0;motif_radius=12;score_normalization=train_quantile;raw_border_score=0.139552;border_score=0.831178",0.36873286962509155,0.3707437515258789,0.26052337884902954
test_Seq_1321,1,1,"benchmark=nucleotide_transformer_downstream_tasks;dataset=splice_sites_all;matching=kmer_balanced;matching_signature=(9, 'CTG');border_estimator=center_window_kmer_jsd;estimator=center_jsd;window=48;search_radius=24;kmer=2;top_ratio=0.25;score_scale=4.0;motif_weight=0.0;motif_radius=12;score_normalization=train_quantile;raw_border_score=0.213204;border_score=1.002378",0.33285266160964966,0.3336467444896698,0.33350062370300293
test_Seq_1657,1,2,"benchmark=nucleotide_transformer_downstream_tasks;dataset=splice_sites_all;matching=kmer_balanced;matching_signature=(9, 'TGT');border_estimator=center_window_kmer_jsd;estimator=center_jsd;window=48;search_radius=24;kmer=2;top_ratio=0.25;score_scale=4.0;motif_weight=0.0;motif_radius=12;score_normalization=train_quantile;raw_border_score=0.194596;border_score=0.955889",0.31010687351226807,0.31504735350608826,0.37484583258628845
test_Seq_2969,2,0,"benchmark=nucleotide_transformer_downstream_tasks;dataset=splice_sites_all;matching=kmer_balanced;matching_signature=(8, 'AAA');border_estimator=center_window_kmer_jsd;estimator=center_jsd;window=48;search_radius=24;kmer=2;top_ratio=0.25;score_scale=4.0;motif_weight=0.0;motif_radius=12;score_normalization=train_quantile;raw_border_score=0.115001;border_score=0.808156",0.33618128299713135,0.3311547338962555,0.33266401290893555
test_Seq_390,0,2,"benchmark=nucleotide_transformer_downstream_tasks;dataset=splice_sites_all;matching=kmer_balanced;matching_signature=(12, 'CCC');border_estimator=center_window_kmer_jsd;estimator=center_jsd;window=48;search_radius=24;kmer=2;top_ratio=0.25;score_scale=4.0;motif_weight=0.0;motif_radius=12;score_normalization=train_quantile;raw_border_score=0.275160;border_score=1.117489",0.31045588850975037,0.2984170615673065,0.3911270797252655
test_Seq_529,0,2,"benchmark=nucleotide_transformer_downstream_tasks;dataset=splice_sites_all;matching=kmer_balanced;matching_signature=(12, 'CCC');border_estimator=center_window_kmer_jsd;estimator=center_jsd;window=48;search_radius=24;kmer=2;top_ratio=0.25;score_scale=4.0;motif_weight=0.0;motif_radius=12;score_normalization=train_quantile;raw_border_score=0.252939;border_score=1.083889",0.29656916856765747,0.2908298671245575,0.4126009941101074
test_Seq_2805,2,2,"benchmark=nucleotide_transformer_downstream_tasks;dataset=splice_sites_all;matching=kmer_balanced;matching_signature=(6, 'TTT');border_estimator=center_window_kmer_jsd;estimator=center_jsd;window=48;search_radius=24;kmer=2;top_ratio=0.25;score_scale=4.0;motif_weight=0.0;motif_radius=12;score_normalization=train_quantile;raw_border_score=0.144769;border_score=0.838333",0.22420629858970642,0.21810117363929749,0.5576924681663513
test_Seq_2386,2,2,"benchmark=nucleotide_transformer_downstream_tasks;dataset=splice_sites_all;matching=kmer_balanced;matching_signature=(6, 'TTT');border_estimator=center_window_kmer_jsd;estimator=center_jsd;window=48;search_radius=24;kmer=2;top_ratio=0.25;score_scale=4.0;motif_weight=0.0;motif_radius=12;score_normalization=train_quantile;raw_border_score=0.112300;border_score=0.806644",0.2449706345796585,0.22972987592220306,0.5252994894981384
test_Seq_792,0,2,"benchmark=nucleotide_transformer_downstream_tasks;dataset=splice_sites_all;matching=kmer_balanced;matching_signature=(7, 'TTT');border_estimator=center_window_kmer_jsd;estimator=center_jsd;window=48;search_radius=24;kmer=2;top_ratio=0.25;score_scale=4.0;motif_weight=0.0;motif_radius=12;score_normalization=train_quantile;raw_border_score=0.250814;border_score=1.080556",0.30191218852996826,0.29590725898742676,0.4021805226802826
test_Seq_807,0,2,"benchmark=nucleotide_transformer_downstream_tasks;dataset=splice_sites_all;matching=kmer_balanced;matching_signature=(10, 'CTG');border_estimator=center_window_kmer_jsd;estimator=center_jsd;window=48;search_radius=24;kmer=2;top_ratio=0.25;score_scale=4.0;motif_weight=0.0;motif_radius=12;score_normalization=train_quantile;raw_border_score=0.171064;border_score=0.893311",0.3192999064922333,0.32860955595970154,0.3520905077457428
test_Seq_35,0,2,"benchmark=nucleotide_transformer_downstream_tasks;dataset=splice_sites_all;matching=kmer_balanced;matching_signature=(7, 'TTT');border_estimator=center_window_kmer_jsd;estimator=center_jsd;window=48;search_radius=24;kmer=2;top_ratio=0.25;score_scale=4.0;motif_weight=0.0;motif_radius=12;score_normalization=train_quantile;raw_border_score=0.176308;border_score=0.909133",0.23684431612491608,0.22645680606365204,0.5366988778114319
test_Seq_1516,1,2,"benchmark=nucleotide_transformer_downstream_tasks;dataset=splice_sites_all;matching=kmer_balanced;matching_signature=(5, 'TTT');border_estimator=center_window_kmer_jsd;estimator=center_jsd;window=48;search_radius=24;kmer=2;top_ratio=0.25;score_scale=4.0;motif_weight=0.0;motif_radius=12;score_normalization=train_quantile;raw_border_score=0.203719;border_score=0.980689",0.2822156250476837,0.2676924169063568,0.4500919282436371
test_Seq_1724,1,2,"benchmark=nucleotide_transformer_downstream_tasks;dataset=splice_sites_all;matching=kmer_balanced;matching_signature=(9, 'TGT');border_estimator=center_window_kmer_jsd;estimator=center_jsd;window=48;search_radius=24;kmer=2;top_ratio=0.25;score_scale=4.0;motif_weight=0.0;motif_radius=12;score_normalization=train_quantile;raw_border_score=0.144880;border_score=0.838511",0.250239759683609,0.2253747135400772,0.5243855118751526
test_Seq_227,0,2,"benchmark=nucleotide_transformer_downstream_tasks;dataset=splice_sites_all;matching=kmer_balanced;matching_signature=(12, 'GGG');border_estimator=center_window_kmer_jsd;estimator=center_jsd;window=48;search_radius=24;kmer=2;top_ratio=0.25;score_scale=4.0;motif_weight=0.0;motif_radius=12;score_normalization=train_quantile;raw_border_score=0.246511;border_score=1.072244",0.28651705384254456,0.2858373820781708,0.42764556407928467
test_Seq_2249,2,2,"benchmark=nucleotide_transformer_downstream_tasks;dataset=splice_sites_all;matching=kmer_balanced;matching_signature=(9, 'TGT');border_estimator=center_window_kmer_jsd;estimator=center_jsd;window=48;search_radius=24;kmer=2;top_ratio=0.25;score_scale=4.0;motif_weight=0.0;motif_radius=12;score_normalization=train_quantile;raw_border_score=0.177953;border_score=0.913222",0.24742716550827026,0.24516937136650085,0.5074034929275513
test_Seq_2674,2,2,"benchmark=nucleotide_transformer_downstream_tasks;dataset=splice_sites_all;matching=kmer_balanced;matching_signature=(6, 'TTT');border_estimator=center_window_kmer_jsd;estimator=center_jsd;window=48;search_radius=24;kmer=2;top_ratio=0.25;score_scale=4.0;motif_weight=0.0;motif_radius=12;score_normalization=train_quantile;raw_border_score=0.149415;border_score=0.846689",0.31476446986198425,0.3058227598667145,0.3794127404689789
test_Seq_499,0,1,"benchmark=nucleotide_transformer_downstream_tasks;dataset=splice_sites_all;matching=kmer_balanced;matching_signature=(6, 'TTT');border_estimator=center_window_kmer_jsd;estimator=center_jsd;window=48;search_radius=24;kmer=2;top_ratio=0.25;score_scale=4.0;motif_weight=0.0;motif_radius=12;score_normalization=train_quantile;raw_border_score=0.331537;border_score=1.167089",0.3398053050041199,0.3442121744155884,0.31598255038261414
test_Seq_2847,2,0,"benchmark=nucleotide_transformer_downstream_tasks;dataset=splice_sites_all;matching=kmer_balanced;matching_signature=(8, 'TTT');border_estimator=center_window_kmer_jsd;estimator=center_jsd;window=48;search_radius=24;kmer=2;top_ratio=0.25;score_scale=4.0;motif_weight=0.0;motif_radius=12;score_normalization=train_quantile;raw_border_score=0.422681;border_score=1.192600",0.3590647280216217,0.3575466573238373,0.2833886742591858
test_Seq_2892,2,2,"benchmark=nucleotide_transformer_downstream_tasks;dataset=splice_sites_all;matching=kmer_balanced;matching_signature=(9, 'CCT');border_estimator=center_window_kmer_jsd;estimator=center_jsd;window=48;search_radius=24;kmer=2;top_ratio=0.25;score_scale=4.0;motif_weight=0.0;motif_radius=12;score_normalization=train_quantile;raw_border_score=0.157594;border_score=0.862156",0.3108339309692383,0.31404826045036316,0.37511783838272095
test_Seq_568,0,2,"benchmark=nucleotide_transformer_downstream_tasks;dataset=splice_sites_all;matching=kmer_balanced;matching_signature=(9, 'TCT');border_estimator=center_window_kmer_jsd;estimator=center_jsd;window=48;search_radius=24;kmer=2;top_ratio=0.25;score_scale=4.0;motif_weight=0.0;motif_radius=12;score_normalization=train_quantile;raw_border_score=0.232853;border_score=1.045356",0.3028917908668518,0.2898177206516266,0.4072904884815216
test_Seq_843,0,2,"benchmark=nucleotide_transformer_downstream_tasks;dataset=splice_sites_all;matching=kmer_balanced;matching_signature=(7, 'AAA');border_estimator=center_window_kmer_jsd;estimator=center_jsd;window=48;search_radius=24;kmer=2;top_ratio=0.25;score_scale=4.0;motif_weight=0.0;motif_radius=12;score_normalization=train_quantile;raw_border_score=0.229766;border_score=1.039311",0.3013024628162384,0.30630677938461304,0.39239075779914856
test_Seq_2086,2,2,"benchmark=nucleotide_transformer_downstream_tasks;dataset=splice_sites_all;matching=kmer_balanced;matching_signature=(7, 'AAA');border_estimator=center_window_kmer_jsd;estimator=center_jsd;window=48;search_radius=24;kmer=2;top_ratio=0.25;score_scale=4.0;motif_weight=0.0;motif_radius=12;score_normalization=train_quantile;raw_border_score=0.271106;border_score=1.111711",0.2714601755142212,0.2576412856578827,0.4708985388278961
test_Seq_2940,2,2,"benchmark=nucleotide_transformer_downstream_tasks;dataset=splice_sites_all;matching=kmer_balanced;matching_signature=(13, 'GCC');border_estimator=center_window_kmer_jsd;estimator=center_jsd;window=48;search_radius=24;kmer=2;top_ratio=0.25;score_scale=4.0;motif_weight=0.0;motif_radius=12;score_normalization=train_quantile;raw_border_score=0.222148;border_score=1.023533",0.2982334494590759,0.29241102933883667,0.4093554615974426
test_Seq_1455,1,1,"benchmark=nucleotide_transformer_downstream_tasks;dataset=splice_sites_all;matching=kmer_balanced;matching_signature=(7, 'TTT');border_estimator=center_window_kmer_jsd;estimator=center_jsd;window=48;search_radius=24;kmer=2;top_ratio=0.25;score_scale=4.0;motif_weight=0.0;motif_radius=12;score_normalization=train_quantile;raw_border_score=0.278895;border_score=1.122778",0.3357524275779724,0.33832690119743347,0.32592064142227173
test_Seq_373,0,2,"benchmark=nucleotide_transformer_downstream_tasks;dataset=splice_sites_all;matching=kmer_balanced;matching_signature=(10, 'TGG');border_estimator=center_window_kmer_jsd;estimator=center_jsd;window=48;search_radius=24;kmer=2;top_ratio=0.25;score_scale=4.0;motif_weight=0.0;motif_radius=12;score_normalization=train_quantile;raw_border_score=0.286421;border_score=1.131844",0.2937317192554474,0.2963794767856598,0.4098888039588928
test_Seq_2063,2,2,"benchmark=nucleotide_transformer_downstream_tasks;dataset=splice_sites_all;matching=kmer_balanced;matching_signature=(7, 'AAA');border_estimator=center_window_kmer_jsd;estimator=center_jsd;window=48;search_radius=24;kmer=2;top_ratio=0.25;score_scale=4.0;motif_weight=0.0;motif_radius=12;score_normalization=train_quantile;raw_border_score=0.208550;border_score=0.991444",0.31178438663482666,0.3109792172908783,0.37723639607429504
test_Seq_369,0,2,"benchmark=nucleotide_transformer_downstream_tasks;dataset=splice_sites_all;matching=kmer_balanced;matching_signature=(8, 'AAA');border_estimator=center_window_kmer_jsd;estimator=center_jsd;window=48;search_radius=24;kmer=2;top_ratio=0.25;score_scale=4.0;motif_weight=0.0;motif_radius=12;score_normalization=train_quantile;raw_border_score=0.285830;border_score=1.131267",0.27668794989585876,0.2577839195728302,0.46552807092666626
test_Seq_1661,1,2,"benchmark=nucleotide_transformer_downstream_tasks;dataset=splice_sites_all;matching=kmer_balanced;matching_signature=(7, 'AAA');border_estimator=center_window_kmer_jsd;estimator=center_jsd;window=48;search_radius=24;kmer=2;top_ratio=0.25;score_scale=4.0;motif_weight=0.0;motif_radius=12;score_normalization=train_quantile;raw_border_score=0.300417;border_score=1.146689",0.32920312881469727,0.3220851719379425,0.3487117290496826
test_Seq_1487,1,2,"benchmark=nucleotide_transformer_downstream_tasks;dataset=splice_sites_all;matching=kmer_balanced;matching_signature=(6, 'TTT');border_estimator=center_window_kmer_jsd;estimator=center_jsd;window=48;search_radius=24;kmer=2;top_ratio=0.25;score_scale=4.0;motif_weight=0.0;motif_radius=12;score_normalization=train_quantile;raw_border_score=0.247983;border_score=1.075089",0.3136005103588104,0.31748947501182556,0.3689099848270416
test_Seq_2340,2,2,"benchmark=nucleotide_transformer_downstream_tasks;dataset=splice_sites_all;matching=kmer_balanced;matching_signature=(8, 'TCT');border_estimator=center_window_kmer_jsd;estimator=center_jsd;window=48;search_radius=24;kmer=2;top_ratio=0.25;score_scale=4.0;motif_weight=0.0;motif_radius=12;score_normalization=train_quantile;raw_border_score=0.178590;border_score=0.914778",0.1829422116279602,0.17148074507713318,0.645577073097229
test_Seq_1444,1,2,"benchmark=nucleotide_transformer_downstream_tasks;dataset=splice_sites_all;matching=kmer_balanced;matching_signature=(13, 'CCC');border_estimator=center_window_kmer_jsd;estimator=center_jsd;window=48;search_radius=24;kmer=2;top_ratio=0.25;score_scale=4.0;motif_weight=0.0;motif_radius=12;score_normalization=train_quantile;raw_border_score=0.216359;border_score=1.009756",0.3072011172771454,0.3081020414829254,0.3846968412399292
test_Seq_336,0,2,"benchmark=nucleotide_transformer_downstream_tasks;dataset=splice_sites_all;matching=kmer_balanced;matching_signature=(8, 'TCT');border_estimator=center_window_kmer_jsd;estimator=center_jsd;window=48;search_radius=24;kmer=2;top_ratio=0.25;score_scale=4.0;motif_weight=0.0;motif_radius=12;score_normalization=train_quantile;raw_border_score=0.243151;border_score=1.065933",0.2502787709236145,0.24007350206375122,0.5096477270126343
test_Seq_507,0,2,"benchmark=nucleotide_transformer_downstream_tasks;dataset=splice_sites_all;matching=kmer_balanced;matching_signature=(10, 'CTG');border_estimator=center_window_kmer_jsd;estimator=center_jsd;window=48;search_radius=24;kmer=2;top_ratio=0.25;score_scale=4.0;motif_weight=0.0;motif_radius=12;score_normalization=train_quantile;raw_border_score=0.260858;border_score=1.097089",0.3210963010787964,0.32117071747779846,0.35773301124572754
test_Seq_1630,1,2,"benchmark=nucleotide_transformer_downstream_tasks;dataset=splice_sites_all;matching=kmer_balanced;matching_signature=(11, 'GTG');border_estimator=center_window_kmer_jsd;estimator=center_jsd;window=48;search_radius=24;kmer=2;top_ratio=0.25;score_scale=4.0;motif_weight=0.0;motif_radius=12;score_normalization=train_quantile;raw_border_score=0.223904;border_score=1.028022",0.3210586607456207,0.32210734486579895,0.35683396458625793
test_Seq_1330,1,2,"benchmark=nucleotide_transformer_downstream_tasks;dataset=splice_sites_all;matching=kmer_balanced;matching_signature=(8, 'TTT');border_estimator=center_window_kmer_jsd;estimator=center_jsd;window=48;search_radius=24;kmer=2;top_ratio=0.25;score_scale=4.0;motif_weight=0.0;motif_radius=12;score_normalization=train_quantile;raw_border_score=0.180698;border_score=0.919667",0.2581900358200073,0.2553007900714874,0.48650917410850525
test_Seq_1565,1,2,"benchmark=nucleotide_transformer_downstream_tasks;dataset=splice_sites_all;matching=kmer_balanced;matching_signature=(6, 'TTT');border_estimator=center_window_kmer_jsd;estimator=center_jsd;window=48;search_radius=24;kmer=2;top_ratio=0.25;score_scale=4.0;motif_weight=0.0;motif_radius=12;score_normalization=train_quantile;raw_border_score=0.086484;border_score=0.800778",0.15276159346103668,0.14328742027282715,0.7039510011672974
test_Seq_2306,2,2,"benchmark=nucleotide_transformer_downstream_tasks;dataset=splice_sites_all;matching=kmer_balanced;matching_signature=(6, 'TTT');border_estimator=center_window_kmer_jsd;estimator=center_jsd;window=48;search_radius=24;kmer=2;top_ratio=0.25;score_scale=4.0;motif_weight=0.0;motif_radius=12;score_normalization=train_quantile;raw_border_score=0.201795;border_score=0.975578",0.17244167625904083,0.16027434170246124,0.6672840118408203
test_Seq_2605,2,2,"benchmark=nucleotide_transformer_downstream_tasks;dataset=splice_sites_all;matching=kmer_balanced;matching_signature=(6, 'AAA');border_estimator=center_window_kmer_jsd;estimator=center_jsd;window=48;search_radius=24;kmer=2;top_ratio=0.25;score_scale=4.0;motif_weight=0.0;motif_radius=12;score_normalization=train_quantile;raw_border_score=0.190738;border_score=0.945889",0.3330768644809723,0.3333750367164612,0.33354806900024414
test_Seq_1098,1,2,"benchmark=nucleotide_transformer_downstream_tasks;dataset=splice_sites_all;matching=kmer_balanced;matching_signature=(11, 'CTG');border_estimator=center_window_kmer_jsd;estimator=center_jsd;window=48;search_radius=24;kmer=2;top_ratio=0.25;score_scale=4.0;motif_weight=0.0;motif_radius=12;score_normalization=train_quantile;raw_border_score=0.315749;border_score=1.158289",0.3015161454677582,0.29444557428359985,0.4040382504463196
test_Seq_2239,2,2,"benchmark=nucleotide_transformer_downstream_tasks;dataset=splice_sites_all;matching=kmer_balanced;matching_signature=(8, 'TTT');border_estimator=center_window_kmer_jsd;estimator=center_jsd;window=48;search_radius=24;kmer=2;top_ratio=0.25;score_scale=4.0;motif_weight=0.0;motif_radius=12;score_normalization=train_quantile;raw_border_score=0.191342;border_score=0.948111",0.1866067796945572,0.17632612586021423,0.6370670795440674
test_Seq_2361,2,2,"benchmark=nucleotide_transformer_downstream_tasks;dataset=splice_sites_all;matching=kmer_balanced;matching_signature=(12, 'CCC');border_estimator=center_window_kmer_jsd;estimator=center_jsd;window=48;search_radius=24;kmer=2;top_ratio=0.25;score_scale=4.0;motif_weight=0.0;motif_radius=12;score_normalization=train_quantile;raw_border_score=0.099370;border_score=0.802733",0.2823224365711212,0.2798766791820526,0.43780088424682617
test_Seq_2653,2,2,"benchmark=nucleotide_transformer_downstream_tasks;dataset=splice_sites_all;matching=kmer_balanced;matching_signature=(7, 'AAA');border_estimator=center_window_kmer_jsd;estimator=center_jsd;window=48;search_radius=24;kmer=2;top_ratio=0.25;score_scale=4.0;motif_weight=0.0;motif_radius=12;score_normalization=train_quantile;raw_border_score=0.274353;border_score=1.116422",0.30916327238082886,0.3050432801246643,0.38579344749450684
test_Seq_2414,2,2,"benchmark=nucleotide_transformer_downstream_tasks;dataset=splice_sites_all;matching=kmer_balanced;matching_signature=(11, 'CAG');border_estimator=center_window_kmer_jsd;estimator=center_jsd;window=48;search_radius=24;kmer=2;top_ratio=0.25;score_scale=4.0;motif_weight=0.0;motif_radius=12;score_normalization=train_quantile;raw_border_score=0.319675;border_score=1.160956",0.15068358182907104,0.14400967955589294,0.7053067088127136
test_Seq_130,0,2,"benchmark=nucleotide_transformer_downstream_tasks;dataset=splice_sites_all;matching=kmer_balanced;matching_signature=(6, 'AAA');border_estimator=center_window_kmer_jsd;estimator=center_jsd;window=48;search_radius=24;kmer=2;top_ratio=0.25;score_scale=4.0;motif_weight=0.0;motif_radius=12;score_normalization=train_quantile;raw_border_score=0.189059;border_score=0.941578",0.325209379196167,0.32085779309272766,0.35393285751342773
test_Seq_2294,2,2,"benchmark=nucleotide_transformer_downstream_tasks;dataset=splice_sites_all;matching=kmer_balanced;matching_signature=(12, 'CCC');border_estimator=center_window_kmer_jsd;estimator=center_jsd;window=48;search_radius=24;kmer=2;top_ratio=0.25;score_scale=4.0;motif_weight=0.0;motif_radius=12;score_normalization=train_quantile;raw_border_score=0.128827;border_score=0.818244",0.26769593358039856,0.2629687190055847,0.4693354070186615
test_Seq_281,0,2,"benchmark=nucleotide_transformer_downstream_tasks;dataset=splice_sites_all;matching=kmer_balanced;matching_signature=(10, 'CTG');border_estimator=center_window_kmer_jsd;estimator=center_jsd;window=48;search_radius=24;kmer=2;top_ratio=0.25;score_scale=4.0;motif_weight=0.0;motif_radius=12;score_normalization=train_quantile;raw_border_score=0.246658;border_score=1.072467",0.3082502782344818,0.29555508494377136,0.39619460701942444
test_Seq_1216,1,1,"benchmark=nucleotide_transformer_downstream_tasks;dataset=splice_sites_all;matching=kmer_balanced;matching_signature=(9, 'TTT');border_estimator=center_window_kmer_jsd;estimator=center_jsd;window=48;search_radius=24;kmer=2;top_ratio=0.25;score_scale=4.0;motif_weight=0.0;motif_radius=12;score_normalization=train_quantile;raw_border_score=0.216632;border_score=1.010733",0.3268863558769226,0.3377934396266937,0.33532023429870605
test_Seq_940,0,2,"benchmark=nucleotide_transformer_downstream_tasks;dataset=splice_sites_all;matching=kmer_balanced;matching_signature=(10, 'CCC');border_estimator=center_window_kmer_jsd;estimator=center_jsd;window=48;search_radius=24;kmer=2;top_ratio=0.25;score_scale=4.0;motif_weight=0.0;motif_radius=12;score_normalization=train_quantile;raw_border_score=0.275519;border_score=1.117800",0.3109544515609741,0.31305959820747375,0.3759859502315521
test_Seq_743,0,2,"benchmark=nucleotide_transformer_downstream_tasks;dataset=splice_sites_all;matching=kmer_balanced;matching_signature=(11, 'CTG');border_estimator=center_window_kmer_jsd;estimator=center_jsd;window=48;search_radius=24;kmer=2;top_ratio=0.25;score_scale=4.0;motif_weight=0.0;motif_radius=12;score_normalization=train_quantile;raw_border_score=0.171446;border_score=0.894822",0.3103814125061035,0.3159712255001068,0.3736473619937897
test_Seq_147,0,2,"benchmark=nucleotide_transformer_downstream_tasks;dataset=splice_sites_all;matching=kmer_balanced;matching_signature=(9, 'CTG');border_estimator=center_window_kmer_jsd;estimator=center_jsd;window=48;search_radius=24;kmer=2;top_ratio=0.25;score_scale=4.0;motif_weight=0.0;motif_radius=12;score_normalization=train_quantile;raw_border_score=0.151992;border_score=0.850867",0.29889366030693054,0.30276429653167725,0.3983420133590698
test_Seq_2829,2,1,"benchmark=nucleotide_transformer_downstream_tasks;dataset=splice_sites_all;matching=kmer_balanced;matching_signature=(13, 'GGG');border_estimator=center_window_kmer_jsd;estimator=center_jsd;window=48;search_radius=24;kmer=2;top_ratio=0.25;score_scale=4.0;motif_weight=0.0;motif_radius=12;score_normalization=train_quantile;raw_border_score=0.145272;border_score=0.839311",0.3245156705379486,0.3411007225513458,0.3343835771083832
test_Seq_2628,2,1,"benchmark=nucleotide_transformer_downstream_tasks;dataset=splice_sites_all;matching=kmer_balanced;matching_signature=(9, 'TTT');border_estimator=center_window_kmer_jsd;estimator=center_jsd;window=48;search_radius=24;kmer=2;top_ratio=0.25;score_scale=4.0;motif_weight=0.0;motif_radius=12;score_normalization=train_quantile;raw_border_score=0.150405;border_score=0.848200",0.3346012234687805,0.3429819643497467,0.3224168121814728
test_Seq_2626,2,2,"benchmark=nucleotide_transformer_downstream_tasks;dataset=splice_sites_all;matching=kmer_balanced;matching_signature=(12, 'CTG');border_estimator=center_window_kmer_jsd;estimator=center_jsd;window=48;search_radius=24;kmer=2;top_ratio=0.25;score_scale=4.0;motif_weight=0.0;motif_radius=12;score_normalization=train_quantile;raw_border_score=0.140128;border_score=0.831667",0.3007524907588959,0.29398971796035767,0.40525785088539124
test_Seq_363,0,2,"benchmark=nucleotide_transformer_downstream_tasks;dataset=splice_sites_all;matching=kmer_balanced;matching_signature=(11, 'CTC');border_estimator=center_window_kmer_jsd;estimator=center_jsd;window=48;search_radius=24;kmer=2;top_ratio=0.25;score_scale=4.0;motif_weight=0.0;motif_radius=12;score_normalization=train_quantile;raw_border_score=0.188525;border_score=0.940111",0.2750783860683441,0.26770147681236267,0.4572201073169708
test_Seq_2039,2,1,"benchmark=nucleotide_transformer_downstream_tasks;dataset=splice_sites_all;matching=kmer_balanced;matching_signature=(12, 'CTG');border_estimator=center_window_kmer_jsd;estimator=center_jsd;window=48;search_radius=24;kmer=2;top_ratio=0.25;score_scale=4.0;motif_weight=0.0;motif_radius=12;score_normalization=train_quantile;raw_border_score=0.175218;border_score=0.905489",0.349765419960022,0.3620411455631256,0.2881934642791748
test_Seq_1315,1,2,"benchmark=nucleotide_transformer_downstream_tasks;dataset=splice_sites_all;matching=kmer_balanced;matching_signature=(6, 'AAA');border_estimator=center_window_kmer_jsd;estimator=center_jsd;window=48;search_radius=24;kmer=2;top_ratio=0.25;score_scale=4.0;motif_weight=0.0;motif_radius=12;score_normalization=train_quantile;raw_border_score=0.217765;border_score=1.013133",0.2457485944032669,0.2307409644126892,0.5235103964805603
test_Seq_2424,2,2,"benchmark=nucleotide_transformer_downstream_tasks;dataset=splice_sites_all;matching=kmer_balanced;matching_signature=(6, 'TTT');border_estimator=center_window_kmer_jsd;estimator=center_jsd;window=48;search_radius=24;kmer=2;top_ratio=0.25;score_scale=4.0;motif_weight=0.0;motif_radius=12;score_normalization=train_quantile;raw_border_score=0.143338;border_score=0.836156",0.19399307668209076,0.18183504045009613,0.6241718530654907
test_Seq_267,0,2,"benchmark=nucleotide_transformer_downstream_tasks;dataset=splice_sites_all;matching=kmer_balanced;matching_signature=(8, 'TTT');border_estimator=center_window_kmer_jsd;estimator=center_jsd;window=48;search_radius=24;kmer=2;top_ratio=0.25;score_scale=4.0;motif_weight=0.0;motif_radius=12;score_normalization=train_quantile;raw_border_score=0.222162;border_score=1.023533",0.20748738944530487,0.1931101679801941,0.5994024276733398
test_Seq_1272,1,2,"benchmark=nucleotide_transformer_downstream_tasks;dataset=splice_sites_all;matching=kmer_balanced;matching_signature=(13, 'GGG');border_estimator=center_window_kmer_jsd;estimator=center_jsd;window=48;search_radius=24;kmer=2;top_ratio=0.25;score_scale=4.0;motif_weight=0.0;motif_radius=12;score_normalization=train_quantile;raw_border_score=0.418610;border_score=1.192333",0.3158116638660431,0.3142506182193756,0.3699377179145813
test_Seq_1747,1,2,"benchmark=nucleotide_transformer_downstream_tasks;dataset=splice_sites_all;matching=kmer_balanced;matching_signature=(9, 'TTT');border_estimator=center_window_kmer_jsd;estimator=center_jsd;window=48;search_radius=24;kmer=2;top_ratio=0.25;score_scale=4.0;motif_weight=0.0;motif_radius=12;score_normalization=train_quantile;raw_border_score=0.325619;border_score=1.164156",0.3103776276111603,0.305422842502594,0.3841995298862457
test_Seq_1366,1,2,"benchmark=nucleotide_transformer_downstream_tasks;dataset=splice_sites_all;matching=kmer_balanced;matching_signature=(12, 'CTG');border_estimator=center_window_kmer_jsd;estimator=center_jsd;window=48;search_radius=24;kmer=2;top_ratio=0.25;score_scale=4.0;motif_weight=0.0;motif_radius=12;score_normalization=train_quantile;raw_border_score=0.088299;border_score=0.800911",0.315749853849411,0.30188265442848206,0.3823675215244293
test_Seq_1634,1,2,"benchmark=nucleotide_transformer_downstream_tasks;dataset=splice_sites_all;matching=kmer_balanced;matching_signature=(6, 'TTT');border_estimator=center_window_kmer_jsd;estimator=center_jsd;window=48;search_radius=24;kmer=2;top_ratio=0.25;score_scale=4.0;motif_weight=0.0;motif_radius=12;score_normalization=train_quantile;raw_border_score=0.244108;border_score=1.067711",0.32731184363365173,0.3178160786628723,0.3548720180988312
test_Seq_1464,1,0,"benchmark=nucleotide_transformer_downstream_tasks;dataset=splice_sites_all;matching=kmer_balanced;matching_signature=(6, 'TTT');border_estimator=center_window_kmer_jsd;estimator=center_jsd;window=48;search_radius=24;kmer=2;top_ratio=0.25;score_scale=4.0;motif_weight=0.0;motif_radius=12;score_normalization=train_quantile;raw_border_score=0.275525;border_score=1.117889",0.3403097987174988,0.32181110978126526,0.33787912130355835
test_Seq_1962,1,2,"benchmark=nucleotide_transformer_downstream_tasks;dataset=splice_sites_all;matching=kmer_balanced;matching_signature=(6, 'TTT');border_estimator=center_window_kmer_jsd;estimator=center_jsd;window=48;search_radius=24;kmer=2;top_ratio=0.25;score_scale=4.0;motif_weight=0.0;motif_radius=12;score_normalization=train_quantile;raw_border_score=0.179109;border_score=0.915711",0.24828314781188965,0.23281346261501312,0.5189034342765808
test_Seq_797,0,2,"benchmark=nucleotide_transformer_downstream_tasks;dataset=splice_sites_all;matching=kmer_balanced;matching_signature=(9, 'CAG');border_estimator=center_window_kmer_jsd;estimator=center_jsd;window=48;search_radius=24;kmer=2;top_ratio=0.25;score_scale=4.0;motif_weight=0.0;motif_radius=12;score_normalization=train_quantile;raw_border_score=0.233891;border_score=1.047400",0.3129507601261139,0.300815224647522,0.38623401522636414
test_Seq_2582,2,2,"benchmark=nucleotide_transformer_downstream_tasks;dataset=splice_sites_all;matching=kmer_balanced;matching_signature=(11, 'CCC');border_estimator=center_window_kmer_jsd;estimator=center_jsd;window=48;search_radius=24;kmer=2;top_ratio=0.25;score_scale=4.0;motif_weight=0.0;motif_radius=12;score_normalization=train_quantile;raw_border_score=0.212938;border_score=1.001800",0.30555787682533264,0.29785388708114624,0.3965882658958435
test_Seq_2317,2,2,"benchmark=nucleotide_transformer_downstream_tasks;dataset=splice_sites_all;matching=kmer_balanced;matching_signature=(7, 'TTT');border_estimator=center_window_kmer_jsd;estimator=center_jsd;window=48;search_radius=24;kmer=2;top_ratio=0.25;score_scale=4.0;motif_weight=0.0;motif_radius=12;score_normalization=train_quantile;raw_border_score=0.164331;border_score=0.877089",0.30996695160865784,0.2958201467990875,0.3942129909992218
test_Seq_1588,1,2,"benchmark=nucleotide_transformer_downstream_tasks;dataset=splice_sites_all;matching=kmer_balanced;matching_signature=(9, 'TGT');border_estimator=center_window_kmer_jsd;estimator=center_jsd;window=48;search_radius=24;kmer=2;top_ratio=0.25;score_scale=4.0;motif_weight=0.0;motif_radius=12;score_normalization=train_quantile;raw_border_score=0.217118;border_score=1.011578",0.32083186507225037,0.3077024221420288,0.3714657723903656
test_Seq_2341,2,2,"benchmark=nucleotide_transformer_downstream_tasks;dataset=splice_sites_all;matching=kmer_balanced;matching_signature=(9, 'AAG');border_estimator=center_window_kmer_jsd;estimator=center_jsd;window=48;search_radius=24;kmer=2;top_ratio=0.25;score_scale=4.0;motif_weight=0.0;motif_radius=12;score_normalization=train_quantile;raw_border_score=0.155140;border_score=0.857756",0.2572922706604004,0.24616046249866486,0.49654728174209595
test_Seq_1527,1,1,"benchmark=nucleotide_transformer_downstream_tasks;dataset=splice_sites_all;matching=kmer_balanced;matching_signature=(8, 'TTT');border_estimator=center_window_kmer_jsd;estimator=center_jsd;window=48;search_radius=24;kmer=2;top_ratio=0.25;score_scale=4.0;motif_weight=0.0;motif_radius=12;score_normalization=train_quantile;raw_border_score=0.224507;border_score=1.028867",0.33135896921157837,0.34676697850227356,0.32187408208847046
test_Seq_431,0,2,"benchmark=nucleotide_transformer_downstream_tasks;dataset=splice_sites_all;matching=kmer_balanced;matching_signature=(10, 'CCT');border_estimator=center_window_kmer_jsd;estimator=center_jsd;window=48;search_radius=24;kmer=2;top_ratio=0.25;score_scale=4.0;motif_weight=0.0;motif_radius=12;score_normalization=train_quantile;raw_border_score=0.231828;border_score=1.043267",0.32854852080345154,0.3343333303928375,0.3371181786060333
test_Seq_2444,2,2,"benchmark=nucleotide_transformer_downstream_tasks;dataset=splice_sites_all;matching=kmer_balanced;matching_signature=(9, 'TTT');border_estimator=center_window_kmer_jsd;estimator=center_jsd;window=48;search_radius=24;kmer=2;top_ratio=0.25;score_scale=4.0;motif_weight=0.0;motif_radius=12;score_normalization=train_quantile;raw_border_score=0.143910;border_score=0.837222",0.3110528588294983,0.3037422299385071,0.385204941034317
test_Seq_517,0,1,"benchmark=nucleotide_transformer_downstream_tasks;dataset=splice_sites_all;matching=kmer_balanced;matching_signature=(9, 'TTT');border_estimator=center_window_kmer_jsd;estimator=center_jsd;window=48;search_radius=24;kmer=2;top_ratio=0.25;score_scale=4.0;motif_weight=0.0;motif_radius=12;score_normalization=train_quantile;raw_border_score=0.123930;border_score=0.813356",0.35167574882507324,0.3627804219722748,0.285543829202652
test_Seq_1764,1,2,"benchmark=nucleotide_transformer_downstream_tasks;dataset=splice_sites_all;matching=kmer_balanced;matching_signature=(9, 'TTT');border_estimator=center_window_kmer_jsd;estimator=center_jsd;window=48;search_radius=24;kmer=2;top_ratio=0.25;score_scale=4.0;motif_weight=0.0;motif_radius=12;score_normalization=train_quantile;raw_border_score=0.188020;border_score=0.939044",0.32243746519088745,0.3298878073692322,0.3476746678352356
test_Seq_1226,1,0,"benchmark=nucleotide_transformer_downstream_tasks;dataset=splice_sites_all;matching=kmer_balanced;matching_signature=(7, 'AAA');border_estimator=center_window_kmer_jsd;estimator=center_jsd;window=48;search_radius=24;kmer=2;top_ratio=0.25;score_scale=4.0;motif_weight=0.0;motif_radius=12;score_normalization=train_quantile;raw_border_score=0.265190;border_score=1.103978",0.3532029390335083,0.350731760263443,0.2960653603076935
test_Seq_308,0,1,"benchmark=nucleotide_transformer_downstream_tasks;dataset=splice_sites_all;matching=kmer_balanced;matching_signature=(13, 'GGG');border_estimator=center_window_kmer_jsd;estimator=center_jsd;window=48;search_radius=24;kmer=2;top_ratio=0.25;score_scale=4.0;motif_weight=0.0;motif_radius=12;score_normalization=train_quantile;raw_border_score=0.231114;border_score=1.041622",0.3482372760772705,0.36089277267456055,0.29086998105049133
test_Seq_1613,1,2,"benchmark=nucleotide_transformer_downstream_tasks;dataset=splice_sites_all;matching=kmer_balanced;matching_signature=(6, 'TTT');border_estimator=center_window_kmer_jsd;estimator=center_jsd;window=48;search_radius=24;kmer=2;top_ratio=0.25;score_scale=4.0;motif_weight=0.0;motif_radius=12;score_normalization=train_quantile;raw_border_score=0.211167;border_score=0.998111",0.3149198293685913,0.3101777732372284,0.3749024569988251
test_Seq_641,0,2,"benchmark=nucleotide_transformer_downstream_tasks;dataset=splice_sites_all;matching=kmer_balanced;matching_signature=(13, 'GGG');border_estimator=center_window_kmer_jsd;estimator=center_jsd;window=48;search_radius=24;kmer=2;top_ratio=0.25;score_scale=4.0;motif_weight=0.0;motif_radius=12;score_normalization=train_quantile;raw_border_score=0.277295;border_score=1.120467",0.32112589478492737,0.3239513635635376,0.35492274165153503
test_Seq_2460,2,2,"benchmark=nucleotide_transformer_downstream_tasks;dataset=splice_sites_all;matching=kmer_balanced;matching_signature=(8, 'TTT');border_estimator=center_window_kmer_jsd;estimator=center_jsd;window=48;search_radius=24;kmer=2;top_ratio=0.25;score_scale=4.0;motif_weight=0.0;motif_radius=12;score_normalization=train_quantile;raw_border_score=0.252758;border_score=1.083667",0.11853030323982239,0.11455638706684113,0.7669132947921753
test_Seq_1765,1,2,"benchmark=nucleotide_transformer_downstream_tasks;dataset=splice_sites_all;matching=kmer_balanced;matching_signature=(11, 'CCC');border_estimator=center_window_kmer_jsd;estimator=center_jsd;window=48;search_radius=24;kmer=2;top_ratio=0.25;score_scale=4.0;motif_weight=0.0;motif_radius=12;score_normalization=train_quantile;raw_border_score=0.150511;border_score=0.848422",0.3040277361869812,0.3044264018535614,0.3915458619594574
test_Seq_1289,1,2,"benchmark=nucleotide_transformer_downstream_tasks;dataset=splice_sites_all;matching=kmer_balanced;matching_signature=(12, 'CAG');border_estimator=center_window_kmer_jsd;estimator=center_jsd;window=48;search_radius=24;kmer=2;top_ratio=0.25;score_scale=4.0;motif_weight=0.0;motif_radius=12;score_normalization=train_quantile;raw_border_score=0.140272;border_score=0.831978",0.33149299025535583,0.3337516486644745,0.3347553610801697
test_Seq_226,0,2,"benchmark=nucleotide_transformer_downstream_tasks;dataset=splice_sites_all;matching=kmer_balanced;matching_signature=(12, 'CCC');border_estimator=center_window_kmer_jsd;estimator=center_jsd;window=48;search_radius=24;kmer=2;top_ratio=0.25;score_scale=4.0;motif_weight=0.0;motif_radius=12;score_normalization=train_quantile;raw_border_score=0.241306;border_score=1.061489",0.24500726163387299,0.23978489637374878,0.515207827091217
test_Seq_2573,2,2,"benchmark=nucleotide_transformer_downstream_tasks;dataset=splice_sites_all;matching=kmer_balanced;matching_signature=(14, 'GGG');border_estimator=center_window_kmer_jsd;estimator=center_jsd;window=48;search_radius=24;kmer=2;top_ratio=0.25;score_scale=4.0;motif_weight=0.0;motif_radius=12;score_normalization=train_quantile;raw_border_score=0.187255;border_score=0.936689",0.3205009996891022,0.3290349841117859,0.35046398639678955
test_Seq_2246,2,2,"benchmark=nucleotide_transformer_downstream_tasks;dataset=splice_sites_all;matching=kmer_balanced;matching_signature=(10, 'TGC');border_estimator=center_window_kmer_jsd;estimator=center_jsd;window=48;search_radius=24;kmer=2;top_ratio=0.25;score_scale=4.0;motif_weight=0.0;motif_radius=12;score_normalization=train_quantile;raw_border_score=0.132014;border_score=0.821578",0.2649407684803009,0.2538016140460968,0.4812576174736023
test_Seq_2752,2,2,"benchmark=nucleotide_transformer_downstream_tasks;dataset=splice_sites_all;matching=kmer_balanced;matching_signature=(6, 'TTT');border_estimator=center_window_kmer_jsd;estimator=center_jsd;window=48;search_radius=24;kmer=2;top_ratio=0.25;score_scale=4.0;motif_weight=0.0;motif_radius=12;score_normalization=train_quantile;raw_border_score=0.162742;border_score=0.873356",0.24904412031173706,0.2341650426387787,0.5167908668518066
test_Seq_2154,2,2,"benchmark=nucleotide_transformer_downstream_tasks;dataset=splice_sites_all;matching=kmer_balanced;matching_signature=(7, 'AAA');border_estimator=center_window_kmer_jsd;estimator=center_jsd;window=48;search_radius=24;kmer=2;top_ratio=0.25;score_scale=4.0;motif_weight=0.0;motif_radius=12;score_normalization=train_quantile;raw_border_score=0.173444;border_score=0.900378",0.3276614546775818,0.3331736922264099,0.3391648530960083
test_Seq_868,0,2,"benchmark=nucleotide_transformer_downstream_tasks;dataset=splice_sites_all;matching=kmer_balanced;matching_signature=(7, 'AAA');border_estimator=center_window_kmer_jsd;estimator=center_jsd;window=48;search_radius=24;kmer=2;top_ratio=0.25;score_scale=4.0;motif_weight=0.0;motif_radius=12;score_normalization=train_quantile;raw_border_score=0.153496;border_score=0.854422",0.2966088056564331,0.29460036754608154,0.4087907671928406
test_Seq_245,0,2,"benchmark=nucleotide_transformer_downstream_tasks;dataset=splice_sites_all;matching=kmer_balanced;matching_signature=(6, 'AAA');border_estimator=center_window_kmer_jsd;estimator=center_jsd;window=48;search_radius=24;kmer=2;top_ratio=0.25;score_scale=4.0;motif_weight=0.0;motif_radius=12;score_normalization=train_quantile;raw_border_score=0.228923;border_score=1.037933",0.2504997253417969,0.250201940536499,0.4992983639240265
test_Seq_2966,2,2,"benchmark=nucleotide_transformer_downstream_tasks;dataset=splice_sites_all;matching=kmer_balanced;matching_signature=(12, 'CTG');border_estimator=center_window_kmer_jsd;estimator=center_jsd;window=48;search_radius=24;kmer=2;top_ratio=0.25;score_scale=4.0;motif_weight=0.0;motif_radius=12;score_normalization=train_quantile;raw_border_score=0.103134;border_score=0.803489",0.3299388587474823,0.32370519638061523,0.3463558852672577
test_Seq_2815,2,2,"benchmark=nucleotide_transformer_downstream_tasks;dataset=splice_sites_all;matching=kmer_balanced;matching_signature=(6, 'TTT');border_estimator=center_window_kmer_jsd;estimator=center_jsd;window=48;search_radius=24;kmer=2;top_ratio=0.25;score_scale=4.0;motif_weight=0.0;motif_radius=12;score_normalization=train_quantile;raw_border_score=0.194568;border_score=0.955844",0.317097008228302,0.3269443213939667,0.35595864057540894
test_Seq_1770,1,2,"benchmark=nucleotide_transformer_downstream_tasks;dataset=splice_sites_all;matching=kmer_balanced;matching_signature=(6, 'TTT');border_estimator=center_window_kmer_jsd;estimator=center_jsd;window=48;search_radius=24;kmer=2;top_ratio=0.25;score_scale=4.0;motif_weight=0.0;motif_radius=12;score_normalization=train_quantile;raw_border_score=0.282675;border_score=1.127311",0.2742491066455841,0.2626214623451233,0.4631294906139374
test_Seq_752,0,1,"benchmark=nucleotide_transformer_downstream_tasks;dataset=splice_sites_all;matching=kmer_balanced;matching_signature=(8, 'TTT');border_estimator=center_window_kmer_jsd;estimator=center_jsd;window=48;search_radius=24;kmer=2;top_ratio=0.25;score_scale=4.0;motif_weight=0.0;motif_radius=12;score_normalization=train_quantile;raw_border_score=0.348671;border_score=1.176333",0.3266543447971344,0.3459734618663788,0.32737216353416443
test_Seq_169,0,2,"benchmark=nucleotide_transformer_downstream_tasks;dataset=splice_sites_all;matching=kmer_balanced;matching_signature=(7, 'TTT');border_estimator=center_window_kmer_jsd;estimator=center_jsd;window=48;search_radius=24;kmer=2;top_ratio=0.25;score_scale=4.0;motif_weight=0.0;motif_radius=12;score_normalization=train_quantile;raw_border_score=0.183667;border_score=0.926511",0.26535579562187195,0.24973058700561523,0.4849136173725128
test_Seq_601,0,2,"benchmark=nucleotide_transformer_downstream_tasks;dataset=splice_sites_all;matching=kmer_balanced;matching_signature=(7, 'AAA');border_estimator=center_window_kmer_jsd;estimator=center_jsd;window=48;search_radius=24;kmer=2;top_ratio=0.25;score_scale=4.0;motif_weight=0.0;motif_radius=12;score_normalization=train_quantile;raw_border_score=0.236901;border_score=1.052422",0.27716130018234253,0.2707667052745819,0.45207199454307556
test_Seq_2714,2,2,"benchmark=nucleotide_transformer_downstream_tasks;dataset=splice_sites_all;matching=kmer_balanced;matching_signature=(10, 'CTG');border_estimator=center_window_kmer_jsd;estimator=center_jsd;window=48;search_radius=24;kmer=2;top_ratio=0.25;score_scale=4.0;motif_weight=0.0;motif_radius=12;score_normalization=train_quantile;raw_border_score=0.101979;border_score=0.803222",0.10707471519708633,0.09848806262016296,0.7944372892379761
test_Seq_2831,2,2,"benchmark=nucleotide_transformer_downstream_tasks;dataset=splice_sites_all;matching=kmer_balanced;matching_signature=(9, 'TTT');border_estimator=center_window_kmer_jsd;estimator=center_jsd;window=48;search_radius=24;kmer=2;top_ratio=0.25;score_scale=4.0;motif_weight=0.0;motif_radius=12;score_normalization=train_quantile;raw_border_score=0.538496;border_score=1.199311",0.13767056167125702,0.12393292039632797,0.7383964657783508
test_Seq_1436,1,2,"benchmark=nucleotide_transformer_downstream_tasks;dataset=splice_sites_all;matching=kmer_balanced;matching_signature=(14, 'CGG');border_estimator=center_window_kmer_jsd;estimator=center_jsd;window=48;search_radius=24;kmer=2;top_ratio=0.25;score_scale=4.0;motif_weight=0.0;motif_radius=12;score_normalization=train_quantile;raw_border_score=0.255745;border_score=1.088822",0.3239220082759857,0.32431164383888245,0.3517663776874542
test_Seq_2571,2,1,"benchmark=nucleotide_transformer_downstream_tasks;dataset=splice_sites_all;matching=kmer_balanced;matching_signature=(13, 'GGG');border_estimator=center_window_kmer_jsd;estimator=center_jsd;window=48;search_radius=24;kmer=2;top_ratio=0.25;score_scale=4.0;motif_weight=0.0;motif_radius=12;score_normalization=train_quantile;raw_border_score=0.274581;border_score=1.116600",0.3367326855659485,0.35456719994544983,0.3087001442909241
test_Seq_1348,1,2,"benchmark=nucleotide_transformer_downstream_tasks;dataset=splice_sites_all;matching=kmer_balanced;matching_signature=(7, 'TTT');border_estimator=center_window_kmer_jsd;estimator=center_jsd;window=48;search_radius=24;kmer=2;top_ratio=0.25;score_scale=4.0;motif_weight=0.0;motif_radius=12;score_normalization=train_quantile;raw_border_score=0.231973;border_score=1.043800",0.2548168897628784,0.24563011527061462,0.4995529353618622
test_Seq_1013,1,2,"benchmark=nucleotide_transformer_downstream_tasks;dataset=splice_sites_all;matching=kmer_balanced;matching_signature=(5, 'TTT');border_estimator=center_window_kmer_jsd;estimator=center_jsd;window=48;search_radius=24;kmer=2;top_ratio=0.25;score_scale=4.0;motif_weight=0.0;motif_radius=12;score_normalization=train_quantile;raw_border_score=0.247839;border_score=1.074867",0.2558373212814331,0.2440592348575592,0.5001034140586853
test_Seq_1511,1,2,"benchmark=nucleotide_transformer_downstream_tasks;dataset=splice_sites_all;matching=kmer_balanced;matching_signature=(10, 'CCC');border_estimator=center_window_kmer_jsd;estimator=center_jsd;window=48;search_radius=24;kmer=2;top_ratio=0.25;score_scale=4.0;motif_weight=0.0;motif_radius=12;score_normalization=train_quantile;raw_border_score=0.202431;border_score=0.977178",0.32114118337631226,0.3206891417503357,0.35816967487335205
test_Seq_642,0,2,"benchmark=nucleotide_transformer_downstream_tasks;dataset=splice_sites_all;matching=kmer_balanced;matching_signature=(8, 'AAA');border_estimator=center_window_kmer_jsd;estimator=center_jsd;window=48;search_radius=24;kmer=2;top_ratio=0.25;score_scale=4.0;motif_weight=0.0;motif_radius=12;score_normalization=train_quantile;raw_border_score=0.132972;border_score=0.822733",0.3164709210395813,0.3083902597427368,0.3751388490200043
test_Seq_101,0,2,"benchmark=nucleotide_transformer_downstream_tasks;dataset=splice_sites_all;matching=kmer_balanced;matching_signature=(12, 'GGG');border_estimator=center_window_kmer_jsd;estimator=center_jsd;window=48;search_radius=24;kmer=2;top_ratio=0.25;score_scale=4.0;motif_weight=0.0;motif_radius=12;score_normalization=train_quantile;raw_border_score=0.217903;border_score=1.013489",0.3109974265098572,0.30878952145576477,0.38021302223205566
test_Seq_1730,1,2,"benchmark=nucleotide_transformer_downstream_tasks;dataset=splice_sites_all;matching=kmer_balanced;matching_signature=(10, 'CTG');border_estimator=center_window_kmer_jsd;estimator=center_jsd;window=48;search_radius=24;kmer=2;top_ratio=0.25;score_scale=4.0;motif_weight=0.0;motif_radius=12;score_normalization=train_quantile;raw_border_score=0.215127;border_score=1.006200",0.2659653127193451,0.2583663761615753,0.4756682813167572
test_Seq_2952,2,2,"benchmark=nucleotide_transformer_downstream_tasks;dataset=splice_sites_all;matching=kmer_balanced;matching_signature=(12, 'CCC');border_estimator=center_window_kmer_jsd;estimator=center_jsd;window=48;search_radius=24;kmer=2;top_ratio=0.25;score_scale=4.0;motif_weight=0.0;motif_radius=12;score_normalization=train_quantile;raw_border_score=0.322798;border_score=1.162644",0.2994011342525482,0.29559656977653503,0.405002236366272
test_Seq_486,0,2,"benchmark=nucleotide_transformer_downstream_tasks;dataset=splice_sites_all;matching=kmer_balanced;matching_signature=(11, 'CCT');border_estimator=center_window_kmer_jsd;estimator=center_jsd;window=48;search_radius=24;kmer=2;top_ratio=0.25;score_scale=4.0;motif_weight=0.0;motif_radius=12;score_normalization=train_quantile;raw_border_score=0.257775;border_score=1.091756",0.29104653000831604,0.28702741861343384,0.4219260811805725
test_Seq_1529,1,2,"benchmark=nucleotide_transformer_downstream_tasks;dataset=splice_sites_all;matching=kmer_balanced;matching_signature=(11, 'CTG');border_estimator=center_window_kmer_jsd;estimator=center_jsd;window=48;search_radius=24;kmer=2;top_ratio=0.25;score_scale=4.0;motif_weight=0.0;motif_radius=12;score_normalization=train_quantile;raw_border_score=0.159310;border_score=0.866200",0.31205692887306213,0.32047751545906067,0.3674655556678772
test_Seq_1512,1,2,"benchmark=nucleotide_transformer_downstream_tasks;dataset=splice_sites_all;matching=kmer_balanced;matching_signature=(7, 'TTT');border_estimator=center_window_kmer_jsd;estimator=center_jsd;window=48;search_radius=24;kmer=2;top_ratio=0.25;score_scale=4.0;motif_weight=0.0;motif_radius=12;score_normalization=train_quantile;raw_border_score=0.148834;border_score=0.845711",0.3301147520542145,0.33410635590553284,0.3357789218425751
test_Seq_2972,2,2,"benchmark=nucleotide_transformer_downstream_tasks;dataset=splice_sites_all;matching=kmer_balanced;matching_signature=(13, 'GGG');border_estimator=center_window_kmer_jsd;estimator=center_jsd;window=48;search_radius=24;kmer=2;top_ratio=0.25;score_scale=4.0;motif_weight=0.0;motif_radius=12;score_normalization=train_quantile;raw_border_score=0.241456;border_score=1.061889",0.30547481775283813,0.2944997549057007,0.40002545714378357
test_Seq_2372,2,2,"benchmark=nucleotide_transformer_downstream_tasks;dataset=splice_sites_all;matching=kmer_balanced;matching_signature=(7, 'TTT');border_estimator=center_window_kmer_jsd;estimator=center_jsd;window=48;search_radius=24;kmer=2;top_ratio=0.25;score_scale=4.0;motif_weight=0.0;motif_radius=12;score_normalization=train_quantile;raw_border_score=0.267370;border_score=1.106156",0.3278626501560211,0.32926681637763977,0.3428705632686615
test_Seq_1773,1,1,"benchmark=nucleotide_transformer_downstream_tasks;dataset=splice_sites_all;matching=kmer_balanced;matching_signature=(7, 'AAA');border_estimator=center_window_kmer_jsd;estimator=center_jsd;window=48;search_radius=24;kmer=2;top_ratio=0.25;score_scale=4.0;motif_weight=0.0;motif_radius=12;score_normalization=train_quantile;raw_border_score=0.139039;border_score=0.830511",0.3576376736164093,0.36579427123069763,0.27656808495521545
test_Seq_1206,1,2,"benchmark=nucleotide_transformer_downstream_tasks;dataset=splice_sites_all;matching=kmer_balanced;matching_signature=(12, 'CAG');border_estimator=center_window_kmer_jsd;estimator=center_jsd;window=48;search_radius=24;kmer=2;top_ratio=0.25;score_scale=4.0;motif_weight=0.0;motif_radius=12;score_normalization=train_quantile;raw_border_score=0.244823;border_score=1.069000",0.28886714577674866,0.2769716680049896,0.4341612160205841
test_Seq_1404,1,2,"benchmark=nucleotide_transformer_downstream_tasks;dataset=splice_sites_all;matching=kmer_balanced;matching_signature=(6, 'AAA');border_estimator=center_window_kmer_jsd;estimator=center_jsd;window=48;search_radius=24;kmer=2;top_ratio=0.25;score_scale=4.0;motif_weight=0.0;motif_radius=12;score_normalization=train_quantile;raw_border_score=0.164477;border_score=0.877667",0.3028923571109772,0.2867947816848755,0.4103128910064697
test_Seq_1567,1,2,"benchmark=nucleotide_transformer_downstream_tasks;dataset=splice_sites_all;matching=kmer_balanced;matching_signature=(6, 'TTT');border_estimator=center_window_kmer_jsd;estimator=center_jsd;window=48;search_radius=24;kmer=2;top_ratio=0.25;score_scale=4.0;motif_weight=0.0;motif_radius=12;score_normalization=train_quantile;raw_border_score=0.291140;border_score=1.137444",0.31808874011039734,0.30970755219459534,0.37220367789268494
test_Seq_1254,1,2,"benchmark=nucleotide_transformer_downstream_tasks;dataset=splice_sites_all;matching=kmer_balanced;matching_signature=(6, 'TTT');border_estimator=center_window_kmer_jsd;estimator=center_jsd;window=48;search_radius=24;kmer=2;top_ratio=0.25;score_scale=4.0;motif_weight=0.0;motif_radius=12;score_normalization=train_quantile;raw_border_score=0.162770;border_score=0.873444",0.28150543570518494,0.27723848819732666,0.44125601649284363
test_Seq_2051,2,1,"benchmark=nucleotide_transformer_downstream_tasks;dataset=splice_sites_all;matching=kmer_balanced;matching_signature=(9, 'CAG');border_estimator=center_window_kmer_jsd;estimator=center_jsd;window=48;search_radius=24;kmer=2;top_ratio=0.25;score_scale=4.0;motif_weight=0.0;motif_radius=12;score_normalization=train_quantile;raw_border_score=0.198146;border_score=0.966244",0.34709760546684265,0.3511902689933777,0.30171212553977966
test_Seq_2219,2,2,"benchmark=nucleotide_transformer_downstream_tasks;dataset=splice_sites_all;matching=kmer_balanced;matching_signature=(6, 'AAA');border_estimator=center_window_kmer_jsd;estimator=center_jsd;window=48;search_radius=24;kmer=2;top_ratio=0.25;score_scale=4.0;motif_weight=0.0;motif_radius=12;score_normalization=train_quantile;raw_border_score=0.197435;border_score=0.964067",0.15323752164840698,0.1427425891160965,0.7040198445320129
test_Seq_164,0,2,"benchmark=nucleotide_transformer_downstream_tasks;dataset=splice_sites_all;matching=kmer_balanced;matching_signature=(11, 'CCC');border_estimator=center_window_kmer_jsd;estimator=center_jsd;window=48;search_radius=24;kmer=2;top_ratio=0.25;score_scale=4.0;motif_weight=0.0;motif_radius=12;score_normalization=train_quantile;raw_border_score=0.307977;border_score=1.152111",0.2703579366207123,0.2624102532863617,0.467231810092926
test_Seq_560,0,2,"benchmark=nucleotide_transformer_downstream_tasks;dataset=splice_sites_all;matching=kmer_balanced;matching_signature=(13, 'GGG');border_estimator=center_window_kmer_jsd;estimator=center_jsd;window=48;search_radius=24;kmer=2;top_ratio=0.25;score_scale=4.0;motif_weight=0.0;motif_radius=12;score_normalization=train_quantile;raw_border_score=0.225714;border_score=1.031400",0.3033639192581177,0.2931079566478729,0.403528094291687
test_Seq_427,0,2,"benchmark=nucleotide_transformer_downstream_tasks;dataset=splice_sites_all;matching=kmer_balanced;matching_signature=(7, 'TGA');border_estimator=center_window_kmer_jsd;estimator=center_jsd;window=48;search_radius=24;kmer=2;top_ratio=0.25;score_scale=4.0;motif_weight=0.0;motif_radius=12;score_normalization=train_quantile;raw_border_score=0.190940;border_score=0.946556",0.2797272801399231,0.2649727761745453,0.4552999436855316
test_Seq_2092,2,2,"benchmark=nucleotide_transformer_downstream_tasks;dataset=splice_sites_all;matching=kmer_balanced;matching_signature=(11, 'CCT');border_estimator=center_window_kmer_jsd;estimator=center_jsd;window=48;search_radius=24;kmer=2;top_ratio=0.25;score_scale=4.0;motif_weight=0.0;motif_radius=12;score_normalization=train_quantile;raw_border_score=0.153124;border_score=0.853622",0.2603984773159027,0.25173714756965637,0.4878644049167633
test_Seq_2240,2,2,"benchmark=nucleotide_transformer_downstream_tasks;dataset=splice_sites_all;matching=kmer_balanced;matching_signature=(9, 'CTG');border_estimator=center_window_kmer_jsd;estimator=center_jsd;window=48;search_radius=24;kmer=2;top_ratio=0.25;score_scale=4.0;motif_weight=0.0;motif_radius=12;score_normalization=train_quantile;raw_border_score=0.141432;border_score=0.833133",0.30772140622138977,0.3050846755504608,0.3871939480304718
test_Seq_1843,1,2,"benchmark=nucleotide_transformer_downstream_tasks;dataset=splice_sites_all;matching=kmer_balanced;matching_signature=(10, 'CTC');border_estimator=center_window_kmer_jsd;estimator=center_jsd;window=48;search_radius=24;kmer=2;top_ratio=0.25;score_scale=4.0;motif_weight=0.0;motif_radius=12;score_normalization=train_quantile;raw_border_score=0.293874;border_score=1.140022",0.23204386234283447,0.2231997549533844,0.5447563529014587
test_Seq_1854,1,1,"benchmark=nucleotide_transformer_downstream_tasks;dataset=splice_sites_all;matching=kmer_balanced;matching_signature=(9, 'CAG');border_estimator=center_window_kmer_jsd;estimator=center_jsd;window=48;search_radius=24;kmer=2;top_ratio=0.25;score_scale=4.0;motif_weight=0.0;motif_radius=12;score_normalization=train_quantile;raw_border_score=0.214473;border_score=1.005044",0.3339563012123108,0.33709144592285156,0.32895225286483765
test_Seq_2040,2,2,"benchmark=nucleotide_transformer_downstream_tasks;dataset=splice_sites_all;matching=kmer_balanced;matching_signature=(5, 'TTT');border_estimator=center_window_kmer_jsd;estimator=center_jsd;window=48;search_radius=24;kmer=2;top_ratio=0.25;score_scale=4.0;motif_weight=0.0;motif_radius=12;score_normalization=train_quantile;raw_border_score=0.168992;border_score=0.888600",0.3208411931991577,0.3075045347213745,0.371654212474823
test_Seq_2030,2,1,"benchmark=nucleotide_transformer_downstream_tasks;dataset=splice_sites_all;matching=kmer_balanced;matching_signature=(13, 'GGG');border_estimator=center_window_kmer_jsd;estimator=center_jsd;window=48;search_radius=24;kmer=2;top_ratio=0.25;score_scale=4.0;motif_weight=0.0;motif_radius=12;score_normalization=train_quantile;raw_border_score=0.230916;border_score=1.041222",0.3336009383201599,0.3379276990890503,0.3284713923931122
test_Seq_2032,2,2,"benchmark=nucleotide_transformer_downstream_tasks;dataset=splice_sites_all;matching=kmer_balanced;matching_signature=(9, 'TGG');border_estimator=center_window_kmer_jsd;estimator=center_jsd;window=48;search_radius=24;kmer=2;top_ratio=0.25;score_scale=4.0;motif_weight=0.0;motif_radius=12;score_normalization=train_quantile;raw_border_score=0.195918;border_score=0.959667",0.26217415928840637,0.25851666927337646,0.4793091416358948
test_Seq_2988,2,2,"benchmark=nucleotide_transformer_downstream_tasks;dataset=splice_sites_all;matching=kmer_balanced;matching_signature=(6, 'TTT');border_estimator=center_window_kmer_jsd;estimator=center_jsd;window=48;search_radius=24;kmer=2;top_ratio=0.25;score_scale=4.0;motif_weight=0.0;motif_radius=12;score_normalization=train_quantile;raw_border_score=0.124620;border_score=0.814156",0.3284603953361511,0.3159765601158142,0.3555630147457123
test_Seq_2293,2,2,"benchmark=nucleotide_transformer_downstream_tasks;dataset=splice_sites_all;matching=kmer_balanced;matching_signature=(5, 'TTT');border_estimator=center_window_kmer_jsd;estimator=center_jsd;window=48;search_radius=24;kmer=2;top_ratio=0.25;score_scale=4.0;motif_weight=0.0;motif_radius=12;score_normalization=train_quantile;raw_border_score=0.179768;border_score=0.917089",0.26966241002082825,0.2473457008600235,0.48299190402030945
test_Seq_660,0,2,"benchmark=nucleotide_transformer_downstream_tasks;dataset=splice_sites_all;matching=kmer_balanced;matching_signature=(8, 'TTT');border_estimator=center_window_kmer_jsd;estimator=center_jsd;window=48;search_radius=24;kmer=2;top_ratio=0.25;score_scale=4.0;motif_weight=0.0;motif_radius=12;score_normalization=train_quantile;raw_border_score=0.314880;border_score=1.157311",0.315703809261322,0.31908032298088074,0.36521586775779724
test_Seq_2917,2,2,"benchmark=nucleotide_transformer_downstream_tasks;dataset=splice_sites_all;matching=kmer_balanced;matching_signature=(6, 'TTT');border_estimator=center_window_kmer_jsd;estimator=center_jsd;window=48;search_radius=24;kmer=2;top_ratio=0.25;score_scale=4.0;motif_weight=0.0;motif_radius=12;score_normalization=train_quantile;raw_border_score=0.193320;border_score=0.952911",0.3214951157569885,0.3134911358356476,0.3650137484073639
test_Seq_219,0,2,"benchmark=nucleotide_transformer_downstream_tasks;dataset=splice_sites_all;matching=kmer_balanced;matching_signature=(14, 'CCC');border_estimator=center_window_kmer_jsd;estimator=center_jsd;window=48;search_radius=24;kmer=2;top_ratio=0.25;score_scale=4.0;motif_weight=0.0;motif_radius=12;score_normalization=train_quantile;raw_border_score=0.217508;border_score=1.012511",0.31546103954315186,0.3228687345981598,0.36167022585868835
test_Seq_2152,2,2,"benchmark=nucleotide_transformer_downstream_tasks;dataset=splice_sites_all;matching=kmer_balanced;matching_signature=(6, 'TTT');border_estimator=center_window_kmer_jsd;estimator=center_jsd;window=48;search_radius=24;kmer=2;top_ratio=0.25;score_scale=4.0;motif_weight=0.0;motif_radius=12;score_normalization=train_quantile;raw_border_score=0.195411;border_score=0.958289",0.30529552698135376,0.30190199613571167,0.39280247688293457
test_Seq_639,0,2,"benchmark=nucleotide_transformer_downstream_tasks;dataset=splice_sites_all;matching=kmer_balanced;matching_signature=(11, 'TGG');border_estimator=center_window_kmer_jsd;estimator=center_jsd;window=48;search_radius=24;kmer=2;top_ratio=0.25;score_scale=4.0;motif_weight=0.0;motif_radius=12;score_normalization=train_quantile;raw_border_score=0.201251;border_score=0.974022",0.29476451873779297,0.29457613825798035,0.4106592833995819
test_Seq_2603,2,1,"benchmark=nucleotide_transformer_downstream_tasks;dataset=splice_sites_all;matching=kmer_balanced;matching_signature=(13, 'GGG');border_estimator=center_window_kmer_jsd;estimator=center_jsd;window=48;search_radius=24;kmer=2;top_ratio=0.25;score_scale=4.0;motif_weight=0.0;motif_radius=12;score_normalization=train_quantile;raw_border_score=0.354543;border_score=1.178378",0.33371618390083313,0.34281131625175476,0.3234724998474121
test_Seq_2718,2,2,"benchmark=nucleotide_transformer_downstream_tasks;dataset=splice_sites_all;matching=kmer_balanced;matching_signature=(6, 'AAA');border_estimator=center_window_kmer_jsd;estimator=center_jsd;window=48;search_radius=24;kmer=2;top_ratio=0.25;score_scale=4.0;motif_weight=0.0;motif_radius=12;score_normalization=train_quantile;raw_border_score=0.267774;border_score=1.106867",0.31083640456199646,0.31381890177726746,0.3753446638584137
test_Seq_626,0,2,"benchmark=nucleotide_transformer_downstream_tasks;dataset=splice_sites_all;matching=kmer_balanced;matching_signature=(11, 'CCC');border_estimator=center_window_kmer_jsd;estimator=center_jsd;window=48;search_radius=24;kmer=2;top_ratio=0.25;score_scale=4.0;motif_weight=0.0;motif_radius=12;score_normalization=train_quantile;raw_border_score=0.240039;border_score=1.058422",0.3153996169567108,0.317640483379364,0.36695992946624756
test_Seq_2627,2,2,"benchmark=nucleotide_transformer_downstream_tasks;dataset=splice_sites_all;matching=kmer_balanced;matching_signature=(7, 'TTT');border_estimator=center_window_kmer_jsd;estimator=center_jsd;window=48;search_radius=24;kmer=2;top_ratio=0.25;score_scale=4.0;motif_weight=0.0;motif_radius=12;score_normalization=train_quantile;raw_border_score=0.334319;border_score=1.168733",0.25683921575546265,0.23784318566322327,0.5053175687789917
test_Seq_1589,1,2,"benchmark=nucleotide_transformer_downstream_tasks;dataset=splice_sites_all;matching=kmer_balanced;matching_signature=(6, 'AAA');border_estimator=center_window_kmer_jsd;estimator=center_jsd;window=48;search_radius=24;kmer=2;top_ratio=0.25;score_scale=4.0;motif_weight=0.0;motif_radius=12;score_normalization=train_quantile;raw_border_score=0.353638;border_score=1.178022",0.3209085464477539,0.3284148871898651,0.350676566362381
test_Seq_474,0,2,"benchmark=nucleotide_transformer_downstream_tasks;dataset=splice_sites_all;matching=kmer_balanced;matching_signature=(13, 'CTG');border_estimator=center_window_kmer_jsd;estimator=center_jsd;window=48;search_radius=24;kmer=2;top_ratio=0.25;score_scale=4.0;motif_weight=0.0;motif_radius=12;score_normalization=train_quantile;raw_border_score=0.126898;border_score=0.816378",0.29522162675857544,0.2806099057197571,0.42416849732398987
test_Seq_888,0,2,"benchmark=nucleotide_transformer_downstream_tasks;dataset=splice_sites_all;matching=kmer_balanced;matching_signature=(6, 'TTT');border_estimator=center_window_kmer_jsd;estimator=center_jsd;window=48;search_radius=24;kmer=2;top_ratio=0.25;score_scale=4.0;motif_weight=0.0;motif_radius=12;score_normalization=train_quantile;raw_border_score=0.249469;border_score=1.078067",0.31546643376350403,0.32380738854408264,0.36072611808776855
test_Seq_833,0,2,"benchmark=nucleotide_transformer_downstream_tasks;dataset=splice_sites_all;matching=kmer_balanced;matching_signature=(9, 'GAA');border_estimator=center_window_kmer_jsd;estimator=center_jsd;window=48;search_radius=24;kmer=2;top_ratio=0.25;score_scale=4.0;motif_weight=0.0;motif_radius=12;score_normalization=train_quantile;raw_border_score=0.193772;border_score=0.954111",0.3253011703491211,0.32856324315071106,0.34613561630249023
test_Seq_2253,2,2,"benchmark=nucleotide_transformer_downstream_tasks;dataset=splice_sites_all;matching=kmer_balanced;matching_signature=(7, 'TTT');border_estimator=center_window_kmer_jsd;estimator=center_jsd;window=48;search_radius=24;kmer=2;top_ratio=0.25;score_scale=4.0;motif_weight=0.0;motif_radius=12;score_normalization=train_quantile;raw_border_score=0.111795;border_score=0.806333",0.2234756350517273,0.2079479843378067,0.5685763955116272
test_Seq_2426,2,0,"benchmark=nucleotide_transformer_downstream_tasks;dataset=splice_sites_all;matching=kmer_balanced;matching_signature=(8, 'TTT');border_estimator=center_window_kmer_jsd;estimator=center_jsd;window=48;search_radius=24;kmer=2;top_ratio=0.25;score_scale=4.0;motif_weight=0.0;motif_radius=12;score_normalization=train_quantile;raw_border_score=0.198881;border_score=0.968200",0.34050092101097107,0.3377406597137451,0.3217584192752838
test_Seq_2346,2,2,"benchmark=nucleotide_transformer_downstream_tasks;dataset=splice_sites_all;matching=kmer_balanced;matching_signature=(9, 'AAA');border_estimator=center_window_kmer_jsd;estimator=center_jsd;window=48;search_radius=24;kmer=2;top_ratio=0.25;score_scale=4.0;motif_weight=0.0;motif_radius=12;score_normalization=train_quantile;raw_border_score=0.307210;border_score=1.151578",0.11986099928617477,0.10970264673233032,0.7704363465309143
test_Seq_1996,1,1,"benchmark=nucleotide_transformer_downstream_tasks;dataset=splice_sites_all;matching=kmer_balanced;matching_signature=(7, 'TTT');border_estimator=center_window_kmer_jsd;estimator=center_jsd;window=48;search_radius=24;kmer=2;top_ratio=0.25;score_scale=4.0;motif_weight=0.0;motif_radius=12;score_normalization=train_quantile;raw_border_score=0.196323;border_score=0.960911",0.3490493893623352,0.3490893542766571,0.3018612563610077
test_Seq_1026,1,2,"benchmark=nucleotide_transformer_downstream_tasks;dataset=splice_sites_all;matching=kmer_balanced;matching_signature=(10, 'CCT');border_estimator=center_window_kmer_jsd;estimator=center_jsd;window=48;search_radius=24;kmer=2;top_ratio=0.25;score_scale=4.0;motif_weight=0.0;motif_radius=12;score_normalization=train_quantile;raw_border_score=0.151099;border_score=0.849133",0.2975875735282898,0.30445119738578796,0.397961288690567
test_Seq_2863,2,2,"benchmark=nucleotide_transformer_downstream_tasks;dataset=splice_sites_all;matching=kmer_balanced;matching_signature=(8, 'AAA');border_estimator=center_window_kmer_jsd;estimator=center_jsd;window=48;search_radius=24;kmer=2;top_ratio=0.25;score_scale=4.0;motif_weight=0.0;motif_radius=12;score_normalization=train_quantile;raw_border_score=0.171935;border_score=0.896156",0.32750245928764343,0.31965285539627075,0.3528446853160858
test_Seq_68,0,0,"benchmark=nucleotide_transformer_downstream_tasks;dataset=splice_sites_all;matching=kmer_balanced;matching_signature=(6, 'TTT');border_estimator=center_window_kmer_jsd;estimator=center_jsd;window=48;search_radius=24;kmer=2;top_ratio=0.25;score_scale=4.0;motif_weight=0.0;motif_radius=12;score_normalization=train_quantile;raw_border_score=0.180041;border_score=0.917844",0.3421354591846466,0.3389074504375458,0.3189570903778076
test_Seq_2096,2,2,"benchmark=nucleotide_transformer_downstream_tasks;dataset=splice_sites_all;matching=kmer_balanced;matching_signature=(10, 'GGG');border_estimator=center_window_kmer_jsd;estimator=center_jsd;window=48;search_radius=24;kmer=2;top_ratio=0.25;score_scale=4.0;motif_weight=0.0;motif_radius=12;score_normalization=train_quantile;raw_border_score=0.354988;border_score=1.178600",0.32575008273124695,0.3243201971054077,0.3499297499656677
test_Seq_170,0,2,"benchmark=nucleotide_transformer_downstream_tasks;dataset=splice_sites_all;matching=kmer_balanced;matching_signature=(8, 'AAA');border_estimator=center_window_kmer_jsd;estimator=center_jsd;window=48;search_radius=24;kmer=2;top_ratio=0.25;score_scale=4.0;motif_weight=0.0;motif_radius=12;score_normalization=train_quantile;raw_border_score=0.248634;border_score=1.076378",0.3222150206565857,0.32666006684303284,0.35112494230270386
test_Seq_2950,2,2,"benchmark=nucleotide_transformer_downstream_tasks;dataset=splice_sites_all;matching=kmer_balanced;matching_signature=(12, 'GGG');border_estimator=center_window_kmer_jsd;estimator=center_jsd;window=48;search_radius=24;kmer=2;top_ratio=0.25;score_scale=4.0;motif_weight=0.0;motif_radius=12;score_normalization=train_quantile;raw_border_score=0.166496;border_score=0.882778",0.32440635561943054,0.3297322392463684,0.3458613455295563
test_Seq_2974,2,2,"benchmark=nucleotide_transformer_downstream_tasks;dataset=splice_sites_all;matching=kmer_balanced;matching_signature=(8, 'TTT');border_estimator=center_window_kmer_jsd;estimator=center_jsd;window=48;search_radius=24;kmer=2;top_ratio=0.25;score_scale=4.0;motif_weight=0.0;motif_radius=12;score_normalization=train_quantile;raw_border_score=0.207181;border_score=0.988733",0.14641602337360382,0.13738739490509033,0.7161965370178223
test_Seq_2726,2,2,"benchmark=nucleotide_transformer_downstream_tasks;dataset=splice_sites_all;matching=kmer_balanced;matching_signature=(6, 'TTT');border_estimator=center_window_kmer_jsd;estimator=center_jsd;window=48;search_radius=24;kmer=2;top_ratio=0.25;score_scale=4.0;motif_weight=0.0;motif_radius=12;score_normalization=train_quantile;raw_border_score=0.194901;border_score=0.956689",0.13062737882137299,0.11698710918426514,0.7523854970932007
test_Seq_1298,1,1,"benchmark=nucleotide_transformer_downstream_tasks;dataset=splice_sites_all;matching=kmer_balanced;matching_signature=(13, 'GGG');border_estimator=center_window_kmer_jsd;estimator=center_jsd;window=48;search_radius=24;kmer=2;top_ratio=0.25;score_scale=4.0;motif_weight=0.0;motif_radius=12;score_normalization=train_quantile;raw_border_score=0.206459;border_score=0.987044",0.3601343035697937,0.3813640773296356,0.2585015892982483
test_Seq_570,0,1,"benchmark=nucleotide_transformer_downstream_tasks;dataset=splice_sites_all;matching=kmer_balanced;matching_signature=(7, 'TTT');border_estimator=center_window_kmer_jsd;estimator=center_jsd;window=48;search_radius=24;kmer=2;top_ratio=0.25;score_scale=4.0;motif_weight=0.0;motif_radius=12;score_normalization=train_quantile;raw_border_score=0.252045;border_score=1.082333",0.342581570148468,0.35791096091270447,0.2995074391365051
test_Seq_2716,2,2,"benchmark=nucleotide_transformer_downstream_tasks;dataset=splice_sites_all;matching=kmer_balanced;matching_signature=(7, 'TTT');border_estimator=center_window_kmer_jsd;estimator=center_jsd;window=48;search_radius=24;kmer=2;top_ratio=0.25;score_scale=4.0;motif_weight=0.0;motif_radius=12;score_normalization=train_quantile;raw_border_score=0.182397;border_score=0.923222",0.1323840171098709,0.1189851239323616,0.7486308813095093
test_Seq_1528,1,0,"benchmark=nucleotide_transformer_downstream_tasks;dataset=splice_sites_all;matching=kmer_balanced;matching_signature=(8, 'TTT');border_estimator=center_window_kmer_jsd;estimator=center_jsd;window=48;search_radius=24;kmer=2;top_ratio=0.25;score_scale=4.0;motif_weight=0.0;motif_radius=12;score_normalization=train_quantile;raw_border_score=0.288559;border_score=1.134867",0.37288376688957214,0.3726862668991089,0.25442999601364136
test_Seq_2207,2,2,"benchmark=nucleotide_transformer_downstream_tasks;dataset=splice_sites_all;matching=kmer_balanced;matching_signature=(7, 'AAA');border_estimator=center_window_kmer_jsd;estimator=center_jsd;window=48;search_radius=24;kmer=2;top_ratio=0.25;score_scale=4.0;motif_weight=0.0;motif_radius=12;score_normalization=train_quantile;raw_border_score=0.242084;border_score=1.063533",0.23289163410663605,0.23241429030895233,0.5346940755844116
test_Seq_937,0,2,"benchmark=nucleotide_transformer_downstream_tasks;dataset=splice_sites_all;matching=kmer_balanced;matching_signature=(6, 'AAA');border_estimator=center_window_kmer_jsd;estimator=center_jsd;window=48;search_radius=24;kmer=2;top_ratio=0.25;score_scale=4.0;motif_weight=0.0;motif_radius=12;score_normalization=train_quantile;raw_border_score=0.174677;border_score=0.903978",0.24714726209640503,0.23222632706165314,0.520626425743103
test_Seq_2313,2,2,"benchmark=nucleotide_transformer_downstream_tasks;dataset=splice_sites_all;matching=kmer_balanced;matching_signature=(9, 'TTT');border_estimator=center_window_kmer_jsd;estimator=center_jsd;window=48;search_radius=24;kmer=2;top_ratio=0.25;score_scale=4.0;motif_weight=0.0;motif_radius=12;score_normalization=train_quantile;raw_border_score=0.299140;border_score=1.145489",0.297579824924469,0.2960626780986786,0.4063575267791748
test_Seq_948,0,2,"benchmark=nucleotide_transformer_downstream_tasks;dataset=splice_sites_all;matching=kmer_balanced;matching_signature=(10, 'CCC');border_estimator=center_window_kmer_jsd;estimator=center_jsd;window=48;search_radius=24;kmer=2;top_ratio=0.25;score_scale=4.0;motif_weight=0.0;motif_radius=12;score_normalization=train_quantile;raw_border_score=0.215592;border_score=1.007622",0.3073350787162781,0.3028416931629181,0.38982319831848145
test_Seq_406,0,2,"benchmark=nucleotide_transformer_downstream_tasks;dataset=splice_sites_all;matching=kmer_balanced;matching_signature=(7, 'TTT');border_estimator=center_window_kmer_jsd;estimator=center_jsd;window=48;search_radius=24;kmer=2;top_ratio=0.25;score_scale=4.0;motif_weight=0.0;motif_radius=12;score_normalization=train_quantile;raw_border_score=0.370225;border_score=1.184244",0.30891743302345276,0.3010721802711487,0.39001035690307617
test_Seq_1281,1,2,"benchmark=nucleotide_transformer_downstream_tasks;dataset=splice_sites_all;matching=kmer_balanced;matching_signature=(8, 'AAA');border_estimator=center_window_kmer_jsd;estimator=center_jsd;window=48;search_radius=24;kmer=2;top_ratio=0.25;score_scale=4.0;motif_weight=0.0;motif_radius=12;score_normalization=train_quantile;raw_border_score=0.197421;border_score=0.964067",0.3033272624015808,0.2939278483390808,0.4027448296546936
test_Seq_2834,2,2,"benchmark=nucleotide_transformer_downstream_tasks;dataset=splice_sites_all;matching=kmer_balanced;matching_signature=(7, 'TTT');border_estimator=center_window_kmer_jsd;estimator=center_jsd;window=48;search_radius=24;kmer=2;top_ratio=0.25;score_scale=4.0;motif_weight=0.0;motif_radius=12;score_normalization=train_quantile;raw_border_score=0.134471;border_score=0.824511",0.1374233067035675,0.12263908237218857,0.7399376630783081
test_Seq_1886,1,2,"benchmark=nucleotide_transformer_downstream_tasks;dataset=splice_sites_all;matching=kmer_balanced;matching_signature=(8, 'AAA');border_estimator=center_window_kmer_jsd;estimator=center_jsd;window=48;search_radius=24;kmer=2;top_ratio=0.25;score_scale=4.0;motif_weight=0.0;motif_radius=12;score_normalization=train_quantile;raw_border_score=0.380935;border_score=1.186644",0.27226102352142334,0.2720471918582916,0.45569175481796265
test_Seq_578,0,2,"benchmark=nucleotide_transformer_downstream_tasks;dataset=splice_sites_all;matching=kmer_balanced;matching_signature=(13, 'GGG');border_estimator=center_window_kmer_jsd;estimator=center_jsd;window=48;search_radius=24;kmer=2;top_ratio=0.25;score_scale=4.0;motif_weight=0.0;motif_radius=12;score_normalization=train_quantile;raw_border_score=0.209942;border_score=0.994911",0.2845946252346039,0.2762371301651001,0.4391683042049408
test_Seq_2958,2,2,"benchmark=nucleotide_transformer_downstream_tasks;dataset=splice_sites_all;matching=kmer_balanced;matching_signature=(10, 'TCT');border_estimator=center_window_kmer_jsd;estimator=center_jsd;window=48;search_radius=24;kmer=2;top_ratio=0.25;score_scale=4.0;motif_weight=0.0;motif_radius=12;score_normalization=train_quantile;raw_border_score=0.310353;border_score=1.154467",0.2820916175842285,0.26535162329673767,0.452556848526001
test_Seq_1721,1,2,"benchmark=nucleotide_transformer_downstream_tasks;dataset=splice_sites_all;matching=kmer_balanced;matching_signature=(7, 'AAA');border_estimator=center_window_kmer_jsd;estimator=center_jsd;window=48;search_radius=24;kmer=2;top_ratio=0.25;score_scale=4.0;motif_weight=0.0;motif_radius=12;score_normalization=train_quantile;raw_border_score=0.357073;border_score=1.179400",0.2700709402561188,0.26287323236465454,0.46705591678619385
test_Seq_389,0,2,"benchmark=nucleotide_transformer_downstream_tasks;dataset=splice_sites_all;matching=kmer_balanced;matching_signature=(12, 'CCT');border_estimator=center_window_kmer_jsd;estimator=center_jsd;window=48;search_radius=24;kmer=2;top_ratio=0.25;score_scale=4.0;motif_weight=0.0;motif_radius=12;score_normalization=train_quantile;raw_border_score=0.171229;border_score=0.893711",0.2894333600997925,0.292170912027359,0.4183957576751709
test_Seq_1260,1,2,"benchmark=nucleotide_transformer_downstream_tasks;dataset=splice_sites_all;matching=kmer_balanced;matching_signature=(12, 'GGG');border_estimator=center_window_kmer_jsd;estimator=center_jsd;window=48;search_radius=24;kmer=2;top_ratio=0.25;score_scale=4.0;motif_weight=0.0;motif_radius=12;score_normalization=train_quantile;raw_border_score=0.376092;border_score=1.185756",0.28560546040534973,0.2777281701564789,0.4366663098335266
test_Seq_1524,1,2,"benchmark=nucleotide_transformer_downstream_tasks;dataset=splice_sites_all;matching=kmer_balanced;matching_signature=(10, 'AGG');border_estimator=center_window_kmer_jsd;estimator=center_jsd;window=48;search_radius=24;kmer=2;top_ratio=0.25;score_scale=4.0;motif_weight=0.0;motif_radius=12;score_normalization=train_quantile;raw_border_score=0.276914;border_score=1.119800",0.31037136912345886,0.2999889552593231,0.38963964581489563
test_Seq_112,0,2,"benchmark=nucleotide_transformer_downstream_tasks;dataset=splice_sites_all;matching=kmer_balanced;matching_signature=(6, 'TTT');border_estimator=center_window_kmer_jsd;estimator=center_jsd;window=48;search_radius=24;kmer=2;top_ratio=0.25;score_scale=4.0;motif_weight=0.0;motif_radius=12;score_normalization=train_quantile;raw_border_score=0.235586;border_score=1.050244",0.28723573684692383,0.27174049615859985,0.4410237669944763
test_Seq_1606,1,2,"benchmark=nucleotide_transformer_downstream_tasks;dataset=splice_sites_all;matching=kmer_balanced;matching_signature=(6, 'TTT');border_estimator=center_window_kmer_jsd;estimator=center_jsd;window=48;search_radius=24;kmer=2;top_ratio=0.25;score_scale=4.0;motif_weight=0.0;motif_radius=12;score_normalization=train_quantile;raw_border_score=0.254878;border_score=1.087178",0.32023385167121887,0.31196314096450806,0.36780300736427307
test_Seq_85,0,2,"benchmark=nucleotide_transformer_downstream_tasks;dataset=splice_sites_all;matching=kmer_balanced;matching_signature=(6, 'TTT');border_estimator=center_window_kmer_jsd;estimator=center_jsd;window=48;search_radius=24;kmer=2;top_ratio=0.25;score_scale=4.0;motif_weight=0.0;motif_radius=12;score_normalization=train_quantile;raw_border_score=0.374072;border_score=1.185222",0.31247422099113464,0.3140052258968353,0.37352055311203003
test_Seq_1359,1,2,"benchmark=nucleotide_transformer_downstream_tasks;dataset=splice_sites_all;matching=kmer_balanced;matching_signature=(6, 'TTT');border_estimator=center_window_kmer_jsd;estimator=center_jsd;window=48;search_radius=24;kmer=2;top_ratio=0.25;score_scale=4.0;motif_weight=0.0;motif_radius=12;score_normalization=train_quantile;raw_border_score=0.102117;border_score=0.803267",0.24782532453536987,0.24382585287094116,0.5083487629890442
test_Seq_2188,2,2,"benchmark=nucleotide_transformer_downstream_tasks;dataset=splice_sites_all;matching=kmer_balanced;matching_signature=(11, 'CCA');border_estimator=center_window_kmer_jsd;estimator=center_jsd;window=48;search_radius=24;kmer=2;top_ratio=0.25;score_scale=4.0;motif_weight=0.0;motif_radius=12;score_normalization=train_quantile;raw_border_score=0.172857;border_score=0.898556",0.3229614496231079,0.3152082562446594,0.36183029413223267
test_Seq_2673,2,2,"benchmark=nucleotide_transformer_downstream_tasks;dataset=splice_sites_all;matching=kmer_balanced;matching_signature=(7, 'TTT');border_estimator=center_window_kmer_jsd;estimator=center_jsd;window=48;search_radius=24;kmer=2;top_ratio=0.25;score_scale=4.0;motif_weight=0.0;motif_radius=12;score_normalization=train_quantile;raw_border_score=0.156671;border_score=0.860822",0.26274845004081726,0.2602052390575409,0.47704634070396423
test_Seq_14,0,2,"benchmark=nucleotide_transformer_downstream_tasks;dataset=splice_sites_all;matching=kmer_balanced;matching_signature=(10, 'CTG');border_estimator=center_window_kmer_jsd;estimator=center_jsd;window=48;search_radius=24;kmer=2;top_ratio=0.25;score_scale=4.0;motif_weight=0.0;motif_radius=12;score_normalization=train_quantile;raw_border_score=0.269421;border_score=1.109222",0.30711326003074646,0.3090667128562927,0.3838200271129608
test_Seq_109,0,2,"benchmark=nucleotide_transformer_downstream_tasks;dataset=splice_sites_all;matching=kmer_balanced;matching_signature=(13, 'CCC');border_estimator=center_window_kmer_jsd;estimator=center_jsd;window=48;search_radius=24;kmer=2;top_ratio=0.25;score_scale=4.0;motif_weight=0.0;motif_radius=12;score_normalization=train_quantile;raw_border_score=0.282753;border_score=1.127400",0.2653341591358185,0.26153460144996643,0.4731312692165375
test_Seq_1885,1,1,"benchmark=nucleotide_transformer_downstream_tasks;dataset=splice_sites_all;matching=kmer_balanced;matching_signature=(8, 'TTT');border_estimator=center_window_kmer_jsd;estimator=center_jsd;window=48;search_radius=24;kmer=2;top_ratio=0.25;score_scale=4.0;motif_weight=0.0;motif_radius=12;score_normalization=train_quantile;raw_border_score=0.204447;border_score=0.982822",0.3463720977306366,0.34878379106521606,0.30484411120414734
test_Seq_1485,1,2,"benchmark=nucleotide_transformer_downstream_tasks;dataset=splice_sites_all;matching=kmer_balanced;matching_signature=(7, 'AAA');border_estimator=center_window_kmer_jsd;estimator=center_jsd;window=48;search_radius=24;kmer=2;top_ratio=0.25;score_scale=4.0;motif_weight=0.0;motif_radius=12;score_normalization=train_quantile;raw_border_score=0.269020;border_score=1.108644",0.3259612023830414,0.3284938335418701,0.3455449938774109
test_Seq_2858,2,1,"benchmark=nucleotide_transformer_downstream_tasks;dataset=splice_sites_all;matching=kmer_balanced;matching_signature=(7, 'TTT');border_estimator=center_window_kmer_jsd;estimator=center_jsd;window=48;search_radius=24;kmer=2;top_ratio=0.25;score_scale=4.0;motif_weight=0.0;motif_radius=12;score_normalization=train_quantile;raw_border_score=0.189481;border_score=0.942511",0.3454606831073761,0.3562386929988861,0.2983006238937378
test_Seq_1415,1,2,"benchmark=nucleotide_transformer_downstream_tasks;dataset=splice_sites_all;matching=kmer_balanced;matching_signature=(7, 'TTT');border_estimator=center_window_kmer_jsd;estimator=center_jsd;window=48;search_radius=24;kmer=2;top_ratio=0.25;score_scale=4.0;motif_weight=0.0;motif_radius=12;score_normalization=train_quantile;raw_border_score=0.183227;border_score=0.925578",0.14888741075992584,0.13362562656402588,0.7174869775772095
test_Seq_2932,2,2,"benchmark=nucleotide_transformer_downstream_tasks;dataset=splice_sites_all;matching=kmer_balanced;matching_signature=(5, 'TTT');border_estimator=center_window_kmer_jsd;estimator=center_jsd;window=48;search_radius=24;kmer=2;top_ratio=0.25;score_scale=4.0;motif_weight=0.0;motif_radius=12;score_normalization=train_quantile;raw_border_score=0.181933;border_score=0.922422",0.3001521825790405,0.3083842396736145,0.39146360754966736
test_Seq_2956,2,2,"benchmark=nucleotide_transformer_downstream_tasks;dataset=splice_sites_all;matching=kmer_balanced;matching_signature=(11, 'GGG');border_estimator=center_window_kmer_jsd;estimator=center_jsd;window=48;search_radius=24;kmer=2;top_ratio=0.25;score_scale=4.0;motif_weight=0.0;motif_radius=12;score_normalization=train_quantile;raw_border_score=0.151336;border_score=0.849667",0.2975083887577057,0.29259639978408813,0.4098951816558838
test_Seq_2779,2,2,"benchmark=nucleotide_transformer_downstream_tasks;dataset=splice_sites_all;matching=kmer_balanced;matching_signature=(9, 'CAG');border_estimator=center_window_kmer_jsd;estimator=center_jsd;window=48;search_radius=24;kmer=2;top_ratio=0.25;score_scale=4.0;motif_weight=0.0;motif_radius=12;score_normalization=train_quantile;raw_border_score=0.184729;border_score=0.929622",0.24474218487739563,0.24870234727859497,0.5065554976463318
test_Seq_437,0,2,"benchmark=nucleotide_transformer_downstream_tasks;dataset=splice_sites_all;matching=kmer_balanced;matching_signature=(6, 'TTT');border_estimator=center_window_kmer_jsd;estimator=center_jsd;window=48;search_radius=24;kmer=2;top_ratio=0.25;score_scale=4.0;motif_weight=0.0;motif_radius=12;score_normalization=train_quantile;raw_border_score=0.282829;border_score=1.127533",0.31142228841781616,0.3176444172859192,0.37093326449394226
test_Seq_926,0,2,"benchmark=nucleotide_transformer_downstream_tasks;dataset=splice_sites_all;matching=kmer_balanced;matching_signature=(6, 'TTT');border_estimator=center_window_kmer_jsd;estimator=center_jsd;window=48;search_radius=24;kmer=2;top_ratio=0.25;score_scale=4.0;motif_weight=0.0;motif_radius=12;score_normalization=train_quantile;raw_border_score=0.285868;border_score=1.131267",0.31542614102363586,0.3183579444885254,0.36621594429016113
test_Seq_834,0,2,"benchmark=nucleotide_transformer_downstream_tasks;dataset=splice_sites_all;matching=kmer_balanced;matching_signature=(12, 'CTG');border_estimator=center_window_kmer_jsd;estimator=center_jsd;window=48;search_radius=24;kmer=2;top_ratio=0.25;score_scale=4.0;motif_weight=0.0;motif_radius=12;score_normalization=train_quantile;raw_border_score=0.170761;border_score=0.892556",0.3040861189365387,0.295264333486557,0.4006495773792267
test_Seq_2893,2,2,"benchmark=nucleotide_transformer_downstream_tasks;dataset=splice_sites_all;matching=kmer_balanced;matching_signature=(8, 'TTT');border_estimator=center_window_kmer_jsd;estimator=center_jsd;window=48;search_radius=24;kmer=2;top_ratio=0.25;score_scale=4.0;motif_weight=0.0;motif_radius=12;score_normalization=train_quantile;raw_border_score=0.327267;border_score=1.164956",0.13346311450004578,0.12458958476781845,0.7419473528862
test_Seq_2310,2,2,"benchmark=nucleotide_transformer_downstream_tasks;dataset=splice_sites_all;matching=kmer_balanced;matching_signature=(8, 'AAA');border_estimator=center_window_kmer_jsd;estimator=center_jsd;window=48;search_radius=24;kmer=2;top_ratio=0.25;score_scale=4.0;motif_weight=0.0;motif_radius=12;score_normalization=train_quantile;raw_border_score=0.293894;border_score=1.140022",0.2448793351650238,0.23776043951511383,0.517360270023346
test_Seq_300,0,2,"benchmark=nucleotide_transformer_downstream_tasks;dataset=splice_sites_all;matching=kmer_balanced;matching_signature=(10, 'CCC');border_estimator=center_window_kmer_jsd;estimator=center_jsd;window=48;search_radius=24;kmer=2;top_ratio=0.25;score_scale=4.0;motif_weight=0.0;motif_radius=12;score_normalization=train_quantile;raw_border_score=0.286788;border_score=1.132689",0.28594842553138733,0.291155606508255,0.4228959381580353
test_Seq_1257,1,2,"benchmark=nucleotide_transformer_downstream_tasks;dataset=splice_sites_all;matching=kmer_balanced;matching_signature=(12, 'CTG');border_estimator=center_window_kmer_jsd;estimator=center_jsd;window=48;search_radius=24;kmer=2;top_ratio=0.25;score_scale=4.0;motif_weight=0.0;motif_radius=12;score_normalization=train_quantile;raw_border_score=0.105510;border_score=0.803933",0.2999594807624817,0.29069027304649353,0.40935030579566956
test_Seq_2403,2,2,"benchmark=nucleotide_transformer_downstream_tasks;dataset=splice_sites_all;matching=kmer_balanced;matching_signature=(6, 'AAA');border_estimator=center_window_kmer_jsd;estimator=center_jsd;window=48;search_radius=24;kmer=2;top_ratio=0.25;score_scale=4.0;motif_weight=0.0;motif_radius=12;score_normalization=train_quantile;raw_border_score=0.192894;border_score=0.951667",0.19917331635951996,0.18433037400245667,0.6164963245391846
test_Seq_2123,2,2,"benchmark=nucleotide_transformer_downstream_tasks;dataset=splice_sites_all;matching=kmer_balanced;matching_signature=(10, 'CAG');border_estimator=center_window_kmer_jsd;estimator=center_jsd;window=48;search_radius=24;kmer=2;top_ratio=0.25;score_scale=4.0;motif_weight=0.0;motif_radius=12;score_normalization=train_quantile;raw_border_score=0.201741;border_score=0.975267",0.3099711537361145,0.3077974319458008,0.3822314143180847
test_Seq_563,0,1,"benchmark=nucleotide_transformer_downstream_tasks;dataset=splice_sites_all;matching=kmer_balanced;matching_signature=(6, 'AAA');border_estimator=center_window_kmer_jsd;estimator=center_jsd;window=48;search_radius=24;kmer=2;top_ratio=0.25;score_scale=4.0;motif_weight=0.0;motif_radius=12;score_normalization=train_quantile;raw_border_score=0.221037;border_score=1.021267",0.3664112091064453,0.370318740606308,0.2632700502872467
test_Seq_290,0,2,"benchmark=nucleotide_transformer_downstream_tasks;dataset=splice_sites_all;matching=kmer_balanced;matching_signature=(13, 'CCC');border_estimator=center_window_kmer_jsd;estimator=center_jsd;window=48;search_radius=24;kmer=2;top_ratio=0.25;score_scale=4.0;motif_weight=0.0;motif_radius=12;score_normalization=train_quantile;raw_border_score=0.146456;border_score=0.841622",0.28891897201538086,0.29231497645378113,0.4187660217285156
test_Seq_2145,2,2,"benchmark=nucleotide_transformer_downstream_tasks;dataset=splice_sites_all;matching=kmer_balanced;matching_signature=(11, 'GGG');border_estimator=center_window_kmer_jsd;estimator=center_jsd;window=48;search_radius=24;kmer=2;top_ratio=0.25;score_scale=4.0;motif_weight=0.0;motif_radius=12;score_normalization=train_quantile;raw_border_score=0.193614;border_score=0.953711",0.30924108624458313,0.30703961849212646,0.383719265460968
test_Seq_489,0,1,"benchmark=nucleotide_transformer_downstream_tasks;dataset=splice_sites_all;matching=kmer_balanced;matching_signature=(6, 'TTT');border_estimator=center_window_kmer_jsd;estimator=center_jsd;window=48;search_radius=24;kmer=2;top_ratio=0.25;score_scale=4.0;motif_weight=0.0;motif_radius=12;score_normalization=train_quantile;raw_border_score=0.224092;border_score=1.028111",0.36111196875572205,0.3628271818161011,0.27606090903282166
test_Seq_315,0,1,"benchmark=nucleotide_transformer_downstream_tasks;dataset=splice_sites_all;matching=kmer_balanced;matching_signature=(8, 'TTT');border_estimator=center_window_kmer_jsd;estimator=center_jsd;window=48;search_radius=24;kmer=2;top_ratio=0.25;score_scale=4.0;motif_weight=0.0;motif_radius=12;score_normalization=train_quantile;raw_border_score=0.204497;border_score=0.982911",0.35908129811286926,0.37710219621658325,0.26381656527519226
test_Seq_1050,1,2,"benchmark=nucleotide_transformer_downstream_tasks;dataset=splice_sites_all;matching=kmer_balanced;matching_signature=(8, 'TTT');border_estimator=center_window_kmer_jsd;estimator=center_jsd;window=48;search_radius=24;kmer=2;top_ratio=0.25;score_scale=4.0;motif_weight=0.0;motif_radius=12;score_normalization=train_quantile;raw_border_score=0.269592;border_score=1.109533",0.2868821322917938,0.27843496203422546,0.4346829056739807
test_Seq_2134,2,2,"benchmark=nucleotide_transformer_downstream_tasks;dataset=splice_sites_all;matching=kmer_balanced;matching_signature=(7, 'TTT');border_estimator=center_window_kmer_jsd;estimator=center_jsd;window=48;search_radius=24;kmer=2;top_ratio=0.25;score_scale=4.0;motif_weight=0.0;motif_radius=12;score_normalization=train_quantile;raw_border_score=0.180780;border_score=0.919800",0.1930389106273651,0.18956808745861053,0.6173929572105408
test_Seq_1894,1,2,"benchmark=nucleotide_transformer_downstream_tasks;dataset=splice_sites_all;matching=kmer_balanced;matching_signature=(6, 'TTT');border_estimator=center_window_kmer_jsd;estimator=center_jsd;window=48;search_radius=24;kmer=2;top_ratio=0.25;score_scale=4.0;motif_weight=0.0;motif_radius=12;score_normalization=train_quantile;raw_border_score=0.187893;border_score=0.938644",0.2815500497817993,0.26506564021110535,0.45338431000709534
test_Seq_58,0,2,"benchmark=nucleotide_transformer_downstream_tasks;dataset=splice_sites_all;matching=kmer_balanced;matching_signature=(7, 'TTT');border_estimator=center_window_kmer_jsd;estimator=center_jsd;window=48;search_radius=24;kmer=2;top_ratio=0.25;score_scale=4.0;motif_weight=0.0;motif_radius=12;score_normalization=train_quantile;raw_border_score=0.466666;border_score=1.196778",0.3291829228401184,0.3316102623939514,0.3392068147659302
test_Seq_2769,2,2,"benchmark=nucleotide_transformer_downstream_tasks;dataset=splice_sites_all;matching=kmer_balanced;matching_signature=(7, 'TTT');border_estimator=center_window_kmer_jsd;estimator=center_jsd;window=48;search_radius=24;kmer=2;top_ratio=0.25;score_scale=4.0;motif_weight=0.0;motif_radius=12;score_normalization=train_quantile;raw_border_score=0.281493;border_score=1.125667",0.31375938653945923,0.3061625361442566,0.3800780475139618
test_Seq_2398,2,2,"benchmark=nucleotide_transformer_downstream_tasks;dataset=splice_sites_all;matching=kmer_balanced;matching_signature=(13, 'CCC');border_estimator=center_window_kmer_jsd;estimator=center_jsd;window=48;search_radius=24;kmer=2;top_ratio=0.25;score_scale=4.0;motif_weight=0.0;motif_radius=12;score_normalization=train_quantile;raw_border_score=0.197201;border_score=0.963489",0.3168179392814636,0.31565120816230774,0.367530882358551
test_Seq_1822,1,1,"benchmark=nucleotide_transformer_downstream_tasks;dataset=splice_sites_all;matching=kmer_balanced;matching_signature=(8, 'TTT');border_estimator=center_window_kmer_jsd;estimator=center_jsd;window=48;search_radius=24;kmer=2;top_ratio=0.25;score_scale=4.0;motif_weight=0.0;motif_radius=12;score_normalization=train_quantile;raw_border_score=0.187558;border_score=0.937356",0.3460569977760315,0.3525978922843933,0.3013451397418976
test_Seq_2877,2,2,"benchmark=nucleotide_transformer_downstream_tasks;dataset=splice_sites_all;matching=kmer_balanced;matching_signature=(8, 'TTT');border_estimator=center_window_kmer_jsd;estimator=center_jsd;window=48;search_radius=24;kmer=2;top_ratio=0.25;score_scale=4.0;motif_weight=0.0;motif_radius=12;score_normalization=train_quantile;raw_border_score=0.285665;border_score=1.131089",0.2293882519006729,0.21222807466983795,0.5583837032318115
test_Seq_1317,1,2,"benchmark=nucleotide_transformer_downstream_tasks;dataset=splice_sites_all;matching=kmer_balanced;matching_signature=(9, 'CTG');border_estimator=center_window_kmer_jsd;estimator=center_jsd;window=48;search_radius=24;kmer=2;top_ratio=0.25;score_scale=4.0;motif_weight=0.0;motif_radius=12;score_normalization=train_quantile;raw_border_score=0.363949;border_score=1.182111",0.33221593499183655,0.32488858699798584,0.34289538860321045
test_Seq_2375,2,2,"benchmark=nucleotide_transformer_downstream_tasks;dataset=splice_sites_all;matching=kmer_balanced;matching_signature=(7, 'TGT');border_estimator=center_window_kmer_jsd;estimator=center_jsd;window=48;search_radius=24;kmer=2;top_ratio=0.25;score_scale=4.0;motif_weight=0.0;motif_radius=12;score_normalization=train_quantile;raw_border_score=0.240625;border_score=1.060422",0.3233676552772522,0.3232702612876892,0.35336214303970337
test_Seq_1866,1,2,"benchmark=nucleotide_transformer_downstream_tasks;dataset=splice_sites_all;matching=kmer_balanced;matching_signature=(9, 'TTT');border_estimator=center_window_kmer_jsd;estimator=center_jsd;window=48;search_radius=24;kmer=2;top_ratio=0.25;score_scale=4.0;motif_weight=0.0;motif_radius=12;score_normalization=train_quantile;raw_border_score=0.275695;border_score=1.118067",0.3007722795009613,0.29429319500923157,0.40493446588516235
test_Seq_549,0,2,"benchmark=nucleotide_transformer_downstream_tasks;dataset=splice_sites_all;matching=kmer_balanced;matching_signature=(7, 'AAA');border_estimator=center_window_kmer_jsd;estimator=center_jsd;window=48;search_radius=24;kmer=2;top_ratio=0.25;score_scale=4.0;motif_weight=0.0;motif_radius=12;score_normalization=train_quantile;raw_border_score=0.373083;border_score=1.185133",0.3024023473262787,0.28250929713249207,0.41508832573890686
test_Seq_400,0,2,"benchmark=nucleotide_transformer_downstream_tasks;dataset=splice_sites_all;matching=kmer_balanced;matching_signature=(8, 'TGT');border_estimator=center_window_kmer_jsd;estimator=center_jsd;window=48;search_radius=24;kmer=2;top_ratio=0.25;score_scale=4.0;motif_weight=0.0;motif_radius=12;score_normalization=train_quantile;raw_border_score=0.187762;border_score=0.938111",0.2676966190338135,0.2538262903690338,0.4784771203994751
test_Seq_2369,2,1,"benchmark=nucleotide_transformer_downstream_tasks;dataset=splice_sites_all;matching=kmer_balanced;matching_signature=(11, 'CTG');border_estimator=center_window_kmer_jsd;estimator=center_jsd;window=48;search_radius=24;kmer=2;top_ratio=0.25;score_scale=4.0;motif_weight=0.0;motif_radius=12;score_normalization=train_quantile;raw_border_score=0.168291;border_score=0.887178",0.33849528431892395,0.3461589813232422,0.31534576416015625
test_Seq_2284,2,2,"benchmark=nucleotide_transformer_downstream_tasks;dataset=splice_sites_all;matching=kmer_balanced;matching_signature=(11, 'CCT');border_estimator=center_window_kmer_jsd;estimator=center_jsd;window=48;search_radius=24;kmer=2;top_ratio=0.25;score_scale=4.0;motif_weight=0.0;motif_radius=12;score_normalization=train_quantile;raw_border_score=0.116618;border_score=0.809089",0.24312016367912292,0.23199760913848877,0.5248822569847107
test_Seq_599,0,2,"benchmark=nucleotide_transformer_downstream_tasks;dataset=splice_sites_all;matching=kmer_balanced;matching_signature=(10, 'AAA');border_estimator=center_window_kmer_jsd;estimator=center_jsd;window=48;search_radius=24;kmer=2;top_ratio=0.25;score_scale=4.0;motif_weight=0.0;motif_radius=12;score_normalization=train_quantile;raw_border_score=0.301146;border_score=1.147400",0.1519920378923416,0.14406166970729828,0.7039462924003601
test_Seq_802,0,1,"benchmark=nucleotide_transformer_downstream_tasks;dataset=splice_sites_all;matching=kmer_balanced;matching_signature=(9, 'CAG');border_estimator=center_window_kmer_jsd;estimator=center_jsd;window=48;search_radius=24;kmer=2;top_ratio=0.25;score_scale=4.0;motif_weight=0.0;motif_radius=12;score_normalization=train_quantile;raw_border_score=0.182857;border_score=0.924467",0.3363896906375885,0.3409295678138733,0.3226807713508606
test_Seq_1690,1,2,"benchmark=nucleotide_transformer_downstream_tasks;dataset=splice_sites_all;matching=kmer_balanced;matching_signature=(8, 'TTT');border_estimator=center_window_kmer_jsd;estimator=center_jsd;window=48;search_radius=24;kmer=2;top_ratio=0.25;score_scale=4.0;motif_weight=0.0;motif_radius=12;score_normalization=train_quantile;raw_border_score=0.368019;border_score=1.183489",0.21214890480041504,0.21025210618972778,0.5775989294052124
test_Seq_2370,2,2,"benchmark=nucleotide_transformer_downstream_tasks;dataset=splice_sites_all;matching=kmer_balanced;matching_signature=(10, 'CTC');border_estimator=center_window_kmer_jsd;estimator=center_jsd;window=48;search_radius=24;kmer=2;top_ratio=0.25;score_scale=4.0;motif_weight=0.0;motif_radius=12;score_normalization=train_quantile;raw_border_score=0.240681;border_score=1.060467",0.14575983583927155,0.13319972157478333,0.7210404276847839
test_Seq_1024,1,0,"benchmark=nucleotide_transformer_downstream_tasks;dataset=splice_sites_all;matching=kmer_balanced;matching_signature=(13, 'GGG');border_estimator=center_window_kmer_jsd;estimator=center_jsd;window=48;search_radius=24;kmer=2;top_ratio=0.25;score_scale=4.0;motif_weight=0.0;motif_radius=12;score_normalization=train_quantile;raw_border_score=0.237797;border_score=1.054600",0.34531688690185547,0.34360364079475403,0.3110794126987457
test_Seq_1615,1,2,"benchmark=nucleotide_transformer_downstream_tasks;dataset=splice_sites_all;matching=kmer_balanced;matching_signature=(11, 'CAG');border_estimator=center_window_kmer_jsd;estimator=center_jsd;window=48;search_radius=24;kmer=2;top_ratio=0.25;score_scale=4.0;motif_weight=0.0;motif_radius=12;score_normalization=train_quantile;raw_border_score=0.190939;border_score=0.946556",0.30002903938293457,0.2950274646282196,0.40494346618652344
test_Seq_1760,1,1,"benchmark=nucleotide_transformer_downstream_tasks;dataset=splice_sites_all;matching=kmer_balanced;matching_signature=(8, 'TTT');border_estimator=center_window_kmer_jsd;estimator=center_jsd;window=48;search_radius=24;kmer=2;top_ratio=0.25;score_scale=4.0;motif_weight=0.0;motif_radius=12;score_normalization=train_quantile;raw_border_score=0.239219;border_score=1.056556",0.3460002839565277,0.3490750789642334,0.3049246072769165
test_Seq_2677,2,2,"benchmark=nucleotide_transformer_downstream_tasks;dataset=splice_sites_all;matching=kmer_balanced;matching_signature=(10, 'CAG');border_estimator=center_window_kmer_jsd;estimator=center_jsd;window=48;search_radius=24;kmer=2;top_ratio=0.25;score_scale=4.0;motif_weight=0.0;motif_radius=12;score_normalization=train_quantile;raw_border_score=0.269267;border_score=1.109044",0.31279751658439636,0.30799242854118347,0.37921005487442017
test_Seq_1041,1,0,"benchmark=nucleotide_transformer_downstream_tasks;dataset=splice_sites_all;matching=kmer_balanced;matching_signature=(7, 'AAA');border_estimator=center_window_kmer_jsd;estimator=center_jsd;window=48;search_radius=24;kmer=2;top_ratio=0.25;score_scale=4.0;motif_weight=0.0;motif_radius=12;score_normalization=train_quantile;raw_border_score=0.177727;border_score=0.912778",0.3467806577682495,0.34598708152770996,0.3072322905063629
test_Seq_537,0,2,"benchmark=nucleotide_transformer_downstream_tasks;dataset=splice_sites_all;matching=kmer_balanced;matching_signature=(7, 'TTT');border_estimator=center_window_kmer_jsd;estimator=center_jsd;window=48;search_radius=24;kmer=2;top_ratio=0.25;score_scale=4.0;motif_weight=0.0;motif_radius=12;score_normalization=train_quantile;raw_border_score=0.267194;border_score=1.105933",0.25565192103385925,0.2407771795988083,0.5035709142684937
test_Seq_2311,2,2,"benchmark=nucleotide_transformer_downstream_tasks;dataset=splice_sites_all;matching=kmer_balanced;matching_signature=(9, 'TTT');border_estimator=center_window_kmer_jsd;estimator=center_jsd;window=48;search_radius=24;kmer=2;top_ratio=0.25;score_scale=4.0;motif_weight=0.0;motif_radius=12;score_normalization=train_quantile;raw_border_score=0.261958;border_score=1.098822",0.30172833800315857,0.29711422324180603,0.4011574387550354
test_Seq_1807,1,2,"benchmark=nucleotide_transformer_downstream_tasks;dataset=splice_sites_all;matching=kmer_balanced;matching_signature=(7, 'TTT');border_estimator=center_window_kmer_jsd;estimator=center_jsd;window=48;search_radius=24;kmer=2;top_ratio=0.25;score_scale=4.0;motif_weight=0.0;motif_radius=12;score_normalization=train_quantile;raw_border_score=0.185186;border_score=0.931044",0.29207703471183777,0.2822696268558502,0.4256533682346344
test_Seq_964,0,1,"benchmark=nucleotide_transformer_downstream_tasks;dataset=splice_sites_all;matching=kmer_balanced;matching_signature=(7, 'TTT');border_estimator=center_window_kmer_jsd;estimator=center_jsd;window=48;search_radius=24;kmer=2;top_ratio=0.25;score_scale=4.0;motif_weight=0.0;motif_radius=12;score_normalization=train_quantile;raw_border_score=0.255250;border_score=1.087756",0.35501566529273987,0.3561183214187622,0.28886598348617554
test_Seq_1188,1,0,"benchmark=nucleotide_transformer_downstream_tasks;dataset=splice_sites_all;matching=kmer_balanced;matching_signature=(6, 'TTT');border_estimator=center_window_kmer_jsd;estimator=center_jsd;window=48;search_radius=24;kmer=2;top_ratio=0.25;score_scale=4.0;motif_weight=0.0;motif_radius=12;score_normalization=train_quantile;raw_border_score=0.253618;border_score=1.085178",0.33673229813575745,0.33561766147613525,0.3276500403881073
test_Seq_2711,2,2,"benchmark=nucleotide_transformer_downstream_tasks;dataset=splice_sites_all;matching=kmer_balanced;matching_signature=(11, 'CCT');border_estimator=center_window_kmer_jsd;estimator=center_jsd;window=48;search_radius=24;kmer=2;top_ratio=0.25;score_scale=4.0;motif_weight=0.0;motif_radius=12;score_normalization=train_quantile;raw_border_score=0.307747;border_score=1.151933",0.28999459743499756,0.28367432951927185,0.4263310730457306
test_Seq_364,0,1,"benchmark=nucleotide_transformer_downstream_tasks;dataset=splice_sites_all;matching=kmer_balanced;matching_signature=(10, 'GTG');border_estimator=center_window_kmer_jsd;estimator=center_jsd;window=48;search_radius=24;kmer=2;top_ratio=0.25;score_scale=4.0;motif_weight=0.0;motif_radius=12;score_normalization=train_quantile;raw_border_score=0.212607;border_score=1.001000",0.35700541734695435,0.36021825671195984,0.2827763557434082
test_Seq_2780,2,2,"benchmark=nucleotide_transformer_downstream_tasks;dataset=splice_sites_all;matching=kmer_balanced;matching_signature=(11, 'CAG');border_estimator=center_window_kmer_jsd;estimator=center_jsd;window=48;search_radius=24;kmer=2;top_ratio=0.25;score_scale=4.0;motif_weight=0.0;motif_radius=12;score_normalization=train_quantile;raw_border_score=0.240528;border_score=1.060022",0.22219735383987427,0.2137097269296646,0.5640928745269775
test_Seq_2353,2,2,"benchmark=nucleotide_transformer_downstream_tasks;dataset=splice_sites_all;matching=kmer_balanced;matching_signature=(12, 'GGG');border_estimator=center_window_kmer_jsd;estimator=center_jsd;window=48;search_radius=24;kmer=2;top_ratio=0.25;score_scale=4.0;motif_weight=0.0;motif_radius=12;score_normalization=train_quantile;raw_border_score=0.126377;border_score=0.816022",0.325774610042572,0.32498520612716675,0.34924012422561646
test_Seq_44,0,2,"benchmark=nucleotide_transformer_downstream_tasks;dataset=splice_sites_all;matching=kmer_balanced;matching_signature=(7, 'TTT');border_estimator=center_window_kmer_jsd;estimator=center_jsd;window=48;search_radius=24;kmer=2;top_ratio=0.25;score_scale=4.0;motif_weight=0.0;motif_radius=12;score_normalization=train_quantile;raw_border_score=0.222246;border_score=1.023711",0.28964880108833313,0.280050665140152,0.4303005337715149
test_Seq_211,0,2,"benchmark=nucleotide_transformer_downstream_tasks;dataset=splice_sites_all;matching=kmer_balanced;matching_signature=(10, 'TTT');border_estimator=center_window_kmer_jsd;estimator=center_jsd;window=48;search_radius=24;kmer=2;top_ratio=0.25;score_scale=4.0;motif_weight=0.0;motif_radius=12;score_normalization=train_quantile;raw_border_score=0.279051;border_score=1.122956",0.16164232790470123,0.15104348957538605,0.6873142123222351
test_Seq_2355,2,2,"benchmark=nucleotide_transformer_downstream_tasks;dataset=splice_sites_all;matching=kmer_balanced;matching_signature=(7, 'TTT');border_estimator=center_window_kmer_jsd;estimator=center_jsd;window=48;search_radius=24;kmer=2;top_ratio=0.25;score_scale=4.0;motif_weight=0.0;motif_radius=12;score_normalization=train_quantile;raw_border_score=0.182140;border_score=0.922600",0.16751618683338165,0.15006139874458313,0.682422399520874
test_Seq_438,0,2,"benchmark=nucleotide_transformer_downstream_tasks;dataset=splice_sites_all;matching=kmer_balanced;matching_signature=(7, 'TTT');border_estimator=center_window_kmer_jsd;estimator=center_jsd;window=48;search_radius=24;kmer=2;top_ratio=0.25;score_scale=4.0;motif_weight=0.0;motif_radius=12;score_normalization=train_quantile;raw_border_score=0.167228;border_score=0.884733",0.2949475049972534,0.27816128730773926,0.42689117789268494
test_Seq_1926,1,2,"benchmark=nucleotide_transformer_downstream_tasks;dataset=splice_sites_all;matching=kmer_balanced;matching_signature=(5, 'TTT');border_estimator=center_window_kmer_jsd;estimator=center_jsd;window=48;search_radius=24;kmer=2;top_ratio=0.25;score_scale=4.0;motif_weight=0.0;motif_radius=12;score_normalization=train_quantile;raw_border_score=0.197715;border_score=0.964822",0.26855337619781494,0.2514035105705261,0.4800431430339813
test_Seq_1162,1,1,"benchmark=nucleotide_transformer_downstream_tasks;dataset=splice_sites_all;matching=kmer_balanced;matching_signature=(8, 'TTT');border_estimator=center_window_kmer_jsd;estimator=center_jsd;window=48;search_radius=24;kmer=2;top_ratio=0.25;score_scale=4.0;motif_weight=0.0;motif_radius=12;score_normalization=train_quantile;raw_border_score=0.394832;border_score=1.188956",0.33217865228652954,0.3408989906311035,0.32692232728004456
test_Seq_2615,2,2,"benchmark=nucleotide_transformer_downstream_tasks;dataset=splice_sites_all;matching=kmer_balanced;matching_signature=(6, 'TTT');border_estimator=center_window_kmer_jsd;estimator=center_jsd;window=48;search_radius=24;kmer=2;top_ratio=0.25;score_scale=4.0;motif_weight=0.0;motif_radius=12;score_normalization=train_quantile;raw_border_score=0.252823;border_score=1.083756",0.21782828867435455,0.1923750936985016,0.5897966623306274
test_Seq_1816,1,2,"benchmark=nucleotide_transformer_downstream_tasks;dataset=splice_sites_all;matching=kmer_balanced;matching_signature=(11, 'CCA');border_estimator=center_window_kmer_jsd;estimator=center_jsd;window=48;search_radius=24;kmer=2;top_ratio=0.25;score_scale=4.0;motif_weight=0.0;motif_radius=12;score_normalization=train_quantile;raw_border_score=0.198446;border_score=0.966911",0.2963215112686157,0.2972058951854706,0.4064725339412689
test_Seq_647,0,2,"benchmark=nucleotide_transformer_downstream_tasks;dataset=splice_sites_all;matching=kmer_balanced;matching_signature=(6, 'TTT');border_estimator=center_window_kmer_jsd;estimator=center_jsd;window=48;search_radius=24;kmer=2;top_ratio=0.25;score_scale=4.0;motif_weight=0.0;motif_radius=12;score_normalization=train_quantile;raw_border_score=0.270533;border_score=1.111000",0.2371387779712677,0.21941347420215607,0.543447732925415
test_Seq_1639,1,2,"benchmark=nucleotide_transformer_downstream_tasks;dataset=splice_sites_all;matching=kmer_balanced;matching_signature=(11, 'GGG');border_estimator=center_window_kmer_jsd;estimator=center_jsd;window=48;search_radius=24;kmer=2;top_ratio=0.25;score_scale=4.0;motif_weight=0.0;motif_radius=12;score_normalization=train_quantile;raw_border_score=0.224032;border_score=1.028067",0.3224511444568634,0.3194624185562134,0.3580864369869232
test_Seq_815,0,2,"benchmark=nucleotide_transformer_downstream_tasks;dataset=splice_sites_all;matching=kmer_balanced;matching_signature=(8, 'TTT');border_estimator=center_window_kmer_jsd;estimator=center_jsd;window=48;search_radius=24;kmer=2;top_ratio=0.25;score_scale=4.0;motif_weight=0.0;motif_radius=12;score_normalization=train_quantile;raw_border_score=0.341287;border_score=1.172778",0.24951747059822083,0.2304299771785736,0.5200525522232056
test_Seq_1794,1,2,"benchmark=nucleotide_transformer_downstream_tasks;dataset=splice_sites_all;matching=kmer_balanced;matching_signature=(8, 'TTT');border_estimator=center_window_kmer_jsd;estimator=center_jsd;window=48;search_radius=24;kmer=2;top_ratio=0.25;score_scale=4.0;motif_weight=0.0;motif_radius=12;score_normalization=train_quantile;raw_border_score=0.408640;border_score=1.191267",0.24871492385864258,0.24495398998260498,0.5063311457633972
test_Seq_1177,1,2,"benchmark=nucleotide_transformer_downstream_tasks;dataset=splice_sites_all;matching=kmer_balanced;matching_signature=(10, 'GGG');border_estimator=center_window_kmer_jsd;estimator=center_jsd;window=48;search_radius=24;kmer=2;top_ratio=0.25;score_scale=4.0;motif_weight=0.0;motif_radius=12;score_normalization=train_quantile;raw_border_score=0.222472;border_score=1.024244",0.15362751483917236,0.14791840314865112,0.6984540820121765
test_Seq_2907,2,2,"benchmark=nucleotide_transformer_downstream_tasks;dataset=splice_sites_all;matching=kmer_balanced;matching_signature=(9, 'TGG');border_estimator=center_window_kmer_jsd;estimator=center_jsd;window=48;search_radius=24;kmer=2;top_ratio=0.25;score_scale=4.0;motif_weight=0.0;motif_radius=12;score_normalization=train_quantile;raw_border_score=0.158971;border_score=0.865222",0.2959284484386444,0.2881444990634918,0.41592705249786377
test_Seq_1755,1,2,"benchmark=nucleotide_transformer_downstream_tasks;dataset=splice_sites_all;matching=kmer_balanced;matching_signature=(9, 'TCA');border_estimator=center_window_kmer_jsd;estimator=center_jsd;window=48;search_radius=24;kmer=2;top_ratio=0.25;score_scale=4.0;motif_weight=0.0;motif_radius=12;score_normalization=train_quantile;raw_border_score=0.173966;border_score=0.902022",0.32169395685195923,0.321233868598938,0.3570721745491028
test_Seq_1731,1,2,"benchmark=nucleotide_transformer_downstream_tasks;dataset=splice_sites_all;matching=kmer_balanced;matching_signature=(9, 'TTT');border_estimator=center_window_kmer_jsd;estimator=center_jsd;window=48;search_radius=24;kmer=2;top_ratio=0.25;score_scale=4.0;motif_weight=0.0;motif_radius=12;score_normalization=train_quantile;raw_border_score=0.236064;border_score=1.050956",0.3234027326107025,0.3265238106250763,0.3500734865665436
test_Seq_2633,2,2,"benchmark=nucleotide_transformer_downstream_tasks;dataset=splice_sites_all;matching=kmer_balanced;matching_signature=(10, 'TTT');border_estimator=center_window_kmer_jsd;estimator=center_jsd;window=48;search_radius=24;kmer=2;top_ratio=0.25;score_scale=4.0;motif_weight=0.0;motif_radius=12;score_normalization=train_quantile;raw_border_score=0.391136;border_score=1.188467",0.2127561718225479,0.20326586067676544,0.5839779376983643
test_Seq_249,0,2,"benchmark=nucleotide_transformer_downstream_tasks;dataset=splice_sites_all;matching=kmer_balanced;matching_signature=(8, 'TTT');border_estimator=center_window_kmer_jsd;estimator=center_jsd;window=48;search_radius=24;kmer=2;top_ratio=0.25;score_scale=4.0;motif_weight=0.0;motif_radius=12;score_normalization=train_quantile;raw_border_score=0.501324;border_score=1.198644",0.3318018913269043,0.3278599679470062,0.34033817052841187
test_Seq_342,0,2,"benchmark=nucleotide_transformer_downstream_tasks;dataset=splice_sites_all;matching=kmer_balanced;matching_signature=(10, 'CCT');border_estimator=center_window_kmer_jsd;estimator=center_jsd;window=48;search_radius=24;kmer=2;top_ratio=0.25;score_scale=4.0;motif_weight=0.0;motif_radius=12;score_normalization=train_quantile;raw_border_score=0.222435;border_score=1.024156",0.3049863874912262,0.29805365204811096,0.39695999026298523
test_Seq_2546,2,0,"benchmark=nucleotide_transformer_downstream_tasks;dataset=splice_sites_all;matching=kmer_balanced;matching_signature=(10, 'CTG');border_estimator=center_window_kmer_jsd;estimator=center_jsd;window=48;search_radius=24;kmer=2;top_ratio=0.25;score_scale=4.0;motif_weight=0.0;motif_radius=12;score_normalization=train_quantile;raw_border_score=0.170567;border_score=0.892022",0.3437279462814331,0.34239324927330017,0.31387877464294434
test_Seq_494,0,2,"benchmark=nucleotide_transformer_downstream_tasks;dataset=splice_sites_all;matching=kmer_balanced;matching_signature=(9, 'TTT');border_estimator=center_window_kmer_jsd;estimator=center_jsd;window=48;search_radius=24;kmer=2;top_ratio=0.25;score_scale=4.0;motif_weight=0.0;motif_radius=12;score_normalization=train_quantile;raw_border_score=0.222360;border_score=1.024022",0.3314502537250519,0.328787624835968,0.3397621214389801
test_Seq_678,0,2,"benchmark=nucleotide_transformer_downstream_tasks;dataset=splice_sites_all;matching=kmer_balanced;matching_signature=(6, 'AAA');border_estimator=center_window_kmer_jsd;estimator=center_jsd;window=48;search_radius=24;kmer=2;top_ratio=0.25;score_scale=4.0;motif_weight=0.0;motif_radius=12;score_normalization=train_quantile;raw_border_score=0.190035;border_score=0.944378",0.27665194869041443,0.26952889561653137,0.4538191854953766
test_Seq_947,0,2,"benchmark=nucleotide_transformer_downstream_tasks;dataset=splice_sites_all;matching=kmer_balanced;matching_signature=(6, 'AAA');border_estimator=center_window_kmer_jsd;estimator=center_jsd;window=48;search_radius=24;kmer=2;top_ratio=0.25;score_scale=4.0;motif_weight=0.0;motif_radius=12;score_normalization=train_quantile;raw_border_score=0.338060;border_score=1.170911",0.2563084065914154,0.24835816025733948,0.4953335225582123
test_Seq_33,0,2,"benchmark=nucleotide_transformer_downstream_tasks;dataset=splice_sites_all;matching=kmer_balanced;matching_signature=(11, 'CAG');border_estimator=center_window_kmer_jsd;estimator=center_jsd;window=48;search_radius=24;kmer=2;top_ratio=0.25;score_scale=4.0;motif_weight=0.0;motif_radius=12;score_normalization=train_quantile;raw_border_score=0.276510;border_score=1.119267",0.31436124444007874,0.31028836965560913,0.3753504157066345
test_Seq_80,0,2,"benchmark=nucleotide_transformer_downstream_tasks;dataset=splice_sites_all;matching=kmer_balanced;matching_signature=(9, 'AAG');border_estimator=center_window_kmer_jsd;estimator=center_jsd;window=48;search_radius=24;kmer=2;top_ratio=0.25;score_scale=4.0;motif_weight=0.0;motif_radius=12;score_normalization=train_quantile;raw_border_score=0.186138;border_score=0.933578",0.32200345396995544,0.3377580940723419,0.340238481760025
test_Seq_851,0,2,"benchmark=nucleotide_transformer_downstream_tasks;dataset=splice_sites_all;matching=kmer_balanced;matching_signature=(9, 'CTC');border_estimator=center_window_kmer_jsd;estimator=center_jsd;window=48;search_radius=24;kmer=2;top_ratio=0.25;score_scale=4.0;motif_weight=0.0;motif_radius=12;score_normalization=train_quantile;raw_border_score=0.295658;border_score=1.141311",0.1569545567035675,0.14409317076206207,0.6989522576332092
test_Seq_508,0,2,"benchmark=nucleotide_transformer_downstream_tasks;dataset=splice_sites_all;matching=kmer_balanced;matching_signature=(7, 'TTT');border_estimator=center_window_kmer_jsd;estimator=center_jsd;window=48;search_radius=24;kmer=2;top_ratio=0.25;score_scale=4.0;motif_weight=0.0;motif_radius=12;score_normalization=train_quantile;raw_border_score=0.211146;border_score=0.998111",0.22263996303081512,0.21262627840042114,0.5647337436676025
test_Seq_1689,1,2,"benchmark=nucleotide_transformer_downstream_tasks;dataset=splice_sites_all;matching=kmer_balanced;matching_signature=(14, 'GGC');border_estimator=center_window_kmer_jsd;estimator=center_jsd;window=48;search_radius=24;kmer=2;top_ratio=0.25;score_scale=4.0;motif_weight=0.0;motif_radius=12;score_normalization=train_quantile;raw_border_score=0.199272;border_score=0.969222",0.28785058856010437,0.28014740347862244,0.4320020079612732
test_Seq_1562,1,2,"benchmark=nucleotide_transformer_downstream_tasks;dataset=splice_sites_all;matching=kmer_balanced;matching_signature=(6, 'TTT');border_estimator=center_window_kmer_jsd;estimator=center_jsd;window=48;search_radius=24;kmer=2;top_ratio=0.25;score_scale=4.0;motif_weight=0.0;motif_radius=12;score_normalization=train_quantile;raw_border_score=0.228402;border_score=1.036822",0.2553037703037262,0.23606792092323303,0.5086283087730408
test_Seq_2189,2,2,"benchmark=nucleotide_transformer_downstream_tasks;dataset=splice_sites_all;matching=kmer_balanced;matching_signature=(7, 'TGT');border_estimator=center_window_kmer_jsd;estimator=center_jsd;window=48;search_radius=24;kmer=2;top_ratio=0.25;score_scale=4.0;motif_weight=0.0;motif_radius=12;score_normalization=train_quantile;raw_border_score=0.183074;border_score=0.925133",0.2716750204563141,0.2650996744632721,0.4632253348827362
test_Seq_1521,1,2,"benchmark=nucleotide_transformer_downstream_tasks;dataset=splice_sites_all;matching=kmer_balanced;matching_signature=(6, 'TTT');border_estimator=center_window_kmer_jsd;estimator=center_jsd;window=48;search_radius=24;kmer=2;top_ratio=0.25;score_scale=4.0;motif_weight=0.0;motif_radius=12;score_normalization=train_quantile;raw_border_score=0.326836;border_score=1.164778",0.24915902316570282,0.23217268288135529,0.5186682939529419
test_Seq_2742,2,2,"benchmark=nucleotide_transformer_downstream_tasks;dataset=splice_sites_all;matching=kmer_balanced;matching_signature=(9, 'TGT');border_estimator=center_window_kmer_jsd;estimator=center_jsd;window=48;search_radius=24;kmer=2;top_ratio=0.25;score_scale=4.0;motif_weight=0.0;motif_radius=12;score_normalization=train_quantile;raw_border_score=0.188002;border_score=0.939000",0.231252059340477,0.21667855978012085,0.552069365978241
test_Seq_1263,1,2,"benchmark=nucleotide_transformer_downstream_tasks;dataset=splice_sites_all;matching=kmer_balanced;matching_signature=(10, 'GGG');border_estimator=center_window_kmer_jsd;estimator=center_jsd;window=48;search_radius=24;kmer=2;top_ratio=0.25;score_scale=4.0;motif_weight=0.0;motif_radius=12;score_normalization=train_quantile;raw_border_score=0.166125;border_score=0.881444",0.31186702847480774,0.30821049213409424,0.379922479391098
test_Seq_2315,2,2,"benchmark=nucleotide_transformer_downstream_tasks;dataset=splice_sites_all;matching=kmer_balanced;matching_signature=(9, 'GGG');border_estimator=center_window_kmer_jsd;estimator=center_jsd;window=48;search_radius=24;kmer=2;top_ratio=0.25;score_scale=4.0;motif_weight=0.0;motif_radius=12;score_normalization=train_quantile;raw_border_score=0.399589;border_score=1.190067",0.1368822157382965,0.13169513642787933,0.7314227223396301
test_Seq_230,0,2,"benchmark=nucleotide_transformer_downstream_tasks;dataset=splice_sites_all;matching=kmer_balanced;matching_signature=(7, 'TTT');border_estimator=center_window_kmer_jsd;estimator=center_jsd;window=48;search_radius=24;kmer=2;top_ratio=0.25;score_scale=4.0;motif_weight=0.0;motif_radius=12;score_normalization=train_quantile;raw_border_score=0.170650;border_score=0.892289",0.2474576234817505,0.23888586461544037,0.513656497001648
test_Seq_2620,2,0,"benchmark=nucleotide_transformer_downstream_tasks;dataset=splice_sites_all;matching=kmer_balanced;matching_signature=(10, 'GGG');border_estimator=center_window_kmer_jsd;estimator=center_jsd;window=48;search_radius=24;kmer=2;top_ratio=0.25;score_scale=4.0;motif_weight=0.0;motif_radius=12;score_normalization=train_quantile;raw_border_score=0.237597;border_score=1.054022",0.339987576007843,0.33453863859176636,0.3254738450050354
test_Seq_2082,2,2,"benchmark=nucleotide_transformer_downstream_tasks;dataset=splice_sites_all;matching=kmer_balanced;matching_signature=(8, 'TTT');border_estimator=center_window_kmer_jsd;estimator=center_jsd;window=48;search_radius=24;kmer=2;top_ratio=0.25;score_scale=4.0;motif_weight=0.0;motif_radius=12;score_normalization=train_quantile;raw_border_score=0.210392;border_score=0.996156",0.18113826215267181,0.1664697825908661,0.6523919701576233
test_Seq_2536,2,2,"benchmark=nucleotide_transformer_downstream_tasks;dataset=splice_sites_all;matching=kmer_balanced;matching_signature=(8, 'AAA');border_estimator=center_window_kmer_jsd;estimator=center_jsd;window=48;search_radius=24;kmer=2;top_ratio=0.25;score_scale=4.0;motif_weight=0.0;motif_radius=12;score_normalization=train_quantile;raw_border_score=0.178325;border_score=0.913978",0.3334978222846985,0.3235156238079071,0.3429865837097168
test_Seq_1438,1,1,"benchmark=nucleotide_transformer_downstream_tasks;dataset=splice_sites_all;matching=kmer_balanced;matching_signature=(9, 'TGG');border_estimator=center_window_kmer_jsd;estimator=center_jsd;window=48;search_radius=24;kmer=2;top_ratio=0.25;score_scale=4.0;motif_weight=0.0;motif_radius=12;score_normalization=train_quantile;raw_border_score=0.222870;border_score=1.025622",0.3574996888637543,0.36639395356178284,0.2761063277721405
test_Seq_1646,1,1,"benchmark=nucleotide_transformer_downstream_tasks;dataset=splice_sites_all;matching=kmer_balanced;matching_signature=(11, 'TGG');border_estimator=center_window_kmer_jsd;estimator=center_jsd;window=48;search_radius=24;kmer=2;top_ratio=0.25;score_scale=4.0;motif_weight=0.0;motif_radius=12;score_normalization=train_quantile;raw_border_score=0.276898;border_score=1.119756",0.3530074954032898,0.36560437083244324,0.28138819336891174
test_Seq_2760,2,2,"benchmark=nucleotide_transformer_downstream_tasks;dataset=splice_sites_all;matching=kmer_balanced;matching_signature=(12, 'CAG');border_estimator=center_window_kmer_jsd;estimator=center_jsd;window=48;search_radius=24;kmer=2;top_ratio=0.25;score_scale=4.0;motif_weight=0.0;motif_radius=12;score_normalization=train_quantile;raw_border_score=0.188189;border_score=0.939311",0.2539801597595215,0.25304409861564636,0.49297571182250977
test_Seq_972,0,0,"benchmark=nucleotide_transformer_downstream_tasks;dataset=splice_sites_all;matching=kmer_balanced;matching_signature=(8, 'TTT');border_estimator=center_window_kmer_jsd;estimator=center_jsd;window=48;search_radius=24;kmer=2;top_ratio=0.25;score_scale=4.0;motif_weight=0.0;motif_radius=12;score_normalization=train_quantile;raw_border_score=0.112208;border_score=0.806644",0.339000940322876,0.33026689291000366,0.33073219656944275
test_Seq_2358,2,2,"benchmark=nucleotide_transformer_downstream_tasks;dataset=splice_sites_all;matching=kmer_balanced;matching_signature=(10, 'TCT');border_estimator=center_window_kmer_jsd;estimator=center_jsd;window=48;search_radius=24;kmer=2;top_ratio=0.25;score_scale=4.0;motif_weight=0.0;motif_radius=12;score_normalization=train_quantile;raw_border_score=0.127763;border_score=0.817089",0.2416905015707016,0.2372186779975891,0.5210908055305481
test_Seq_883,0,2,"benchmark=nucleotide_transformer_downstream_tasks;dataset=splice_sites_all;matching=kmer_balanced;matching_signature=(7, 'TTT');border_estimator=center_window_kmer_jsd;estimator=center_jsd;window=48;search_radius=24;kmer=2;top_ratio=0.25;score_scale=4.0;motif_weight=0.0;motif_radius=12;score_normalization=train_quantile;raw_border_score=0.298557;border_score=1.144778",0.31409069895744324,0.3128657937049866,0.373043417930603
test_Seq_1781,1,2,"benchmark=nucleotide_transformer_downstream_tasks;dataset=splice_sites_all;matching=kmer_balanced;matching_signature=(8, 'TTT');border_estimator=center_window_kmer_jsd;estimator=center_jsd;window=48;search_radius=24;kmer=2;top_ratio=0.25;score_scale=4.0;motif_weight=0.0;motif_radius=12;score_normalization=train_quantile;raw_border_score=0.342676;border_score=1.173178",0.2173142284154892,0.21109353005886078,0.5715922713279724
test_Seq_2525,2,2,"benchmark=nucleotide_transformer_downstream_tasks;dataset=splice_sites_all;matching=kmer_balanced;matching_signature=(10, 'CTC');border_estimator=center_window_kmer_jsd;estimator=center_jsd;window=48;search_radius=24;kmer=2;top_ratio=0.25;score_scale=4.0;motif_weight=0.0;motif_radius=12;score_normalization=train_quantile;raw_border_score=0.165972;border_score=0.881222",0.3053503930568695,0.3163679540157318,0.37828174233436584
test_Seq_414,0,2,"benchmark=nucleotide_transformer_downstream_tasks;dataset=splice_sites_all;matching=kmer_balanced;matching_signature=(6, 'TTT');border_estimator=center_window_kmer_jsd;estimator=center_jsd;window=48;search_radius=24;kmer=2;top_ratio=0.25;score_scale=4.0;motif_weight=0.0;motif_radius=12;score_normalization=train_quantile;raw_border_score=0.293005;border_score=1.139311",0.3295650780200958,0.33292773365974426,0.3375071585178375
test_Seq_816,0,2,"benchmark=nucleotide_transformer_downstream_tasks;dataset=splice_sites_all;matching=kmer_balanced;matching_signature=(10, 'CAG');border_estimator=center_window_kmer_jsd;estimator=center_jsd;window=48;search_radius=24;kmer=2;top_ratio=0.25;score_scale=4.0;motif_weight=0.0;motif_radius=12;score_normalization=train_quantile;raw_border_score=0.469079;border_score=1.197000",0.27274176478385925,0.28102970123291016,0.4462284743785858
test_Seq_1884,1,2,"benchmark=nucleotide_transformer_downstream_tasks;dataset=splice_sites_all;matching=kmer_balanced;matching_signature=(10, 'CCT');border_estimator=center_window_kmer_jsd;estimator=center_jsd;window=48;search_radius=24;kmer=2;top_ratio=0.25;score_scale=4.0;motif_weight=0.0;motif_radius=12;score_normalization=train_quantile;raw_border_score=0.208684;border_score=0.991844",0.30475538969039917,0.31296098232269287,0.38228362798690796
test_Seq_2054,2,2,"benchmark=nucleotide_transformer_downstream_tasks;dataset=splice_sites_all;matching=kmer_balanced;matching_signature=(9, 'TGT');border_estimator=center_window_kmer_jsd;estimator=center_jsd;window=48;search_radius=24;kmer=2;top_ratio=0.25;score_scale=4.0;motif_weight=0.0;motif_radius=12;score_normalization=train_quantile;raw_border_score=0.263173;border_score=1.101133",0.30739808082580566,0.3119237720966339,0.38067811727523804
test_Seq_2942,2,2,"benchmark=nucleotide_transformer_downstream_tasks;dataset=splice_sites_all;matching=kmer_balanced;matching_signature=(13, 'CCC');border_estimator=center_window_kmer_jsd;estimator=center_jsd;window=48;search_radius=24;kmer=2;top_ratio=0.25;score_scale=4.0;motif_weight=0.0;motif_radius=12;score_normalization=train_quantile;raw_border_score=0.159297;border_score=0.866200",0.30265748500823975,0.295782208442688,0.4015602767467499
test_Seq_2540,2,2,"benchmark=nucleotide_transformer_downstream_tasks;dataset=splice_sites_all;matching=kmer_balanced;matching_signature=(6, 'TTT');border_estimator=center_window_kmer_jsd;estimator=center_jsd;window=48;search_radius=24;kmer=2;top_ratio=0.25;score_scale=4.0;motif_weight=0.0;motif_radius=12;score_normalization=train_quantile;raw_border_score=0.158186;border_score=0.863222",0.22300444543361664,0.20729686319828033,0.569698691368103
test_Seq_2026,2,2,"benchmark=nucleotide_transformer_downstream_tasks;dataset=splice_sites_all;matching=kmer_balanced;matching_signature=(11, 'CCT');border_estimator=center_window_kmer_jsd;estimator=center_jsd;window=48;search_radius=24;kmer=2;top_ratio=0.25;score_scale=4.0;motif_weight=0.0;motif_radius=12;score_normalization=train_quantile;raw_border_score=0.154477;border_score=0.856333",0.2853688895702362,0.2859767973423004,0.4286542534828186
test_Seq_1280,1,2,"benchmark=nucleotide_transformer_downstream_tasks;dataset=splice_sites_all;matching=kmer_balanced;matching_signature=(12, 'CCC');border_estimator=center_window_kmer_jsd;estimator=center_jsd;window=48;search_radius=24;kmer=2;top_ratio=0.25;score_scale=4.0;motif_weight=0.0;motif_radius=12;score_normalization=train_quantile;raw_border_score=0.232709;border_score=1.044867",0.2870469391345978,0.27776435017585754,0.4351887106895447
test_Seq_730,0,2,"benchmark=nucleotide_transformer_downstream_tasks;dataset=splice_sites_all;matching=kmer_balanced;matching_signature=(6, 'AAA');border_estimator=center_window_kmer_jsd;estimator=center_jsd;window=48;search_radius=24;kmer=2;top_ratio=0.25;score_scale=4.0;motif_weight=0.0;motif_radius=12;score_normalization=train_quantile;raw_border_score=0.155658;border_score=0.858689",0.25761640071868896,0.25392937660217285,0.48845425248146057
test_Seq_2970,2,2,"benchmark=nucleotide_transformer_downstream_tasks;dataset=splice_sites_all;matching=kmer_balanced;matching_signature=(6, 'TTT');border_estimator=center_window_kmer_jsd;estimator=center_jsd;window=48;search_radius=24;kmer=2;top_ratio=0.25;score_scale=4.0;motif_weight=0.0;motif_radius=12;score_normalization=train_quantile;raw_border_score=0.216829;border_score=1.011089",0.32406413555145264,0.3124074339866638,0.36352846026420593
test_Seq_2452,2,2,"benchmark=nucleotide_transformer_downstream_tasks;dataset=splice_sites_all;matching=kmer_balanced;matching_signature=(10, 'CAG');border_estimator=center_window_kmer_jsd;estimator=center_jsd;window=48;search_radius=24;kmer=2;top_ratio=0.25;score_scale=4.0;motif_weight=0.0;motif_radius=12;score_normalization=train_quantile;raw_border_score=0.221585;border_score=1.022644",0.29736846685409546,0.29346123337745667,0.4091702997684479
test_Seq_1394,1,2,"benchmark=nucleotide_transformer_downstream_tasks;dataset=splice_sites_all;matching=kmer_balanced;matching_signature=(10, 'CCA');border_estimator=center_window_kmer_jsd;estimator=center_jsd;window=48;search_radius=24;kmer=2;top_ratio=0.25;score_scale=4.0;motif_weight=0.0;motif_radius=12;score_normalization=train_quantile;raw_border_score=0.233780;border_score=1.047044",0.28095030784606934,0.2843073904514313,0.434742271900177
test_Seq_1371,1,0,"benchmark=nucleotide_transformer_downstream_tasks;dataset=splice_sites_all;matching=kmer_balanced;matching_signature=(9, 'GAG');border_estimator=center_window_kmer_jsd;estimator=center_jsd;window=48;search_radius=24;kmer=2;top_ratio=0.25;score_scale=4.0;motif_weight=0.0;motif_radius=12;score_normalization=train_quantile;raw_border_score=0.204797;border_score=0.983622",0.34072941541671753,0.33157283067703247,0.3276977241039276
test_Seq_1351,1,0,"benchmark=nucleotide_transformer_downstream_tasks;dataset=splice_sites_all;matching=kmer_balanced;matching_signature=(10, 'TCT');border_estimator=center_window_kmer_jsd;estimator=center_jsd;window=48;search_radius=24;kmer=2;top_ratio=0.25;score_scale=4.0;motif_weight=0.0;motif_radius=12;score_normalization=train_quantile;raw_border_score=0.226240;border_score=1.032289",0.3474630117416382,0.3444865942001343,0.30805033445358276
test_Seq_1061,1,2,"benchmark=nucleotide_transformer_downstream_tasks;dataset=splice_sites_all;matching=kmer_balanced;matching_signature=(12, 'GGG');border_estimator=center_window_kmer_jsd;estimator=center_jsd;window=48;search_radius=24;kmer=2;top_ratio=0.25;score_scale=4.0;motif_weight=0.0;motif_radius=12;score_normalization=train_quantile;raw_border_score=0.165563;border_score=0.880200",0.3245674669742584,0.32175198197364807,0.3536805212497711
test_Seq_891,0,1,"benchmark=nucleotide_transformer_downstream_tasks;dataset=splice_sites_all;matching=kmer_balanced;matching_signature=(8, 'TTT');border_estimator=center_window_kmer_jsd;estimator=center_jsd;window=48;search_radius=24;kmer=2;top_ratio=0.25;score_scale=4.0;motif_weight=0.0;motif_radius=12;score_normalization=train_quantile;raw_border_score=0.190644;border_score=0.945711",0.3431985378265381,0.3597738742828369,0.297027587890625
test_Seq_1692,1,0,"benchmark=nucleotide_transformer_downstream_tasks;dataset=splice_sites_all;matching=kmer_balanced;matching_signature=(6, 'AAA');border_estimator=center_window_kmer_jsd;estimator=center_jsd;window=48;search_radius=24;kmer=2;top_ratio=0.25;score_scale=4.0;motif_weight=0.0;motif_radius=12;score_normalization=train_quantile;raw_border_score=0.321968;border_score=1.162111",0.34958088397979736,0.3477571904659271,0.3026619255542755
test_Seq_588,0,2,"benchmark=nucleotide_transformer_downstream_tasks;dataset=splice_sites_all;matching=kmer_balanced;matching_signature=(7, 'TTT');border_estimator=center_window_kmer_jsd;estimator=center_jsd;window=48;search_radius=24;kmer=2;top_ratio=0.25;score_scale=4.0;motif_weight=0.0;motif_radius=12;score_normalization=train_quantile;raw_border_score=0.197758;border_score=0.965178",0.3175502419471741,0.31285226345062256,0.36959749460220337
test_Seq_518,0,2,"benchmark=nucleotide_transformer_downstream_tasks;dataset=splice_sites_all;matching=kmer_balanced;matching_signature=(6, 'AAA');border_estimator=center_window_kmer_jsd;estimator=center_jsd;window=48;search_radius=24;kmer=2;top_ratio=0.25;score_scale=4.0;motif_weight=0.0;motif_radius=12;score_normalization=train_quantile;raw_border_score=0.189716;border_score=0.943356",0.2954423427581787,0.2902291715145111,0.4143284559249878
test_Seq_231,0,2,"benchmark=nucleotide_transformer_downstream_tasks;dataset=splice_sites_all;matching=kmer_balanced;matching_signature=(12, 'CCC');border_estimator=center_window_kmer_jsd;estimator=center_jsd;window=48;search_radius=24;kmer=2;top_ratio=0.25;score_scale=4.0;motif_weight=0.0;motif_radius=12;score_normalization=train_quantile;raw_border_score=0.256133;border_score=1.089311",0.2895401418209076,0.28252744674682617,0.427932471036911
test_Seq_1062,1,2,"benchmark=nucleotide_transformer_downstream_tasks;dataset=splice_sites_all;matching=kmer_balanced;matching_signature=(11, 'CCT');border_estimator=center_window_kmer_jsd;estimator=center_jsd;window=48;search_radius=24;kmer=2;top_ratio=0.25;score_scale=4.0;motif_weight=0.0;motif_radius=12;score_normalization=train_quantile;raw_border_score=0.169968;border_score=0.890867",0.2976446747779846,0.285788893699646,0.4165664315223694
test_Seq_2625,2,2,"benchmark=nucleotide_transformer_downstream_tasks;dataset=splice_sites_all;matching=kmer_balanced;matching_signature=(10, 'CCT');border_estimator=center_window_kmer_jsd;estimator=center_jsd;window=48;search_radius=24;kmer=2;top_ratio=0.25;score_scale=4.0;motif_weight=0.0;motif_radius=12;score_normalization=train_quantile;raw_border_score=0.170934;border_score=0.892911",0.11406458914279938,0.10793577134609222,0.7779996991157532
test_Seq_356,0,2,"benchmark=nucleotide_transformer_downstream_tasks;dataset=splice_sites_all;matching=kmer_balanced;matching_signature=(7, 'TTT');border_estimator=center_window_kmer_jsd;estimator=center_jsd;window=48;search_radius=24;kmer=2;top_ratio=0.25;score_scale=4.0;motif_weight=0.0;motif_radius=12;score_normalization=train_quantile;raw_border_score=0.326829;border_score=1.164778",0.2945419251918793,0.2907593548297882,0.4146987795829773
test_Seq_1614,1,2,"benchmark=nucleotide_transformer_downstream_tasks;dataset=splice_sites_all;matching=kmer_balanced;matching_signature=(10, 'CCC');border_estimator=center_window_kmer_jsd;estimator=center_jsd;window=48;search_radius=24;kmer=2;top_ratio=0.25;score_scale=4.0;motif_weight=0.0;motif_radius=12;score_normalization=train_quantile;raw_border_score=0.135160;border_score=0.825400",0.23477862775325775,0.22807002067565918,0.5371513366699219
test_Seq_1638,1,2,"benchmark=nucleotide_transformer_downstream_tasks;dataset=splice_sites_all;matching=kmer_balanced;matching_signature=(13, 'GGG');border_estimator=center_window_kmer_jsd;estimator=center_jsd;window=48;search_radius=24;kmer=2;top_ratio=0.25;score_scale=4.0;motif_weight=0.0;motif_radius=12;score_normalization=train_quantile;raw_border_score=0.189406;border_score=0.942333",0.3276762068271637,0.33585911989212036,0.33646461367607117
test_Seq_2574,2,2,"benchmark=nucleotide_transformer_downstream_tasks;dataset=splice_sites_all;matching=kmer_balanced;matching_signature=(10, 'TCC');border_estimator=center_window_kmer_jsd;estimator=center_jsd;window=48;search_radius=24;kmer=2;top_ratio=0.25;score_scale=4.0;motif_weight=0.0;motif_radius=12;score_normalization=train_quantile;raw_border_score=0.202592;border_score=0.977800",0.31885555386543274,0.3180787265300751,0.3630657196044922
test_Seq_716,0,2,"benchmark=nucleotide_transformer_downstream_tasks;dataset=splice_sites_all;matching=kmer_balanced;matching_signature=(12, 'CTG');border_estimator=center_window_kmer_jsd;estimator=center_jsd;window=48;search_radius=24;kmer=2;top_ratio=0.25;score_scale=4.0;motif_weight=0.0;motif_radius=12;score_normalization=train_quantile;raw_border_score=0.159400;border_score=0.866556",0.31698429584503174,0.3267911374568939,0.35622459650039673
test_Seq_974,0,2,"benchmark=nucleotide_transformer_downstream_tasks;dataset=splice_sites_all;matching=kmer_balanced;matching_signature=(7, 'TTT');border_estimator=center_window_kmer_jsd;estimator=center_jsd;window=48;search_radius=24;kmer=2;top_ratio=0.25;score_scale=4.0;motif_weight=0.0;motif_radius=12;score_normalization=train_quantile;raw_border_score=0.282269;border_score=1.126778",0.19840547442436218,0.18712113797664642,0.6144734025001526
test_Seq_2242,2,2,"benchmark=nucleotide_transformer_downstream_tasks;dataset=splice_sites_all;matching=kmer_balanced;matching_signature=(10, 'GGG');border_estimator=center_window_kmer_jsd;estimator=center_jsd;window=48;search_radius=24;kmer=2;top_ratio=0.25;score_scale=4.0;motif_weight=0.0;motif_radius=12;score_normalization=train_quantile;raw_border_score=0.267626;border_score=1.106600",0.3258732557296753,0.322475403547287,0.3516513705253601
test_Seq_2172,2,2,"benchmark=nucleotide_transformer_downstream_tasks;dataset=splice_sites_all;matching=kmer_balanced;matching_signature=(8, 'AAA');border_estimator=center_window_kmer_jsd;estimator=center_jsd;window=48;search_radius=24;kmer=2;top_ratio=0.25;score_scale=4.0;motif_weight=0.0;motif_radius=12;score_normalization=train_quantile;raw_border_score=0.226648;border_score=1.033400",0.15836301445960999,0.1478922963142395,0.6937446594238281
test_Seq_2544,2,2,"benchmark=nucleotide_transformer_downstream_tasks;dataset=splice_sites_all;matching=kmer_balanced;matching_signature=(7, 'TTT');border_estimator=center_window_kmer_jsd;estimator=center_jsd;window=48;search_radius=24;kmer=2;top_ratio=0.25;score_scale=4.0;motif_weight=0.0;motif_radius=12;score_normalization=train_quantile;raw_border_score=0.241239;border_score=1.061400",0.3180885910987854,0.32406726479530334,0.35784420371055603
test_Seq_1795,1,2,"benchmark=nucleotide_transformer_downstream_tasks;dataset=splice_sites_all;matching=kmer_balanced;matching_signature=(11, 'CTG');border_estimator=center_window_kmer_jsd;estimator=center_jsd;window=48;search_radius=24;kmer=2;top_ratio=0.25;score_scale=4.0;motif_weight=0.0;motif_radius=12;score_normalization=train_quantile;raw_border_score=0.339217;border_score=1.171489",0.2552415132522583,0.24407309293746948,0.5006853938102722
test_Seq_1897,1,2,"benchmark=nucleotide_transformer_downstream_tasks;dataset=splice_sites_all;matching=kmer_balanced;matching_signature=(12, 'CCC');border_estimator=center_window_kmer_jsd;estimator=center_jsd;window=48;search_radius=24;kmer=2;top_ratio=0.25;score_scale=4.0;motif_weight=0.0;motif_radius=12;score_normalization=train_quantile;raw_border_score=0.256186;border_score=1.089400",0.2923051416873932,0.2945024073123932,0.41319242119789124
test_Seq_168,0,2,"benchmark=nucleotide_transformer_downstream_tasks;dataset=splice_sites_all;matching=kmer_balanced;matching_signature=(7, 'AAA');border_estimator=center_window_kmer_jsd;estimator=center_jsd;window=48;search_radius=24;kmer=2;top_ratio=0.25;score_scale=4.0;motif_weight=0.0;motif_radius=12;score_normalization=train_quantile;raw_border_score=0.178881;border_score=0.915267",0.32248640060424805,0.3132500648498535,0.3642635643482208
test_Seq_1713,1,2,"benchmark=nucleotide_transformer_downstream_tasks;dataset=splice_sites_all;matching=kmer_balanced;matching_signature=(7, 'TTT');border_estimator=center_window_kmer_jsd;estimator=center_jsd;window=48;search_radius=24;kmer=2;top_ratio=0.25;score_scale=4.0;motif_weight=0.0;motif_radius=12;score_normalization=train_quantile;raw_border_score=0.230599;border_score=1.040822",0.21786309778690338,0.2063293755054474,0.575807511806488
test_Seq_594,0,2,"benchmark=nucleotide_transformer_downstream_tasks;dataset=splice_sites_all;matching=kmer_balanced;matching_signature=(8, 'TTT');border_estimator=center_window_kmer_jsd;estimator=center_jsd;window=48;search_radius=24;kmer=2;top_ratio=0.25;score_scale=4.0;motif_weight=0.0;motif_radius=12;score_normalization=train_quantile;raw_border_score=0.121935;border_score=0.812067",0.30913785099983215,0.3056056499481201,0.38525646924972534
test_Seq_1451,1,2,"benchmark=nucleotide_transformer_downstream_tasks;dataset=splice_sites_all;matching=kmer_balanced;matching_signature=(6, 'AAA');border_estimator=center_window_kmer_jsd;estimator=center_jsd;window=48;search_radius=24;kmer=2;top_ratio=0.25;score_scale=4.0;motif_weight=0.0;motif_radius=12;score_normalization=train_quantile;raw_border_score=0.211023;border_score=0.997667",0.17018552124500275,0.1566213071346283,0.6731931567192078
test_Seq_963,0,1,"benchmark=nucleotide_transformer_downstream_tasks;dataset=splice_sites_all;matching=kmer_balanced;matching_signature=(6, 'AAA');border_estimator=center_window_kmer_jsd;estimator=center_jsd;window=48;search_radius=24;kmer=2;top_ratio=0.25;score_scale=4.0;motif_weight=0.0;motif_radius=12;score_normalization=train_quantile;raw_border_score=0.194439;border_score=0.955622",0.3337720036506653,0.34160637855529785,0.32462161779403687
test_Seq_1656,1,2,"benchmark=nucleotide_transformer_downstream_tasks;dataset=splice_sites_all;matching=kmer_balanced;matching_signature=(8, 'GAA');border_estimator=center_window_kmer_jsd;estimator=center_jsd;window=48;search_radius=24;kmer=2;top_ratio=0.25;score_scale=4.0;motif_weight=0.0;motif_radius=12;score_normalization=train_quantile;raw_border_score=0.169408;border_score=0.889400",0.32425495982170105,0.3296830654144287,0.34606197476387024
test_Seq_239,0,2,"benchmark=nucleotide_transformer_downstream_tasks;dataset=splice_sites_all;matching=kmer_balanced;matching_signature=(9, 'GGG');border_estimator=center_window_kmer_jsd;estimator=center_jsd;window=48;search_radius=24;kmer=2;top_ratio=0.25;score_scale=4.0;motif_weight=0.0;motif_radius=12;score_normalization=train_quantile;raw_border_score=0.241156;border_score=1.061267",0.32025644183158875,0.3180394172668457,0.36170411109924316
test_Seq_1648,1,2,"benchmark=nucleotide_transformer_downstream_tasks;dataset=splice_sites_all;matching=kmer_balanced;matching_signature=(6, 'TTT');border_estimator=center_window_kmer_jsd;estimator=center_jsd;window=48;search_radius=24;kmer=2;top_ratio=0.25;score_scale=4.0;motif_weight=0.0;motif_radius=12;score_normalization=train_quantile;raw_border_score=0.215919;border_score=1.008467",0.3032313287258148,0.29705098271369934,0.3997177183628082
test_Seq_2215,2,2,"benchmark=nucleotide_transformer_downstream_tasks;dataset=splice_sites_all;matching=kmer_balanced;matching_signature=(8, 'AAA');border_estimator=center_window_kmer_jsd;estimator=center_jsd;window=48;search_radius=24;kmer=2;top_ratio=0.25;score_scale=4.0;motif_weight=0.0;motif_radius=12;score_normalization=train_quantile;raw_border_score=0.276490;border_score=1.119222",0.31366705894470215,0.3169630765914917,0.36936986446380615
test_Seq_838,0,1,"benchmark=nucleotide_transformer_downstream_tasks;dataset=splice_sites_all;matching=kmer_balanced;matching_signature=(8, 'TTT');border_estimator=center_window_kmer_jsd;estimator=center_jsd;window=48;search_radius=24;kmer=2;top_ratio=0.25;score_scale=4.0;motif_weight=0.0;motif_radius=12;score_normalization=train_quantile;raw_border_score=0.302983;border_score=1.148911",0.3388330340385437,0.34079283475875854,0.32037413120269775
test_Seq_128,0,1,"benchmark=nucleotide_transformer_downstream_tasks;dataset=splice_sites_all;matching=kmer_balanced;matching_signature=(10, 'GGG');border_estimator=center_window_kmer_jsd;estimator=center_jsd;window=48;search_radius=24;kmer=2;top_ratio=0.25;score_scale=4.0;motif_weight=0.0;motif_radius=12;score_normalization=train_quantile;raw_border_score=0.202618;border_score=0.977889",0.33216843008995056,0.33743342757225037,0.3303981125354767
test_Seq_1388,1,2,"benchmark=nucleotide_transformer_downstream_tasks;dataset=splice_sites_all;matching=kmer_balanced;matching_signature=(9, 'TTT');border_estimator=center_window_kmer_jsd;estimator=center_jsd;window=48;search_radius=24;kmer=2;top_ratio=0.25;score_scale=4.0;motif_weight=0.0;motif_radius=12;score_normalization=train_quantile;raw_border_score=0.316870;border_score=1.158822",0.32266923785209656,0.3261895179748535,0.3511412441730499
test_Seq_463,0,2,"benchmark=nucleotide_transformer_downstream_tasks;dataset=splice_sites_all;matching=kmer_balanced;matching_signature=(11, 'CCT');border_estimator=center_window_kmer_jsd;estimator=center_jsd;window=48;search_radius=24;kmer=2;top_ratio=0.25;score_scale=4.0;motif_weight=0.0;motif_radius=12;score_normalization=train_quantile;raw_border_score=0.211281;border_score=0.998289",0.2750987708568573,0.2720441520214081,0.45285704731941223
test_Seq_1641,1,2,"benchmark=nucleotide_transformer_downstream_tasks;dataset=splice_sites_all;matching=kmer_balanced;matching_signature=(7, 'AAA');border_estimator=center_window_kmer_jsd;estimator=center_jsd;window=48;search_radius=24;kmer=2;top_ratio=0.25;score_scale=4.0;motif_weight=0.0;motif_radius=12;score_normalization=train_quantile;raw_border_score=0.308266;border_score=1.152422",0.302706241607666,0.307760626077652,0.389533132314682
test_Seq_1479,1,2,"benchmark=nucleotide_transformer_downstream_tasks;dataset=splice_sites_all;matching=kmer_balanced;matching_signature=(7, 'TTT');border_estimator=center_window_kmer_jsd;estimator=center_jsd;window=48;search_radius=24;kmer=2;top_ratio=0.25;score_scale=4.0;motif_weight=0.0;motif_radius=12;score_normalization=train_quantile;raw_border_score=0.224341;border_score=1.028644",0.31453168392181396,0.31232866644859314,0.3731396198272705
test_Seq_542,0,2,"benchmark=nucleotide_transformer_downstream_tasks;dataset=splice_sites_all;matching=kmer_balanced;matching_signature=(6, 'TTT');border_estimator=center_window_kmer_jsd;estimator=center_jsd;window=48;search_radius=24;kmer=2;top_ratio=0.25;score_scale=4.0;motif_weight=0.0;motif_radius=12;score_normalization=train_quantile;raw_border_score=0.275936;border_score=1.118422",0.30886009335517883,0.3002932071685791,0.39084672927856445
test_Seq_396,0,2,"benchmark=nucleotide_transformer_downstream_tasks;dataset=splice_sites_all;matching=kmer_balanced;matching_signature=(6, 'AAA');border_estimator=center_window_kmer_jsd;estimator=center_jsd;window=48;search_radius=24;kmer=2;top_ratio=0.25;score_scale=4.0;motif_weight=0.0;motif_radius=12;score_normalization=train_quantile;raw_border_score=0.192559;border_score=0.951133",0.1928802728652954,0.18114563822746277,0.6259740591049194
test_Seq_585,0,2,"benchmark=nucleotide_transformer_downstream_tasks;dataset=splice_sites_all;matching=kmer_balanced;matching_signature=(7, 'TTT');border_estimator=center_window_kmer_jsd;estimator=center_jsd;window=48;search_radius=24;kmer=2;top_ratio=0.25;score_scale=4.0;motif_weight=0.0;motif_radius=12;score_normalization=train_quantile;raw_border_score=0.699390;border_score=1.199889",0.13780617713928223,0.12942549586296082,0.7327683568000793
test_Seq_2150,2,2,"benchmark=nucleotide_transformer_downstream_tasks;dataset=splice_sites_all;matching=kmer_balanced;matching_signature=(7, 'TTT');border_estimator=center_window_kmer_jsd;estimator=center_jsd;window=48;search_radius=24;kmer=2;top_ratio=0.25;score_scale=4.0;motif_weight=0.0;motif_radius=12;score_normalization=train_quantile;raw_border_score=0.174422;border_score=0.903222",0.1588381826877594,0.14272522926330566,0.6984365582466125
test_Seq_166,0,2,"benchmark=nucleotide_transformer_downstream_tasks;dataset=splice_sites_all;matching=kmer_balanced;matching_signature=(5, 'TTT');border_estimator=center_window_kmer_jsd;estimator=center_jsd;window=48;search_radius=24;kmer=2;top_ratio=0.25;score_scale=4.0;motif_weight=0.0;motif_radius=12;score_normalization=train_quantile;raw_border_score=0.241266;border_score=1.061444",0.2835298478603363,0.2745225727558136,0.4419476389884949
test_Seq_655,0,1,"benchmark=nucleotide_transformer_downstream_tasks;dataset=splice_sites_all;matching=kmer_balanced;matching_signature=(8, 'TTT');border_estimator=center_window_kmer_jsd;estimator=center_jsd;window=48;search_radius=24;kmer=2;top_ratio=0.25;score_scale=4.0;motif_weight=0.0;motif_radius=12;score_normalization=train_quantile;raw_border_score=0.202122;border_score=0.976378",0.3440447151660919,0.34575289487838745,0.31020236015319824
test_Seq_2648,2,2,"benchmark=nucleotide_transformer_downstream_tasks;dataset=splice_sites_all;matching=kmer_balanced;matching_signature=(7, 'AAA');border_estimator=center_window_kmer_jsd;estimator=center_jsd;window=48;search_radius=24;kmer=2;top_ratio=0.25;score_scale=4.0;motif_weight=0.0;motif_radius=12;score_normalization=train_quantile;raw_border_score=0.226225;border_score=1.032244",0.3012210726737976,0.3055464029312134,0.3932325541973114
test_Seq_1149,1,1,"benchmark=nucleotide_transformer_downstream_tasks;dataset=splice_sites_all;matching=kmer_balanced;matching_signature=(13, 'GGG');border_estimator=center_window_kmer_jsd;estimator=center_jsd;window=48;search_radius=24;kmer=2;top_ratio=0.25;score_scale=4.0;motif_weight=0.0;motif_radius=12;score_normalization=train_quantile;raw_border_score=0.247063;border_score=1.073089",0.3472508192062378,0.35790374875068665,0.29484549164772034
test_Seq_54,0,2,"benchmark=nucleotide_transformer_downstream_tasks;dataset=splice_sites_all;matching=kmer_balanced;matching_signature=(10, 'CCT');border_estimator=center_window_kmer_jsd;estimator=center_jsd;window=48;search_radius=24;kmer=2;top_ratio=0.25;score_scale=4.0;motif_weight=0.0;motif_radius=12;score_normalization=train_quantile;raw_border_score=0.108757;border_score=0.805044",0.22683122754096985,0.2175890952348709,0.5555797219276428
test_Seq_1295,1,2,"benchmark=nucleotide_transformer_downstream_tasks;dataset=splice_sites_all;matching=kmer_balanced;matching_signature=(7, 'TTT');border_estimator=center_window_kmer_jsd;estimator=center_jsd;window=48;search_radius=24;kmer=2;top_ratio=0.25;score_scale=4.0;motif_weight=0.0;motif_radius=12;score_normalization=train_quantile;raw_border_score=0.210041;border_score=0.995133",0.30349692702293396,0.29915061593055725,0.397352397441864
test_Seq_2776,2,2,"benchmark=nucleotide_transformer_downstream_tasks;dataset=splice_sites_all;matching=kmer_balanced;matching_signature=(13, 'GGG');border_estimator=center_window_kmer_jsd;estimator=center_jsd;window=48;search_radius=24;kmer=2;top_ratio=0.25;score_scale=4.0;motif_weight=0.0;motif_radius=12;score_normalization=train_quantile;raw_border_score=0.320755;border_score=1.161400",0.2977274954319,0.29408836364746094,0.40818414092063904
test_Seq_801,0,2,"benchmark=nucleotide_transformer_downstream_tasks;dataset=splice_sites_all;matching=kmer_balanced;matching_signature=(12, 'CCC');border_estimator=center_window_kmer_jsd;estimator=center_jsd;window=48;search_radius=24;kmer=2;top_ratio=0.25;score_scale=4.0;motif_weight=0.0;motif_radius=12;score_normalization=train_quantile;raw_border_score=0.206987;border_score=0.988200",0.3071707785129547,0.29877981543540955,0.39404937624931335
test_Seq_713,0,2,"benchmark=nucleotide_transformer_downstream_tasks;dataset=splice_sites_all;matching=kmer_balanced;matching_signature=(11, 'CTG');border_estimator=center_window_kmer_jsd;estimator=center_jsd;window=48;search_radius=24;kmer=2;top_ratio=0.25;score_scale=4.0;motif_weight=0.0;motif_radius=12;score_normalization=train_quantile;raw_border_score=0.261213;border_score=1.097622",0.3290676772594452,0.3279760777950287,0.3429562449455261
test_Seq_749,0,1,"benchmark=nucleotide_transformer_downstream_tasks;dataset=splice_sites_all;matching=kmer_balanced;matching_signature=(8, 'TTT');border_estimator=center_window_kmer_jsd;estimator=center_jsd;window=48;search_radius=24;kmer=2;top_ratio=0.25;score_scale=4.0;motif_weight=0.0;motif_radius=12;score_normalization=train_quantile;raw_border_score=0.173109;border_score=0.899489",0.3430755138397217,0.3438868820667267,0.313037633895874
test_Seq_774,0,0,"benchmark=nucleotide_transformer_downstream_tasks;dataset=splice_sites_all;matching=kmer_balanced;matching_signature=(6, 'TTT');border_estimator=center_window_kmer_jsd;estimator=center_jsd;window=48;search_radius=24;kmer=2;top_ratio=0.25;score_scale=4.0;motif_weight=0.0;motif_radius=12;score_normalization=train_quantile;raw_border_score=0.217843;border_score=1.013400",0.345355361700058,0.34254300594329834,0.3121016323566437
test_Seq_26,0,1,"benchmark=nucleotide_transformer_downstream_tasks;dataset=splice_sites_all;matching=kmer_balanced;matching_signature=(11, 'CCC');border_estimator=center_window_kmer_jsd;estimator=center_jsd;window=48;search_radius=24;kmer=2;top_ratio=0.25;score_scale=4.0;motif_weight=0.0;motif_radius=12;score_normalization=train_quantile;raw_border_score=0.259639;border_score=1.094867",0.3282908499240875,0.3384501338005066,0.3332589864730835
test_Seq_2385,2,1,"benchmark=nucleotide_transformer_downstream_tasks;dataset=splice_sites_all;matching=kmer_balanced;matching_signature=(7, 'TGA');border_estimator=center_window_kmer_jsd;estimator=center_jsd;window=48;search_radius=24;kmer=2;top_ratio=0.25;score_scale=4.0;motif_weight=0.0;motif_radius=12;score_normalization=train_quantile;raw_border_score=0.137771;border_score=0.828956",0.3453367352485657,0.348933607339859,0.3057296872138977
test_Seq_1797,1,2,"benchmark=nucleotide_transformer_downstream_tasks;dataset=splice_sites_all;matching=kmer_balanced;matching_signature=(6, 'AAA');border_estimator=center_window_kmer_jsd;estimator=center_jsd;window=48;search_radius=24;kmer=2;top_ratio=0.25;score_scale=4.0;motif_weight=0.0;motif_radius=12;score_normalization=train_quantile;raw_border_score=0.251913;border_score=1.082111",0.23017071187496185,0.2167700231075287,0.5530592203140259
test_Seq_1392,1,1,"benchmark=nucleotide_transformer_downstream_tasks;dataset=splice_sites_all;matching=kmer_balanced;matching_signature=(9, 'AAA');border_estimator=center_window_kmer_jsd;estimator=center_jsd;window=48;search_radius=24;kmer=2;top_ratio=0.25;score_scale=4.0;motif_weight=0.0;motif_radius=12;score_normalization=train_quantile;raw_border_score=0.158356;border_score=0.863444",0.3654913604259491,0.3720165491104126,0.2624920606613159
test_Seq_278,0,2,"benchmark=nucleotide_transformer_downstream_tasks;dataset=splice_sites_all;matching=kmer_balanced;matching_signature=(8, 'TGT');border_estimator=center_window_kmer_jsd;estimator=center_jsd;window=48;search_radius=24;kmer=2;top_ratio=0.25;score_scale=4.0;motif_weight=0.0;motif_radius=12;score_normalization=train_quantile;raw_border_score=0.288209;border_score=1.134378",0.25400060415267944,0.24577327072620392,0.5002261400222778
test_Seq_2965,2,2,"benchmark=nucleotide_transformer_downstream_tasks;dataset=splice_sites_all;matching=kmer_balanced;matching_signature=(6, 'TTT');border_estimator=center_window_kmer_jsd;estimator=center_jsd;window=48;search_radius=24;kmer=2;top_ratio=0.25;score_scale=4.0;motif_weight=0.0;motif_radius=12;score_normalization=train_quantile;raw_border_score=0.210226;border_score=0.995622",0.27315080165863037,0.2602069675922394,0.46664223074913025
test_Seq_2702,2,2,"benchmark=nucleotide_transformer_downstream_tasks;dataset=splice_sites_all;matching=kmer_balanced;matching_signature=(6, 'AAA');border_estimator=center_window_kmer_jsd;estimator=center_jsd;window=48;search_radius=24;kmer=2;top_ratio=0.25;score_scale=4.0;motif_weight=0.0;motif_radius=12;score_normalization=train_quantile;raw_border_score=0.185177;border_score=0.931044",0.24769262969493866,0.2338898926973343,0.518417477607727
test_Seq_737,0,2,"benchmark=nucleotide_transformer_downstream_tasks;dataset=splice_sites_all;matching=kmer_balanced;matching_signature=(13, 'CCC');border_estimator=center_window_kmer_jsd;estimator=center_jsd;window=48;search_radius=24;kmer=2;top_ratio=0.25;score_scale=4.0;motif_weight=0.0;motif_radius=12;score_normalization=train_quantile;raw_border_score=0.224295;border_score=1.028511",0.28035488724708557,0.27506351470947266,0.444581538438797
test_Seq_1942,1,2,"benchmark=nucleotide_transformer_downstream_tasks;dataset=splice_sites_all;matching=kmer_balanced;matching_signature=(11, 'GTG');border_estimator=center_window_kmer_jsd;estimator=center_jsd;window=48;search_radius=24;kmer=2;top_ratio=0.25;score_scale=4.0;motif_weight=0.0;motif_radius=12;score_normalization=train_quantile;raw_border_score=0.238259;border_score=1.055000",0.29439395666122437,0.2842158377170563,0.42139020562171936
test_Seq_1106,1,2,"benchmark=nucleotide_transformer_downstream_tasks;dataset=splice_sites_all;matching=kmer_balanced;matching_signature=(5, 'TTT');border_estimator=center_window_kmer_jsd;estimator=center_jsd;window=48;search_radius=24;kmer=2;top_ratio=0.25;score_scale=4.0;motif_weight=0.0;motif_radius=12;score_normalization=train_quantile;raw_border_score=0.155462;border_score=0.858200",0.2985890805721283,0.27312326431274414,0.42828768491744995
test_Seq_2431,2,2,"benchmark=nucleotide_transformer_downstream_tasks;dataset=splice_sites_all;matching=kmer_balanced;matching_signature=(8, 'TTT');border_estimator=center_window_kmer_jsd;estimator=center_jsd;window=48;search_radius=24;kmer=2;top_ratio=0.25;score_scale=4.0;motif_weight=0.0;motif_radius=12;score_normalization=train_quantile;raw_border_score=0.132672;border_score=0.822378",0.31722021102905273,0.3258395195007324,0.35694029927253723
test_Seq_994,0,2,"benchmark=nucleotide_transformer_downstream_tasks;dataset=splice_sites_all;matching=kmer_balanced;matching_signature=(6, 'TTT');border_estimator=center_window_kmer_jsd;estimator=center_jsd;window=48;search_radius=24;kmer=2;top_ratio=0.25;score_scale=4.0;motif_weight=0.0;motif_radius=12;score_normalization=train_quantile;raw_border_score=0.227989;border_score=1.035933",0.2933565080165863,0.27321818470954895,0.43342530727386475
test_Seq_1938,1,2,"benchmark=nucleotide_transformer_downstream_tasks;dataset=splice_sites_all;matching=kmer_balanced;matching_signature=(10, 'CCT');border_estimator=center_window_kmer_jsd;estimator=center_jsd;window=48;search_radius=24;kmer=2;top_ratio=0.25;score_scale=4.0;motif_weight=0.0;motif_radius=12;score_normalization=train_quantile;raw_border_score=0.165867;border_score=0.881133",0.3158365786075592,0.3097250163555145,0.3744383752346039
test_Seq_705,0,2,"benchmark=nucleotide_transformer_downstream_tasks;dataset=splice_sites_all;matching=kmer_balanced;matching_signature=(11, 'GGG');border_estimator=center_window_kmer_jsd;estimator=center_jsd;window=48;search_radius=24;kmer=2;top_ratio=0.25;score_scale=4.0;motif_weight=0.0;motif_radius=12;score_normalization=train_quantile;raw_border_score=0.161374;border_score=0.870111",0.304566353559494,0.30974265933036804,0.38569098711013794
test_Seq_1662,1,2,"benchmark=nucleotide_transformer_downstream_tasks;dataset=splice_sites_all;matching=kmer_balanced;matching_signature=(5, 'AAA');border_estimator=center_window_kmer_jsd;estimator=center_jsd;window=48;search_radius=24;kmer=2;top_ratio=0.25;score_scale=4.0;motif_weight=0.0;motif_radius=12;score_normalization=train_quantile;raw_border_score=0.264934;border_score=1.103489",0.2954748868942261,0.2962125241756439,0.4083126187324524
test_Seq_2944,2,2,"benchmark=nucleotide_transformer_downstream_tasks;dataset=splice_sites_all;matching=kmer_balanced;matching_signature=(10, 'TGT');border_estimator=center_window_kmer_jsd;estimator=center_jsd;window=48;search_radius=24;kmer=2;top_ratio=0.25;score_scale=4.0;motif_weight=0.0;motif_radius=12;score_normalization=train_quantile;raw_border_score=0.175201;border_score=0.905489",0.18040871620178223,0.17118340730667114,0.6484079360961914
test_Seq_1625,1,0,"benchmark=nucleotide_transformer_downstream_tasks;dataset=splice_sites_all;matching=kmer_balanced;matching_signature=(12, 'CTG');border_estimator=center_window_kmer_jsd;estimator=center_jsd;window=48;search_radius=24;kmer=2;top_ratio=0.25;score_scale=4.0;motif_weight=0.0;motif_radius=12;score_normalization=train_quantile;raw_border_score=0.251076;border_score=1.080956",0.34404945373535156,0.3410831391811371,0.31486737728118896
test_Seq_1687,1,1,"benchmark=nucleotide_transformer_downstream_tasks;dataset=splice_sites_all;matching=kmer_balanced;matching_signature=(8, 'TCT');border_estimator=center_window_kmer_jsd;estimator=center_jsd;window=48;search_radius=24;kmer=2;top_ratio=0.25;score_scale=4.0;motif_weight=0.0;motif_radius=12;score_normalization=train_quantile;raw_border_score=0.144028;border_score=0.837400",0.3751163184642792,0.3793327510356903,0.2455509454011917
test_Seq_2569,2,2,"benchmark=nucleotide_transformer_downstream_tasks;dataset=splice_sites_all;matching=kmer_balanced;matching_signature=(13, 'GGG');border_estimator=center_window_kmer_jsd;estimator=center_jsd;window=48;search_radius=24;kmer=2;top_ratio=0.25;score_scale=4.0;motif_weight=0.0;motif_radius=12;score_normalization=train_quantile;raw_border_score=0.208962;border_score=0.992511",0.30853405594825745,0.3085295855998993,0.3829362988471985
test_Seq_2850,2,1,"benchmark=nucleotide_transformer_downstream_tasks;dataset=splice_sites_all;matching=kmer_balanced;matching_signature=(13, 'GGC');border_estimator=center_window_kmer_jsd;estimator=center_jsd;window=48;search_radius=24;kmer=2;top_ratio=0.25;score_scale=4.0;motif_weight=0.0;motif_radius=12;score_normalization=train_quantile;raw_border_score=0.148815;border_score=0.845667",0.36475780606269836,0.3718602955341339,0.26338186860084534
test_Seq_276,0,0,"benchmark=nucleotide_transformer_downstream_tasks;dataset=splice_sites_all;matching=kmer_balanced;matching_signature=(5, 'TTT');border_estimator=center_window_kmer_jsd;estimator=center_jsd;window=48;search_radius=24;kmer=2;top_ratio=0.25;score_scale=4.0;motif_weight=0.0;motif_radius=12;score_normalization=train_quantile;raw_border_score=0.208968;border_score=0.992511",0.3394244313240051,0.3324449956417084,0.3281305730342865
test_Seq_79,0,2,"benchmark=nucleotide_transformer_downstream_tasks;dataset=splice_sites_all;matching=kmer_balanced;matching_signature=(8, 'TTT');border_estimator=center_window_kmer_jsd;estimator=center_jsd;window=48;search_radius=24;kmer=2;top_ratio=0.25;score_scale=4.0;motif_weight=0.0;motif_radius=12;score_normalization=train_quantile;raw_border_score=0.160261;border_score=0.867978",0.31624701619148254,0.30638113617897034,0.37737178802490234
test_Seq_2149,2,2,"benchmark=nucleotide_transformer_downstream_tasks;dataset=splice_sites_all;matching=kmer_balanced;matching_signature=(9, 'TTT');border_estimator=center_window_kmer_jsd;estimator=center_jsd;window=48;search_radius=24;kmer=2;top_ratio=0.25;score_scale=4.0;motif_weight=0.0;motif_radius=12;score_normalization=train_quantile;raw_border_score=0.246839;border_score=1.072733",0.3210465908050537,0.31149935722351074,0.36745405197143555
test_Seq_2381,2,2,"benchmark=nucleotide_transformer_downstream_tasks;dataset=splice_sites_all;matching=kmer_balanced;matching_signature=(9, 'AAA');border_estimator=center_window_kmer_jsd;estimator=center_jsd;window=48;search_radius=24;kmer=2;top_ratio=0.25;score_scale=4.0;motif_weight=0.0;motif_radius=12;score_normalization=train_quantile;raw_border_score=0.158509;border_score=0.864022",0.1359958052635193,0.1284799426794052,0.7355243563652039
test_Seq_847,0,2,"benchmark=nucleotide_transformer_downstream_tasks;dataset=splice_sites_all;matching=kmer_balanced;matching_signature=(6, 'AAA');border_estimator=center_window_kmer_jsd;estimator=center_jsd;window=48;search_radius=24;kmer=2;top_ratio=0.25;score_scale=4.0;motif_weight=0.0;motif_radius=12;score_normalization=train_quantile;raw_border_score=0.298621;border_score=1.144822",0.26727765798568726,0.26463645696640015,0.4680858552455902
test_Seq_2643,2,2,"benchmark=nucleotide_transformer_downstream_tasks;dataset=splice_sites_all;matching=kmer_balanced;matching_signature=(12, 'CTG');border_estimator=center_window_kmer_jsd;estimator=center_jsd;window=48;search_radius=24;kmer=2;top_ratio=0.25;score_scale=4.0;motif_weight=0.0;motif_radius=12;score_normalization=train_quantile;raw_border_score=0.154580;border_score=0.856511",0.26294660568237305,0.2554953396320343,0.48155802488327026
test_Seq_2946,2,2,"benchmark=nucleotide_transformer_downstream_tasks;dataset=splice_sites_all;matching=kmer_balanced;matching_signature=(6, 'AAA');border_estimator=center_window_kmer_jsd;estimator=center_jsd;window=48;search_radius=24;kmer=2;top_ratio=0.25;score_scale=4.0;motif_weight=0.0;motif_radius=12;score_normalization=train_quantile;raw_border_score=0.132117;border_score=0.821667",0.2397066056728363,0.22235862910747528,0.5379347205162048
test_Seq_2943,2,2,"benchmark=nucleotide_transformer_downstream_tasks;dataset=splice_sites_all;matching=kmer_balanced;matching_signature=(7, 'TTT');border_estimator=center_window_kmer_jsd;estimator=center_jsd;window=48;search_radius=24;kmer=2;top_ratio=0.25;score_scale=4.0;motif_weight=0.0;motif_radius=12;score_normalization=train_quantile;raw_border_score=0.252690;border_score=1.083489",0.26735883951187134,0.26411300897598267,0.4685281217098236
test_Seq_2503,2,2,"benchmark=nucleotide_transformer_downstream_tasks;dataset=splice_sites_all;matching=kmer_balanced;matching_signature=(12, 'GGG');border_estimator=center_window_kmer_jsd;estimator=center_jsd;window=48;search_radius=24;kmer=2;top_ratio=0.25;score_scale=4.0;motif_weight=0.0;motif_radius=12;score_normalization=train_quantile;raw_border_score=0.196401;border_score=0.961222",0.2814459204673767,0.27688324451446533,0.44167086482048035
test_Seq_426,0,2,"benchmark=nucleotide_transformer_downstream_tasks;dataset=splice_sites_all;matching=kmer_balanced;matching_signature=(9, 'CTG');border_estimator=center_window_kmer_jsd;estimator=center_jsd;window=48;search_radius=24;kmer=2;top_ratio=0.25;score_scale=4.0;motif_weight=0.0;motif_radius=12;score_normalization=train_quantile;raw_border_score=0.206298;border_score=0.986733",0.3160567283630371,0.3123031258583069,0.3716401755809784
test_Seq_1167,1,2,"benchmark=nucleotide_transformer_downstream_tasks;dataset=splice_sites_all;matching=kmer_balanced;matching_signature=(8, 'AAA');border_estimator=center_window_kmer_jsd;estimator=center_jsd;window=48;search_radius=24;kmer=2;top_ratio=0.25;score_scale=4.0;motif_weight=0.0;motif_radius=12;score_normalization=train_quantile;raw_border_score=0.208453;border_score=0.991222",0.309567391872406,0.3052709698677063,0.3851616382598877
test_Seq_2821,2,1,"benchmark=nucleotide_transformer_downstream_tasks;dataset=splice_sites_all;matching=kmer_balanced;matching_signature=(11, 'CCT');border_estimator=center_window_kmer_jsd;estimator=center_jsd;window=48;search_radius=24;kmer=2;top_ratio=0.25;score_scale=4.0;motif_weight=0.0;motif_radius=12;score_normalization=train_quantile;raw_border_score=0.152383;border_score=0.851667",0.3390597105026245,0.33989426493644714,0.3210460841655731
test_Seq_27,0,2,"benchmark=nucleotide_transformer_downstream_tasks;dataset=splice_sites_all;matching=kmer_balanced;matching_signature=(5, 'TTT');border_estimator=center_window_kmer_jsd;estimator=center_jsd;window=48;search_radius=24;kmer=2;top_ratio=0.25;score_scale=4.0;motif_weight=0.0;motif_radius=12;score_normalization=train_quantile;raw_border_score=0.185287;border_score=0.931267",0.23828184604644775,0.21606376767158508,0.5456543564796448
test_Seq_1722,1,2,"benchmark=nucleotide_transformer_downstream_tasks;dataset=splice_sites_all;matching=kmer_balanced;matching_signature=(7, 'TTT');border_estimator=center_window_kmer_jsd;estimator=center_jsd;window=48;search_radius=24;kmer=2;top_ratio=0.25;score_scale=4.0;motif_weight=0.0;motif_radius=12;score_normalization=train_quantile;raw_border_score=0.330723;border_score=1.166511",0.211881622672081,0.20070894062519073,0.5874094367027283
test_Seq_62,0,2,"benchmark=nucleotide_transformer_downstream_tasks;dataset=splice_sites_all;matching=kmer_balanced;matching_signature=(10, 'CCA');border_estimator=center_window_kmer_jsd;estimator=center_jsd;window=48;search_radius=24;kmer=2;top_ratio=0.25;score_scale=4.0;motif_weight=0.0;motif_radius=12;score_normalization=train_quantile;raw_border_score=0.244544;border_score=1.068422",0.30664342641830444,0.3034452795982361,0.3899112939834595
test_Seq_1054,1,2,"benchmark=nucleotide_transformer_downstream_tasks;dataset=splice_sites_all;matching=kmer_balanced;matching_signature=(13, 'GCC');border_estimator=center_window_kmer_jsd;estimator=center_jsd;window=48;search_radius=24;kmer=2;top_ratio=0.25;score_scale=4.0;motif_weight=0.0;motif_radius=12;score_normalization=train_quantile;raw_border_score=0.218666;border_score=1.015667",0.29852697253227234,0.3044731914997101,0.3969998359680176
test_Seq_1716,1,2,"benchmark=nucleotide_transformer_downstream_tasks;dataset=splice_sites_all;matching=kmer_balanced;matching_signature=(12, 'CTG');border_estimator=center_window_kmer_jsd;estimator=center_jsd;window=48;search_radius=24;kmer=2;top_ratio=0.25;score_scale=4.0;motif_weight=0.0;motif_radius=12;score_normalization=train_quantile;raw_border_score=0.304868;border_score=1.150156",0.28098371624946594,0.2763667106628418,0.4426495432853699
test_Seq_1250,1,2,"benchmark=nucleotide_transformer_downstream_tasks;dataset=splice_sites_all;matching=kmer_balanced;matching_signature=(8, 'TTT');border_estimator=center_window_kmer_jsd;estimator=center_jsd;window=48;search_radius=24;kmer=2;top_ratio=0.25;score_scale=4.0;motif_weight=0.0;motif_radius=12;score_normalization=train_quantile;raw_border_score=0.170431;border_score=0.891578",0.2837173342704773,0.263698011636734,0.45258456468582153
test_Seq_250,0,2,"benchmark=nucleotide_transformer_downstream_tasks;dataset=splice_sites_all;matching=kmer_balanced;matching_signature=(10, 'AGG');border_estimator=center_window_kmer_jsd;estimator=center_jsd;window=48;search_radius=24;kmer=2;top_ratio=0.25;score_scale=4.0;motif_weight=0.0;motif_radius=12;score_normalization=train_quantile;raw_border_score=0.199670;border_score=0.970156",0.3059256374835968,0.31482210755348206,0.37925225496292114
test_Seq_2331,2,2,"benchmark=nucleotide_transformer_downstream_tasks;dataset=splice_sites_all;matching=kmer_balanced;matching_signature=(9, 'TTT');border_estimator=center_window_kmer_jsd;estimator=center_jsd;window=48;search_radius=24;kmer=2;top_ratio=0.25;score_scale=4.0;motif_weight=0.0;motif_radius=12;score_normalization=train_quantile;raw_border_score=0.517970;border_score=1.199089",0.08263574540615082,0.07455743104219437,0.8428068161010742
test_Seq_320,0,2,"benchmark=nucleotide_transformer_downstream_tasks;dataset=splice_sites_all;matching=kmer_balanced;matching_signature=(8, 'TTT');border_estimator=center_window_kmer_jsd;estimator=center_jsd;window=48;search_radius=24;kmer=2;top_ratio=0.25;score_scale=4.0;motif_weight=0.0;motif_radius=12;score_normalization=train_quantile;raw_border_score=0.222516;border_score=1.024378",0.315435528755188,0.30346915125846863,0.381095290184021
test_Seq_651,0,0,"benchmark=nucleotide_transformer_downstream_tasks;dataset=splice_sites_all;matching=kmer_balanced;matching_signature=(7, 'TTT');border_estimator=center_window_kmer_jsd;estimator=center_jsd;window=48;search_radius=24;kmer=2;top_ratio=0.25;score_scale=4.0;motif_weight=0.0;motif_radius=12;score_normalization=train_quantile;raw_border_score=0.230910;border_score=1.041222",0.35537442564964294,0.3538953959941864,0.29073017835617065
test_Seq_198,0,0,"benchmark=nucleotide_transformer_downstream_tasks;dataset=splice_sites_all;matching=kmer_balanced;matching_signature=(10, 'CTG');border_estimator=center_window_kmer_jsd;estimator=center_jsd;window=48;search_radius=24;kmer=2;top_ratio=0.25;score_scale=4.0;motif_weight=0.0;motif_radius=12;score_normalization=train_quantile;raw_border_score=0.164355;border_score=0.877178",0.34287697076797485,0.3292984366416931,0.3278246223926544
test_Seq_873,0,2,"benchmark=nucleotide_transformer_downstream_tasks;dataset=splice_sites_all;matching=kmer_balanced;matching_signature=(8, 'TTT');border_estimator=center_window_kmer_jsd;estimator=center_jsd;window=48;search_radius=24;kmer=2;top_ratio=0.25;score_scale=4.0;motif_weight=0.0;motif_radius=12;score_normalization=train_quantile;raw_border_score=0.208814;border_score=0.992067",0.3039039969444275,0.2937718331813812,0.40232422947883606
test_Seq_1004,1,1,"benchmark=nucleotide_transformer_downstream_tasks;dataset=splice_sites_all;matching=kmer_balanced;matching_signature=(6, 'AAA');border_estimator=center_window_kmer_jsd;estimator=center_jsd;window=48;search_radius=24;kmer=2;top_ratio=0.25;score_scale=4.0;motif_weight=0.0;motif_radius=12;score_normalization=train_quantile;raw_border_score=0.206500;border_score=0.987222",0.3602254390716553,0.36086326837539673,0.2789113223552704
test_Seq_1042,1,2,"benchmark=nucleotide_transformer_downstream_tasks;dataset=splice_sites_all;matching=kmer_balanced;matching_signature=(11, 'GGG');border_estimator=center_window_kmer_jsd;estimator=center_jsd;window=48;search_radius=24;kmer=2;top_ratio=0.25;score_scale=4.0;motif_weight=0.0;motif_radius=12;score_normalization=train_quantile;raw_border_score=0.202058;border_score=0.976156",0.3157550096511841,0.3116297125816345,0.3726152777671814
test_Seq_10,0,1,"benchmark=nucleotide_transformer_downstream_tasks;dataset=splice_sites_all;matching=kmer_balanced;matching_signature=(9, 'TCT');border_estimator=center_window_kmer_jsd;estimator=center_jsd;window=48;search_radius=24;kmer=2;top_ratio=0.25;score_scale=4.0;motif_weight=0.0;motif_radius=12;score_normalization=train_quantile;raw_border_score=0.183035;border_score=0.925000",0.3255445957183838,0.3403007984161377,0.3341546356678009
test_Seq_1088,1,2,"benchmark=nucleotide_transformer_downstream_tasks;dataset=splice_sites_all;matching=kmer_balanced;matching_signature=(8, 'TTT');border_estimator=center_window_kmer_jsd;estimator=center_jsd;window=48;search_radius=24;kmer=2;top_ratio=0.25;score_scale=4.0;motif_weight=0.0;motif_radius=12;score_normalization=train_quantile;raw_border_score=0.342038;border_score=1.172911",0.30152571201324463,0.2939305305480957,0.40454375743865967
test_Seq_855,0,2,"benchmark=nucleotide_transformer_downstream_tasks;dataset=splice_sites_all;matching=kmer_balanced;matching_signature=(11, 'CCT');border_estimator=center_window_kmer_jsd;estimator=center_jsd;window=48;search_radius=24;kmer=2;top_ratio=0.25;score_scale=4.0;motif_weight=0.0;motif_radius=12;score_normalization=train_quantile;raw_border_score=0.229690;border_score=1.039133",0.2849239110946655,0.2774392068386078,0.4376368820667267
test_Seq_2791,2,2,"benchmark=nucleotide_transformer_downstream_tasks;dataset=splice_sites_all;matching=kmer_balanced;matching_signature=(11, 'GGG');border_estimator=center_window_kmer_jsd;estimator=center_jsd;window=48;search_radius=24;kmer=2;top_ratio=0.25;score_scale=4.0;motif_weight=0.0;motif_radius=12;score_normalization=train_quantile;raw_border_score=0.269673;border_score=1.109756",0.2801063358783722,0.27649080753326416,0.44340288639068604
test_Seq_2071,2,2,"benchmark=nucleotide_transformer_downstream_tasks;dataset=splice_sites_all;matching=kmer_balanced;matching_signature=(9, 'TTT');border_estimator=center_window_kmer_jsd;estimator=center_jsd;window=48;search_radius=24;kmer=2;top_ratio=0.25;score_scale=4.0;motif_weight=0.0;motif_radius=12;score_normalization=train_quantile;raw_border_score=0.145434;border_score=0.839489",0.2590949535369873,0.2460269331932068,0.4948780834674835
test_Seq_1490,1,2,"benchmark=nucleotide_transformer_downstream_tasks;dataset=splice_sites_all;matching=kmer_balanced;matching_signature=(9, 'CAG');border_estimator=center_window_kmer_jsd;estimator=center_jsd;window=48;search_radius=24;kmer=2;top_ratio=0.25;score_scale=4.0;motif_weight=0.0;motif_radius=12;score_normalization=train_quantile;raw_border_score=0.337508;border_score=1.170644",0.3334951102733612,0.32372766733169556,0.34277722239494324
test_Seq_1831,1,2,"benchmark=nucleotide_transformer_downstream_tasks;dataset=splice_sites_all;matching=kmer_balanced;matching_signature=(9, 'AAA');border_estimator=center_window_kmer_jsd;estimator=center_jsd;window=48;search_radius=24;kmer=2;top_ratio=0.25;score_scale=4.0;motif_weight=0.0;motif_radius=12;score_normalization=train_quantile;raw_border_score=0.405419;border_score=1.190867",0.3209361135959625,0.32058537006378174,0.35847851634025574
test_Seq_1345,1,2,"benchmark=nucleotide_transformer_downstream_tasks;dataset=splice_sites_all;matching=kmer_balanced;matching_signature=(10, 'TGC');border_estimator=center_window_kmer_jsd;estimator=center_jsd;window=48;search_radius=24;kmer=2;top_ratio=0.25;score_scale=4.0;motif_weight=0.0;motif_radius=12;score_normalization=train_quantile;raw_border_score=0.165808;border_score=0.881000",0.23160120844841003,0.22115923464298248,0.5472395420074463
test_Seq_1574,1,2,"benchmark=nucleotide_transformer_downstream_tasks;dataset=splice_sites_all;matching=kmer_balanced;matching_signature=(8, 'TTT');border_estimator=center_window_kmer_jsd;estimator=center_jsd;window=48;search_radius=24;kmer=2;top_ratio=0.25;score_scale=4.0;motif_weight=0.0;motif_radius=12;score_normalization=train_quantile;raw_border_score=0.194430;border_score=0.955533",0.28176042437553406,0.27602750062942505,0.4422121047973633
test_Seq_1917,1,2,"benchmark=nucleotide_transformer_downstream_tasks;dataset=splice_sites_all;matching=kmer_balanced;matching_signature=(7, 'TTT');border_estimator=center_window_kmer_jsd;estimator=center_jsd;window=48;search_radius=24;kmer=2;top_ratio=0.25;score_scale=4.0;motif_weight=0.0;motif_radius=12;score_normalization=train_quantile;raw_border_score=0.204258;border_score=0.982333",0.2764925956726074,0.26945018768310547,0.4540572464466095
test_Seq_1624,1,2,"benchmark=nucleotide_transformer_downstream_tasks;dataset=splice_sites_all;matching=kmer_balanced;matching_signature=(9, 'CTG');border_estimator=center_window_kmer_jsd;estimator=center_jsd;window=48;search_radius=24;kmer=2;top_ratio=0.25;score_scale=4.0;motif_weight=0.0;motif_radius=12;score_normalization=train_quantile;raw_border_score=0.224926;border_score=1.029844",0.2577390968799591,0.23912814259529114,0.5031327605247498
test_Seq_382,0,1,"benchmark=nucleotide_transformer_downstream_tasks;dataset=splice_sites_all;matching=kmer_balanced;matching_signature=(10, 'GAG');border_estimator=center_window_kmer_jsd;estimator=center_jsd;window=48;search_radius=24;kmer=2;top_ratio=0.25;score_scale=4.0;motif_weight=0.0;motif_radius=12;score_normalization=train_quantile;raw_border_score=0.371474;border_score=1.184733",0.3486735224723816,0.36792582273483276,0.28340065479278564
test_Seq_1703,1,2,"benchmark=nucleotide_transformer_downstream_tasks;dataset=splice_sites_all;matching=kmer_balanced;matching_signature=(6, 'TTT');border_estimator=center_window_kmer_jsd;estimator=center_jsd;window=48;search_radius=24;kmer=2;top_ratio=0.25;score_scale=4.0;motif_weight=0.0;motif_radius=12;score_normalization=train_quantile;raw_border_score=0.281220;border_score=1.125444",0.3229750692844391,0.3094167411327362,0.3676081895828247
test_Seq_2996,2,2,"benchmark=nucleotide_transformer_downstream_tasks;dataset=splice_sites_all;matching=kmer_balanced;matching_signature=(8, 'TTT');border_estimator=center_window_kmer_jsd;estimator=center_jsd;window=48;search_radius=24;kmer=2;top_ratio=0.25;score_scale=4.0;motif_weight=0.0;motif_radius=12;score_normalization=train_quantile;raw_border_score=0.180846;border_score=0.920022",0.19105979800224304,0.17365457117557526,0.6352856159210205
test_Seq_453,0,1,"benchmark=nucleotide_transformer_downstream_tasks;dataset=splice_sites_all;matching=kmer_balanced;matching_signature=(11, 'CCC');border_estimator=center_window_kmer_jsd;estimator=center_jsd;window=48;search_radius=24;kmer=2;top_ratio=0.25;score_scale=4.0;motif_weight=0.0;motif_radius=12;score_normalization=train_quantile;raw_border_score=0.192933;border_score=0.951800",0.335724800825119,0.3371763527393341,0.3270987868309021
test_Seq_2091,2,2,"benchmark=nucleotide_transformer_downstream_tasks;dataset=splice_sites_all;matching=kmer_balanced;matching_signature=(8, 'TTT');border_estimator=center_window_kmer_jsd;estimator=center_jsd;window=48;search_radius=24;kmer=2;top_ratio=0.25;score_scale=4.0;motif_weight=0.0;motif_radius=12;score_normalization=train_quantile;raw_border_score=0.226700;border_score=1.033667",0.27392083406448364,0.26948490738868713,0.4565942585468292
test_Seq_2811,2,2,"benchmark=nucleotide_transformer_downstream_tasks;dataset=splice_sites_all;matching=kmer_balanced;matching_signature=(6, 'AAA');border_estimator=center_window_kmer_jsd;estimator=center_jsd;window=48;search_radius=24;kmer=2;top_ratio=0.25;score_scale=4.0;motif_weight=0.0;motif_radius=12;score_normalization=train_quantile;raw_border_score=0.277287;border_score=1.120467",0.2947958707809448,0.2733837962150574,0.4318203330039978
test_Seq_55,0,2,"benchmark=nucleotide_transformer_downstream_tasks;dataset=splice_sites_all;matching=kmer_balanced;matching_signature=(6, 'TTT');border_estimator=center_window_kmer_jsd;estimator=center_jsd;window=48;search_radius=24;kmer=2;top_ratio=0.25;score_scale=4.0;motif_weight=0.0;motif_radius=12;score_normalization=train_quantile;raw_border_score=0.216109;border_score=1.009044",0.22462104260921478,0.20636248588562012,0.5690164566040039
test_Seq_1817,1,2,"benchmark=nucleotide_transformer_downstream_tasks;dataset=splice_sites_all;matching=kmer_balanced;matching_signature=(8, 'TTT');border_estimator=center_window_kmer_jsd;estimator=center_jsd;window=48;search_radius=24;kmer=2;top_ratio=0.25;score_scale=4.0;motif_weight=0.0;motif_radius=12;score_normalization=train_quantile;raw_border_score=0.271763;border_score=1.112778",0.25493165850639343,0.24648067355155945,0.4985877275466919
test_Seq_2366,2,2,"benchmark=nucleotide_transformer_downstream_tasks;dataset=splice_sites_all;matching=kmer_balanced;matching_signature=(8, 'TTT');border_estimator=center_window_kmer_jsd;estimator=center_jsd;window=48;search_radius=24;kmer=2;top_ratio=0.25;score_scale=4.0;motif_weight=0.0;motif_radius=12;score_normalization=train_quantile;raw_border_score=0.288919;border_score=1.135356",0.3311336934566498,0.33217480778694153,0.3366914987564087
test_Seq_2477,2,2,"benchmark=nucleotide_transformer_downstream_tasks;dataset=splice_sites_all;matching=kmer_balanced;matching_signature=(8, 'TTT');border_estimator=center_window_kmer_jsd;estimator=center_jsd;window=48;search_radius=24;kmer=2;top_ratio=0.25;score_scale=4.0;motif_weight=0.0;motif_radius=12;score_normalization=train_quantile;raw_border_score=0.154282;border_score=0.855933",0.31333163380622864,0.30617642402648926,0.3804919421672821
test_Seq_1426,1,1,"benchmark=nucleotide_transformer_downstream_tasks;dataset=splice_sites_all;matching=kmer_balanced;matching_signature=(6, 'TTT');border_estimator=center_window_kmer_jsd;estimator=center_jsd;window=48;search_radius=24;kmer=2;top_ratio=0.25;score_scale=4.0;motif_weight=0.0;motif_radius=12;score_normalization=train_quantile;raw_border_score=0.257080;border_score=1.090733",0.3364066481590271,0.3436962366104126,0.3198971450328827
test_Seq_335,0,2,"benchmark=nucleotide_transformer_downstream_tasks;dataset=splice_sites_all;matching=kmer_balanced;matching_signature=(9, 'CCT');border_estimator=center_window_kmer_jsd;estimator=center_jsd;window=48;search_radius=24;kmer=2;top_ratio=0.25;score_scale=4.0;motif_weight=0.0;motif_radius=12;score_normalization=train_quantile;raw_border_score=0.129675;border_score=0.819089",0.3166294991970062,0.3085915148258209,0.37477895617485046
test_Seq_1923,1,2,"benchmark=nucleotide_transformer_downstream_tasks;dataset=splice_sites_all;matching=kmer_balanced;matching_signature=(9, 'TCT');border_estimator=center_window_kmer_jsd;estimator=center_jsd;window=48;search_radius=24;kmer=2;top_ratio=0.25;score_scale=4.0;motif_weight=0.0;motif_radius=12;score_normalization=train_quantile;raw_border_score=0.345883;border_score=1.175311",0.3161815404891968,0.30626460909843445,0.3775538504123688
test_Seq_794,0,0,"benchmark=nucleotide_transformer_downstream_tasks;dataset=splice_sites_all;matching=kmer_balanced;matching_signature=(10, 'TGC');border_estimator=center_window_kmer_jsd;estimator=center_jsd;window=48;search_radius=24;kmer=2;top_ratio=0.25;score_scale=4.0;motif_weight=0.0;motif_radius=12;score_normalization=train_quantile;raw_border_score=0.204651;border_score=0.983178",0.3389754295349121,0.3299494981765747,0.3310750424861908
test_Seq_2782,2,2,"benchmark=nucleotide_transformer_downstream_tasks;dataset=splice_sites_all;matching=kmer_balanced;matching_signature=(11, 'CCC');border_estimator=center_window_kmer_jsd;estimator=center_jsd;window=48;search_radius=24;kmer=2;top_ratio=0.25;score_scale=4.0;motif_weight=0.0;motif_radius=12;score_normalization=train_quantile;raw_border_score=0.134277;border_score=0.824333",0.27529972791671753,0.268018513917923,0.4566816985607147
test_Seq_371,0,2,"benchmark=nucleotide_transformer_downstream_tasks;dataset=splice_sites_all;matching=kmer_balanced;matching_signature=(11, 'GTG');border_estimator=center_window_kmer_jsd;estimator=center_jsd;window=48;search_radius=24;kmer=2;top_ratio=0.25;score_scale=4.0;motif_weight=0.0;motif_radius=12;score_normalization=train_quantile;raw_border_score=0.365744;border_score=1.182733",0.27690571546554565,0.2522594630718231,0.4708348214626312
test_Seq_510,0,2,"benchmark=nucleotide_transformer_downstream_tasks;dataset=splice_sites_all;matching=kmer_balanced;matching_signature=(6, 'TTT');border_estimator=center_window_kmer_jsd;estimator=center_jsd;window=48;search_radius=24;kmer=2;top_ratio=0.25;score_scale=4.0;motif_weight=0.0;motif_radius=12;score_normalization=train_quantile;raw_border_score=0.205637;border_score=0.985489",0.29485878348350525,0.2767801880836487,0.42836102843284607
test_Seq_1734,1,2,"benchmark=nucleotide_transformer_downstream_tasks;dataset=splice_sites_all;matching=kmer_balanced;matching_signature=(7, 'TTT');border_estimator=center_window_kmer_jsd;estimator=center_jsd;window=48;search_radius=24;kmer=2;top_ratio=0.25;score_scale=4.0;motif_weight=0.0;motif_radius=12;score_normalization=train_quantile;raw_border_score=0.181983;border_score=0.922511",0.21966828405857086,0.21211574971675873,0.5682159662246704
test_Seq_1796,1,2,"benchmark=nucleotide_transformer_downstream_tasks;dataset=splice_sites_all;matching=kmer_balanced;matching_signature=(8, 'AAA');border_estimator=center_window_kmer_jsd;estimator=center_jsd;window=48;search_radius=24;kmer=2;top_ratio=0.25;score_scale=4.0;motif_weight=0.0;motif_radius=12;score_normalization=train_quantile;raw_border_score=0.268031;border_score=1.107178",0.24676235020160675,0.23213762044906616,0.5211000442504883
test_Seq_1299,1,2,"benchmark=nucleotide_transformer_downstream_tasks;dataset=splice_sites_all;matching=kmer_balanced;matching_signature=(6, 'TTT');border_estimator=center_window_kmer_jsd;estimator=center_jsd;window=48;search_radius=24;kmer=2;top_ratio=0.25;score_scale=4.0;motif_weight=0.0;motif_radius=12;score_normalization=train_quantile;raw_border_score=0.167994;border_score=0.886644",0.20214104652404785,0.1917930692434311,0.6060659289360046
test_Seq_1737,1,1,"benchmark=nucleotide_transformer_downstream_tasks;dataset=splice_sites_all;matching=kmer_balanced;matching_signature=(10, 'CTG');border_estimator=center_window_kmer_jsd;estimator=center_jsd;window=48;search_radius=24;kmer=2;top_ratio=0.25;score_scale=4.0;motif_weight=0.0;motif_radius=12;score_normalization=train_quantile;raw_border_score=0.189712;border_score=0.943356",0.3325522243976593,0.33829838037490845,0.32914942502975464
test_Seq_2451,2,2,"benchmark=nucleotide_transformer_downstream_tasks;dataset=splice_sites_all;matching=kmer_balanced;matching_signature=(10, 'CTG');border_estimator=center_window_kmer_jsd;estimator=center_jsd;window=48;search_radius=24;kmer=2;top_ratio=0.25;score_scale=4.0;motif_weight=0.0;motif_radius=12;score_normalization=train_quantile;raw_border_score=0.136920;border_score=0.827622",0.23614338040351868,0.22965987026691437,0.534196674823761
test_Seq_1324,1,2,"benchmark=nucleotide_transformer_downstream_tasks;dataset=splice_sites_all;matching=kmer_balanced;matching_signature=(7, 'AAA');border_estimator=center_window_kmer_jsd;estimator=center_jsd;window=48;search_radius=24;kmer=2;top_ratio=0.25;score_scale=4.0;motif_weight=0.0;motif_radius=12;score_normalization=train_quantile;raw_border_score=0.326475;border_score=1.164600",0.2900465130805969,0.2800899147987366,0.4298636317253113
test_Seq_283,0,2,"benchmark=nucleotide_transformer_downstream_tasks;dataset=splice_sites_all;matching=kmer_balanced;matching_signature=(13, 'GGG');border_estimator=center_window_kmer_jsd;estimator=center_jsd;window=48;search_radius=24;kmer=2;top_ratio=0.25;score_scale=4.0;motif_weight=0.0;motif_radius=12;score_normalization=train_quantile;raw_border_score=0.146492;border_score=0.841667",0.3142775297164917,0.30869898200035095,0.3770235478878021
test_Seq_772,0,0,"benchmark=nucleotide_transformer_downstream_tasks;dataset=splice_sites_all;matching=kmer_balanced;matching_signature=(7, 'AAA');border_estimator=center_window_kmer_jsd;estimator=center_jsd;window=48;search_radius=24;kmer=2;top_ratio=0.25;score_scale=4.0;motif_weight=0.0;motif_radius=12;score_normalization=train_quantile;raw_border_score=0.172308;border_score=0.897044",0.34597650170326233,0.33905211091041565,0.314971387386322
test_Seq_2298,2,2,"benchmark=nucleotide_transformer_downstream_tasks;dataset=splice_sites_all;matching=kmer_balanced;matching_signature=(8, 'TTT');border_estimator=center_window_kmer_jsd;estimator=center_jsd;window=48;search_radius=24;kmer=2;top_ratio=0.25;score_scale=4.0;motif_weight=0.0;motif_radius=12;score_normalization=train_quantile;raw_border_score=0.138366;border_score=0.829578",0.3263091742992401,0.32401469349861145,0.3496761620044708
test_Seq_2666,2,2,"benchmark=nucleotide_transformer_downstream_tasks;dataset=splice_sites_all;matching=kmer_balanced;matching_signature=(7, 'TTT');border_estimator=center_window_kmer_jsd;estimator=center_jsd;window=48;search_radius=24;kmer=2;top_ratio=0.25;score_scale=4.0;motif_weight=0.0;motif_radius=12;score_normalization=train_quantile;raw_border_score=0.235678;border_score=1.050333",0.3294103741645813,0.32470229268074036,0.34588736295700073
test_Seq_1779,1,2,"benchmark=nucleotide_transformer_downstream_tasks;dataset=splice_sites_all;matching=kmer_balanced;matching_signature=(11, 'GGG');border_estimator=center_window_kmer_jsd;estimator=center_jsd;window=48;search_radius=24;kmer=2;top_ratio=0.25;score_scale=4.0;motif_weight=0.0;motif_radius=12;score_normalization=train_quantile;raw_border_score=0.276499;border_score=1.119222",0.31505751609802246,0.32798081636428833,0.3569616377353668
test_Seq_674,0,2,"benchmark=nucleotide_transformer_downstream_tasks;dataset=splice_sites_all;matching=kmer_balanced;matching_signature=(6, 'TTT');border_estimator=center_window_kmer_jsd;estimator=center_jsd;window=48;search_radius=24;kmer=2;top_ratio=0.25;score_scale=4.0;motif_weight=0.0;motif_radius=12;score_normalization=train_quantile;raw_border_score=0.272986;border_score=1.114467",0.25235968828201294,0.244729146361351,0.5029112100601196
test_Seq_111,0,2,"benchmark=nucleotide_transformer_downstream_tasks;dataset=splice_sites_all;matching=kmer_balanced;matching_signature=(6, 'TTT');border_estimator=center_window_kmer_jsd;estimator=center_jsd;window=48;search_radius=24;kmer=2;top_ratio=0.25;score_scale=4.0;motif_weight=0.0;motif_radius=12;score_normalization=train_quantile;raw_border_score=0.321714;border_score=1.162067",0.31935885548591614,0.32211747765541077,0.3585236370563507
test_Seq_2478,2,2,"benchmark=nucleotide_transformer_downstream_tasks;dataset=splice_sites_all;matching=kmer_balanced;matching_signature=(6, 'AAA');border_estimator=center_window_kmer_jsd;estimator=center_jsd;window=48;search_radius=24;kmer=2;top_ratio=0.25;score_scale=4.0;motif_weight=0.0;motif_radius=12;score_normalization=train_quantile;raw_border_score=0.195205;border_score=0.957756",0.15554609894752502,0.14327506721019745,0.701178789138794
test_Seq_2750,2,2,"benchmark=nucleotide_transformer_downstream_tasks;dataset=splice_sites_all;matching=kmer_balanced;matching_signature=(6, 'TTT');border_estimator=center_window_kmer_jsd;estimator=center_jsd;window=48;search_radius=24;kmer=2;top_ratio=0.25;score_scale=4.0;motif_weight=0.0;motif_radius=12;score_normalization=train_quantile;raw_border_score=0.229997;border_score=1.039667",0.30213624238967896,0.29580211639404297,0.4020615816116333
test_Seq_2993,2,2,"benchmark=nucleotide_transformer_downstream_tasks;dataset=splice_sites_all;matching=kmer_balanced;matching_signature=(5, 'TTT');border_estimator=center_window_kmer_jsd;estimator=center_jsd;window=48;search_radius=24;kmer=2;top_ratio=0.25;score_scale=4.0;motif_weight=0.0;motif_radius=12;score_normalization=train_quantile;raw_border_score=0.171650;border_score=0.895533",0.25825291872024536,0.24459318816661835,0.4971539080142975
test_Seq_1128,1,2,"benchmark=nucleotide_transformer_downstream_tasks;dataset=splice_sites_all;matching=kmer_balanced;matching_signature=(6, 'TTT');border_estimator=center_window_kmer_jsd;estimator=center_jsd;window=48;search_radius=24;kmer=2;top_ratio=0.25;score_scale=4.0;motif_weight=0.0;motif_radius=12;score_normalization=train_quantile;raw_border_score=0.204329;border_score=0.982511",0.2964780926704407,0.29611536860466003,0.4074065387248993
test_Seq_1569,1,2,"benchmark=nucleotide_transformer_downstream_tasks;dataset=splice_sites_all;matching=kmer_balanced;matching_signature=(6, 'ATT');border_estimator=center_window_kmer_jsd;estimator=center_jsd;window=48;search_radius=24;kmer=2;top_ratio=0.25;score_scale=4.0;motif_weight=0.0;motif_radius=12;score_normalization=train_quantile;raw_border_score=0.264295;border_score=1.102644",0.2988770008087158,0.2923639118671417,0.40875908732414246
test_Seq_995,0,2,"benchmark=nucleotide_transformer_downstream_tasks;dataset=splice_sites_all;matching=kmer_balanced;matching_signature=(10, 'TCC');border_estimator=center_window_kmer_jsd;estimator=center_jsd;window=48;search_radius=24;kmer=2;top_ratio=0.25;score_scale=4.0;motif_weight=0.0;motif_radius=12;score_normalization=train_quantile;raw_border_score=0.264144;border_score=1.102467",0.2899993658065796,0.28328755497932434,0.42671307921409607
test_Seq_48,0,1,"benchmark=nucleotide_transformer_downstream_tasks;dataset=splice_sites_all;matching=kmer_balanced;matching_signature=(9, 'TCT');border_estimator=center_window_kmer_jsd;estimator=center_jsd;window=48;search_radius=24;kmer=2;top_ratio=0.25;score_scale=4.0;motif_weight=0.0;motif_radius=12;score_normalization=train_quantile;raw_border_score=0.204149;border_score=0.982111",0.3302353024482727,0.33698469400405884,0.33278000354766846
test_Seq_2596,2,2,"benchmark=nucleotide_transformer_downstream_tasks;dataset=splice_sites_all;matching=kmer_balanced;matching_signature=(8, 'AAA');border_estimator=center_window_kmer_jsd;estimator=center_jsd;window=48;search_radius=24;kmer=2;top_ratio=0.25;score_scale=4.0;motif_weight=0.0;motif_radius=12;score_normalization=train_quantile;raw_border_score=0.216399;border_score=1.009889",0.19730275869369507,0.18854962289333344,0.6141476035118103
test_Seq_1809,1,2,"benchmark=nucleotide_transformer_downstream_tasks;dataset=splice_sites_all;matching=kmer_balanced;matching_signature=(8, 'TTT');border_estimator=center_window_kmer_jsd;estimator=center_jsd;window=48;search_radius=24;kmer=2;top_ratio=0.25;score_scale=4.0;motif_weight=0.0;motif_radius=12;score_normalization=train_quantile;raw_border_score=0.193468;border_score=0.953489",0.2851126194000244,0.2745954692363739,0.4402919113636017
test_Seq_1920,1,2,"benchmark=nucleotide_transformer_downstream_tasks;dataset=splice_sites_all;matching=kmer_balanced;matching_signature=(10, 'AGG');border_estimator=center_window_kmer_jsd;estimator=center_jsd;window=48;search_radius=24;kmer=2;top_ratio=0.25;score_scale=4.0;motif_weight=0.0;motif_radius=12;score_normalization=train_quantile;raw_border_score=0.218448;border_score=1.015222",0.33095884323120117,0.32655349373817444,0.342487633228302
test_Seq_40,0,2,"benchmark=nucleotide_transformer_downstream_tasks;dataset=splice_sites_all;matching=kmer_balanced;matching_signature=(9, 'CAG');border_estimator=center_window_kmer_jsd;estimator=center_jsd;window=48;search_radius=24;kmer=2;top_ratio=0.25;score_scale=4.0;motif_weight=0.0;motif_radius=12;score_normalization=train_quantile;raw_border_score=0.192655;border_score=0.951311",0.2796567678451538,0.26887619495391846,0.4514671266078949
test_Seq_2837,2,2,"benchmark=nucleotide_transformer_downstream_tasks;dataset=splice_sites_all;matching=kmer_balanced;matching_signature=(8, 'TTT');border_estimator=center_window_kmer_jsd;estimator=center_jsd;window=48;search_radius=24;kmer=2;top_ratio=0.25;score_scale=4.0;motif_weight=0.0;motif_radius=12;score_normalization=train_quantile;raw_border_score=0.219098;border_score=1.016556",0.10771212726831436,0.10060754418373108,0.7916802763938904
test_Seq_811,0,2,"benchmark=nucleotide_transformer_downstream_tasks;dataset=splice_sites_all;matching=kmer_balanced;matching_signature=(11, 'GGC');border_estimator=center_window_kmer_jsd;estimator=center_jsd;window=48;search_radius=24;kmer=2;top_ratio=0.25;score_scale=4.0;motif_weight=0.0;motif_radius=12;score_normalization=train_quantile;raw_border_score=0.446844;border_score=1.195089",0.33184465765953064,0.33346644043922424,0.3346889615058899
test_Seq_2481,2,2,"benchmark=nucleotide_transformer_downstream_tasks;dataset=splice_sites_all;matching=kmer_balanced;matching_signature=(7, 'AAA');border_estimator=center_window_kmer_jsd;estimator=center_jsd;window=48;search_radius=24;kmer=2;top_ratio=0.25;score_scale=4.0;motif_weight=0.0;motif_radius=12;score_normalization=train_quantile;raw_border_score=0.179458;border_score=0.916467",0.3192330598831177,0.32816848158836365,0.3525983989238739
test_Seq_1482,1,1,"benchmark=nucleotide_transformer_downstream_tasks;dataset=splice_sites_all;matching=kmer_balanced;matching_signature=(6, 'TTT');border_estimator=center_window_kmer_jsd;estimator=center_jsd;window=48;search_radius=24;kmer=2;top_ratio=0.25;score_scale=4.0;motif_weight=0.0;motif_radius=12;score_normalization=train_quantile;raw_border_score=0.171942;border_score=0.896200",0.35047218203544617,0.3517104387283325,0.2978173792362213
test_Seq_1790,1,2,"benchmark=nucleotide_transformer_downstream_tasks;dataset=splice_sites_all;matching=kmer_balanced;matching_signature=(6, 'TTT');border_estimator=center_window_kmer_jsd;estimator=center_jsd;window=48;search_radius=24;kmer=2;top_ratio=0.25;score_scale=4.0;motif_weight=0.0;motif_radius=12;score_normalization=train_quantile;raw_border_score=0.234899;border_score=1.049133",0.26138004660606384,0.25116580724716187,0.4874541461467743
test_Seq_2453,2,2,"benchmark=nucleotide_transformer_downstream_tasks;dataset=splice_sites_all;matching=kmer_balanced;matching_signature=(11, 'CCC');border_estimator=center_window_kmer_jsd;estimator=center_jsd;window=48;search_radius=24;kmer=2;top_ratio=0.25;score_scale=4.0;motif_weight=0.0;motif_radius=12;score_normalization=train_quantile;raw_border_score=0.186947;border_score=0.935800",0.2679261267185211,0.2575119435787201,0.474561870098114
test_Seq_398,0,1,"benchmark=nucleotide_transformer_downstream_tasks;dataset=splice_sites_all;matching=kmer_balanced;matching_signature=(6, 'AAA');border_estimator=center_window_kmer_jsd;estimator=center_jsd;window=48;search_radius=24;kmer=2;top_ratio=0.25;score_scale=4.0;motif_weight=0.0;motif_radius=12;score_normalization=train_quantile;raw_border_score=0.148085;border_score=0.844111",0.336351215839386,0.344084769487381,0.31956401467323303
test_Seq_2309,2,2,"benchmark=nucleotide_transformer_downstream_tasks;dataset=splice_sites_all;matching=kmer_balanced;matching_signature=(7, 'TTT');border_estimator=center_window_kmer_jsd;estimator=center_jsd;window=48;search_radius=24;kmer=2;top_ratio=0.25;score_scale=4.0;motif_weight=0.0;motif_radius=12;score_normalization=train_quantile;raw_border_score=0.253415;border_score=1.084822",0.25636523962020874,0.24302548170089722,0.500609278678894
test_Seq_148,0,2,"benchmark=nucleotide_transformer_downstream_tasks;dataset=splice_sites_all;matching=kmer_balanced;matching_signature=(8, 'TTT');border_estimator=center_window_kmer_jsd;estimator=center_jsd;window=48;search_radius=24;kmer=2;top_ratio=0.25;score_scale=4.0;motif_weight=0.0;motif_radius=12;score_normalization=train_quantile;raw_border_score=0.377689;border_score=1.186333",0.2364945113658905,0.2230246663093567,0.5404808521270752
test_Seq_213,0,2,"benchmark=nucleotide_transformer_downstream_tasks;dataset=splice_sites_all;matching=kmer_balanced;matching_signature=(11, 'GGG');border_estimator=center_window_kmer_jsd;estimator=center_jsd;window=48;search_radius=24;kmer=2;top_ratio=0.25;score_scale=4.0;motif_weight=0.0;motif_radius=12;score_normalization=train_quantile;raw_border_score=0.173108;border_score=0.899489",0.2452220618724823,0.24103112518787384,0.5137467980384827
test_Seq_2173,2,2,"benchmark=nucleotide_transformer_downstream_tasks;dataset=splice_sites_all;matching=kmer_balanced;matching_signature=(8, 'TTT');border_estimator=center_window_kmer_jsd;estimator=center_jsd;window=48;search_radius=24;kmer=2;top_ratio=0.25;score_scale=4.0;motif_weight=0.0;motif_radius=12;score_normalization=train_quantile;raw_border_score=0.263536;border_score=1.101800",0.26777732372283936,0.2575937509536743,0.47462889552116394
test_Seq_142,0,2,"benchmark=nucleotide_transformer_downstream_tasks;dataset=splice_sites_all;matching=kmer_balanced;matching_signature=(10, 'TGT');border_estimator=center_window_kmer_jsd;estimator=center_jsd;window=48;search_radius=24;kmer=2;top_ratio=0.25;score_scale=4.0;motif_weight=0.0;motif_radius=12;score_normalization=train_quantile;raw_border_score=0.280389;border_score=1.124333",0.3170797526836395,0.322799950838089,0.36012032628059387
test_Seq_1941,1,2,"benchmark=nucleotide_transformer_downstream_tasks;dataset=splice_sites_all;matching=kmer_balanced;matching_signature=(13, 'GGG');border_estimator=center_window_kmer_jsd;estimator=center_jsd;window=48;search_radius=24;kmer=2;top_ratio=0.25;score_scale=4.0;motif_weight=0.0;motif_radius=12;score_normalization=train_quantile;raw_border_score=0.394649;border_score=1.188911",0.3187878429889679,0.32433217763900757,0.3568800091743469
test_Seq_884,0,2,"benchmark=nucleotide_transformer_downstream_tasks;dataset=splice_sites_all;matching=kmer_balanced;matching_signature=(13, 'CCC');border_estimator=center_window_kmer_jsd;estimator=center_jsd;window=48;search_radius=24;kmer=2;top_ratio=0.25;score_scale=4.0;motif_weight=0.0;motif_radius=12;score_normalization=train_quantile;raw_border_score=0.211431;border_score=0.998511",0.25318458676338196,0.24769146740436554,0.4991239309310913
test_Seq_2067,2,2,"benchmark=nucleotide_transformer_downstream_tasks;dataset=splice_sites_all;matching=kmer_balanced;matching_signature=(7, 'TTT');border_estimator=center_window_kmer_jsd;estimator=center_jsd;window=48;search_radius=24;kmer=2;top_ratio=0.25;score_scale=4.0;motif_weight=0.0;motif_radius=12;score_normalization=train_quantile;raw_border_score=0.209761;border_score=0.994689",0.2886199355125427,0.292857825756073,0.4185222387313843
test_Seq_441,0,1,"benchmark=nucleotide_transformer_downstream_tasks;dataset=splice_sites_all;matching=kmer_balanced;matching_signature=(10, 'CTG');border_estimator=center_window_kmer_jsd;estimator=center_jsd;window=48;search_radius=24;kmer=2;top_ratio=0.25;score_scale=4.0;motif_weight=0.0;motif_radius=12;score_normalization=train_quantile;raw_border_score=0.156712;border_score=0.860822",0.3404611051082611,0.34402376413345337,0.3155151307582855
test_Seq_2622,2,2,"benchmark=nucleotide_transformer_downstream_tasks;dataset=splice_sites_all;matching=kmer_balanced;matching_signature=(8, 'TTT');border_estimator=center_window_kmer_jsd;estimator=center_jsd;window=48;search_radius=24;kmer=2;top_ratio=0.25;score_scale=4.0;motif_weight=0.0;motif_radius=12;score_normalization=train_quantile;raw_border_score=0.458182;border_score=1.196200",0.198757141828537,0.18143056333065033,0.6198121905326843
test_Seq_375,0,1,"benchmark=nucleotide_transformer_downstream_tasks;dataset=splice_sites_all;matching=kmer_balanced;matching_signature=(6, 'TTT');border_estimator=center_window_kmer_jsd;estimator=center_jsd;window=48;search_radius=24;kmer=2;top_ratio=0.25;score_scale=4.0;motif_weight=0.0;motif_radius=12;score_normalization=train_quantile;raw_border_score=0.258853;border_score=1.093533",0.3445096015930176,0.3495118021965027,0.30597859621047974
test_Seq_2428,2,1,"benchmark=nucleotide_transformer_downstream_tasks;dataset=splice_sites_all;matching=kmer_balanced;matching_signature=(13, 'GGC');border_estimator=center_window_kmer_jsd;estimator=center_jsd;window=48;search_radius=24;kmer=2;top_ratio=0.25;score_scale=4.0;motif_weight=0.0;motif_radius=12;score_normalization=train_quantile;raw_border_score=0.130372;border_score=0.819711",0.37556639313697815,0.38059666752815247,0.24383693933486938
test_Seq_289,0,2,"benchmark=nucleotide_transformer_downstream_tasks;dataset=splice_sites_all;matching=kmer_balanced;matching_signature=(11, 'AGG');border_estimator=center_window_kmer_jsd;estimator=center_jsd;window=48;search_radius=24;kmer=2;top_ratio=0.25;score_scale=4.0;motif_weight=0.0;motif_radius=12;score_normalization=train_quantile;raw_border_score=0.217927;border_score=1.013533",0.2747305631637573,0.2601129710674286,0.4651564359664917
test_Seq_2551,2,2,"benchmark=nucleotide_transformer_downstream_tasks;dataset=splice_sites_all;matching=kmer_balanced;matching_signature=(8, 'TTT');border_estimator=center_window_kmer_jsd;estimator=center_jsd;window=48;search_radius=24;kmer=2;top_ratio=0.25;score_scale=4.0;motif_weight=0.0;motif_radius=12;score_normalization=train_quantile;raw_border_score=0.252961;border_score=1.083978",0.2160949856042862,0.20421579480171204,0.5796892642974854
test_Seq_571,0,2,"benchmark=nucleotide_transformer_downstream_tasks;dataset=splice_sites_all;matching=kmer_balanced;matching_signature=(7, 'TTT');border_estimator=center_window_kmer_jsd;estimator=center_jsd;window=48;search_radius=24;kmer=2;top_ratio=0.25;score_scale=4.0;motif_weight=0.0;motif_radius=12;score_normalization=train_quantile;raw_border_score=0.151137;border_score=0.849178",0.208392933011055,0.19857344031333923,0.5930336713790894
test_Seq_2190,2,2,"benchmark=nucleotide_transformer_downstream_tasks;dataset=splice_sites_all;matching=kmer_balanced;matching_signature=(8, 'AAA');border_estimator=center_window_kmer_jsd;estimator=center_jsd;window=48;search_radius=24;kmer=2;top_ratio=0.25;score_scale=4.0;motif_weight=0.0;motif_radius=12;score_normalization=train_quantile;raw_border_score=0.246858;border_score=1.072778",0.12771858274936676,0.12096086144447327,0.7513206005096436
test_Seq_1246,1,2,"benchmark=nucleotide_transformer_downstream_tasks;dataset=splice_sites_all;matching=kmer_balanced;matching_signature=(8, 'TTT');border_estimator=center_window_kmer_jsd;estimator=center_jsd;window=48;search_radius=24;kmer=2;top_ratio=0.25;score_scale=4.0;motif_weight=0.0;motif_radius=12;score_normalization=train_quantile;raw_border_score=0.154972;border_score=0.857444",0.31254613399505615,0.31140828132629395,0.3760456144809723
test_Seq_345,0,2,"benchmark=nucleotide_transformer_downstream_tasks;dataset=splice_sites_all;matching=kmer_balanced;matching_signature=(10, 'CCT');border_estimator=center_window_kmer_jsd;estimator=center_jsd;window=48;search_radius=24;kmer=2;top_ratio=0.25;score_scale=4.0;motif_weight=0.0;motif_radius=12;score_normalization=train_quantile;raw_border_score=0.244400;border_score=1.068200",0.29375436902046204,0.293174684047699,0.41307100653648376
test_Seq_2119,2,2,"benchmark=nucleotide_transformer_downstream_tasks;dataset=splice_sites_all;matching=kmer_balanced;matching_signature=(8, 'TTT');border_estimator=center_window_kmer_jsd;estimator=center_jsd;window=48;search_radius=24;kmer=2;top_ratio=0.25;score_scale=4.0;motif_weight=0.0;motif_radius=12;score_normalization=train_quantile;raw_border_score=0.200331;border_score=0.972156",0.32751771807670593,0.3262827396392822,0.34619954228401184
test_Seq_87,0,2,"benchmark=nucleotide_transformer_downstream_tasks;dataset=splice_sites_all;matching=kmer_balanced;matching_signature=(6, 'AAA');border_estimator=center_window_kmer_jsd;estimator=center_jsd;window=48;search_radius=24;kmer=2;top_ratio=0.25;score_scale=4.0;motif_weight=0.0;motif_radius=12;score_normalization=train_quantile;raw_border_score=0.164131;border_score=0.876467",0.2617015838623047,0.25317463278770447,0.48512372374534607
test_Seq_1601,1,2,"benchmark=nucleotide_transformer_downstream_tasks;dataset=splice_sites_all;matching=kmer_balanced;matching_signature=(12, 'CCC');border_estimator=center_window_kmer_jsd;estimator=center_jsd;window=48;search_radius=24;kmer=2;top_ratio=0.25;score_scale=4.0;motif_weight=0.0;motif_radius=12;score_normalization=train_quantile;raw_border_score=0.201778;border_score=0.975533",0.32813385128974915,0.3125772774219513,0.35928890109062195
test_Seq_2463,2,2,"benchmark=nucleotide_transformer_downstream_tasks;dataset=splice_sites_all;matching=kmer_balanced;matching_signature=(7, 'TTT');border_estimator=center_window_kmer_jsd;estimator=center_jsd;window=48;search_radius=24;kmer=2;top_ratio=0.25;score_scale=4.0;motif_weight=0.0;motif_radius=12;score_normalization=train_quantile;raw_border_score=0.126980;border_score=0.816422",0.3313312530517578,0.31896305084228516,0.3497057259082794
test_Seq_2682,2,2,"benchmark=nucleotide_transformer_downstream_tasks;dataset=splice_sites_all;matching=kmer_balanced;matching_signature=(9, 'CTG');border_estimator=center_window_kmer_jsd;estimator=center_jsd;window=48;search_radius=24;kmer=2;top_ratio=0.25;score_scale=4.0;motif_weight=0.0;motif_radius=12;score_normalization=train_quantile;raw_border_score=0.122187;border_score=0.812200",0.2653392255306244,0.26197487115859985,0.47268587350845337
test_Seq_1058,1,2,"benchmark=nucleotide_transformer_downstream_tasks;dataset=splice_sites_all;matching=kmer_balanced;matching_signature=(10, 'CTC');border_estimator=center_window_kmer_jsd;estimator=center_jsd;window=48;search_radius=24;kmer=2;top_ratio=0.25;score_scale=4.0;motif_weight=0.0;motif_radius=12;score_normalization=train_quantile;raw_border_score=0.124367;border_score=0.813800",0.27968254685401917,0.27208662033081055,0.4482308328151703
test_Seq_2420,2,2,"benchmark=nucleotide_transformer_downstream_tasks;dataset=splice_sites_all;matching=kmer_balanced;matching_signature=(6, 'AAA');border_estimator=center_window_kmer_jsd;estimator=center_jsd;window=48;search_radius=24;kmer=2;top_ratio=0.25;score_scale=4.0;motif_weight=0.0;motif_radius=12;score_normalization=train_quantile;raw_border_score=0.163517;border_score=0.875089",0.31627926230430603,0.30590304732322693,0.37781772017478943
test_Seq_2762,2,2,"benchmark=nucleotide_transformer_downstream_tasks;dataset=splice_sites_all;matching=kmer_balanced;matching_signature=(7, 'TTT');border_estimator=center_window_kmer_jsd;estimator=center_jsd;window=48;search_radius=24;kmer=2;top_ratio=0.25;score_scale=4.0;motif_weight=0.0;motif_radius=12;score_normalization=train_quantile;raw_border_score=0.214162;border_score=1.004644",0.24597233533859253,0.23537155985832214,0.5186561346054077
test_Seq_2158,2,2,"benchmark=nucleotide_transformer_downstream_tasks;dataset=splice_sites_all;matching=kmer_balanced;matching_signature=(6, 'AAA');border_estimator=center_window_kmer_jsd;estimator=center_jsd;window=48;search_radius=24;kmer=2;top_ratio=0.25;score_scale=4.0;motif_weight=0.0;motif_radius=12;score_normalization=train_quantile;raw_border_score=0.188429;border_score=0.939933",0.20389561355113983,0.1921343356370926,0.6039700508117676
test_Seq_2691,2,2,"benchmark=nucleotide_transformer_downstream_tasks;dataset=splice_sites_all;matching=kmer_balanced;matching_signature=(7, 'AAA');border_estimator=center_window_kmer_jsd;estimator=center_jsd;window=48;search_radius=24;kmer=2;top_ratio=0.25;score_scale=4.0;motif_weight=0.0;motif_radius=12;score_normalization=train_quantile;raw_border_score=0.192334;border_score=0.950556",0.2816201448440552,0.2749691307544708,0.443410724401474
test_Seq_2792,2,2,"benchmark=nucleotide_transformer_downstream_tasks;dataset=splice_sites_all;matching=kmer_balanced;matching_signature=(11, 'CCC');border_estimator=center_window_kmer_jsd;estimator=center_jsd;window=48;search_radius=24;kmer=2;top_ratio=0.25;score_scale=4.0;motif_weight=0.0;motif_radius=12;score_normalization=train_quantile;raw_border_score=0.152985;border_score=0.853400",0.3229508399963379,0.31350693106651306,0.36354225873947144
test_Seq_721,0,2,"benchmark=nucleotide_transformer_downstream_tasks;dataset=splice_sites_all;matching=kmer_balanced;matching_signature=(6, 'AAA');border_estimator=center_window_kmer_jsd;estimator=center_jsd;window=48;search_radius=24;kmer=2;top_ratio=0.25;score_scale=4.0;motif_weight=0.0;motif_radius=12;score_normalization=train_quantile;raw_border_score=0.316209;border_score=1.158422",0.28625360131263733,0.28922054171562195,0.4245258867740631
test_Seq_540,0,2,"benchmark=nucleotide_transformer_downstream_tasks;dataset=splice_sites_all;matching=kmer_balanced;matching_signature=(6, 'AAA');border_estimator=center_window_kmer_jsd;estimator=center_jsd;window=48;search_radius=24;kmer=2;top_ratio=0.25;score_scale=4.0;motif_weight=0.0;motif_radius=12;score_normalization=train_quantile;raw_border_score=0.280205;border_score=1.124244",0.3197147250175476,0.3227517306804657,0.3575335144996643
test_Seq_343,0,0,"benchmark=nucleotide_transformer_downstream_tasks;dataset=splice_sites_all;matching=kmer_balanced;matching_signature=(9, 'TCA');border_estimator=center_window_kmer_jsd;estimator=center_jsd;window=48;search_radius=24;kmer=2;top_ratio=0.25;score_scale=4.0;motif_weight=0.0;motif_radius=12;score_normalization=train_quantile;raw_border_score=0.206623;border_score=0.987533",0.3366909623146057,0.33343082666397095,0.3298782408237457
test_Seq_1231,1,2,"benchmark=nucleotide_transformer_downstream_tasks;dataset=splice_sites_all;matching=kmer_balanced;matching_signature=(9, 'AAA');border_estimator=center_window_kmer_jsd;estimator=center_jsd;window=48;search_radius=24;kmer=2;top_ratio=0.25;score_scale=4.0;motif_weight=0.0;motif_radius=12;score_normalization=train_quantile;raw_border_score=0.227588;border_score=1.035533",0.15400190651416779,0.14960864186286926,0.6963894963264465
test_Seq_2559,2,2,"benchmark=nucleotide_transformer_downstream_tasks;dataset=splice_sites_all;matching=kmer_balanced;matching_signature=(10, 'AGG');border_estimator=center_window_kmer_jsd;estimator=center_jsd;window=48;search_radius=24;kmer=2;top_ratio=0.25;score_scale=4.0;motif_weight=0.0;motif_radius=12;score_normalization=train_quantile;raw_border_score=0.167126;border_score=0.884511",0.31709912419319153,0.31128910183906555,0.3716118335723877
test_Seq_2576,2,2,"benchmark=nucleotide_transformer_downstream_tasks;dataset=splice_sites_all;matching=kmer_balanced;matching_signature=(6, 'AAA');border_estimator=center_window_kmer_jsd;estimator=center_jsd;window=48;search_radius=24;kmer=2;top_ratio=0.25;score_scale=4.0;motif_weight=0.0;motif_radius=12;score_normalization=train_quantile;raw_border_score=0.248020;border_score=1.075311",0.28875732421875,0.28028151392936707,0.43096116185188293
test_Seq_1653,1,2,"benchmark=nucleotide_transformer_downstream_tasks;dataset=splice_sites_all;matching=kmer_balanced;matching_signature=(10, 'TGG');border_estimator=center_window_kmer_jsd;estimator=center_jsd;window=48;search_radius=24;kmer=2;top_ratio=0.25;score_scale=4.0;motif_weight=0.0;motif_radius=12;score_normalization=train_quantile;raw_border_score=0.241850;border_score=1.062956",0.31223198771476746,0.3134932219982147,0.3742747902870178
test_Seq_1825,1,2,"benchmark=nucleotide_transformer_downstream_tasks;dataset=splice_sites_all;matching=kmer_balanced;matching_signature=(8, 'TTT');border_estimator=center_window_kmer_jsd;estimator=center_jsd;window=48;search_radius=24;kmer=2;top_ratio=0.25;score_scale=4.0;motif_weight=0.0;motif_radius=12;score_normalization=train_quantile;raw_border_score=0.188471;border_score=0.940067",0.31744682788848877,0.31108716130256653,0.3714659810066223
test_Seq_2830,2,2,"benchmark=nucleotide_transformer_downstream_tasks;dataset=splice_sites_all;matching=kmer_balanced;matching_signature=(9, 'GAG');border_estimator=center_window_kmer_jsd;estimator=center_jsd;window=48;search_radius=24;kmer=2;top_ratio=0.25;score_scale=4.0;motif_weight=0.0;motif_radius=12;score_normalization=train_quantile;raw_border_score=0.181806;border_score=0.922022",0.25528186559677124,0.25048235058784485,0.4942358136177063
test_Seq_172,0,2,"benchmark=nucleotide_transformer_downstream_tasks;dataset=splice_sites_all;matching=kmer_balanced;matching_signature=(10, 'AGG');border_estimator=center_window_kmer_jsd;estimator=center_jsd;window=48;search_radius=24;kmer=2;top_ratio=0.25;score_scale=4.0;motif_weight=0.0;motif_radius=12;score_normalization=train_quantile;raw_border_score=0.224508;border_score=1.028867",0.2963186204433441,0.2868092358112335,0.41687214374542236
test_Seq_1405,1,2,"benchmark=nucleotide_transformer_downstream_tasks;dataset=splice_sites_all;matching=kmer_balanced;matching_signature=(8, 'TTT');border_estimator=center_window_kmer_jsd;estimator=center_jsd;window=48;search_radius=24;kmer=2;top_ratio=0.25;score_scale=4.0;motif_weight=0.0;motif_radius=12;score_normalization=train_quantile;raw_border_score=0.179602;border_score=0.916822",0.31815025210380554,0.3107309639453888,0.37111881375312805
test_Seq_1963,1,2,"benchmark=nucleotide_transformer_downstream_tasks;dataset=splice_sites_all;matching=kmer_balanced;matching_signature=(7, 'TTT');border_estimator=center_window_kmer_jsd;estimator=center_jsd;window=48;search_radius=24;kmer=2;top_ratio=0.25;score_scale=4.0;motif_weight=0.0;motif_radius=12;score_normalization=train_quantile;raw_border_score=0.145401;border_score=0.839444",0.31866002082824707,0.3057187795639038,0.37562116980552673
test_Seq_1999,1,2,"benchmark=nucleotide_transformer_downstream_tasks;dataset=splice_sites_all;matching=kmer_balanced;matching_signature=(7, 'TTA');border_estimator=center_window_kmer_jsd;estimator=center_jsd;window=48;search_radius=24;kmer=2;top_ratio=0.25;score_scale=4.0;motif_weight=0.0;motif_radius=12;score_normalization=train_quantile;raw_border_score=0.244941;border_score=1.069311",0.29894736409187317,0.3180105686187744,0.3830420672893524
test_Seq_1373,1,2,"benchmark=nucleotide_transformer_downstream_tasks;dataset=splice_sites_all;matching=kmer_balanced;matching_signature=(9, 'TGT');border_estimator=center_window_kmer_jsd;estimator=center_jsd;window=48;search_radius=24;kmer=2;top_ratio=0.25;score_scale=4.0;motif_weight=0.0;motif_radius=12;score_normalization=train_quantile;raw_border_score=0.273159;border_score=1.114600",0.3139187693595886,0.31091129779815674,0.37516990303993225
test_Seq_844,0,2,"benchmark=nucleotide_transformer_downstream_tasks;dataset=splice_sites_all;matching=kmer_balanced;matching_signature=(7, 'AAA');border_estimator=center_window_kmer_jsd;estimator=center_jsd;window=48;search_radius=24;kmer=2;top_ratio=0.25;score_scale=4.0;motif_weight=0.0;motif_radius=12;score_normalization=train_quantile;raw_border_score=0.299425;border_score=1.145622",0.25174185633659363,0.2506684362888336,0.49758970737457275
test_Seq_129,0,2,"benchmark=nucleotide_transformer_downstream_tasks;dataset=splice_sites_all;matching=kmer_balanced;matching_signature=(7, 'AAA');border_estimator=center_window_kmer_jsd;estimator=center_jsd;window=48;search_radius=24;kmer=2;top_ratio=0.25;score_scale=4.0;motif_weight=0.0;motif_radius=12;score_normalization=train_quantile;raw_border_score=0.150233;border_score=0.847978",0.2183491736650467,0.20746958255767822,0.5741811990737915
test_Seq_2482,2,1,"benchmark=nucleotide_transformer_downstream_tasks;dataset=splice_sites_all;matching=kmer_balanced;matching_signature=(11, 'CCC');border_estimator=center_window_kmer_jsd;estimator=center_jsd;window=48;search_radius=24;kmer=2;top_ratio=0.25;score_scale=4.0;motif_weight=0.0;motif_radius=12;score_normalization=train_quantile;raw_border_score=0.210283;border_score=0.995800",0.33428123593330383,0.33486562967300415,0.33085310459136963
test_Seq_416,0,2,"benchmark=nucleotide_transformer_downstream_tasks;dataset=splice_sites_all;matching=kmer_balanced;matching_signature=(9, 'CTG');border_estimator=center_window_kmer_jsd;estimator=center_jsd;window=48;search_radius=24;kmer=2;top_ratio=0.25;score_scale=4.0;motif_weight=0.0;motif_radius=12;score_normalization=train_quantile;raw_border_score=0.238111;border_score=1.054822",0.3218346834182739,0.31001582741737366,0.36814945936203003
test_Seq_2599,2,2,"benchmark=nucleotide_transformer_downstream_tasks;dataset=splice_sites_all;matching=kmer_balanced;matching_signature=(12, 'CCT');border_estimator=center_window_kmer_jsd;estimator=center_jsd;window=48;search_radius=24;kmer=2;top_ratio=0.25;score_scale=4.0;motif_weight=0.0;motif_radius=12;score_normalization=train_quantile;raw_border_score=0.161466;border_score=0.870156",0.29131942987442017,0.28604981303215027,0.4226307272911072
test_Seq_2731,2,2,"benchmark=nucleotide_transformer_downstream_tasks;dataset=splice_sites_all;matching=kmer_balanced;matching_signature=(12, 'GGG');border_estimator=center_window_kmer_jsd;estimator=center_jsd;window=48;search_radius=24;kmer=2;top_ratio=0.25;score_scale=4.0;motif_weight=0.0;motif_radius=12;score_normalization=train_quantile;raw_border_score=0.136350;border_score=0.827044",0.27950984239578247,0.2823721766471863,0.43811801075935364
test_Seq_2458,2,2,"benchmark=nucleotide_transformer_downstream_tasks;dataset=splice_sites_all;matching=kmer_balanced;matching_signature=(10, 'CTG');border_estimator=center_window_kmer_jsd;estimator=center_jsd;window=48;search_radius=24;kmer=2;top_ratio=0.25;score_scale=4.0;motif_weight=0.0;motif_radius=12;score_normalization=train_quantile;raw_border_score=0.167144;border_score=0.884511",0.32453683018684387,0.32477593421936035,0.350687175989151
test_Seq_990,0,2,"benchmark=nucleotide_transformer_downstream_tasks;dataset=splice_sites_all;matching=kmer_balanced;matching_signature=(6, 'AAA');border_estimator=center_window_kmer_jsd;estimator=center_jsd;window=48;search_radius=24;kmer=2;top_ratio=0.25;score_scale=4.0;motif_weight=0.0;motif_radius=12;score_normalization=train_quantile;raw_border_score=0.198523;border_score=0.967222",0.20309744775295258,0.1876567304134369,0.609245777130127
test_Seq_1262,1,2,"benchmark=nucleotide_transformer_downstream_tasks;dataset=splice_sites_all;matching=kmer_balanced;matching_signature=(8, 'TTT');border_estimator=center_window_kmer_jsd;estimator=center_jsd;window=48;search_radius=24;kmer=2;top_ratio=0.25;score_scale=4.0;motif_weight=0.0;motif_radius=12;score_normalization=train_quantile;raw_border_score=0.181555;border_score=0.921667",0.3207256495952606,0.3266699016094208,0.3526045083999634
test_Seq_2679,2,2,"benchmark=nucleotide_transformer_downstream_tasks;dataset=splice_sites_all;matching=kmer_balanced;matching_signature=(10, 'CCT');border_estimator=center_window_kmer_jsd;estimator=center_jsd;window=48;search_radius=24;kmer=2;top_ratio=0.25;score_scale=4.0;motif_weight=0.0;motif_radius=12;score_normalization=train_quantile;raw_border_score=0.245533;border_score=1.070156",0.1328226923942566,0.12467138469219208,0.7425059080123901
test_Seq_338,0,2,"benchmark=nucleotide_transformer_downstream_tasks;dataset=splice_sites_all;matching=kmer_balanced;matching_signature=(11, 'CCC');border_estimator=center_window_kmer_jsd;estimator=center_jsd;window=48;search_radius=24;kmer=2;top_ratio=0.25;score_scale=4.0;motif_weight=0.0;motif_radius=12;score_normalization=train_quantile;raw_border_score=0.257918;border_score=1.092156",0.3282683193683624,0.32960250973701477,0.3421291708946228
test_Seq_2802,2,2,"benchmark=nucleotide_transformer_downstream_tasks;dataset=splice_sites_all;matching=kmer_balanced;matching_signature=(6, 'AAA');border_estimator=center_window_kmer_jsd;estimator=center_jsd;window=48;search_radius=24;kmer=2;top_ratio=0.25;score_scale=4.0;motif_weight=0.0;motif_radius=12;score_normalization=train_quantile;raw_border_score=0.199985;border_score=0.971311",0.3203444480895996,0.32101067900657654,0.35864487290382385
test_Seq_2206,2,2,"benchmark=nucleotide_transformer_downstream_tasks;dataset=splice_sites_all;matching=kmer_balanced;matching_signature=(14, 'GGC');border_estimator=center_window_kmer_jsd;estimator=center_jsd;window=48;search_radius=24;kmer=2;top_ratio=0.25;score_scale=4.0;motif_weight=0.0;motif_radius=12;score_normalization=train_quantile;raw_border_score=0.178293;border_score=0.913844",0.31597718596458435,0.2993772029876709,0.38464564085006714
test_Seq_696,0,2,"benchmark=nucleotide_transformer_downstream_tasks;dataset=splice_sites_all;matching=kmer_balanced;matching_signature=(7, 'AAA');border_estimator=center_window_kmer_jsd;estimator=center_jsd;window=48;search_radius=24;kmer=2;top_ratio=0.25;score_scale=4.0;motif_weight=0.0;motif_radius=12;score_normalization=train_quantile;raw_border_score=0.223769;border_score=1.027711",0.3303346633911133,0.33358195424079895,0.33608341217041016
test_Seq_2368,2,2,"benchmark=nucleotide_transformer_downstream_tasks;dataset=splice_sites_all;matching=kmer_balanced;matching_signature=(9, 'TGT');border_estimator=center_window_kmer_jsd;estimator=center_jsd;window=48;search_radius=24;kmer=2;top_ratio=0.25;score_scale=4.0;motif_weight=0.0;motif_radius=12;score_normalization=train_quantile;raw_border_score=0.229166;border_score=1.038467",0.14074057340621948,0.12980346381664276,0.7294559478759766
test_Seq_968,0,2,"benchmark=nucleotide_transformer_downstream_tasks;dataset=splice_sites_all;matching=kmer_balanced;matching_signature=(7, 'TTT');border_estimator=center_window_kmer_jsd;estimator=center_jsd;window=48;search_radius=24;kmer=2;top_ratio=0.25;score_scale=4.0;motif_weight=0.0;motif_radius=12;score_normalization=train_quantile;raw_border_score=0.333598;border_score=1.168156",0.2794373631477356,0.27656692266464233,0.44399571418762207
test_Seq_448,0,1,"benchmark=nucleotide_transformer_downstream_tasks;dataset=splice_sites_all;matching=kmer_balanced;matching_signature=(13, 'GGG');border_estimator=center_window_kmer_jsd;estimator=center_jsd;window=48;search_radius=24;kmer=2;top_ratio=0.25;score_scale=4.0;motif_weight=0.0;motif_radius=12;score_normalization=train_quantile;raw_border_score=0.244921;border_score=1.069267",0.3614506721496582,0.379128634929657,0.2594206631183624
test_Seq_2141,2,2,"benchmark=nucleotide_transformer_downstream_tasks;dataset=splice_sites_all;matching=kmer_balanced;matching_signature=(6, 'TTT');border_estimator=center_window_kmer_jsd;estimator=center_jsd;window=48;search_radius=24;kmer=2;top_ratio=0.25;score_scale=4.0;motif_weight=0.0;motif_radius=12;score_normalization=train_quantile;raw_border_score=0.278597;border_score=1.122067",0.262180894613266,0.24350491166114807,0.4943142533302307
test_Seq_2300,2,2,"benchmark=nucleotide_transformer_downstream_tasks;dataset=splice_sites_all;matching=kmer_balanced;matching_signature=(8, 'TTT');border_estimator=center_window_kmer_jsd;estimator=center_jsd;window=48;search_radius=24;kmer=2;top_ratio=0.25;score_scale=4.0;motif_weight=0.0;motif_radius=12;score_normalization=train_quantile;raw_border_score=0.370583;border_score=1.184378",0.25272324681282043,0.24709278345108032,0.5001839995384216
test_Seq_2448,2,2,"benchmark=nucleotide_transformer_downstream_tasks;dataset=splice_sites_all;matching=kmer_balanced;matching_signature=(6, 'TTT');border_estimator=center_window_kmer_jsd;estimator=center_jsd;window=48;search_radius=24;kmer=2;top_ratio=0.25;score_scale=4.0;motif_weight=0.0;motif_radius=12;score_normalization=train_quantile;raw_border_score=0.283047;border_score=1.127889",0.3276612460613251,0.33260592818260193,0.3397328555583954
test_Seq_1723,1,2,"benchmark=nucleotide_transformer_downstream_tasks;dataset=splice_sites_all;matching=kmer_balanced;matching_signature=(7, 'TTT');border_estimator=center_window_kmer_jsd;estimator=center_jsd;window=48;search_radius=24;kmer=2;top_ratio=0.25;score_scale=4.0;motif_weight=0.0;motif_radius=12;score_normalization=train_quantile;raw_border_score=0.307695;border_score=1.151933",0.2775762975215912,0.28541767597198486,0.43700602650642395
test_Seq_2990,2,2,"benchmark=nucleotide_transformer_downstream_tasks;dataset=splice_sites_all;matching=kmer_balanced;matching_signature=(7, 'AGA');border_estimator=center_window_kmer_jsd;estimator=center_jsd;window=48;search_radius=24;kmer=2;top_ratio=0.25;score_scale=4.0;motif_weight=0.0;motif_radius=12;score_normalization=train_quantile;raw_border_score=0.252188;border_score=1.082600",0.3038986623287201,0.29005929827690125,0.4060420095920563
test_Seq_2400,2,2,"benchmark=nucleotide_transformer_downstream_tasks;dataset=splice_sites_all;matching=kmer_balanced;matching_signature=(11, 'GTG');border_estimator=center_window_kmer_jsd;estimator=center_jsd;window=48;search_radius=24;kmer=2;top_ratio=0.25;score_scale=4.0;motif_weight=0.0;motif_radius=12;score_normalization=train_quantile;raw_border_score=0.349481;border_score=1.176733",0.31516343355178833,0.3070054054260254,0.37783119082450867
test_Seq_894,0,2,"benchmark=nucleotide_transformer_downstream_tasks;dataset=splice_sites_all;matching=kmer_balanced;matching_signature=(6, 'TTT');border_estimator=center_window_kmer_jsd;estimator=center_jsd;window=48;search_radius=24;kmer=2;top_ratio=0.25;score_scale=4.0;motif_weight=0.0;motif_radius=12;score_normalization=train_quantile;raw_border_score=0.293844;border_score=1.139978",0.25467294454574585,0.244240865111351,0.5010862350463867
test_Seq_2021,2,2,"benchmark=nucleotide_transformer_downstream_tasks;dataset=splice_sites_all;matching=kmer_balanced;matching_signature=(8, 'TCT');border_estimator=center_window_kmer_jsd;estimator=center_jsd;window=48;search_radius=24;kmer=2;top_ratio=0.25;score_scale=4.0;motif_weight=0.0;motif_radius=12;score_normalization=train_quantile;raw_border_score=0.122521;border_score=0.812422",0.3087545931339264,0.3104594349861145,0.3807859420776367
test_Seq_2457,2,2,"benchmark=nucleotide_transformer_downstream_tasks;dataset=splice_sites_all;matching=kmer_balanced;matching_signature=(8, 'TTT');border_estimator=center_window_kmer_jsd;estimator=center_jsd;window=48;search_radius=24;kmer=2;top_ratio=0.25;score_scale=4.0;motif_weight=0.0;motif_radius=12;score_normalization=train_quantile;raw_border_score=0.129652;border_score=0.819044",0.2947629690170288,0.3000703752040863,0.4051665961742401
test_Seq_1754,1,2,"benchmark=nucleotide_transformer_downstream_tasks;dataset=splice_sites_all;matching=kmer_balanced;matching_signature=(9, 'TTT');border_estimator=center_window_kmer_jsd;estimator=center_jsd;window=48;search_radius=24;kmer=2;top_ratio=0.25;score_scale=4.0;motif_weight=0.0;motif_radius=12;score_normalization=train_quantile;raw_border_score=0.222482;border_score=1.024289",0.31729528307914734,0.31396910548210144,0.368735671043396
test_Seq_1636,1,2,"benchmark=nucleotide_transformer_downstream_tasks;dataset=splice_sites_all;matching=kmer_balanced;matching_signature=(12, 'CTG');border_estimator=center_window_kmer_jsd;estimator=center_jsd;window=48;search_radius=24;kmer=2;top_ratio=0.25;score_scale=4.0;motif_weight=0.0;motif_radius=12;score_normalization=train_quantile;raw_border_score=0.253093;border_score=1.084289",0.22974634170532227,0.22045078873634338,0.5498028993606567
test_Seq_458,0,2,"benchmark=nucleotide_transformer_downstream_tasks;dataset=splice_sites_all;matching=kmer_balanced;matching_signature=(12, 'CAG');border_estimator=center_window_kmer_jsd;estimator=center_jsd;window=48;search_radius=24;kmer=2;top_ratio=0.25;score_scale=4.0;motif_weight=0.0;motif_radius=12;score_normalization=train_quantile;raw_border_score=0.138198;border_score=0.829311",0.25872400403022766,0.25269845128059387,0.48857760429382324
test_Seq_189,0,2,"benchmark=nucleotide_transformer_downstream_tasks;dataset=splice_sites_all;matching=kmer_balanced;matching_signature=(6, 'TTT');border_estimator=center_window_kmer_jsd;estimator=center_jsd;window=48;search_radius=24;kmer=2;top_ratio=0.25;score_scale=4.0;motif_weight=0.0;motif_radius=12;score_normalization=train_quantile;raw_border_score=0.234153;border_score=1.047889",0.22463580965995789,0.2040424793958664,0.5713217258453369
test_Seq_2012,2,2,"benchmark=nucleotide_transformer_downstream_tasks;dataset=splice_sites_all;matching=kmer_balanced;matching_signature=(7, 'AAA');border_estimator=center_window_kmer_jsd;estimator=center_jsd;window=48;search_radius=24;kmer=2;top_ratio=0.25;score_scale=4.0;motif_weight=0.0;motif_radius=12;score_normalization=train_quantile;raw_border_score=0.197316;border_score=0.963800",0.27342984080314636,0.275455504655838,0.4511147141456604
test_Seq_181,0,2,"benchmark=nucleotide_transformer_downstream_tasks;dataset=splice_sites_all;matching=kmer_balanced;matching_signature=(8, 'TTT');border_estimator=center_window_kmer_jsd;estimator=center_jsd;window=48;search_radius=24;kmer=2;top_ratio=0.25;score_scale=4.0;motif_weight=0.0;motif_radius=12;score_normalization=train_quantile;raw_border_score=0.296549;border_score=1.142467",0.2826129198074341,0.27677178382873535,0.4406152665615082
test_Seq_2775,2,1,"benchmark=nucleotide_transformer_downstream_tasks;dataset=splice_sites_all;matching=kmer_balanced;matching_signature=(7, 'AAT');border_estimator=center_window_kmer_jsd;estimator=center_jsd;window=48;search_radius=24;kmer=2;top_ratio=0.25;score_scale=4.0;motif_weight=0.0;motif_radius=12;score_normalization=train_quantile;raw_border_score=0.239767;border_score=1.057756",0.33419716358184814,0.3407532572746277,0.32504957914352417
test_Seq_470,0,2,"benchmark=nucleotide_transformer_downstream_tasks;dataset=splice_sites_all;matching=kmer_balanced;matching_signature=(12, 'GGG');border_estimator=center_window_kmer_jsd;estimator=center_jsd;window=48;search_radius=24;kmer=2;top_ratio=0.25;score_scale=4.0;motif_weight=0.0;motif_radius=12;score_normalization=train_quantile;raw_border_score=0.217826;border_score=1.013311",0.2816167175769806,0.27359816431999207,0.44478514790534973
test_Seq_2430,2,2,"benchmark=nucleotide_transformer_downstream_tasks;dataset=splice_sites_all;matching=kmer_balanced;matching_signature=(10, 'CCC');border_estimator=center_window_kmer_jsd;estimator=center_jsd;window=48;search_radius=24;kmer=2;top_ratio=0.25;score_scale=4.0;motif_weight=0.0;motif_radius=12;score_normalization=train_quantile;raw_border_score=0.163621;border_score=0.875222",0.3037765324115753,0.3108859062194824,0.3853375017642975
test_Seq_1766,1,2,"benchmark=nucleotide_transformer_downstream_tasks;dataset=splice_sites_all;matching=kmer_balanced;matching_signature=(7, 'TTT');border_estimator=center_window_kmer_jsd;estimator=center_jsd;window=48;search_radius=24;kmer=2;top_ratio=0.25;score_scale=4.0;motif_weight=0.0;motif_radius=12;score_normalization=train_quantile;raw_border_score=0.119662;border_score=0.810778",0.22203361988067627,0.21278116106987,0.5651851892471313
test_Seq_1484,1,1,"benchmark=nucleotide_transformer_downstream_tasks;dataset=splice_sites_all;matching=kmer_balanced;matching_signature=(11, 'CAG');border_estimator=center_window_kmer_jsd;estimator=center_jsd;window=48;search_radius=24;kmer=2;top_ratio=0.25;score_scale=4.0;motif_weight=0.0;motif_radius=12;score_normalization=train_quantile;raw_border_score=0.245578;border_score=1.070244",0.3337160348892212,0.33564624190330505,0.33063775300979614
test_Seq_256,0,1,"benchmark=nucleotide_transformer_downstream_tasks;dataset=splice_sites_all;matching=kmer_balanced;matching_signature=(9, 'TGG');border_estimator=center_window_kmer_jsd;estimator=center_jsd;window=48;search_radius=24;kmer=2;top_ratio=0.25;score_scale=4.0;motif_weight=0.0;motif_radius=12;score_normalization=train_quantile;raw_border_score=0.271702;border_score=1.112556",0.340436726808548,0.354407399892807,0.30515584349632263
test_Seq_2182,2,2,"benchmark=nucleotide_transformer_downstream_tasks;dataset=splice_sites_all;matching=kmer_balanced;matching_signature=(9, 'GAG');border_estimator=center_window_kmer_jsd;estimator=center_jsd;window=48;search_radius=24;kmer=2;top_ratio=0.25;score_scale=4.0;motif_weight=0.0;motif_radius=12;score_normalization=train_quantile;raw_border_score=0.345509;border_score=1.175089",0.13914676010608673,0.13572272658348083,0.725130558013916
test_Seq_1182,1,2,"benchmark=nucleotide_transformer_downstream_tasks;dataset=splice_sites_all;matching=kmer_balanced;matching_signature=(7, 'AAA');border_estimator=center_window_kmer_jsd;estimator=center_jsd;window=48;search_radius=24;kmer=2;top_ratio=0.25;score_scale=4.0;motif_weight=0.0;motif_radius=12;score_normalization=train_quantile;raw_border_score=0.158408;border_score=0.863667",0.2706925570964813,0.26444604992866516,0.46486130356788635
test_Seq_607,0,2,"benchmark=nucleotide_transformer_downstream_tasks;dataset=splice_sites_all;matching=kmer_balanced;matching_signature=(9, 'TTT');border_estimator=center_window_kmer_jsd;estimator=center_jsd;window=48;search_radius=24;kmer=2;top_ratio=0.25;score_scale=4.0;motif_weight=0.0;motif_radius=12;score_normalization=train_quantile;raw_border_score=0.106458;border_score=0.804200",0.31336119771003723,0.31074631214141846,0.3758924603462219
test_Seq_691,0,2,"benchmark=nucleotide_transformer_downstream_tasks;dataset=splice_sites_all;matching=kmer_balanced;matching_signature=(8, 'GTG');border_estimator=center_window_kmer_jsd;estimator=center_jsd;window=48;search_radius=24;kmer=2;top_ratio=0.25;score_scale=4.0;motif_weight=0.0;motif_radius=12;score_normalization=train_quantile;raw_border_score=0.291852;border_score=1.138200",0.1857001930475235,0.17195454239845276,0.6423453092575073
test_Seq_664,0,0,"benchmark=nucleotide_transformer_downstream_tasks;dataset=splice_sites_all;matching=kmer_balanced;matching_signature=(7, 'AAA');border_estimator=center_window_kmer_jsd;estimator=center_jsd;window=48;search_radius=24;kmer=2;top_ratio=0.25;score_scale=4.0;motif_weight=0.0;motif_radius=12;score_normalization=train_quantile;raw_border_score=0.299364;border_score=1.145622",0.34859326481819153,0.3404056429862976,0.31100109219551086
test_Seq_1227,1,2,"benchmark=nucleotide_transformer_downstream_tasks;dataset=splice_sites_all;matching=kmer_balanced;matching_signature=(5, 'TTT');border_estimator=center_window_kmer_jsd;estimator=center_jsd;window=48;search_radius=24;kmer=2;top_ratio=0.25;score_scale=4.0;motif_weight=0.0;motif_radius=12;score_normalization=train_quantile;raw_border_score=0.211738;border_score=0.999222",0.2919481098651886,0.2787673771381378,0.42928454279899597
test_Seq_520,0,2,"benchmark=nucleotide_transformer_downstream_tasks;dataset=splice_sites_all;matching=kmer_balanced;matching_signature=(9, 'CAG');border_estimator=center_window_kmer_jsd;estimator=center_jsd;window=48;search_radius=24;kmer=2;top_ratio=0.25;score_scale=4.0;motif_weight=0.0;motif_radius=12;score_normalization=train_quantile;raw_border_score=0.352024;border_score=1.177578",0.17171749472618103,0.166742742061615,0.6615397930145264
test_Seq_270,0,2,"benchmark=nucleotide_transformer_downstream_tasks;dataset=splice_sites_all;matching=kmer_balanced;matching_signature=(7, 'TTT');border_estimator=center_window_kmer_jsd;estimator=center_jsd;window=48;search_radius=24;kmer=2;top_ratio=0.25;score_scale=4.0;motif_weight=0.0;motif_radius=12;score_normalization=train_quantile;raw_border_score=0.270305;border_score=1.110778",0.3001115918159485,0.29588812589645386,0.40400034189224243
test_Seq_2995,2,2,"benchmark=nucleotide_transformer_downstream_tasks;dataset=splice_sites_all;matching=kmer_balanced;matching_signature=(6, 'TTT');border_estimator=center_window_kmer_jsd;estimator=center_jsd;window=48;search_radius=24;kmer=2;top_ratio=0.25;score_scale=4.0;motif_weight=0.0;motif_radius=12;score_normalization=train_quantile;raw_border_score=0.205712;border_score=0.985622",0.30664321780204773,0.2998926639556885,0.393464058637619
test_Seq_1303,1,2,"benchmark=nucleotide_transformer_downstream_tasks;dataset=splice_sites_all;matching=kmer_balanced;matching_signature=(6, 'TTT');border_estimator=center_window_kmer_jsd;estimator=center_jsd;window=48;search_radius=24;kmer=2;top_ratio=0.25;score_scale=4.0;motif_weight=0.0;motif_radius=12;score_normalization=train_quantile;raw_border_score=0.166620;border_score=0.883000",0.2637591063976288,0.25318416953086853,0.48305681347846985
test_Seq_1627,1,2,"benchmark=nucleotide_transformer_downstream_tasks;dataset=splice_sites_all;matching=kmer_balanced;matching_signature=(8, 'TTT');border_estimator=center_window_kmer_jsd;estimator=center_jsd;window=48;search_radius=24;kmer=2;top_ratio=0.25;score_scale=4.0;motif_weight=0.0;motif_radius=12;score_normalization=train_quantile;raw_border_score=0.246132;border_score=1.071400",0.3220873475074768,0.3237207233905792,0.35419192910194397
test_Seq_1192,1,2,"benchmark=nucleotide_transformer_downstream_tasks;dataset=splice_sites_all;matching=kmer_balanced;matching_signature=(6, 'AAA');border_estimator=center_window_kmer_jsd;estimator=center_jsd;window=48;search_radius=24;kmer=2;top_ratio=0.25;score_scale=4.0;motif_weight=0.0;motif_radius=12;score_normalization=train_quantile;raw_border_score=0.137474;border_score=0.828600",0.2886892557144165,0.27679502964019775,0.43451568484306335
test_Seq_999,0,1,"benchmark=nucleotide_transformer_downstream_tasks;dataset=splice_sites_all;matching=kmer_balanced;matching_signature=(11, 'GAG');border_estimator=center_window_kmer_jsd;estimator=center_jsd;window=48;search_radius=24;kmer=2;top_ratio=0.25;score_scale=4.0;motif_weight=0.0;motif_radius=12;score_normalization=train_quantile;raw_border_score=0.169491;border_score=0.889622",0.3359769582748413,0.35008758306503296,0.3139354884624481
test_Seq_175,0,2,"benchmark=nucleotide_transformer_downstream_tasks;dataset=splice_sites_all;matching=kmer_balanced;matching_signature=(7, 'TTT');border_estimator=center_window_kmer_jsd;estimator=center_jsd;window=48;search_radius=24;kmer=2;top_ratio=0.25;score_scale=4.0;motif_weight=0.0;motif_radius=12;score_normalization=train_quantile;raw_border_score=0.250166;border_score=1.079711",0.32565614581108093,0.3277893662452698,0.3465544581413269
test_Seq_2508,2,2,"benchmark=nucleotide_transformer_downstream_tasks;dataset=splice_sites_all;matching=kmer_balanced;matching_signature=(7, 'AAA');border_estimator=center_window_kmer_jsd;estimator=center_jsd;window=48;search_radius=24;kmer=2;top_ratio=0.25;score_scale=4.0;motif_weight=0.0;motif_radius=12;score_normalization=train_quantile;raw_border_score=0.165632;border_score=0.880378",0.3090783953666687,0.29840245842933655,0.39251917600631714
test_Seq_2113,2,2,"benchmark=nucleotide_transformer_downstream_tasks;dataset=splice_sites_all;matching=kmer_balanced;matching_signature=(9, 'TTT');border_estimator=center_window_kmer_jsd;estimator=center_jsd;window=48;search_radius=24;kmer=2;top_ratio=0.25;score_scale=4.0;motif_weight=0.0;motif_radius=12;score_normalization=train_quantile;raw_border_score=0.143603;border_score=0.836644",0.12800148129463196,0.1142534539103508,0.757745087146759
test_Seq_1596,1,1,"benchmark=nucleotide_transformer_downstream_tasks;dataset=splice_sites_all;matching=kmer_balanced;matching_signature=(9, 'TTT');border_estimator=center_window_kmer_jsd;estimator=center_jsd;window=48;search_radius=24;kmer=2;top_ratio=0.25;score_scale=4.0;motif_weight=0.0;motif_radius=12;score_normalization=train_quantile;raw_border_score=0.207564;border_score=0.989356",0.3609582483768463,0.37624046206474304,0.26280125975608826
test_Seq_835,0,2,"benchmark=nucleotide_transformer_downstream_tasks;dataset=splice_sites_all;matching=kmer_balanced;matching_signature=(7, 'TTT');border_estimator=center_window_kmer_jsd;estimator=center_jsd;window=48;search_radius=24;kmer=2;top_ratio=0.25;score_scale=4.0;motif_weight=0.0;motif_radius=12;score_normalization=train_quantile;raw_border_score=0.601539;border_score=1.199578",0.08304712921380997,0.07999710738658905,0.836955726146698
test_Seq_1110,1,2,"benchmark=nucleotide_transformer_downstream_tasks;dataset=splice_sites_all;matching=kmer_balanced;matching_signature=(7, 'TTT');border_estimator=center_window_kmer_jsd;estimator=center_jsd;window=48;search_radius=24;kmer=2;top_ratio=0.25;score_scale=4.0;motif_weight=0.0;motif_radius=12;score_normalization=train_quantile;raw_border_score=0.243847;border_score=1.067267",0.2893223762512207,0.283846914768219,0.4268307387828827
test_Seq_197,0,2,"benchmark=nucleotide_transformer_downstream_tasks;dataset=splice_sites_all;matching=kmer_balanced;matching_signature=(13, 'CCC');border_estimator=center_window_kmer_jsd;estimator=center_jsd;window=48;search_radius=24;kmer=2;top_ratio=0.25;score_scale=4.0;motif_weight=0.0;motif_radius=12;score_normalization=train_quantile;raw_border_score=0.241489;border_score=1.061933",0.27240705490112305,0.2632335424423218,0.46435946226119995
test_Seq_1166,1,2,"benchmark=nucleotide_transformer_downstream_tasks;dataset=splice_sites_all;matching=kmer_balanced;matching_signature=(6, 'TTT');border_estimator=center_window_kmer_jsd;estimator=center_jsd;window=48;search_radius=24;kmer=2;top_ratio=0.25;score_scale=4.0;motif_weight=0.0;motif_radius=12;score_normalization=train_quantile;raw_border_score=0.210973;border_score=0.997444",0.30317050218582153,0.29701903462409973,0.39981043338775635
test_Seq_2842,2,2,"benchmark=nucleotide_transformer_downstream_tasks;dataset=splice_sites_all;matching=kmer_balanced;matching_signature=(5, 'TTT');border_estimator=center_window_kmer_jsd;estimator=center_jsd;window=48;search_radius=24;kmer=2;top_ratio=0.25;score_scale=4.0;motif_weight=0.0;motif_radius=12;score_normalization=train_quantile;raw_border_score=0.166030;border_score=0.881267",0.32040488719940186,0.30880606174468994,0.3707890212535858
test_Seq_1285,1,2,"benchmark=nucleotide_transformer_downstream_tasks;dataset=splice_sites_all;matching=kmer_balanced;matching_signature=(7, 'AAA');border_estimator=center_window_kmer_jsd;estimator=center_jsd;window=48;search_radius=24;kmer=2;top_ratio=0.25;score_scale=4.0;motif_weight=0.0;motif_radius=12;score_normalization=train_quantile;raw_border_score=0.160508;border_score=0.868333",0.29399779438972473,0.2904106080532074,0.4155915677547455
test_Seq_1402,1,2,"benchmark=nucleotide_transformer_downstream_tasks;dataset=splice_sites_all;matching=kmer_balanced;matching_signature=(7, 'AAT');border_estimator=center_window_kmer_jsd;estimator=center_jsd;window=48;search_radius=24;kmer=2;top_ratio=0.25;score_scale=4.0;motif_weight=0.0;motif_radius=12;score_normalization=train_quantile;raw_border_score=0.228253;border_score=1.036422",0.2984181344509125,0.29879534244537354,0.4027864634990692
test_Seq_546,0,2,"benchmark=nucleotide_transformer_downstream_tasks;dataset=splice_sites_all;matching=kmer_balanced;matching_signature=(6, 'TTT');border_estimator=center_window_kmer_jsd;estimator=center_jsd;window=48;search_radius=24;kmer=2;top_ratio=0.25;score_scale=4.0;motif_weight=0.0;motif_radius=12;score_normalization=train_quantile;raw_border_score=0.251932;border_score=1.082200",0.22756327688694,0.215134397149086,0.5573022961616516
test_Seq_83,0,2,"benchmark=nucleotide_transformer_downstream_tasks;dataset=splice_sites_all;matching=kmer_balanced;matching_signature=(5, 'TTT');border_estimator=center_window_kmer_jsd;estimator=center_jsd;window=48;search_radius=24;kmer=2;top_ratio=0.25;score_scale=4.0;motif_weight=0.0;motif_radius=12;score_normalization=train_quantile;raw_border_score=0.219133;border_score=1.016644",0.3152608573436737,0.31035417318344116,0.37438496947288513
test_Seq_1935,1,1,"benchmark=nucleotide_transformer_downstream_tasks;dataset=splice_sites_all;matching=kmer_balanced;matching_signature=(8, 'TTT');border_estimator=center_window_kmer_jsd;estimator=center_jsd;window=48;search_radius=24;kmer=2;top_ratio=0.25;score_scale=4.0;motif_weight=0.0;motif_radius=12;score_normalization=train_quantile;raw_border_score=0.196164;border_score=0.960422",0.3648515045642853,0.3692217767238617,0.265926718711853
test_Seq_709,0,2,"benchmark=nucleotide_transformer_downstream_tasks;dataset=splice_sites_all;matching=kmer_balanced;matching_signature=(8, 'TTT');border_estimator=center_window_kmer_jsd;estimator=center_jsd;window=48;search_radius=24;kmer=2;top_ratio=0.25;score_scale=4.0;motif_weight=0.0;motif_radius=12;score_normalization=train_quantile;raw_border_score=0.217732;border_score=1.013089",0.2681732773780823,0.2633562684059143,0.4684704542160034
test_Seq_480,0,2,"benchmark=nucleotide_transformer_downstream_tasks;dataset=splice_sites_all;matching=kmer_balanced;matching_signature=(6, 'AAA');border_estimator=center_window_kmer_jsd;estimator=center_jsd;window=48;search_radius=24;kmer=2;top_ratio=0.25;score_scale=4.0;motif_weight=0.0;motif_radius=12;score_normalization=train_quantile;raw_border_score=0.276328;border_score=1.118911",0.32414838671684265,0.32157331705093384,0.3542783260345459
test_Seq_1044,1,1,"benchmark=nucleotide_transformer_downstream_tasks;dataset=splice_sites_all;matching=kmer_balanced;matching_signature=(8, 'TTT');border_estimator=center_window_kmer_jsd;estimator=center_jsd;window=48;search_radius=24;kmer=2;top_ratio=0.25;score_scale=4.0;motif_weight=0.0;motif_radius=12;score_normalization=train_quantile;raw_border_score=0.200737;border_score=0.972822",0.36599913239479065,0.3748404383659363,0.25916045904159546
test_Seq_2797,2,2,"benchmark=nucleotide_transformer_downstream_tasks;dataset=splice_sites_all;matching=kmer_balanced;matching_signature=(8, 'TTT');border_estimator=center_window_kmer_jsd;estimator=center_jsd;window=48;search_radius=24;kmer=2;top_ratio=0.25;score_scale=4.0;motif_weight=0.0;motif_radius=12;score_normalization=train_quantile;raw_border_score=0.159802;border_score=0.867178",0.3146274983882904,0.31185421347618103,0.37351828813552856
test_Seq_2404,2,2,"benchmark=nucleotide_transformer_downstream_tasks;dataset=splice_sites_all;matching=kmer_balanced;matching_signature=(11, 'GGG');border_estimator=center_window_kmer_jsd;estimator=center_jsd;window=48;search_radius=24;kmer=2;top_ratio=0.25;score_scale=4.0;motif_weight=0.0;motif_radius=12;score_normalization=train_quantile;raw_border_score=0.187262;border_score=0.936689",0.3155302107334137,0.308796763420105,0.3756730258464813
test_Seq_1803,1,2,"benchmark=nucleotide_transformer_downstream_tasks;dataset=splice_sites_all;matching=kmer_balanced;matching_signature=(6, 'AAA');border_estimator=center_window_kmer_jsd;estimator=center_jsd;window=48;search_radius=24;kmer=2;top_ratio=0.25;score_scale=4.0;motif_weight=0.0;motif_radius=12;score_normalization=train_quantile;raw_border_score=0.182129;border_score=0.922600",0.3123423457145691,0.2982420027256012,0.3894156813621521
test_Seq_154,0,2,"benchmark=nucleotide_transformer_downstream_tasks;dataset=splice_sites_all;matching=kmer_balanced;matching_signature=(8, 'TTT');border_estimator=center_window_kmer_jsd;estimator=center_jsd;window=48;search_radius=24;kmer=2;top_ratio=0.25;score_scale=4.0;motif_weight=0.0;motif_radius=12;score_normalization=train_quantile;raw_border_score=0.241723;border_score=1.062689",0.30068790912628174,0.2918233871459961,0.4074886739253998
test_Seq_707,0,2,"benchmark=nucleotide_transformer_downstream_tasks;dataset=splice_sites_all;matching=kmer_balanced;matching_signature=(12, 'CTG');border_estimator=center_window_kmer_jsd;estimator=center_jsd;window=48;search_radius=24;kmer=2;top_ratio=0.25;score_scale=4.0;motif_weight=0.0;motif_radius=12;score_normalization=train_quantile;raw_border_score=0.192497;border_score=0.950956",0.3096635639667511,0.31125277280807495,0.37908369302749634
test_Seq_689,0,2,"benchmark=nucleotide_transformer_downstream_tasks;dataset=splice_sites_all;matching=kmer_balanced;matching_signature=(5, 'TTT');border_estimator=center_window_kmer_jsd;estimator=center_jsd;window=48;search_radius=24;kmer=2;top_ratio=0.25;score_scale=4.0;motif_weight=0.0;motif_radius=12;score_normalization=train_quantile;raw_border_score=0.219260;border_score=1.017000",0.2489669919013977,0.22643128037452698,0.5246017575263977
test_Seq_614,0,2,"benchmark=nucleotide_transformer_downstream_tasks;dataset=splice_sites_all;matching=kmer_balanced;matching_signature=(8, 'TTT');border_estimator=center_window_kmer_jsd;estimator=center_jsd;window=48;search_radius=24;kmer=2;top_ratio=0.25;score_scale=4.0;motif_weight=0.0;motif_radius=12;score_normalization=train_quantile;raw_border_score=0.293742;border_score=1.139933",0.29829639196395874,0.2846856117248535,0.41701799631118774
test_Seq_812,0,2,"benchmark=nucleotide_transformer_downstream_tasks;dataset=splice_sites_all;matching=kmer_balanced;matching_signature=(7, 'AAA');border_estimator=center_window_kmer_jsd;estimator=center_jsd;window=48;search_radius=24;kmer=2;top_ratio=0.25;score_scale=4.0;motif_weight=0.0;motif_radius=12;score_normalization=train_quantile;raw_border_score=0.259453;border_score=1.094689",0.3191039562225342,0.3233810365200043,0.35751500725746155
test_Seq_1712,1,1,"benchmark=nucleotide_transformer_downstream_tasks;dataset=splice_sites_all;matching=kmer_balanced;matching_signature=(8, 'TCT');border_estimator=center_window_kmer_jsd;estimator=center_jsd;window=48;search_radius=24;kmer=2;top_ratio=0.25;score_scale=4.0;motif_weight=0.0;motif_radius=12;score_normalization=train_quantile;raw_border_score=0.223236;border_score=1.026378",0.3323644697666168,0.3430038392543793,0.3246317207813263
test_Seq_631,0,2,"benchmark=nucleotide_transformer_downstream_tasks;dataset=splice_sites_all;matching=kmer_balanced;matching_signature=(10, 'CTC');border_estimator=center_window_kmer_jsd;estimator=center_jsd;window=48;search_radius=24;kmer=2;top_ratio=0.25;score_scale=4.0;motif_weight=0.0;motif_radius=12;score_normalization=train_quantile;raw_border_score=0.323421;border_score=1.162956",0.21738982200622559,0.205342635512352,0.5772675275802612
test_Seq_2693,2,1,"benchmark=nucleotide_transformer_downstream_tasks;dataset=splice_sites_all;matching=kmer_balanced;matching_signature=(8, 'AGA');border_estimator=center_window_kmer_jsd;estimator=center_jsd;window=48;search_radius=24;kmer=2;top_ratio=0.25;score_scale=4.0;motif_weight=0.0;motif_radius=12;score_normalization=train_quantile;raw_border_score=0.189033;border_score=0.941489",0.35768255591392517,0.3645400404930115,0.27777740359306335
test_Seq_1668,1,2,"benchmark=nucleotide_transformer_downstream_tasks;dataset=splice_sites_all;matching=kmer_balanced;matching_signature=(6, 'AAA');border_estimator=center_window_kmer_jsd;estimator=center_jsd;window=48;search_radius=24;kmer=2;top_ratio=0.25;score_scale=4.0;motif_weight=0.0;motif_radius=12;score_normalization=train_quantile;raw_border_score=0.274379;border_score=1.116422",0.3171384632587433,0.32001498341560364,0.3628465533256531
test_Seq_933,0,2,"benchmark=nucleotide_transformer_downstream_tasks;dataset=splice_sites_all;matching=kmer_balanced;matching_signature=(13, 'CCC');border_estimator=center_window_kmer_jsd;estimator=center_jsd;window=48;search_radius=24;kmer=2;top_ratio=0.25;score_scale=4.0;motif_weight=0.0;motif_radius=12;score_normalization=train_quantile;raw_border_score=0.268327;border_score=1.107533",0.2207159847021103,0.20392413437366486,0.5753598809242249
test_Seq_1164,1,2,"benchmark=nucleotide_transformer_downstream_tasks;dataset=splice_sites_all;matching=kmer_balanced;matching_signature=(7, 'AAA');border_estimator=center_window_kmer_jsd;estimator=center_jsd;window=48;search_radius=24;kmer=2;top_ratio=0.25;score_scale=4.0;motif_weight=0.0;motif_radius=12;score_normalization=train_quantile;raw_border_score=0.217579;border_score=1.012689",0.2876431941986084,0.2876329720020294,0.42472386360168457
test_Seq_301,0,2,"benchmark=nucleotide_transformer_downstream_tasks;dataset=splice_sites_all;matching=kmer_balanced;matching_signature=(8, 'TTT');border_estimator=center_window_kmer_jsd;estimator=center_jsd;window=48;search_radius=24;kmer=2;top_ratio=0.25;score_scale=4.0;motif_weight=0.0;motif_radius=12;score_normalization=train_quantile;raw_border_score=0.197060;border_score=0.963000",0.207846537232399,0.20338408648967743,0.5887693762779236
test_Seq_1617,1,2,"benchmark=nucleotide_transformer_downstream_tasks;dataset=splice_sites_all;matching=kmer_balanced;matching_signature=(9, 'GGG');border_estimator=center_window_kmer_jsd;estimator=center_jsd;window=48;search_radius=24;kmer=2;top_ratio=0.25;score_scale=4.0;motif_weight=0.0;motif_radius=12;score_normalization=train_quantile;raw_border_score=0.096339;border_score=0.802022",0.2829025089740753,0.2755388021469116,0.4415586590766907
test_Seq_950,0,2,"benchmark=nucleotide_transformer_downstream_tasks;dataset=splice_sites_all;matching=kmer_balanced;matching_signature=(6, 'AAA');border_estimator=center_window_kmer_jsd;estimator=center_jsd;window=48;search_radius=24;kmer=2;top_ratio=0.25;score_scale=4.0;motif_weight=0.0;motif_radius=12;score_normalization=train_quantile;raw_border_score=0.241697;border_score=1.062511",0.32740533351898193,0.3185094892978668,0.35408514738082886
test_Seq_2493,2,2,"benchmark=nucleotide_transformer_downstream_tasks;dataset=splice_sites_all;matching=kmer_balanced;matching_signature=(13, 'CCC');border_estimator=center_window_kmer_jsd;estimator=center_jsd;window=48;search_radius=24;kmer=2;top_ratio=0.25;score_scale=4.0;motif_weight=0.0;motif_radius=12;score_normalization=train_quantile;raw_border_score=0.216548;border_score=1.010467",0.22291387617588043,0.21248959004878998,0.5645965337753296
test_Seq_2759,2,2,"benchmark=nucleotide_transformer_downstream_tasks;dataset=splice_sites_all;matching=kmer_balanced;matching_signature=(6, 'TTT');border_estimator=center_window_kmer_jsd;estimator=center_jsd;window=48;search_radius=24;kmer=2;top_ratio=0.25;score_scale=4.0;motif_weight=0.0;motif_radius=12;score_normalization=train_quantile;raw_border_score=0.177830;border_score=0.912956",0.2185867428779602,0.21091045439243317,0.5705028176307678
test_Seq_885,0,2,"benchmark=nucleotide_transformer_downstream_tasks;dataset=splice_sites_all;matching=kmer_balanced;matching_signature=(9, 'GGG');border_estimator=center_window_kmer_jsd;estimator=center_jsd;window=48;search_radius=24;kmer=2;top_ratio=0.25;score_scale=4.0;motif_weight=0.0;motif_radius=12;score_normalization=train_quantile;raw_border_score=0.241430;border_score=1.061800",0.30704009532928467,0.3118765652179718,0.38108327984809875
test_Seq_1536,1,1,"benchmark=nucleotide_transformer_downstream_tasks;dataset=splice_sites_all;matching=kmer_balanced;matching_signature=(9, 'CAG');border_estimator=center_window_kmer_jsd;estimator=center_jsd;window=48;search_radius=24;kmer=2;top_ratio=0.25;score_scale=4.0;motif_weight=0.0;motif_radius=12;score_normalization=train_quantile;raw_border_score=0.197503;border_score=0.964289",0.35739007592201233,0.36200764775276184,0.28060224652290344
test_Seq_2758,2,1,"benchmark=nucleotide_transformer_downstream_tasks;dataset=splice_sites_all;matching=kmer_balanced;matching_signature=(8, 'AAA');border_estimator=center_window_kmer_jsd;estimator=center_jsd;window=48;search_radius=24;kmer=2;top_ratio=0.25;score_scale=4.0;motif_weight=0.0;motif_radius=12;score_normalization=train_quantile;raw_border_score=0.165056;border_score=0.879222",0.34954720735549927,0.3602922856807709,0.29016053676605225
test_Seq_2968,2,2,"benchmark=nucleotide_transformer_downstream_tasks;dataset=splice_sites_all;matching=kmer_balanced;matching_signature=(7, 'TTT');border_estimator=center_window_kmer_jsd;estimator=center_jsd;window=48;search_radius=24;kmer=2;top_ratio=0.25;score_scale=4.0;motif_weight=0.0;motif_radius=12;score_normalization=train_quantile;raw_border_score=0.134651;border_score=0.824778",0.24108819663524628,0.23231588304042816,0.526595950126648
test_Seq_1541,1,1,"benchmark=nucleotide_transformer_downstream_tasks;dataset=splice_sites_all;matching=kmer_balanced;matching_signature=(9, 'GAA');border_estimator=center_window_kmer_jsd;estimator=center_jsd;window=48;search_radius=24;kmer=2;top_ratio=0.25;score_scale=4.0;motif_weight=0.0;motif_radius=12;score_normalization=train_quantile;raw_border_score=0.116170;border_score=0.808822",0.35179951786994934,0.3558153808116913,0.292385071516037
test_Seq_280,0,2,"benchmark=nucleotide_transformer_downstream_tasks;dataset=splice_sites_all;matching=kmer_balanced;matching_signature=(10, 'CCA');border_estimator=center_window_kmer_jsd;estimator=center_jsd;window=48;search_radius=24;kmer=2;top_ratio=0.25;score_scale=4.0;motif_weight=0.0;motif_radius=12;score_normalization=train_quantile;raw_border_score=0.240810;border_score=1.060778",0.3114677965641022,0.3068774938583374,0.3816547393798828
test_Seq_90,0,1,"benchmark=nucleotide_transformer_downstream_tasks;dataset=splice_sites_all;matching=kmer_balanced;matching_signature=(8, 'TTT');border_estimator=center_window_kmer_jsd;estimator=center_jsd;window=48;search_radius=24;kmer=2;top_ratio=0.25;score_scale=4.0;motif_weight=0.0;motif_radius=12;score_normalization=train_quantile;raw_border_score=0.195389;border_score=0.958244",0.33419835567474365,0.3408883810043335,0.32491326332092285
test_Seq_282,0,2,"benchmark=nucleotide_transformer_downstream_tasks;dataset=splice_sites_all;matching=kmer_balanced;matching_signature=(9, 'TTT');border_estimator=center_window_kmer_jsd;estimator=center_jsd;window=48;search_radius=24;kmer=2;top_ratio=0.25;score_scale=4.0;motif_weight=0.0;motif_radius=12;score_normalization=train_quantile;raw_border_score=0.142225;border_score=0.834378",0.25700831413269043,0.23856057226657867,0.5044311285018921
test_Seq_1768,1,1,"benchmark=nucleotide_transformer_downstream_tasks;dataset=splice_sites_all;matching=kmer_balanced;matching_signature=(9, 'TTT');border_estimator=center_window_kmer_jsd;estimator=center_jsd;window=48;search_radius=24;kmer=2;top_ratio=0.25;score_scale=4.0;motif_weight=0.0;motif_radius=12;score_normalization=train_quantile;raw_border_score=0.121241;border_score=0.811800",0.33346498012542725,0.34079742431640625,0.3257375955581665
test_Seq_1127,1,2,"benchmark=nucleotide_transformer_downstream_tasks;dataset=splice_sites_all;matching=kmer_balanced;matching_signature=(6, 'TTT');border_estimator=center_window_kmer_jsd;estimator=center_jsd;window=48;search_radius=24;kmer=2;top_ratio=0.25;score_scale=4.0;motif_weight=0.0;motif_radius=12;score_normalization=train_quantile;raw_border_score=0.219688;border_score=1.017756",0.2967374622821808,0.2907275855541229,0.41253501176834106
test_Seq_904,0,2,"benchmark=nucleotide_transformer_downstream_tasks;dataset=splice_sites_all;matching=kmer_balanced;matching_signature=(12, 'GGG');border_estimator=center_window_kmer_jsd;estimator=center_jsd;window=48;search_radius=24;kmer=2;top_ratio=0.25;score_scale=4.0;motif_weight=0.0;motif_radius=12;score_normalization=train_quantile;raw_border_score=0.295731;border_score=1.141444",0.3036026954650879,0.3021230399608612,0.3942742943763733
test_Seq_1015,1,2,"benchmark=nucleotide_transformer_downstream_tasks;dataset=splice_sites_all;matching=kmer_balanced;matching_signature=(7, 'TTT');border_estimator=center_window_kmer_jsd;estimator=center_jsd;window=48;search_radius=24;kmer=2;top_ratio=0.25;score_scale=4.0;motif_weight=0.0;motif_radius=12;score_normalization=train_quantile;raw_border_score=0.309174;border_score=1.153311",0.305108904838562,0.29499551653862,0.399895578622818
test_Seq_761,0,2,"benchmark=nucleotide_transformer_downstream_tasks;dataset=splice_sites_all;matching=kmer_balanced;matching_signature=(10, 'TTT');border_estimator=center_window_kmer_jsd;estimator=center_jsd;window=48;search_radius=24;kmer=2;top_ratio=0.25;score_scale=4.0;motif_weight=0.0;motif_radius=12;score_normalization=train_quantile;raw_border_score=0.272454;border_score=1.113933",0.33294931054115295,0.3278855085372925,0.3391651511192322
test_Seq_2036,2,2,"benchmark=nucleotide_transformer_downstream_tasks;dataset=splice_sites_all;matching=kmer_balanced;matching_signature=(11, 'CTG');border_estimator=center_window_kmer_jsd;estimator=center_jsd;window=48;search_radius=24;kmer=2;top_ratio=0.25;score_scale=4.0;motif_weight=0.0;motif_radius=12;score_normalization=train_quantile;raw_border_score=0.134187;border_score=0.824289",0.3154660165309906,0.3167521357536316,0.3677818775177002
test_Seq_304,0,2,"benchmark=nucleotide_transformer_downstream_tasks;dataset=splice_sites_all;matching=kmer_balanced;matching_signature=(8, 'AAA');border_estimator=center_window_kmer_jsd;estimator=center_jsd;window=48;search_radius=24;kmer=2;top_ratio=0.25;score_scale=4.0;motif_weight=0.0;motif_radius=12;score_normalization=train_quantile;raw_border_score=0.238258;border_score=1.055000",0.21379072964191437,0.20041023194789886,0.5857990384101868
test_Seq_1671,1,1,"benchmark=nucleotide_transformer_downstream_tasks;dataset=splice_sites_all;matching=kmer_balanced;matching_signature=(8, 'TTT');border_estimator=center_window_kmer_jsd;estimator=center_jsd;window=48;search_radius=24;kmer=2;top_ratio=0.25;score_scale=4.0;motif_weight=0.0;motif_radius=12;score_normalization=train_quantile;raw_border_score=0.284507;border_score=1.129756",0.3458099365234375,0.346716046333313,0.3074740469455719
test_Seq_1386,1,2,"benchmark=nucleotide_transformer_downstream_tasks;dataset=splice_sites_all;matching=kmer_balanced;matching_signature=(7, 'TTT');border_estimator=center_window_kmer_jsd;estimator=center_jsd;window=48;search_radius=24;kmer=2;top_ratio=0.25;score_scale=4.0;motif_weight=0.0;motif_radius=12;score_normalization=train_quantile;raw_border_score=0.331544;border_score=1.167089",0.30941495299339294,0.31009867787361145,0.380486398935318
test_Seq_1610,1,1,"benchmark=nucleotide_transformer_downstream_tasks;dataset=splice_sites_all;matching=kmer_balanced;matching_signature=(6, 'TTT');border_estimator=center_window_kmer_jsd;estimator=center_jsd;window=48;search_radius=24;kmer=2;top_ratio=0.25;score_scale=4.0;motif_weight=0.0;motif_radius=12;score_normalization=train_quantile;raw_border_score=0.187540;border_score=0.937356",0.3509841859340668,0.3522966504096985,0.29671916365623474
test_Seq_2699,2,2,"benchmark=nucleotide_transformer_downstream_tasks;dataset=splice_sites_all;matching=kmer_balanced;matching_signature=(8, 'TTT');border_estimator=center_window_kmer_jsd;estimator=center_jsd;window=48;search_radius=24;kmer=2;top_ratio=0.25;score_scale=4.0;motif_weight=0.0;motif_radius=12;score_normalization=train_quantile;raw_border_score=0.264716;border_score=1.103000",0.3278703987598419,0.3245599567890167,0.3475695848464966
test_Seq_1491,1,2,"benchmark=nucleotide_transformer_downstream_tasks;dataset=splice_sites_all;matching=kmer_balanced;matching_signature=(13, 'CCC');border_estimator=center_window_kmer_jsd;estimator=center_jsd;window=48;search_radius=24;kmer=2;top_ratio=0.25;score_scale=4.0;motif_weight=0.0;motif_radius=12;score_normalization=train_quantile;raw_border_score=0.119416;border_score=0.810556",0.26787251234054565,0.26210442185401917,0.47002312541007996
test_Seq_203,0,2,"benchmark=nucleotide_transformer_downstream_tasks;dataset=splice_sites_all;matching=kmer_balanced;matching_signature=(8, 'GAA');border_estimator=center_window_kmer_jsd;estimator=center_jsd;window=48;search_radius=24;kmer=2;top_ratio=0.25;score_scale=4.0;motif_weight=0.0;motif_radius=12;score_normalization=train_quantile;raw_border_score=0.271860;border_score=1.113000",0.3127177357673645,0.3183479905128479,0.3689342141151428
test_Seq_1952,1,2,"benchmark=nucleotide_transformer_downstream_tasks;dataset=splice_sites_all;matching=kmer_balanced;matching_signature=(8, 'TTT');border_estimator=center_window_kmer_jsd;estimator=center_jsd;window=48;search_radius=24;kmer=2;top_ratio=0.25;score_scale=4.0;motif_weight=0.0;motif_radius=12;score_normalization=train_quantile;raw_border_score=0.266366;border_score=1.105133",0.2128562480211258,0.20308555662631989,0.5840582251548767
test_Seq_534,0,2,"benchmark=nucleotide_transformer_downstream_tasks;dataset=splice_sites_all;matching=kmer_balanced;matching_signature=(8, 'AAA');border_estimator=center_window_kmer_jsd;estimator=center_jsd;window=48;search_radius=24;kmer=2;top_ratio=0.25;score_scale=4.0;motif_weight=0.0;motif_radius=12;score_normalization=train_quantile;raw_border_score=0.196238;border_score=0.960689",0.31380563974380493,0.3136356472969055,0.37255871295928955
test_Seq_931,0,2,"benchmark=nucleotide_transformer_downstream_tasks;dataset=splice_sites_all;matching=kmer_balanced;matching_signature=(9, 'TTT');border_estimator=center_window_kmer_jsd;estimator=center_jsd;window=48;search_radius=24;kmer=2;top_ratio=0.25;score_scale=4.0;motif_weight=0.0;motif_radius=12;score_normalization=train_quantile;raw_border_score=0.275104;border_score=1.117444",0.32759809494018555,0.32201412320137024,0.3503877520561218
test_Seq_770,0,2,"benchmark=nucleotide_transformer_downstream_tasks;dataset=splice_sites_all;matching=kmer_balanced;matching_signature=(10, 'CTC');border_estimator=center_window_kmer_jsd;estimator=center_jsd;window=48;search_radius=24;kmer=2;top_ratio=0.25;score_scale=4.0;motif_weight=0.0;motif_radius=12;score_normalization=train_quantile;raw_border_score=0.192890;border_score=0.951667",0.2958594560623169,0.28406715393066406,0.42007336020469666
test_Seq_349,0,1,"benchmark=nucleotide_transformer_downstream_tasks;dataset=splice_sites_all;matching=kmer_balanced;matching_signature=(10, 'GAG');border_estimator=center_window_kmer_jsd;estimator=center_jsd;window=48;search_radius=24;kmer=2;top_ratio=0.25;score_scale=4.0;motif_weight=0.0;motif_radius=12;score_normalization=train_quantile;raw_border_score=0.256668;border_score=1.090022",0.3647046983242035,0.368889719247818,0.2664056420326233
test_Seq_1185,1,1,"benchmark=nucleotide_transformer_downstream_tasks;dataset=splice_sites_all;matching=kmer_balanced;matching_signature=(8, 'AAA');border_estimator=center_window_kmer_jsd;estimator=center_jsd;window=48;search_radius=24;kmer=2;top_ratio=0.25;score_scale=4.0;motif_weight=0.0;motif_radius=12;score_normalization=train_quantile;raw_border_score=0.199902;border_score=0.971000",0.3420928120613098,0.3424780070781708,0.315429151058197
test_Seq_2852,2,2,"benchmark=nucleotide_transformer_downstream_tasks;dataset=splice_sites_all;matching=kmer_balanced;matching_signature=(10, 'TTT');border_estimator=center_window_kmer_jsd;estimator=center_jsd;window=48;search_radius=24;kmer=2;top_ratio=0.25;score_scale=4.0;motif_weight=0.0;motif_radius=12;score_normalization=train_quantile;raw_border_score=0.192847;border_score=0.951622",0.08370345830917358,0.07508397847414017,0.8412125110626221
test_Seq_2816,2,2,"benchmark=nucleotide_transformer_downstream_tasks;dataset=splice_sites_all;matching=kmer_balanced;matching_signature=(8, 'GAA');border_estimator=center_window_kmer_jsd;estimator=center_jsd;window=48;search_radius=24;kmer=2;top_ratio=0.25;score_scale=4.0;motif_weight=0.0;motif_radius=12;score_normalization=train_quantile;raw_border_score=0.128851;border_score=0.818289",0.25731977820396423,0.24584563076496124,0.49683454632759094
test_Seq_1277,1,1,"benchmark=nucleotide_transformer_downstream_tasks;dataset=splice_sites_all;matching=kmer_balanced;matching_signature=(6, 'TTT');border_estimator=center_window_kmer_jsd;estimator=center_jsd;window=48;search_radius=24;kmer=2;top_ratio=0.25;score_scale=4.0;motif_weight=0.0;motif_radius=12;score_normalization=train_quantile;raw_border_score=0.132562;border_score=0.822244",0.3421780467033386,0.3444775342941284,0.31334438920021057
test_Seq_1367,1,2,"benchmark=nucleotide_transformer_downstream_tasks;dataset=splice_sites_all;matching=kmer_balanced;matching_signature=(8, 'TTT');border_estimator=center_window_kmer_jsd;estimator=center_jsd;window=48;search_radius=24;kmer=2;top_ratio=0.25;score_scale=4.0;motif_weight=0.0;motif_radius=12;score_normalization=train_quantile;raw_border_score=0.226440;border_score=1.032600",0.2666865289211273,0.2558468282222748,0.4774666130542755
test_Seq_2053,2,2,"benchmark=nucleotide_transformer_downstream_tasks;dataset=splice_sites_all;matching=kmer_balanced;matching_signature=(9, 'TCT');border_estimator=center_window_kmer_jsd;estimator=center_jsd;window=48;search_radius=24;kmer=2;top_ratio=0.25;score_scale=4.0;motif_weight=0.0;motif_radius=12;score_normalization=train_quantile;raw_border_score=0.180934;border_score=0.920200",0.22659754753112793,0.2173965722322464,0.5560058951377869
test_Seq_1934,1,2,"benchmark=nucleotide_transformer_downstream_tasks;dataset=splice_sites_all;matching=kmer_balanced;matching_signature=(7, 'AAA');border_estimator=center_window_kmer_jsd;estimator=center_jsd;window=48;search_radius=24;kmer=2;top_ratio=0.25;score_scale=4.0;motif_weight=0.0;motif_radius=12;score_normalization=train_quantile;raw_border_score=0.375090;border_score=1.185489",0.23093467950820923,0.21501784026622772,0.5540474653244019
test_Seq_122,0,2,"benchmark=nucleotide_transformer_downstream_tasks;dataset=splice_sites_all;matching=kmer_balanced;matching_signature=(9, 'TTT');border_estimator=center_window_kmer_jsd;estimator=center_jsd;window=48;search_radius=24;kmer=2;top_ratio=0.25;score_scale=4.0;motif_weight=0.0;motif_radius=12;score_normalization=train_quantile;raw_border_score=0.239802;border_score=1.057800",0.09868913143873215,0.08999083191156387,0.8113200664520264
test_Seq_1114,1,2,"benchmark=nucleotide_transformer_downstream_tasks;dataset=splice_sites_all;matching=kmer_balanced;matching_signature=(5, 'TTT');border_estimator=center_window_kmer_jsd;estimator=center_jsd;window=48;search_radius=24;kmer=2;top_ratio=0.25;score_scale=4.0;motif_weight=0.0;motif_radius=12;score_normalization=train_quantile;raw_border_score=0.244856;border_score=1.069000",0.25288429856300354,0.23845233023166656,0.5086632966995239
test_Seq_2159,2,2,"benchmark=nucleotide_transformer_downstream_tasks;dataset=splice_sites_all;matching=kmer_balanced;matching_signature=(5, 'TTT');border_estimator=center_window_kmer_jsd;estimator=center_jsd;window=48;search_radius=24;kmer=2;top_ratio=0.25;score_scale=4.0;motif_weight=0.0;motif_radius=12;score_normalization=train_quantile;raw_border_score=0.145252;border_score=0.839311",0.14684559404850006,0.14140741527080536,0.7117469310760498
test_Seq_1011,1,2,"benchmark=nucleotide_transformer_downstream_tasks;dataset=splice_sites_all;matching=kmer_balanced;matching_signature=(7, 'TTT');border_estimator=center_window_kmer_jsd;estimator=center_jsd;window=48;search_radius=24;kmer=2;top_ratio=0.25;score_scale=4.0;motif_weight=0.0;motif_radius=12;score_normalization=train_quantile;raw_border_score=0.224307;border_score=1.028511",0.3147867023944855,0.3119639456272125,0.373249351978302
test_Seq_2617,2,2,"benchmark=nucleotide_transformer_downstream_tasks;dataset=splice_sites_all;matching=kmer_balanced;matching_signature=(8, 'AAA');border_estimator=center_window_kmer_jsd;estimator=center_jsd;window=48;search_radius=24;kmer=2;top_ratio=0.25;score_scale=4.0;motif_weight=0.0;motif_radius=12;score_normalization=train_quantile;raw_border_score=0.355495;border_score=1.179000",0.12166833132505417,0.11680608987808228,0.761525571346283
test_Seq_161,0,2,"benchmark=nucleotide_transformer_downstream_tasks;dataset=splice_sites_all;matching=kmer_balanced;matching_signature=(11, 'GGG');border_estimator=center_window_kmer_jsd;estimator=center_jsd;window=48;search_radius=24;kmer=2;top_ratio=0.25;score_scale=4.0;motif_weight=0.0;motif_radius=12;score_normalization=train_quantile;raw_border_score=0.339706;border_score=1.171711",0.3051595091819763,0.3091684579849243,0.38567206263542175
test_Seq_846,0,2,"benchmark=nucleotide_transformer_downstream_tasks;dataset=splice_sites_all;matching=kmer_balanced;matching_signature=(9, 'TTT');border_estimator=center_window_kmer_jsd;estimator=center_jsd;window=48;search_radius=24;kmer=2;top_ratio=0.25;score_scale=4.0;motif_weight=0.0;motif_radius=12;score_normalization=train_quantile;raw_border_score=0.230107;border_score=1.039978",0.28222185373306274,0.2751241624355316,0.44265398383140564
test_Seq_2135,2,2,"benchmark=nucleotide_transformer_downstream_tasks;dataset=splice_sites_all;matching=kmer_balanced;matching_signature=(6, 'TTT');border_estimator=center_window_kmer_jsd;estimator=center_jsd;window=48;search_radius=24;kmer=2;top_ratio=0.25;score_scale=4.0;motif_weight=0.0;motif_radius=12;score_normalization=train_quantile;raw_border_score=0.185174;border_score=0.931044",0.21233560144901276,0.20456209778785706,0.583102285861969
test_Seq_2061,2,2,"benchmark=nucleotide_transformer_downstream_tasks;dataset=splice_sites_all;matching=kmer_balanced;matching_signature=(10, 'TGT');border_estimator=center_window_kmer_jsd;estimator=center_jsd;window=48;search_radius=24;kmer=2;top_ratio=0.25;score_scale=4.0;motif_weight=0.0;motif_radius=12;score_normalization=train_quantile;raw_border_score=0.223885;border_score=1.027978",0.26206421852111816,0.24464190006256104,0.49329397082328796
test_Seq_2737,2,0,"benchmark=nucleotide_transformer_downstream_tasks;dataset=splice_sites_all;matching=kmer_balanced;matching_signature=(7, 'TTT');border_estimator=center_window_kmer_jsd;estimator=center_jsd;window=48;search_radius=24;kmer=2;top_ratio=0.25;score_scale=4.0;motif_weight=0.0;motif_radius=12;score_normalization=train_quantile;raw_border_score=0.276999;border_score=1.119844",0.33932265639305115,0.3309193253517151,0.3297579884529114
test_Seq_268,0,2,"benchmark=nucleotide_transformer_downstream_tasks;dataset=splice_sites_all;matching=kmer_balanced;matching_signature=(10, 'GGG');border_estimator=center_window_kmer_jsd;estimator=center_jsd;window=48;search_radius=24;kmer=2;top_ratio=0.25;score_scale=4.0;motif_weight=0.0;motif_radius=12;score_normalization=train_quantile;raw_border_score=0.191180;border_score=0.947444",0.28435584902763367,0.2793734669685364,0.43627065420150757
test_Seq_2258,2,1,"benchmark=nucleotide_transformer_downstream_tasks;dataset=splice_sites_all;matching=kmer_balanced;matching_signature=(12, 'CTG');border_estimator=center_window_kmer_jsd;estimator=center_jsd;window=48;search_radius=24;kmer=2;top_ratio=0.25;score_scale=4.0;motif_weight=0.0;motif_radius=12;score_normalization=train_quantile;raw_border_score=0.265874;border_score=1.104778",0.3412368595600128,0.34451156854629517,0.314251571893692
test_Seq_355,0,1,"benchmark=nucleotide_transformer_downstream_tasks;dataset=splice_sites_all;matching=kmer_balanced;matching_signature=(8, 'TTT');border_estimator=center_window_kmer_jsd;estimator=center_jsd;window=48;search_radius=24;kmer=2;top_ratio=0.25;score_scale=4.0;motif_weight=0.0;motif_radius=12;score_normalization=train_quantile;raw_border_score=0.485342;border_score=1.197667",0.3559466302394867,0.3671443462371826,0.2769089937210083
test_Seq_942,0,2,"benchmark=nucleotide_transformer_downstream_tasks;dataset=splice_sites_all;matching=kmer_balanced;matching_signature=(9, 'AAA');border_estimator=center_window_kmer_jsd;estimator=center_jsd;window=48;search_radius=24;kmer=2;top_ratio=0.25;score_scale=4.0;motif_weight=0.0;motif_radius=12;score_normalization=train_quantile;raw_border_score=0.156228;border_score=0.859756",0.29992032051086426,0.28364506363868713,0.416434645652771
test_Seq_1904,1,1,"benchmark=nucleotide_transformer_downstream_tasks;dataset=splice_sites_all;matching=kmer_balanced;matching_signature=(8, 'TTT');border_estimator=center_window_kmer_jsd;estimator=center_jsd;window=48;search_radius=24;kmer=2;top_ratio=0.25;score_scale=4.0;motif_weight=0.0;motif_radius=12;score_normalization=train_quantile;raw_border_score=0.269204;border_score=1.108822",0.3550055921077728,0.35790082812309265,0.2870935797691345
test_Seq_748,0,2,"benchmark=nucleotide_transformer_downstream_tasks;dataset=splice_sites_all;matching=kmer_balanced;matching_signature=(7, 'TTT');border_estimator=center_window_kmer_jsd;estimator=center_jsd;window=48;search_radius=24;kmer=2;top_ratio=0.25;score_scale=4.0;motif_weight=0.0;motif_radius=12;score_normalization=train_quantile;raw_border_score=0.134441;border_score=0.824511",0.3096822202205658,0.2961025536060333,0.39421528577804565
test_Seq_149,0,2,"benchmark=nucleotide_transformer_downstream_tasks;dataset=splice_sites_all;matching=kmer_balanced;matching_signature=(14, 'GGC');border_estimator=center_window_kmer_jsd;estimator=center_jsd;window=48;search_radius=24;kmer=2;top_ratio=0.25;score_scale=4.0;motif_weight=0.0;motif_radius=12;score_normalization=train_quantile;raw_border_score=0.131132;border_score=0.820644",0.30087485909461975,0.2905765771865845,0.40854862332344055
test_Seq_711,0,2,"benchmark=nucleotide_transformer_downstream_tasks;dataset=splice_sites_all;matching=kmer_balanced;matching_signature=(7, 'TTT');border_estimator=center_window_kmer_jsd;estimator=center_jsd;window=48;search_radius=24;kmer=2;top_ratio=0.25;score_scale=4.0;motif_weight=0.0;motif_radius=12;score_normalization=train_quantile;raw_border_score=0.189765;border_score=0.943578",0.23537848889827728,0.2196020632982254,0.5450195074081421
test_Seq_1342,1,2,"benchmark=nucleotide_transformer_downstream_tasks;dataset=splice_sites_all;matching=kmer_balanced;matching_signature=(6, 'TTT');border_estimator=center_window_kmer_jsd;estimator=center_jsd;window=48;search_radius=24;kmer=2;top_ratio=0.25;score_scale=4.0;motif_weight=0.0;motif_radius=12;score_normalization=train_quantile;raw_border_score=0.242202;border_score=1.064067",0.30266377329826355,0.2898235321044922,0.4075127840042114
test_Seq_1514,1,1,"benchmark=nucleotide_transformer_downstream_tasks;dataset=splice_sites_all;matching=kmer_balanced;matching_signature=(7, 'TGT');border_estimator=center_window_kmer_jsd;estimator=center_jsd;window=48;search_radius=24;kmer=2;top_ratio=0.25;score_scale=4.0;motif_weight=0.0;motif_radius=12;score_normalization=train_quantile;raw_border_score=0.210114;border_score=0.995267",0.34321027994155884,0.35108140110969543,0.30570828914642334
test_Seq_2140,2,2,"benchmark=nucleotide_transformer_downstream_tasks;dataset=splice_sites_all;matching=kmer_balanced;matching_signature=(12, 'GGG');border_estimator=center_window_kmer_jsd;estimator=center_jsd;window=48;search_radius=24;kmer=2;top_ratio=0.25;score_scale=4.0;motif_weight=0.0;motif_radius=12;score_normalization=train_quantile;raw_border_score=0.236919;border_score=1.052422",0.2889745533466339,0.2878361642360687,0.423189252614975
test_Seq_739,0,1,"benchmark=nucleotide_transformer_downstream_tasks;dataset=splice_sites_all;matching=kmer_balanced;matching_signature=(9, 'CTG');border_estimator=center_window_kmer_jsd;estimator=center_jsd;window=48;search_radius=24;kmer=2;top_ratio=0.25;score_scale=4.0;motif_weight=0.0;motif_radius=12;score_normalization=train_quantile;raw_border_score=0.297996;border_score=1.143667",0.3385635316371918,0.3469209372997284,0.31451553106307983
test_Seq_1228,1,2,"benchmark=nucleotide_transformer_downstream_tasks;dataset=splice_sites_all;matching=kmer_balanced;matching_signature=(7, 'AAA');border_estimator=center_window_kmer_jsd;estimator=center_jsd;window=48;search_radius=24;kmer=2;top_ratio=0.25;score_scale=4.0;motif_weight=0.0;motif_radius=12;score_normalization=train_quantile;raw_border_score=0.166286;border_score=0.882022",0.27838313579559326,0.2832283675670624,0.438388466835022
test_Seq_2607,2,1,"benchmark=nucleotide_transformer_downstream_tasks;dataset=splice_sites_all;matching=kmer_balanced;matching_signature=(8, 'TTT');border_estimator=center_window_kmer_jsd;estimator=center_jsd;window=48;search_radius=24;kmer=2;top_ratio=0.25;score_scale=4.0;motif_weight=0.0;motif_radius=12;score_normalization=train_quantile;raw_border_score=0.191945;border_score=0.949444",0.3547351062297821,0.3678050637245178,0.2774598300457001
test_Seq_1034,1,2,"benchmark=nucleotide_transformer_downstream_tasks;dataset=splice_sites_all;matching=kmer_balanced;matching_signature=(9, 'TCT');border_estimator=center_window_kmer_jsd;estimator=center_jsd;window=48;search_radius=24;kmer=2;top_ratio=0.25;score_scale=4.0;motif_weight=0.0;motif_radius=12;score_normalization=train_quantile;raw_border_score=0.212625;border_score=1.001000",0.314893901348114,0.3114820718765259,0.3736240565776825
test_Seq_1279,1,1,"benchmark=nucleotide_transformer_downstream_tasks;dataset=splice_sites_all;matching=kmer_balanced;matching_signature=(7, 'AAA');border_estimator=center_window_kmer_jsd;estimator=center_jsd;window=48;search_radius=24;kmer=2;top_ratio=0.25;score_scale=4.0;motif_weight=0.0;motif_radius=12;score_normalization=train_quantile;raw_border_score=0.224667;border_score=1.029222",0.33607733249664307,0.34143927693367004,0.3224834203720093
test_Seq_2074,2,2,"benchmark=nucleotide_transformer_downstream_tasks;dataset=splice_sites_all;matching=kmer_balanced;matching_signature=(8, 'TTT');border_estimator=center_window_kmer_jsd;estimator=center_jsd;window=48;search_radius=24;kmer=2;top_ratio=0.25;score_scale=4.0;motif_weight=0.0;motif_radius=12;score_normalization=train_quantile;raw_border_score=0.214783;border_score=1.005533",0.13071982562541962,0.1178138256072998,0.7514663338661194
test_Seq_1751,1,2,"benchmark=nucleotide_transformer_downstream_tasks;dataset=splice_sites_all;matching=kmer_balanced;matching_signature=(9, 'TTT');border_estimator=center_window_kmer_jsd;estimator=center_jsd;window=48;search_radius=24;kmer=2;top_ratio=0.25;score_scale=4.0;motif_weight=0.0;motif_radius=12;score_normalization=train_quantile;raw_border_score=0.248478;border_score=1.076067",0.3212531805038452,0.3288154602050781,0.3499313294887543
test_Seq_2563,2,2,"benchmark=nucleotide_transformer_downstream_tasks;dataset=splice_sites_all;matching=kmer_balanced;matching_signature=(8, 'TCT');border_estimator=center_window_kmer_jsd;estimator=center_jsd;window=48;search_radius=24;kmer=2;top_ratio=0.25;score_scale=4.0;motif_weight=0.0;motif_radius=12;score_normalization=train_quantile;raw_border_score=0.119916;border_score=0.810956",0.320999413728714,0.3177540600299835,0.3612464964389801
test_Seq_1276,1,2,"benchmark=nucleotide_transformer_downstream_tasks;dataset=splice_sites_all;matching=kmer_balanced;matching_signature=(7, 'AAA');border_estimator=center_window_kmer_jsd;estimator=center_jsd;window=48;search_radius=24;kmer=2;top_ratio=0.25;score_scale=4.0;motif_weight=0.0;motif_radius=12;score_normalization=train_quantile;raw_border_score=0.096829;border_score=0.802111",0.30232951045036316,0.31455209851264954,0.3831183612346649
test_Seq_1632,1,2,"benchmark=nucleotide_transformer_downstream_tasks;dataset=splice_sites_all;matching=kmer_balanced;matching_signature=(10, 'GAG');border_estimator=center_window_kmer_jsd;estimator=center_jsd;window=48;search_radius=24;kmer=2;top_ratio=0.25;score_scale=4.0;motif_weight=0.0;motif_radius=12;score_normalization=train_quantile;raw_border_score=0.225340;border_score=1.030733",0.33420127630233765,0.32822081446647644,0.3375779092311859
test_Seq_1640,1,2,"benchmark=nucleotide_transformer_downstream_tasks;dataset=splice_sites_all;matching=kmer_balanced;matching_signature=(5, 'TTT');border_estimator=center_window_kmer_jsd;estimator=center_jsd;window=48;search_radius=24;kmer=2;top_ratio=0.25;score_scale=4.0;motif_weight=0.0;motif_radius=12;score_normalization=train_quantile;raw_border_score=0.253670;border_score=1.085356",0.25668421387672424,0.24356508255004883,0.4997507333755493
test_Seq_1887,1,2,"benchmark=nucleotide_transformer_downstream_tasks;dataset=splice_sites_all;matching=kmer_balanced;matching_signature=(9, 'AAA');border_estimator=center_window_kmer_jsd;estimator=center_jsd;window=48;search_radius=24;kmer=2;top_ratio=0.25;score_scale=4.0;motif_weight=0.0;motif_radius=12;score_normalization=train_quantile;raw_border_score=0.252405;border_score=1.082911",0.2426326721906662,0.23842161893844604,0.5189456939697266
test_Seq_610,0,2,"benchmark=nucleotide_transformer_downstream_tasks;dataset=splice_sites_all;matching=kmer_balanced;matching_signature=(11, 'CCC');border_estimator=center_window_kmer_jsd;estimator=center_jsd;window=48;search_radius=24;kmer=2;top_ratio=0.25;score_scale=4.0;motif_weight=0.0;motif_radius=12;score_normalization=train_quantile;raw_border_score=0.342682;border_score=1.173178",0.3174237906932831,0.31317493319511414,0.36940130591392517
test_Seq_1735,1,1,"benchmark=nucleotide_transformer_downstream_tasks;dataset=splice_sites_all;matching=kmer_balanced;matching_signature=(7, 'TTT');border_estimator=center_window_kmer_jsd;estimator=center_jsd;window=48;search_radius=24;kmer=2;top_ratio=0.25;score_scale=4.0;motif_weight=0.0;motif_radius=12;score_normalization=train_quantile;raw_border_score=0.197896;border_score=0.965400",0.3362441062927246,0.3387262225151062,0.3250296711921692
test_Seq_2204,2,2,"benchmark=nucleotide_transformer_downstream_tasks;dataset=splice_sites_all;matching=kmer_balanced;matching_signature=(12, 'CTG');border_estimator=center_window_kmer_jsd;estimator=center_jsd;window=48;search_radius=24;kmer=2;top_ratio=0.25;score_scale=4.0;motif_weight=0.0;motif_radius=12;score_normalization=train_quantile;raw_border_score=0.186159;border_score=0.933578",0.3297273814678192,0.32192906737327576,0.34834352135658264
test_Seq_1872,1,2,"benchmark=nucleotide_transformer_downstream_tasks;dataset=splice_sites_all;matching=kmer_balanced;matching_signature=(6, 'TTT');border_estimator=center_window_kmer_jsd;estimator=center_jsd;window=48;search_radius=24;kmer=2;top_ratio=0.25;score_scale=4.0;motif_weight=0.0;motif_radius=12;score_normalization=train_quantile;raw_border_score=0.110502;border_score=0.805667",0.23415595293045044,0.22382378578186035,0.5420202612876892
test_Seq_425,0,2,"benchmark=nucleotide_transformer_downstream_tasks;dataset=splice_sites_all;matching=kmer_balanced;matching_signature=(9, 'AAA');border_estimator=center_window_kmer_jsd;estimator=center_jsd;window=48;search_radius=24;kmer=2;top_ratio=0.25;score_scale=4.0;motif_weight=0.0;motif_radius=12;score_normalization=train_quantile;raw_border_score=0.177616;border_score=0.912600",0.31017881631851196,0.2928169369697571,0.39700421690940857
test_Seq_612,0,1,"benchmark=nucleotide_transformer_downstream_tasks;dataset=splice_sites_all;matching=kmer_balanced;matching_signature=(8, 'TTT');border_estimator=center_window_kmer_jsd;estimator=center_jsd;window=48;search_radius=24;kmer=2;top_ratio=0.25;score_scale=4.0;motif_weight=0.0;motif_radius=12;score_normalization=train_quantile;raw_border_score=0.204824;border_score=0.983756",0.3382117450237274,0.33824366331100464,0.32354459166526794
test_Seq_557,0,2,"benchmark=nucleotide_transformer_downstream_tasks;dataset=splice_sites_all;matching=kmer_balanced;matching_signature=(11, 'GGG');border_estimator=center_window_kmer_jsd;estimator=center_jsd;window=48;search_radius=24;kmer=2;top_ratio=0.25;score_scale=4.0;motif_weight=0.0;motif_radius=12;score_normalization=train_quantile;raw_border_score=0.252031;border_score=1.082333",0.3223707377910614,0.32054802775382996,0.35708123445510864
test_Seq_804,0,2,"benchmark=nucleotide_transformer_downstream_tasks;dataset=splice_sites_all;matching=kmer_balanced;matching_signature=(5, 'TTT');border_estimator=center_window_kmer_jsd;estimator=center_jsd;window=48;search_radius=24;kmer=2;top_ratio=0.25;score_scale=4.0;motif_weight=0.0;motif_radius=12;score_normalization=train_quantile;raw_border_score=0.159537;border_score=0.866644",0.3092398941516876,0.2918774485588074,0.3988826870918274
test_Seq_2405,2,2,"benchmark=nucleotide_transformer_downstream_tasks;dataset=splice_sites_all;matching=kmer_balanced;matching_signature=(13, 'CCC');border_estimator=center_window_kmer_jsd;estimator=center_jsd;window=48;search_radius=24;kmer=2;top_ratio=0.25;score_scale=4.0;motif_weight=0.0;motif_radius=12;score_normalization=train_quantile;raw_border_score=0.224421;border_score=1.028689",0.27962782979011536,0.2735208570957184,0.44685128331184387
test_Seq_277,0,2,"benchmark=nucleotide_transformer_downstream_tasks;dataset=splice_sites_all;matching=kmer_balanced;matching_signature=(8, 'TTT');border_estimator=center_window_kmer_jsd;estimator=center_jsd;window=48;search_radius=24;kmer=2;top_ratio=0.25;score_scale=4.0;motif_weight=0.0;motif_radius=12;score_normalization=train_quantile;raw_border_score=0.140545;border_score=0.832200",0.3005189001560211,0.2901194095611572,0.40936166048049927
test_Seq_523,0,2,"benchmark=nucleotide_transformer_downstream_tasks;dataset=splice_sites_all;matching=kmer_balanced;matching_signature=(9, 'TGT');border_estimator=center_window_kmer_jsd;estimator=center_jsd;window=48;search_radius=24;kmer=2;top_ratio=0.25;score_scale=4.0;motif_weight=0.0;motif_radius=12;score_normalization=train_quantile;raw_border_score=0.147590;border_score=0.843356",0.3153592646121979,0.31481486558914185,0.3698258697986603
test_Seq_1396,1,2,"benchmark=nucleotide_transformer_downstream_tasks;dataset=splice_sites_all;matching=kmer_balanced;matching_signature=(6, 'AAA');border_estimator=center_window_kmer_jsd;estimator=center_jsd;window=48;search_radius=24;kmer=2;top_ratio=0.25;score_scale=4.0;motif_weight=0.0;motif_radius=12;score_normalization=train_quantile;raw_border_score=0.192509;border_score=0.951000",0.3286195397377014,0.3258831799030304,0.3454973101615906
test_Seq_786,0,2,"benchmark=nucleotide_transformer_downstream_tasks;dataset=splice_sites_all;matching=kmer_balanced;matching_signature=(12, 'CTG');border_estimator=center_window_kmer_jsd;estimator=center_jsd;window=48;search_radius=24;kmer=2;top_ratio=0.25;score_scale=4.0;motif_weight=0.0;motif_radius=12;score_normalization=train_quantile;raw_border_score=0.160231;border_score=0.867978",0.2792964279651642,0.27691105008125305,0.44379252195358276
test_Seq_1006,1,1,"benchmark=nucleotide_transformer_downstream_tasks;dataset=splice_sites_all;matching=kmer_balanced;matching_signature=(7, 'TTT');border_estimator=center_window_kmer_jsd;estimator=center_jsd;window=48;search_radius=24;kmer=2;top_ratio=0.25;score_scale=4.0;motif_weight=0.0;motif_radius=12;score_normalization=train_quantile;raw_border_score=0.244961;border_score=1.069400",0.3334389328956604,0.3392462134361267,0.3273148536682129
test_Seq_2139,2,2,"benchmark=nucleotide_transformer_downstream_tasks;dataset=splice_sites_all;matching=kmer_balanced;matching_signature=(7, 'AAA');border_estimator=center_window_kmer_jsd;estimator=center_jsd;window=48;search_radius=24;kmer=2;top_ratio=0.25;score_scale=4.0;motif_weight=0.0;motif_radius=12;score_normalization=train_quantile;raw_border_score=0.459660;border_score=1.196289",0.1636456549167633,0.15297862887382507,0.6833756566047668
test_Seq_1616,1,2,"benchmark=nucleotide_transformer_downstream_tasks;dataset=splice_sites_all;matching=kmer_balanced;matching_signature=(6, 'TTT');border_estimator=center_window_kmer_jsd;estimator=center_jsd;window=48;search_radius=24;kmer=2;top_ratio=0.25;score_scale=4.0;motif_weight=0.0;motif_radius=12;score_normalization=train_quantile;raw_border_score=0.184979;border_score=0.930511",0.2619384527206421,0.24248357117176056,0.49557799100875854
test_Seq_561,0,2,"benchmark=nucleotide_transformer_downstream_tasks;dataset=splice_sites_all;matching=kmer_balanced;matching_signature=(10, 'CTG');border_estimator=center_window_kmer_jsd;estimator=center_jsd;window=48;search_radius=24;kmer=2;top_ratio=0.25;score_scale=4.0;motif_weight=0.0;motif_radius=12;score_normalization=train_quantile;raw_border_score=0.158358;border_score=0.863444",0.3331781029701233,0.3312118351459503,0.335610032081604
test_Seq_1153,1,1,"benchmark=nucleotide_transformer_downstream_tasks;dataset=splice_sites_all;matching=kmer_balanced;matching_signature=(7, 'TTT');border_estimator=center_window_kmer_jsd;estimator=center_jsd;window=48;search_radius=24;kmer=2;top_ratio=0.25;score_scale=4.0;motif_weight=0.0;motif_radius=12;score_normalization=train_quantile;raw_border_score=0.156130;border_score=0.859489",0.36765798926353455,0.3721349835395813,0.26020702719688416
test_Seq_264,0,2,"benchmark=nucleotide_transformer_downstream_tasks;dataset=splice_sites_all;matching=kmer_balanced;matching_signature=(6, 'TTT');border_estimator=center_window_kmer_jsd;estimator=center_jsd;window=48;search_radius=24;kmer=2;top_ratio=0.25;score_scale=4.0;motif_weight=0.0;motif_radius=12;score_normalization=train_quantile;raw_border_score=0.194639;border_score=0.956022",0.2553423345088959,0.24698702991008759,0.49767065048217773
test_Seq_1783,1,2,"benchmark=nucleotide_transformer_downstream_tasks;dataset=splice_sites_all;matching=kmer_balanced;matching_signature=(8, 'TCT');border_estimator=center_window_kmer_jsd;estimator=center_jsd;window=48;search_radius=24;kmer=2;top_ratio=0.25;score_scale=4.0;motif_weight=0.0;motif_radius=12;score_normalization=train_quantile;raw_border_score=0.187850;border_score=0.938378",0.32963573932647705,0.3325352370738983,0.337829053401947
test_Seq_2440,2,1,"benchmark=nucleotide_transformer_downstream_tasks;dataset=splice_sites_all;matching=kmer_balanced;matching_signature=(10, 'CAG');border_estimator=center_window_kmer_jsd;estimator=center_jsd;window=48;search_radius=24;kmer=2;top_ratio=0.25;score_scale=4.0;motif_weight=0.0;motif_radius=12;score_normalization=train_quantile;raw_border_score=0.196818;border_score=0.962289",0.33748143911361694,0.3462965488433838,0.31622201204299927
test_Seq_1217,1,2,"benchmark=nucleotide_transformer_downstream_tasks;dataset=splice_sites_all;matching=kmer_balanced;matching_signature=(6, 'AAA');border_estimator=center_window_kmer_jsd;estimator=center_jsd;window=48;search_radius=24;kmer=2;top_ratio=0.25;score_scale=4.0;motif_weight=0.0;motif_radius=12;score_normalization=train_quantile;raw_border_score=0.260140;border_score=1.095978",0.3299068808555603,0.32125338912010193,0.34883975982666016
test_Seq_1969,1,2,"benchmark=nucleotide_transformer_downstream_tasks;dataset=splice_sites_all;matching=kmer_balanced;matching_signature=(10, 'TGT');border_estimator=center_window_kmer_jsd;estimator=center_jsd;window=48;search_radius=24;kmer=2;top_ratio=0.25;score_scale=4.0;motif_weight=0.0;motif_radius=12;score_normalization=train_quantile;raw_border_score=0.242491;border_score=1.064778",0.29424116015434265,0.290406733751297,0.4153520464897156
test_Seq_274,0,2,"benchmark=nucleotide_transformer_downstream_tasks;dataset=splice_sites_all;matching=kmer_balanced;matching_signature=(12, 'CAG');border_estimator=center_window_kmer_jsd;estimator=center_jsd;window=48;search_radius=24;kmer=2;top_ratio=0.25;score_scale=4.0;motif_weight=0.0;motif_radius=12;score_normalization=train_quantile;raw_border_score=0.108657;border_score=0.805000",0.301645964384079,0.3082146942615509,0.3901393711566925
test_Seq_2909,2,2,"benchmark=nucleotide_transformer_downstream_tasks;dataset=splice_sites_all;matching=kmer_balanced;matching_signature=(6, 'AAT');border_estimator=center_window_kmer_jsd;estimator=center_jsd;window=48;search_radius=24;kmer=2;top_ratio=0.25;score_scale=4.0;motif_weight=0.0;motif_radius=12;score_normalization=train_quantile;raw_border_score=0.180603;border_score=0.919311",0.1958799809217453,0.1835528016090393,0.6205672025680542
test_Seq_1696,1,1,"benchmark=nucleotide_transformer_downstream_tasks;dataset=splice_sites_all;matching=kmer_balanced;matching_signature=(7, 'TGT');border_estimator=center_window_kmer_jsd;estimator=center_jsd;window=48;search_radius=24;kmer=2;top_ratio=0.25;score_scale=4.0;motif_weight=0.0;motif_radius=12;score_normalization=train_quantile;raw_border_score=0.214666;border_score=1.005400",0.33453574776649475,0.34180402755737305,0.3236601948738098
test_Seq_1718,1,2,"benchmark=nucleotide_transformer_downstream_tasks;dataset=splice_sites_all;matching=kmer_balanced;matching_signature=(11, 'TGG');border_estimator=center_window_kmer_jsd;estimator=center_jsd;window=48;search_radius=24;kmer=2;top_ratio=0.25;score_scale=4.0;motif_weight=0.0;motif_radius=12;score_normalization=train_quantile;raw_border_score=0.192000;border_score=0.949667",0.33504191040992737,0.3233736753463745,0.3415844738483429
test_Seq_2715,2,2,"benchmark=nucleotide_transformer_downstream_tasks;dataset=splice_sites_all;matching=kmer_balanced;matching_signature=(6, 'TTT');border_estimator=center_window_kmer_jsd;estimator=center_jsd;window=48;search_radius=24;kmer=2;top_ratio=0.25;score_scale=4.0;motif_weight=0.0;motif_radius=12;score_normalization=train_quantile;raw_border_score=0.130050;border_score=0.819356",0.1696479469537735,0.15096548199653625,0.679386556148529
test_Seq_1160,1,2,"benchmark=nucleotide_transformer_downstream_tasks;dataset=splice_sites_all;matching=kmer_balanced;matching_signature=(9, 'CTC');border_estimator=center_window_kmer_jsd;estimator=center_jsd;window=48;search_radius=24;kmer=2;top_ratio=0.25;score_scale=4.0;motif_weight=0.0;motif_radius=12;score_normalization=train_quantile;raw_border_score=0.199179;border_score=0.968867",0.31313103437423706,0.30459627509117126,0.3822726607322693
test_Seq_2825,2,1,"benchmark=nucleotide_transformer_downstream_tasks;dataset=splice_sites_all;matching=kmer_balanced;matching_signature=(13, 'GGG');border_estimator=center_window_kmer_jsd;estimator=center_jsd;window=48;search_radius=24;kmer=2;top_ratio=0.25;score_scale=4.0;motif_weight=0.0;motif_radius=12;score_normalization=train_quantile;raw_border_score=0.195341;border_score=0.958022",0.36017516255378723,0.36519038677215576,0.274634450674057
test_Seq_1137,1,1,"benchmark=nucleotide_transformer_downstream_tasks;dataset=splice_sites_all;matching=kmer_balanced;matching_signature=(9, 'GTG');border_estimator=center_window_kmer_jsd;estimator=center_jsd;window=48;search_radius=24;kmer=2;top_ratio=0.25;score_scale=4.0;motif_weight=0.0;motif_radius=12;score_normalization=train_quantile;raw_border_score=0.219745;border_score=1.018067",0.3374423384666443,0.3463659882545471,0.316191703081131
test_Seq_1457,1,2,"benchmark=nucleotide_transformer_downstream_tasks;dataset=splice_sites_all;matching=kmer_balanced;matching_signature=(10, 'TGG');border_estimator=center_window_kmer_jsd;estimator=center_jsd;window=48;search_radius=24;kmer=2;top_ratio=0.25;score_scale=4.0;motif_weight=0.0;motif_radius=12;score_normalization=train_quantile;raw_border_score=0.180231;border_score=0.918467",0.3045516312122345,0.3018924593925476,0.39355596899986267
test_Seq_1728,1,2,"benchmark=nucleotide_transformer_downstream_tasks;dataset=splice_sites_all;matching=kmer_balanced;matching_signature=(10, 'TCC');border_estimator=center_window_kmer_jsd;estimator=center_jsd;window=48;search_radius=24;kmer=2;top_ratio=0.25;score_scale=4.0;motif_weight=0.0;motif_radius=12;score_normalization=train_quantile;raw_border_score=0.171558;border_score=0.895178",0.2865258455276489,0.27509453892707825,0.43837970495224
test_Seq_539,0,2,"benchmark=nucleotide_transformer_downstream_tasks;dataset=splice_sites_all;matching=kmer_balanced;matching_signature=(13, 'GGG');border_estimator=center_window_kmer_jsd;estimator=center_jsd;window=48;search_radius=24;kmer=2;top_ratio=0.25;score_scale=4.0;motif_weight=0.0;motif_radius=12;score_normalization=train_quantile;raw_border_score=0.249223;border_score=1.077667",0.30465537309646606,0.29305341839790344,0.4022911787033081
test_Seq_1946,1,2,"benchmark=nucleotide_transformer_downstream_tasks;dataset=splice_sites_all;matching=kmer_balanced;matching_signature=(8, 'AAA');border_estimator=center_window_kmer_jsd;estimator=center_jsd;window=48;search_radius=24;kmer=2;top_ratio=0.25;score_scale=4.0;motif_weight=0.0;motif_radius=12;score_normalization=train_quantile;raw_border_score=0.396882;border_score=1.189400",0.28407543897628784,0.28051459789276123,0.43540993332862854
test_Seq_798,0,2,"benchmark=nucleotide_transformer_downstream_tasks;dataset=splice_sites_all;matching=kmer_balanced;matching_signature=(11, 'CCA');border_estimator=center_window_kmer_jsd;estimator=center_jsd;window=48;search_radius=24;kmer=2;top_ratio=0.25;score_scale=4.0;motif_weight=0.0;motif_radius=12;score_normalization=train_quantile;raw_border_score=0.221154;border_score=1.021711",0.33131566643714905,0.3267812132835388,0.34190312027931213
test_Seq_923,0,1,"benchmark=nucleotide_transformer_downstream_tasks;dataset=splice_sites_all;matching=kmer_balanced;matching_signature=(7, 'TTT');border_estimator=center_window_kmer_jsd;estimator=center_jsd;window=48;search_radius=24;kmer=2;top_ratio=0.25;score_scale=4.0;motif_weight=0.0;motif_radius=12;score_normalization=train_quantile;raw_border_score=0.258860;border_score=1.093533",0.34618809819221497,0.3480919897556305,0.30571988224983215
test_Seq_116,0,0,"benchmark=nucleotide_transformer_downstream_tasks;dataset=splice_sites_all;matching=kmer_balanced;matching_signature=(7, 'TTT');border_estimator=center_window_kmer_jsd;estimator=center_jsd;window=48;search_radius=24;kmer=2;top_ratio=0.25;score_scale=4.0;motif_weight=0.0;motif_radius=12;score_normalization=train_quantile;raw_border_score=0.217050;border_score=1.011578",0.33843329548835754,0.3304068446159363,0.3311598598957062
test_Seq_1489,1,2,"benchmark=nucleotide_transformer_downstream_tasks;dataset=splice_sites_all;matching=kmer_balanced;matching_signature=(7, 'TTT');border_estimator=center_window_kmer_jsd;estimator=center_jsd;window=48;search_radius=24;kmer=2;top_ratio=0.25;score_scale=4.0;motif_weight=0.0;motif_radius=12;score_normalization=train_quantile;raw_border_score=0.153248;border_score=0.853844",0.3077150285243988,0.31006234884262085,0.38222265243530273
test_Seq_1225,1,2,"benchmark=nucleotide_transformer_downstream_tasks;dataset=splice_sites_all;matching=kmer_balanced;matching_signature=(7, 'TTT');border_estimator=center_window_kmer_jsd;estimator=center_jsd;window=48;search_radius=24;kmer=2;top_ratio=0.25;score_scale=4.0;motif_weight=0.0;motif_radius=12;score_normalization=train_quantile;raw_border_score=0.204859;border_score=0.983844",0.3267166316509247,0.3320031762123108,0.3412801921367645
test_Seq_623,0,2,"benchmark=nucleotide_transformer_downstream_tasks;dataset=splice_sites_all;matching=kmer_balanced;matching_signature=(9, 'TTT');border_estimator=center_window_kmer_jsd;estimator=center_jsd;window=48;search_radius=24;kmer=2;top_ratio=0.25;score_scale=4.0;motif_weight=0.0;motif_radius=12;score_normalization=train_quantile;raw_border_score=0.185874;border_score=0.932822",0.28698134422302246,0.28769147396087646,0.4253271818161011
test_Seq_2201,2,2,"benchmark=nucleotide_transformer_downstream_tasks;dataset=splice_sites_all;matching=kmer_balanced;matching_signature=(7, 'TTT');border_estimator=center_window_kmer_jsd;estimator=center_jsd;window=48;search_radius=24;kmer=2;top_ratio=0.25;score_scale=4.0;motif_weight=0.0;motif_radius=12;score_normalization=train_quantile;raw_border_score=0.278296;border_score=1.121800",0.30333051085472107,0.30715006589889526,0.38951942324638367
test_Seq_2985,2,2,"benchmark=nucleotide_transformer_downstream_tasks;dataset=splice_sites_all;matching=kmer_balanced;matching_signature=(9, 'TTT');border_estimator=center_window_kmer_jsd;estimator=center_jsd;window=48;search_radius=24;kmer=2;top_ratio=0.25;score_scale=4.0;motif_weight=0.0;motif_radius=12;score_normalization=train_quantile;raw_border_score=0.173934;border_score=0.901844",0.3097199499607086,0.3069142699241638,0.38336580991744995
test_Seq_2224,2,2,"benchmark=nucleotide_transformer_downstream_tasks;dataset=splice_sites_all;matching=kmer_balanced;matching_signature=(10, 'TGG');border_estimator=center_window_kmer_jsd;estimator=center_jsd;window=48;search_radius=24;kmer=2;top_ratio=0.25;score_scale=4.0;motif_weight=0.0;motif_radius=12;score_normalization=train_quantile;raw_border_score=0.185686;border_score=0.932467",0.2457992434501648,0.23772640526294708,0.5164743661880493
test_Seq_103,0,2,"benchmark=nucleotide_transformer_downstream_tasks;dataset=splice_sites_all;matching=kmer_balanced;matching_signature=(6, 'TTT');border_estimator=center_window_kmer_jsd;estimator=center_jsd;window=48;search_radius=24;kmer=2;top_ratio=0.25;score_scale=4.0;motif_weight=0.0;motif_radius=12;score_normalization=train_quantile;raw_border_score=0.168608;border_score=0.887578",0.24107764661312103,0.22975069284439087,0.5291716456413269
test_Seq_1256,1,2,"benchmark=nucleotide_transformer_downstream_tasks;dataset=splice_sites_all;matching=kmer_balanced;matching_signature=(6, 'TTT');border_estimator=center_window_kmer_jsd;estimator=center_jsd;window=48;search_radius=24;kmer=2;top_ratio=0.25;score_scale=4.0;motif_weight=0.0;motif_radius=12;score_normalization=train_quantile;raw_border_score=0.387647;border_score=1.188022",0.31936606764793396,0.3185926675796509,0.36204129457473755
test_Seq_2305,2,2,"benchmark=nucleotide_transformer_downstream_tasks;dataset=splice_sites_all;matching=kmer_balanced;matching_signature=(11, 'GGG');border_estimator=center_window_kmer_jsd;estimator=center_jsd;window=48;search_radius=24;kmer=2;top_ratio=0.25;score_scale=4.0;motif_weight=0.0;motif_radius=12;score_normalization=train_quantile;raw_border_score=0.221177;border_score=1.021800",0.3217167854309082,0.32862043380737305,0.34966278076171875
test_Seq_857,0,2,"benchmark=nucleotide_transformer_downstream_tasks;dataset=splice_sites_all;matching=kmer_balanced;matching_signature=(8, 'AAA');border_estimator=center_window_kmer_jsd;estimator=center_jsd;window=48;search_radius=24;kmer=2;top_ratio=0.25;score_scale=4.0;motif_weight=0.0;motif_radius=12;score_normalization=train_quantile;raw_border_score=0.245755;border_score=1.070733",0.3087306022644043,0.3194507360458374,0.3718186616897583
test_Seq_2471,2,2,"benchmark=nucleotide_transformer_downstream_tasks;dataset=splice_sites_all;matching=kmer_balanced;matching_signature=(8, 'TTT');border_estimator=center_window_kmer_jsd;estimator=center_jsd;window=48;search_radius=24;kmer=2;top_ratio=0.25;score_scale=4.0;motif_weight=0.0;motif_radius=12;score_normalization=train_quantile;raw_border_score=0.204343;border_score=0.982600",0.16905194520950317,0.15525729954242706,0.675690770149231
test_Seq_184,0,1,"benchmark=nucleotide_transformer_downstream_tasks;dataset=splice_sites_all;matching=kmer_balanced;matching_signature=(8, 'AAA');border_estimator=center_window_kmer_jsd;estimator=center_jsd;window=48;search_radius=24;kmer=2;top_ratio=0.25;score_scale=4.0;motif_weight=0.0;motif_radius=12;score_normalization=train_quantile;raw_border_score=0.259358;border_score=1.094467",0.34995895624160767,0.357593834400177,0.2924472391605377
test_Seq_1163,1,2,"benchmark=nucleotide_transformer_downstream_tasks;dataset=splice_sites_all;matching=kmer_balanced;matching_signature=(7, 'TTT');border_estimator=center_window_kmer_jsd;estimator=center_jsd;window=48;search_radius=24;kmer=2;top_ratio=0.25;score_scale=4.0;motif_weight=0.0;motif_radius=12;score_normalization=train_quantile;raw_border_score=0.282061;border_score=1.126467",0.2918510437011719,0.2801239490509033,0.4280249774456024
test_Seq_1553,1,0,"benchmark=nucleotide_transformer_downstream_tasks;dataset=splice_sites_all;matching=kmer_balanced;matching_signature=(6, 'TTT');border_estimator=center_window_kmer_jsd;estimator=center_jsd;window=48;search_radius=24;kmer=2;top_ratio=0.25;score_scale=4.0;motif_weight=0.0;motif_radius=12;score_normalization=train_quantile;raw_border_score=0.181391;border_score=0.921356",0.36689308285713196,0.36333167552948,0.26977527141571045
test_Seq_2975,2,2,"benchmark=nucleotide_transformer_downstream_tasks;dataset=splice_sites_all;matching=kmer_balanced;matching_signature=(6, 'TTT');border_estimator=center_window_kmer_jsd;estimator=center_jsd;window=48;search_radius=24;kmer=2;top_ratio=0.25;score_scale=4.0;motif_weight=0.0;motif_radius=12;score_normalization=train_quantile;raw_border_score=0.144669;border_score=0.838156",0.27966898679733276,0.2721181809902191,0.4482128322124481
test_Seq_2056,2,2,"benchmark=nucleotide_transformer_downstream_tasks;dataset=splice_sites_all;matching=kmer_balanced;matching_signature=(6, 'TTT');border_estimator=center_window_kmer_jsd;estimator=center_jsd;window=48;search_radius=24;kmer=2;top_ratio=0.25;score_scale=4.0;motif_weight=0.0;motif_radius=12;score_normalization=train_quantile;raw_border_score=0.236723;border_score=1.052244",0.2943873703479767,0.28213462233543396,0.4234779179096222
test_Seq_443,0,2,"benchmark=nucleotide_transformer_downstream_tasks;dataset=splice_sites_all;matching=kmer_balanced;matching_signature=(11, 'GGG');border_estimator=center_window_kmer_jsd;estimator=center_jsd;window=48;search_radius=24;kmer=2;top_ratio=0.25;score_scale=4.0;motif_weight=0.0;motif_radius=12;score_normalization=train_quantile;raw_border_score=0.118558;border_score=0.810067",0.32237496972084045,0.319730669260025,0.3578943908214569
test_Seq_1878,1,2,"benchmark=nucleotide_transformer_downstream_tasks;dataset=splice_sites_all;matching=kmer_balanced;matching_signature=(7, 'TTT');border_estimator=center_window_kmer_jsd;estimator=center_jsd;window=48;search_radius=24;kmer=2;top_ratio=0.25;score_scale=4.0;motif_weight=0.0;motif_radius=12;score_normalization=train_quantile;raw_border_score=0.226886;border_score=1.034022",0.2389974594116211,0.22965599596500397,0.5313464999198914
test_Seq_1094,1,0,"benchmark=nucleotide_transformer_downstream_tasks;dataset=splice_sites_all;matching=kmer_balanced;matching_signature=(7, 'TTT');border_estimator=center_window_kmer_jsd;estimator=center_jsd;window=48;search_radius=24;kmer=2;top_ratio=0.25;score_scale=4.0;motif_weight=0.0;motif_radius=12;score_normalization=train_quantile;raw_border_score=0.179438;border_score=0.916467",0.3659438490867615,0.3592863380908966,0.2747698426246643
test_Seq_365,0,1,"benchmark=nucleotide_transformer_downstream_tasks;dataset=splice_sites_all;matching=kmer_balanced;matching_signature=(8, 'TTT');border_estimator=center_window_kmer_jsd;estimator=center_jsd;window=48;search_radius=24;kmer=2;top_ratio=0.25;score_scale=4.0;motif_weight=0.0;motif_radius=12;score_normalization=train_quantile;raw_border_score=0.255292;border_score=1.087800",0.35481125116348267,0.3609730005264282,0.2842157483100891
test_Seq_2918,2,2,"benchmark=nucleotide_transformer_downstream_tasks;dataset=splice_sites_all;matching=kmer_balanced;matching_signature=(7, 'AAA');border_estimator=center_window_kmer_jsd;estimator=center_jsd;window=48;search_radius=24;kmer=2;top_ratio=0.25;score_scale=4.0;motif_weight=0.0;motif_radius=12;score_normalization=train_quantile;raw_border_score=0.227548;border_score=1.035489",0.30503836274147034,0.3066202998161316,0.38834133744239807
test_Seq_890,0,2,"benchmark=nucleotide_transformer_downstream_tasks;dataset=splice_sites_all;matching=kmer_balanced;matching_signature=(7, 'TTT');border_estimator=center_window_kmer_jsd;estimator=center_jsd;window=48;search_radius=24;kmer=2;top_ratio=0.25;score_scale=4.0;motif_weight=0.0;motif_radius=12;score_normalization=train_quantile;raw_border_score=0.201008;border_score=0.973267",0.31619223952293396,0.30974820256233215,0.3740595579147339
test_Seq_2469,2,2,"benchmark=nucleotide_transformer_downstream_tasks;dataset=splice_sites_all;matching=kmer_balanced;matching_signature=(9, 'TTT');border_estimator=center_window_kmer_jsd;estimator=center_jsd;window=48;search_radius=24;kmer=2;top_ratio=0.25;score_scale=4.0;motif_weight=0.0;motif_radius=12;score_normalization=train_quantile;raw_border_score=0.257503;border_score=1.091444",0.1278308779001236,0.12010999768972397,0.7520591616630554
test_Seq_2630,2,2,"benchmark=nucleotide_transformer_downstream_tasks;dataset=splice_sites_all;matching=kmer_balanced;matching_signature=(11, 'TGG');border_estimator=center_window_kmer_jsd;estimator=center_jsd;window=48;search_radius=24;kmer=2;top_ratio=0.25;score_scale=4.0;motif_weight=0.0;motif_radius=12;score_normalization=train_quantile;raw_border_score=0.195249;border_score=0.957889",0.3013974130153656,0.3021126389503479,0.3964899182319641
test_Seq_329,0,2,"benchmark=nucleotide_transformer_downstream_tasks;dataset=splice_sites_all;matching=kmer_balanced;matching_signature=(7, 'AAA');border_estimator=center_window_kmer_jsd;estimator=center_jsd;window=48;search_radius=24;kmer=2;top_ratio=0.25;score_scale=4.0;motif_weight=0.0;motif_radius=12;score_normalization=train_quantile;raw_border_score=0.133267;border_score=0.823178",0.2357034981250763,0.22235003113746643,0.541946530342102
test_Seq_1502,1,2,"benchmark=nucleotide_transformer_downstream_tasks;dataset=splice_sites_all;matching=kmer_balanced;matching_signature=(6, 'AAA');border_estimator=center_window_kmer_jsd;estimator=center_jsd;window=48;search_radius=24;kmer=2;top_ratio=0.25;score_scale=4.0;motif_weight=0.0;motif_radius=12;score_normalization=train_quantile;raw_border_score=0.316376;border_score=1.158467",0.31990477442741394,0.32175612449645996,0.3583391010761261
test_Seq_2272,2,2,"benchmark=nucleotide_transformer_downstream_tasks;dataset=splice_sites_all;matching=kmer_balanced;matching_signature=(7, 'TTT');border_estimator=center_window_kmer_jsd;estimator=center_jsd;window=48;search_radius=24;kmer=2;top_ratio=0.25;score_scale=4.0;motif_weight=0.0;motif_radius=12;score_normalization=train_quantile;raw_border_score=0.284183;border_score=1.129311",0.3017991781234741,0.29111775755882263,0.40708300471305847
test_Seq_1385,1,2,"benchmark=nucleotide_transformer_downstream_tasks;dataset=splice_sites_all;matching=kmer_balanced;matching_signature=(6, 'AAA');border_estimator=center_window_kmer_jsd;estimator=center_jsd;window=48;search_radius=24;kmer=2;top_ratio=0.25;score_scale=4.0;motif_weight=0.0;motif_radius=12;score_normalization=train_quantile;raw_border_score=0.207151;border_score=0.988600",0.3047518730163574,0.3016004264354706,0.3936477303504944
test_Seq_1959,1,2,"benchmark=nucleotide_transformer_downstream_tasks;dataset=splice_sites_all;matching=kmer_balanced;matching_signature=(6, 'TTT');border_estimator=center_window_kmer_jsd;estimator=center_jsd;window=48;search_radius=24;kmer=2;top_ratio=0.25;score_scale=4.0;motif_weight=0.0;motif_radius=12;score_normalization=train_quantile;raw_border_score=0.175852;border_score=0.907311",0.30800697207450867,0.2968794107437134,0.39511367678642273
test_Seq_2205,2,2,"benchmark=nucleotide_transformer_downstream_tasks;dataset=splice_sites_all;matching=kmer_balanced;matching_signature=(6, 'AAA');border_estimator=center_window_kmer_jsd;estimator=center_jsd;window=48;search_radius=24;kmer=2;top_ratio=0.25;score_scale=4.0;motif_weight=0.0;motif_radius=12;score_normalization=train_quantile;raw_border_score=0.212131;border_score=0.999800",0.27521365880966187,0.27005207538604736,0.45473432540893555
test_Seq_663,0,1,"benchmark=nucleotide_transformer_downstream_tasks;dataset=splice_sites_all;matching=kmer_balanced;matching_signature=(8, 'AAA');border_estimator=center_window_kmer_jsd;estimator=center_jsd;window=48;search_radius=24;kmer=2;top_ratio=0.25;score_scale=4.0;motif_weight=0.0;motif_radius=12;score_normalization=train_quantile;raw_border_score=0.198538;border_score=0.967356",0.34268975257873535,0.34431135654449463,0.31299886107444763
test_Seq_432,0,2,"benchmark=nucleotide_transformer_downstream_tasks;dataset=splice_sites_all;matching=kmer_balanced;matching_signature=(14, 'GGG');border_estimator=center_window_kmer_jsd;estimator=center_jsd;window=48;search_radius=24;kmer=2;top_ratio=0.25;score_scale=4.0;motif_weight=0.0;motif_radius=12;score_normalization=train_quantile;raw_border_score=0.262914;border_score=1.100867",0.2947774827480316,0.29504743218421936,0.41017505526542664
test_Seq_2963,2,2,"benchmark=nucleotide_transformer_downstream_tasks;dataset=splice_sites_all;matching=kmer_balanced;matching_signature=(10, 'CCC');border_estimator=center_window_kmer_jsd;estimator=center_jsd;window=48;search_radius=24;kmer=2;top_ratio=0.25;score_scale=4.0;motif_weight=0.0;motif_radius=12;score_normalization=train_quantile;raw_border_score=0.307934;border_score=1.152111",0.32475629448890686,0.3146292567253113,0.36061447858810425
test_Seq_368,0,2,"benchmark=nucleotide_transformer_downstream_tasks;dataset=splice_sites_all;matching=kmer_balanced;matching_signature=(8, 'AAA');border_estimator=center_window_kmer_jsd;estimator=center_jsd;window=48;search_radius=24;kmer=2;top_ratio=0.25;score_scale=4.0;motif_weight=0.0;motif_radius=12;score_normalization=train_quantile;raw_border_score=0.185705;border_score=0.932511",0.3109050989151001,0.30801376700401306,0.38108113408088684
test_Seq_2438,2,2,"benchmark=nucleotide_transformer_downstream_tasks;dataset=splice_sites_all;matching=kmer_balanced;matching_signature=(10, 'CTC');border_estimator=center_window_kmer_jsd;estimator=center_jsd;window=48;search_radius=24;kmer=2;top_ratio=0.25;score_scale=4.0;motif_weight=0.0;motif_radius=12;score_normalization=train_quantile;raw_border_score=0.183915;border_score=0.927178",0.2939666509628296,0.2881490886211395,0.4178842604160309
test_Seq_1222,1,2,"benchmark=nucleotide_transformer_downstream_tasks;dataset=splice_sites_all;matching=kmer_balanced;matching_signature=(7, 'TTT');border_estimator=center_window_kmer_jsd;estimator=center_jsd;window=48;search_radius=24;kmer=2;top_ratio=0.25;score_scale=4.0;motif_weight=0.0;motif_radius=12;score_normalization=train_quantile;raw_border_score=0.157260;border_score=0.861667",0.31570035219192505,0.3113529086112976,0.37294676899909973
test_Seq_831,0,2,"benchmark=nucleotide_transformer_downstream_tasks;dataset=splice_sites_all;matching=kmer_balanced;matching_signature=(7, 'TTT');border_estimator=center_window_kmer_jsd;estimator=center_jsd;window=48;search_radius=24;kmer=2;top_ratio=0.25;score_scale=4.0;motif_weight=0.0;motif_radius=12;score_normalization=train_quantile;raw_border_score=0.224966;border_score=1.029978",0.315010666847229,0.3205474317073822,0.3644419312477112
test_Seq_1907,1,2,"benchmark=nucleotide_transformer_downstream_tasks;dataset=splice_sites_all;matching=kmer_balanced;matching_signature=(13, 'GGG');border_estimator=center_window_kmer_jsd;estimator=center_jsd;window=48;search_radius=24;kmer=2;top_ratio=0.25;score_scale=4.0;motif_weight=0.0;motif_radius=12;score_normalization=train_quantile;raw_border_score=0.157504;border_score=0.862067",0.27873536944389343,0.27668628096580505,0.4445784091949463
test_Seq_475,0,2,"benchmark=nucleotide_transformer_downstream_tasks;dataset=splice_sites_all;matching=kmer_balanced;matching_signature=(10, 'TGG');border_estimator=center_window_kmer_jsd;estimator=center_jsd;window=48;search_radius=24;kmer=2;top_ratio=0.25;score_scale=4.0;motif_weight=0.0;motif_radius=12;score_normalization=train_quantile;raw_border_score=0.207130;border_score=0.988556",0.32811039686203003,0.331686407327652,0.34020325541496277
test_Seq_957,0,2,"benchmark=nucleotide_transformer_downstream_tasks;dataset=splice_sites_all;matching=kmer_balanced;matching_signature=(14, 'GGG');border_estimator=center_window_kmer_jsd;estimator=center_jsd;window=48;search_radius=24;kmer=2;top_ratio=0.25;score_scale=4.0;motif_weight=0.0;motif_radius=12;score_normalization=train_quantile;raw_border_score=0.281120;border_score=1.125356",0.2993459403514862,0.29503774642944336,0.40561628341674805
test_Seq_2449,2,2,"benchmark=nucleotide_transformer_downstream_tasks;dataset=splice_sites_all;matching=kmer_balanced;matching_signature=(7, 'TTT');border_estimator=center_window_kmer_jsd;estimator=center_jsd;window=48;search_radius=24;kmer=2;top_ratio=0.25;score_scale=4.0;motif_weight=0.0;motif_radius=12;score_normalization=train_quantile;raw_border_score=0.301318;border_score=1.147400",0.3196643590927124,0.31798556447029114,0.3623500466346741
test_Seq_2964,2,2,"benchmark=nucleotide_transformer_downstream_tasks;dataset=splice_sites_all;matching=kmer_balanced;matching_signature=(7, 'TTT');border_estimator=center_window_kmer_jsd;estimator=center_jsd;window=48;search_radius=24;kmer=2;top_ratio=0.25;score_scale=4.0;motif_weight=0.0;motif_radius=12;score_normalization=train_quantile;raw_border_score=0.197497;border_score=0.964244",0.20603954792022705,0.19399383664131165,0.5999665856361389
test_Seq_573,0,2,"benchmark=nucleotide_transformer_downstream_tasks;dataset=splice_sites_all;matching=kmer_balanced;matching_signature=(8, 'TCT');border_estimator=center_window_kmer_jsd;estimator=center_jsd;window=48;search_radius=24;kmer=2;top_ratio=0.25;score_scale=4.0;motif_weight=0.0;motif_radius=12;score_normalization=train_quantile;raw_border_score=0.211509;border_score=0.998778",0.2875867187976837,0.2782936096191406,0.4341196119785309
test_Seq_1964,1,2,"benchmark=nucleotide_transformer_downstream_tasks;dataset=splice_sites_all;matching=kmer_balanced;matching_signature=(7, 'TTT');border_estimator=center_window_kmer_jsd;estimator=center_jsd;window=48;search_radius=24;kmer=2;top_ratio=0.25;score_scale=4.0;motif_weight=0.0;motif_radius=12;score_normalization=train_quantile;raw_border_score=0.113491;border_score=0.807400",0.23000438511371613,0.22067223489284515,0.5493234395980835
test_Seq_490,0,2,"benchmark=nucleotide_transformer_downstream_tasks;dataset=splice_sites_all;matching=kmer_balanced;matching_signature=(10, 'CTG');border_estimator=center_window_kmer_jsd;estimator=center_jsd;window=48;search_radius=24;kmer=2;top_ratio=0.25;score_scale=4.0;motif_weight=0.0;motif_radius=12;score_normalization=train_quantile;raw_border_score=0.431989;border_score=1.193400",0.29441577196121216,0.28608325123786926,0.4195009171962738
test_Seq_2384,2,2,"benchmark=nucleotide_transformer_downstream_tasks;dataset=splice_sites_all;matching=kmer_balanced;matching_signature=(6, 'TTT');border_estimator=center_window_kmer_jsd;estimator=center_jsd;window=48;search_radius=24;kmer=2;top_ratio=0.25;score_scale=4.0;motif_weight=0.0;motif_radius=12;score_normalization=train_quantile;raw_border_score=0.206622;border_score=0.987533",0.3230423629283905,0.3204284608364105,0.356529176235199
test_Seq_303,0,0,"benchmark=nucleotide_transformer_downstream_tasks;dataset=splice_sites_all;matching=kmer_balanced;matching_signature=(6, 'AAA');border_estimator=center_window_kmer_jsd;estimator=center_jsd;window=48;search_radius=24;kmer=2;top_ratio=0.25;score_scale=4.0;motif_weight=0.0;motif_radius=12;score_normalization=train_quantile;raw_border_score=0.181576;border_score=0.921711",0.34014180302619934,0.33976542949676514,0.3200927674770355
test_Seq_2549,2,2,"benchmark=nucleotide_transformer_downstream_tasks;dataset=splice_sites_all;matching=kmer_balanced;matching_signature=(10, 'TTT');border_estimator=center_window_kmer_jsd;estimator=center_jsd;window=48;search_radius=24;kmer=2;top_ratio=0.25;score_scale=4.0;motif_weight=0.0;motif_radius=12;score_normalization=train_quantile;raw_border_score=0.211501;border_score=0.998733",0.08541473001241684,0.07700218260288239,0.8375831246376038
test_Seq_233,0,2,"benchmark=nucleotide_transformer_downstream_tasks;dataset=splice_sites_all;matching=kmer_balanced;matching_signature=(10, 'CTG');border_estimator=center_window_kmer_jsd;estimator=center_jsd;window=48;search_radius=24;kmer=2;top_ratio=0.25;score_scale=4.0;motif_weight=0.0;motif_radius=12;score_normalization=train_quantile;raw_border_score=0.273168;border_score=1.114644",0.3295535743236542,0.3304976224899292,0.3399488031864166
test_Seq_886,0,2,"benchmark=nucleotide_transformer_downstream_tasks;dataset=splice_sites_all;matching=kmer_balanced;matching_signature=(10, 'TCT');border_estimator=center_window_kmer_jsd;estimator=center_jsd;window=48;search_radius=24;kmer=2;top_ratio=0.25;score_scale=4.0;motif_weight=0.0;motif_radius=12;score_normalization=train_quantile;raw_border_score=0.459670;border_score=1.196289",0.2538306415081024,0.23923172056674957,0.5069376230239868
test_Seq_6,0,2,"benchmark=nucleotide_transformer_downstream_tasks;dataset=splice_sites_all;matching=kmer_balanced;matching_signature=(7, 'TTT');border_estimator=center_window_kmer_jsd;estimator=center_jsd;window=48;search_radius=24;kmer=2;top_ratio=0.25;score_scale=4.0;motif_weight=0.0;motif_radius=12;score_normalization=train_quantile;raw_border_score=0.198146;border_score=0.966244",0.2985292673110962,0.2952340841293335,0.4062366485595703
test_Seq_1332,1,2,"benchmark=nucleotide_transformer_downstream_tasks;dataset=splice_sites_all;matching=kmer_balanced;matching_signature=(10, 'CTG');border_estimator=center_window_kmer_jsd;estimator=center_jsd;window=48;search_radius=24;kmer=2;top_ratio=0.25;score_scale=4.0;motif_weight=0.0;motif_radius=12;score_normalization=train_quantile;raw_border_score=0.245880;border_score=1.070911",0.3026597499847412,0.2991974353790283,0.39814281463623047
test_Seq_354,0,2,"benchmark=nucleotide_transformer_downstream_tasks;dataset=splice_sites_all;matching=kmer_balanced;matching_signature=(6, 'TTT');border_estimator=center_window_kmer_jsd;estimator=center_jsd;window=48;search_radius=24;kmer=2;top_ratio=0.25;score_scale=4.0;motif_weight=0.0;motif_radius=12;score_normalization=train_quantile;raw_border_score=0.191393;border_score=0.948200",0.2618805468082428,0.25144264101982117,0.4866768717765808
test_Seq_2354,2,2,"benchmark=nucleotide_transformer_downstream_tasks;dataset=splice_sites_all;matching=kmer_balanced;matching_signature=(6, 'TTT');border_estimator=center_window_kmer_jsd;estimator=center_jsd;window=48;search_radius=24;kmer=2;top_ratio=0.25;score_scale=4.0;motif_weight=0.0;motif_radius=12;score_normalization=train_quantile;raw_border_score=0.198409;border_score=0.966867",0.25979071855545044,0.248818039894104,0.4913913309574127
test_Seq_2269,2,2,"benchmark=nucleotide_transformer_downstream_tasks;dataset=splice_sites_all;matching=kmer_balanced;matching_signature=(13, 'CCC');border_estimator=center_window_kmer_jsd;estimator=center_jsd;window=48;search_radius=24;kmer=2;top_ratio=0.25;score_scale=4.0;motif_weight=0.0;motif_radius=12;score_normalization=train_quantile;raw_border_score=0.180133;border_score=0.918200",0.28984200954437256,0.2834828197956085,0.42667508125305176
test_Seq_2575,2,2,"benchmark=nucleotide_transformer_downstream_tasks;dataset=splice_sites_all;matching=kmer_balanced;matching_signature=(8, 'TTT');border_estimator=center_window_kmer_jsd;estimator=center_jsd;window=48;search_radius=24;kmer=2;top_ratio=0.25;score_scale=4.0;motif_weight=0.0;motif_radius=12;score_normalization=train_quantile;raw_border_score=0.271332;border_score=1.112156",0.3106114864349365,0.302678644657135,0.38670986890792847
test_Seq_941,0,2,"benchmark=nucleotide_transformer_downstream_tasks;dataset=splice_sites_all;matching=kmer_balanced;matching_signature=(6, 'TTT');border_estimator=center_window_kmer_jsd;estimator=center_jsd;window=48;search_radius=24;kmer=2;top_ratio=0.25;score_scale=4.0;motif_weight=0.0;motif_radius=12;score_normalization=train_quantile;raw_border_score=0.209224;border_score=0.993444",0.29872313141822815,0.2897482216358185,0.41152864694595337
test_Seq_1758,1,1,"benchmark=nucleotide_transformer_downstream_tasks;dataset=splice_sites_all;matching=kmer_balanced;matching_signature=(6, 'AAA');border_estimator=center_window_kmer_jsd;estimator=center_jsd;window=48;search_radius=24;kmer=2;top_ratio=0.25;score_scale=4.0;motif_weight=0.0;motif_radius=12;score_normalization=train_quantile;raw_border_score=0.262189;border_score=1.099444",0.33356714248657227,0.33547189831733704,0.3309609591960907
test_Seq_1224,1,2,"benchmark=nucleotide_transformer_downstream_tasks;dataset=splice_sites_all;matching=kmer_balanced;matching_signature=(6, 'TTT');border_estimator=center_window_kmer_jsd;estimator=center_jsd;window=48;search_radius=24;kmer=2;top_ratio=0.25;score_scale=4.0;motif_weight=0.0;motif_radius=12;score_normalization=train_quantile;raw_border_score=0.289083;border_score=1.135578",0.3080410361289978,0.30201682448387146,0.38994210958480835
test_Seq_183,0,2,"benchmark=nucleotide_transformer_downstream_tasks;dataset=splice_sites_all;matching=kmer_balanced;matching_signature=(7, 'AAA');border_estimator=center_window_kmer_jsd;estimator=center_jsd;window=48;search_radius=24;kmer=2;top_ratio=0.25;score_scale=4.0;motif_weight=0.0;motif_radius=12;score_normalization=train_quantile;raw_border_score=0.361833;border_score=1.181133",0.3083376884460449,0.3174862563610077,0.3741760551929474
test_Seq_1377,1,2,"benchmark=nucleotide_transformer_downstream_tasks;dataset=splice_sites_all;matching=kmer_balanced;matching_signature=(11, 'CCC');border_estimator=center_window_kmer_jsd;estimator=center_jsd;window=48;search_radius=24;kmer=2;top_ratio=0.25;score_scale=4.0;motif_weight=0.0;motif_radius=12;score_normalization=train_quantile;raw_border_score=0.241145;border_score=1.061222",0.3219650089740753,0.3254128098487854,0.3526221811771393
test_Seq_955,0,1,"benchmark=nucleotide_transformer_downstream_tasks;dataset=splice_sites_all;matching=kmer_balanced;matching_signature=(8, 'AAA');border_estimator=center_window_kmer_jsd;estimator=center_jsd;window=48;search_radius=24;kmer=2;top_ratio=0.25;score_scale=4.0;motif_weight=0.0;motif_radius=12;score_normalization=train_quantile;raw_border_score=0.301606;border_score=1.147489",0.33912381529808044,0.3416232168674469,0.31925296783447266
test_Seq_1442,1,2,"benchmark=nucleotide_transformer_downstream_tasks;dataset=splice_sites_all;matching=kmer_balanced;matching_signature=(6, 'TTT');border_estimator=center_window_kmer_jsd;estimator=center_jsd;window=48;search_radius=24;kmer=2;top_ratio=0.25;score_scale=4.0;motif_weight=0.0;motif_radius=12;score_normalization=train_quantile;raw_border_score=0.199565;border_score=0.969933",0.2231302410364151,0.2134580761194229,0.5634117126464844
test_Seq_74,0,2,"benchmark=nucleotide_transformer_downstream_tasks;dataset=splice_sites_all;matching=kmer_balanced;matching_signature=(7, 'TTT');border_estimator=center_window_kmer_jsd;estimator=center_jsd;window=48;search_radius=24;kmer=2;top_ratio=0.25;score_scale=4.0;motif_weight=0.0;motif_radius=12;score_normalization=train_quantile;raw_border_score=0.390524;border_score=1.188378",0.11179003119468689,0.10607645660638809,0.7821335196495056
test_Seq_96,0,1,"benchmark=nucleotide_transformer_downstream_tasks;dataset=splice_sites_all;matching=kmer_balanced;matching_signature=(14, 'GGG');border_estimator=center_window_kmer_jsd;estimator=center_jsd;window=48;search_radius=24;kmer=2;top_ratio=0.25;score_scale=4.0;motif_weight=0.0;motif_radius=12;score_normalization=train_quantile;raw_border_score=0.202630;border_score=0.977933",0.3400045931339264,0.35178643465042114,0.30820900201797485
test_Seq_2541,2,2,"benchmark=nucleotide_transformer_downstream_tasks;dataset=splice_sites_all;matching=kmer_balanced;matching_signature=(5, 'AAA');border_estimator=center_window_kmer_jsd;estimator=center_jsd;window=48;search_radius=24;kmer=2;top_ratio=0.25;score_scale=4.0;motif_weight=0.0;motif_radius=12;score_normalization=train_quantile;raw_border_score=0.185147;border_score=0.931044",0.22479069232940674,0.21151430904865265,0.563694953918457
test_Seq_905,0,2,"benchmark=nucleotide_transformer_downstream_tasks;dataset=splice_sites_all;matching=kmer_balanced;matching_signature=(10, 'GGG');border_estimator=center_window_kmer_jsd;estimator=center_jsd;window=48;search_radius=24;kmer=2;top_ratio=0.25;score_scale=4.0;motif_weight=0.0;motif_radius=12;score_normalization=train_quantile;raw_border_score=0.202139;border_score=0.976422",0.30093780159950256,0.29725566506385803,0.4018065333366394
test_Seq_1139,1,2,"benchmark=nucleotide_transformer_downstream_tasks;dataset=splice_sites_all;matching=kmer_balanced;matching_signature=(12, 'CAG');border_estimator=center_window_kmer_jsd;estimator=center_jsd;window=48;search_radius=24;kmer=2;top_ratio=0.25;score_scale=4.0;motif_weight=0.0;motif_radius=12;score_normalization=train_quantile;raw_border_score=0.239926;border_score=1.058156",0.3269622027873993,0.3237961232662201,0.3492416739463806
test_Seq_1203,1,2,"benchmark=nucleotide_transformer_downstream_tasks;dataset=splice_sites_all;matching=kmer_balanced;matching_signature=(11, 'CAG');border_estimator=center_window_kmer_jsd;estimator=center_jsd;window=48;search_radius=24;kmer=2;top_ratio=0.25;score_scale=4.0;motif_weight=0.0;motif_radius=12;score_normalization=train_quantile;raw_border_score=0.207618;border_score=0.989356",0.2639160454273224,0.259933203458786,0.4761507213115692
test_Seq_2079,2,2,"benchmark=nucleotide_transformer_downstream_tasks;dataset=splice_sites_all;matching=kmer_balanced;matching_signature=(7, 'ATT');border_estimator=center_window_kmer_jsd;estimator=center_jsd;window=48;search_radius=24;kmer=2;top_ratio=0.25;score_scale=4.0;motif_weight=0.0;motif_radius=12;score_normalization=train_quantile;raw_border_score=0.112277;border_score=0.806644",0.31702008843421936,0.3076784610748291,0.3753014802932739
test_Seq_661,0,2,"benchmark=nucleotide_transformer_downstream_tasks;dataset=splice_sites_all;matching=kmer_balanced;matching_signature=(6, 'TTT');border_estimator=center_window_kmer_jsd;estimator=center_jsd;window=48;search_radius=24;kmer=2;top_ratio=0.25;score_scale=4.0;motif_weight=0.0;motif_radius=12;score_normalization=train_quantile;raw_border_score=0.160401;border_score=0.868156",0.2707989513874054,0.26509979367256165,0.46410125494003296
test_Seq_2938,2,2,"benchmark=nucleotide_transformer_downstream_tasks;dataset=splice_sites_all;matching=kmer_balanced;matching_signature=(10, 'CTG');border_estimator=center_window_kmer_jsd;estimator=center_jsd;window=48;search_radius=24;kmer=2;top_ratio=0.25;score_scale=4.0;motif_weight=0.0;motif_radius=12;score_normalization=train_quantile;raw_border_score=0.206550;border_score=0.987400",0.31718745827674866,0.3123624622821808,0.37045007944107056
test_Seq_34,0,2,"benchmark=nucleotide_transformer_downstream_tasks;dataset=splice_sites_all;matching=kmer_balanced;matching_signature=(10, 'CAG');border_estimator=center_window_kmer_jsd;estimator=center_jsd;window=48;search_radius=24;kmer=2;top_ratio=0.25;score_scale=4.0;motif_weight=0.0;motif_radius=12;score_normalization=train_quantile;raw_border_score=0.160389;border_score=0.868156",0.3301042318344116,0.32994937896728516,0.3399464190006256
test_Seq_2951,2,2,"benchmark=nucleotide_transformer_downstream_tasks;dataset=splice_sites_all;matching=kmer_balanced;matching_signature=(11, 'CCC');border_estimator=center_window_kmer_jsd;estimator=center_jsd;window=48;search_radius=24;kmer=2;top_ratio=0.25;score_scale=4.0;motif_weight=0.0;motif_radius=12;score_normalization=train_quantile;raw_border_score=0.277011;border_score=1.119978",0.26784372329711914,0.2611233592033386,0.47103288769721985
test_Seq_367,0,2,"benchmark=nucleotide_transformer_downstream_tasks;dataset=splice_sites_all;matching=kmer_balanced;matching_signature=(7, 'TTT');border_estimator=center_window_kmer_jsd;estimator=center_jsd;window=48;search_radius=24;kmer=2;top_ratio=0.25;score_scale=4.0;motif_weight=0.0;motif_radius=12;score_normalization=train_quantile;raw_border_score=0.239394;border_score=1.057089",0.2817433178424835,0.2850276231765747,0.4332290589809418
test_Seq_1422,1,2,"benchmark=nucleotide_transformer_downstream_tasks;dataset=splice_sites_all;matching=kmer_balanced;matching_signature=(7, 'TTT');border_estimator=center_window_kmer_jsd;estimator=center_jsd;window=48;search_radius=24;kmer=2;top_ratio=0.25;score_scale=4.0;motif_weight=0.0;motif_radius=12;score_normalization=train_quantile;raw_border_score=0.211250;border_score=0.998289",0.31719353795051575,0.32029783725738525,0.3625086545944214
test_Seq_2568,2,2,"benchmark=nucleotide_transformer_downstream_tasks;dataset=splice_sites_all;matching=kmer_balanced;matching_signature=(10, 'TGG');border_estimator=center_window_kmer_jsd;estimator=center_jsd;window=48;search_radius=24;kmer=2;top_ratio=0.25;score_scale=4.0;motif_weight=0.0;motif_radius=12;score_normalization=train_quantile;raw_border_score=0.196272;border_score=0.960733",0.24614228308200836,0.240072563290596,0.5137851238250732
test_Seq_65,0,2,"benchmark=nucleotide_transformer_downstream_tasks;dataset=splice_sites_all;matching=kmer_balanced;matching_signature=(5, 'TTT');border_estimator=center_window_kmer_jsd;estimator=center_jsd;window=48;search_radius=24;kmer=2;top_ratio=0.25;score_scale=4.0;motif_weight=0.0;motif_radius=12;score_normalization=train_quantile;raw_border_score=0.220412;border_score=1.019489",0.24923378229141235,0.23131608963012695,0.5194501280784607
test_Seq_1301,1,1,"benchmark=nucleotide_transformer_downstream_tasks;dataset=splice_sites_all;matching=kmer_balanced;matching_signature=(14, 'CCC');border_estimator=center_window_kmer_jsd;estimator=center_jsd;window=48;search_radius=24;kmer=2;top_ratio=0.25;score_scale=4.0;motif_weight=0.0;motif_radius=12;score_normalization=train_quantile;raw_border_score=0.289076;border_score=1.135489",0.33815231919288635,0.34048378467559814,0.3213638961315155
test_Seq_1670,1,2,"benchmark=nucleotide_transformer_downstream_tasks;dataset=splice_sites_all;matching=kmer_balanced;matching_signature=(10, 'CTG');border_estimator=center_window_kmer_jsd;estimator=center_jsd;window=48;search_radius=24;kmer=2;top_ratio=0.25;score_scale=4.0;motif_weight=0.0;motif_radius=12;score_normalization=train_quantile;raw_border_score=0.277268;border_score=1.120467",0.3302638530731201,0.32225343585014343,0.3474827706813812
test_Seq_2245,2,2,"benchmark=nucleotide_transformer_downstream_tasks;dataset=splice_sites_all;matching=kmer_balanced;matching_signature=(12, 'CTG');border_estimator=center_window_kmer_jsd;estimator=center_jsd;window=48;search_radius=24;kmer=2;top_ratio=0.25;score_scale=4.0;motif_weight=0.0;motif_radius=12;score_normalization=train_quantile;raw_border_score=0.182818;border_score=0.924467",0.3019152879714966,0.2958991825580597,0.4021855294704437
test_Seq_53,0,2,"benchmark=nucleotide_transformer_downstream_tasks;dataset=splice_sites_all;matching=kmer_balanced;matching_signature=(8, 'TTT');border_estimator=center_window_kmer_jsd;estimator=center_jsd;window=48;search_radius=24;kmer=2;top_ratio=0.25;score_scale=4.0;motif_weight=0.0;motif_radius=12;score_normalization=train_quantile;raw_border_score=0.160987;border_score=0.869222",0.3108852803707123,0.3087759017944336,0.38033878803253174
test_Seq_2961,2,2,"benchmark=nucleotide_transformer_downstream_tasks;dataset=splice_sites_all;matching=kmer_balanced;matching_signature=(7, 'TTT');border_estimator=center_window_kmer_jsd;estimator=center_jsd;window=48;search_radius=24;kmer=2;top_ratio=0.25;score_scale=4.0;motif_weight=0.0;motif_radius=12;score_normalization=train_quantile;raw_border_score=0.114099;border_score=0.807844",0.12396226823329926,0.11832690238952637,0.7577108144760132
test_Seq_2169,2,2,"benchmark=nucleotide_transformer_downstream_tasks;dataset=splice_sites_all;matching=kmer_balanced;matching_signature=(6, 'AAA');border_estimator=center_window_kmer_jsd;estimator=center_jsd;window=48;search_radius=24;kmer=2;top_ratio=0.25;score_scale=4.0;motif_weight=0.0;motif_radius=12;score_normalization=train_quantile;raw_border_score=0.355909;border_score=1.179178",0.21944478154182434,0.21058881282806396,0.5699663758277893
test_Seq_2581,2,2,"benchmark=nucleotide_transformer_downstream_tasks;dataset=splice_sites_all;matching=kmer_balanced;matching_signature=(10, 'TCT');border_estimator=center_window_kmer_jsd;estimator=center_jsd;window=48;search_radius=24;kmer=2;top_ratio=0.25;score_scale=4.0;motif_weight=0.0;motif_radius=12;score_normalization=train_quantile;raw_border_score=0.136980;border_score=0.827711",0.28156259655952454,0.2800673544406891,0.4383699893951416
test_Seq_849,0,2,"benchmark=nucleotide_transformer_downstream_tasks;dataset=splice_sites_all;matching=kmer_balanced;matching_signature=(12, 'GGG');border_estimator=center_window_kmer_jsd;estimator=center_jsd;window=48;search_radius=24;kmer=2;top_ratio=0.25;score_scale=4.0;motif_weight=0.0;motif_radius=12;score_normalization=train_quantile;raw_border_score=0.202734;border_score=0.978156",0.31963273882865906,0.3292998969554901,0.3510673940181732
test_Seq_2579,2,2,"benchmark=nucleotide_transformer_downstream_tasks;dataset=splice_sites_all;matching=kmer_balanced;matching_signature=(9, 'TCT');border_estimator=center_window_kmer_jsd;estimator=center_jsd;window=48;search_radius=24;kmer=2;top_ratio=0.25;score_scale=4.0;motif_weight=0.0;motif_radius=12;score_normalization=train_quantile;raw_border_score=0.199031;border_score=0.968689",0.1200348287820816,0.10964919626712799,0.7703160047531128
test_Seq_887,0,1,"benchmark=nucleotide_transformer_downstream_tasks;dataset=splice_sites_all;matching=kmer_balanced;matching_signature=(8, 'TTT');border_estimator=center_window_kmer_jsd;estimator=center_jsd;window=48;search_radius=24;kmer=2;top_ratio=0.25;score_scale=4.0;motif_weight=0.0;motif_radius=12;score_normalization=train_quantile;raw_border_score=0.372632;border_score=1.184956",0.3368544578552246,0.34453657269477844,0.31860896944999695
test_Seq_924,0,2,"benchmark=nucleotide_transformer_downstream_tasks;dataset=splice_sites_all;matching=kmer_balanced;matching_signature=(7, 'AAA');border_estimator=center_window_kmer_jsd;estimator=center_jsd;window=48;search_radius=24;kmer=2;top_ratio=0.25;score_scale=4.0;motif_weight=0.0;motif_radius=12;score_normalization=train_quantile;raw_border_score=0.199529;border_score=0.969889",0.3152623772621155,0.3214050829410553,0.3633325397968292
test_Seq_340,0,2,"benchmark=nucleotide_transformer_downstream_tasks;dataset=splice_sites_all;matching=kmer_balanced;matching_signature=(13, 'GGG');border_estimator=center_window_kmer_jsd;estimator=center_jsd;window=48;search_radius=24;kmer=2;top_ratio=0.25;score_scale=4.0;motif_weight=0.0;motif_radius=12;score_normalization=train_quantile;raw_border_score=0.146492;border_score=0.841667",0.3142775297164917,0.30869898200035095,0.3770235478878021
test_Seq_2720,2,2,"benchmark=nucleotide_transformer_downstream_tasks;dataset=splice_sites_all;matching=kmer_balanced;matching_signature=(8, 'TTT');border_estimator=center_window_kmer_jsd;estimator=center_jsd;window=48;search_radius=24;kmer=2;top_ratio=0.25;score_scale=4.0;motif_weight=0.0;motif_radius=12;score_normalization=train_quantile;raw_border_score=0.145189;border_score=0.839222",0.2970777750015259,0.29326698184013367,0.40965527296066284
test_Seq_2234,2,2,"benchmark=nucleotide_transformer_downstream_tasks;dataset=splice_sites_all;matching=kmer_balanced;matching_signature=(7, 'TTT');border_estimator=center_window_kmer_jsd;estimator=center_jsd;window=48;search_radius=24;kmer=2;top_ratio=0.25;score_scale=4.0;motif_weight=0.0;motif_radius=12;score_normalization=train_quantile;raw_border_score=0.156745;border_score=0.861000",0.2540631592273712,0.24384307861328125,0.5020937323570251
test_Seq_163,0,2,"benchmark=nucleotide_transformer_downstream_tasks;dataset=splice_sites_all;matching=kmer_balanced;matching_signature=(8, 'TTT');border_estimator=center_window_kmer_jsd;estimator=center_jsd;window=48;search_radius=24;kmer=2;top_ratio=0.25;score_scale=4.0;motif_weight=0.0;motif_radius=12;score_normalization=train_quantile;raw_border_score=0.200825;border_score=0.972956",0.26359012722969055,0.24845243990421295,0.4879573881626129
test_Seq_2725,2,2,"benchmark=nucleotide_transformer_downstream_tasks;dataset=splice_sites_all;matching=kmer_balanced;matching_signature=(11, 'AGG');border_estimator=center_window_kmer_jsd;estimator=center_jsd;window=48;search_radius=24;kmer=2;top_ratio=0.25;score_scale=4.0;motif_weight=0.0;motif_radius=12;score_normalization=train_quantile;raw_border_score=0.234022;border_score=1.047756",0.2906346023082733,0.27984103560447693,0.42952439188957214
test_Seq_595,0,1,"benchmark=nucleotide_transformer_downstream_tasks;dataset=splice_sites_all;matching=kmer_balanced;matching_signature=(8, 'TGA');border_estimator=center_window_kmer_jsd;estimator=center_jsd;window=48;search_radius=24;kmer=2;top_ratio=0.25;score_scale=4.0;motif_weight=0.0;motif_radius=12;score_normalization=train_quantile;raw_border_score=0.345844;border_score=1.175311",0.331635445356369,0.3395659625530243,0.3287985622882843
test_Seq_727,0,2,"benchmark=nucleotide_transformer_downstream_tasks;dataset=splice_sites_all;matching=kmer_balanced;matching_signature=(6, 'TTT');border_estimator=center_window_kmer_jsd;estimator=center_jsd;window=48;search_radius=24;kmer=2;top_ratio=0.25;score_scale=4.0;motif_weight=0.0;motif_radius=12;score_normalization=train_quantile;raw_border_score=0.281412;border_score=1.125578",0.20341049134731293,0.1831277310848236,0.6134617328643799
test_Seq_2407,2,2,"benchmark=nucleotide_transformer_downstream_tasks;dataset=splice_sites_all;matching=kmer_balanced;matching_signature=(9, 'TCA');border_estimator=center_window_kmer_jsd;estimator=center_jsd;window=48;search_radius=24;kmer=2;top_ratio=0.25;score_scale=4.0;motif_weight=0.0;motif_radius=12;score_normalization=train_quantile;raw_border_score=0.240467;border_score=1.059889",0.3267272710800171,0.3250728249549866,0.3481999337673187
test_Seq_681,0,2,"benchmark=nucleotide_transformer_downstream_tasks;dataset=splice_sites_all;matching=kmer_balanced;matching_signature=(6, 'TTT');border_estimator=center_window_kmer_jsd;estimator=center_jsd;window=48;search_radius=24;kmer=2;top_ratio=0.25;score_scale=4.0;motif_weight=0.0;motif_radius=12;score_normalization=train_quantile;raw_border_score=0.171971;border_score=0.896289",0.30683597922325134,0.2868684232234955,0.4062955677509308
test_Seq_1611,1,1,"benchmark=nucleotide_transformer_downstream_tasks;dataset=splice_sites_all;matching=kmer_balanced;matching_signature=(8, 'TTT');border_estimator=center_window_kmer_jsd;estimator=center_jsd;window=48;search_radius=24;kmer=2;top_ratio=0.25;score_scale=4.0;motif_weight=0.0;motif_radius=12;score_normalization=train_quantile;raw_border_score=0.305185;border_score=1.150378",0.3348722755908966,0.3453545868396759,0.3197731673717499
test_Seq_327,0,1,"benchmark=nucleotide_transformer_downstream_tasks;dataset=splice_sites_all;matching=kmer_balanced;matching_signature=(14, 'GGG');border_estimator=center_window_kmer_jsd;estimator=center_jsd;window=48;search_radius=24;kmer=2;top_ratio=0.25;score_scale=4.0;motif_weight=0.0;motif_radius=12;score_normalization=train_quantile;raw_border_score=0.173254;border_score=0.899889",0.35999155044555664,0.36040565371513367,0.2796027958393097
test_Seq_1958,1,1,"benchmark=nucleotide_transformer_downstream_tasks;dataset=splice_sites_all;matching=kmer_balanced;matching_signature=(8, 'TTT');border_estimator=center_window_kmer_jsd;estimator=center_jsd;window=48;search_radius=24;kmer=2;top_ratio=0.25;score_scale=4.0;motif_weight=0.0;motif_radius=12;score_normalization=train_quantile;raw_border_score=0.283692;border_score=1.128644",0.35527148842811584,0.3581959307193756,0.28653258085250854
test_Seq_524,0,2,"benchmark=nucleotide_transformer_downstream_tasks;dataset=splice_sites_all;matching=kmer_balanced;matching_signature=(13, 'CCC');border_estimator=center_window_kmer_jsd;estimator=center_jsd;window=48;search_radius=24;kmer=2;top_ratio=0.25;score_scale=4.0;motif_weight=0.0;motif_radius=12;score_normalization=train_quantile;raw_border_score=0.180232;border_score=0.918467",0.27864164113998413,0.26919248700141907,0.4521658420562744
test_Seq_574,0,2,"benchmark=nucleotide_transformer_downstream_tasks;dataset=splice_sites_all;matching=kmer_balanced;matching_signature=(10, 'AGG');border_estimator=center_window_kmer_jsd;estimator=center_jsd;window=48;search_radius=24;kmer=2;top_ratio=0.25;score_scale=4.0;motif_weight=0.0;motif_radius=12;score_normalization=train_quantile;raw_border_score=0.150160;border_score=0.847933",0.2509081959724426,0.23901519179344177,0.510076642036438
test_Seq_2084,2,2,"benchmark=nucleotide_transformer_downstream_tasks;dataset=splice_sites_all;matching=kmer_balanced;matching_signature=(9, 'AAA');border_estimator=center_window_kmer_jsd;estimator=center_jsd;window=48;search_radius=24;kmer=2;top_ratio=0.25;score_scale=4.0;motif_weight=0.0;motif_radius=12;score_normalization=train_quantile;raw_border_score=0.259400;border_score=1.094600",0.10742902755737305,0.10132275521755219,0.7912482023239136
test_Seq_1119,1,2,"benchmark=nucleotide_transformer_downstream_tasks;dataset=splice_sites_all;matching=kmer_balanced;matching_signature=(13, 'GGG');border_estimator=center_window_kmer_jsd;estimator=center_jsd;window=48;search_radius=24;kmer=2;top_ratio=0.25;score_scale=4.0;motif_weight=0.0;motif_radius=12;score_normalization=train_quantile;raw_border_score=0.214079;border_score=1.004511",0.29869264364242554,0.29570645093917847,0.4056008756160736
test_Seq_326,0,1,"benchmark=nucleotide_transformer_downstream_tasks;dataset=splice_sites_all;matching=kmer_balanced;matching_signature=(7, 'AAA');border_estimator=center_window_kmer_jsd;estimator=center_jsd;window=48;search_radius=24;kmer=2;top_ratio=0.25;score_scale=4.0;motif_weight=0.0;motif_radius=12;score_normalization=train_quantile;raw_border_score=0.255982;border_score=1.089000",0.33659082651138306,0.33726727962493896,0.32614192366600037
test_Seq_1187,1,2,"benchmark=nucleotide_transformer_downstream_tasks;dataset=splice_sites_all;matching=kmer_balanced;matching_signature=(8, 'TTT');border_estimator=center_window_kmer_jsd;estimator=center_jsd;window=48;search_radius=24;kmer=2;top_ratio=0.25;score_scale=4.0;motif_weight=0.0;motif_radius=12;score_normalization=train_quantile;raw_border_score=0.220188;border_score=1.019222",0.2945179343223572,0.2945665419101715,0.4109155237674713
test_Seq_1486,1,2,"benchmark=nucleotide_transformer_downstream_tasks;dataset=splice_sites_all;matching=kmer_balanced;matching_signature=(9, 'TTT');border_estimator=center_window_kmer_jsd;estimator=center_jsd;window=48;search_radius=24;kmer=2;top_ratio=0.25;score_scale=4.0;motif_weight=0.0;motif_radius=12;score_normalization=train_quantile;raw_border_score=0.223461;border_score=1.026956",0.2228734791278839,0.21527037024497986,0.5618561506271362
test_Seq_1618,1,0,"benchmark=nucleotide_transformer_downstream_tasks;dataset=splice_sites_all;matching=kmer_balanced;matching_signature=(8, 'TTT');border_estimator=center_window_kmer_jsd;estimator=center_jsd;window=48;search_radius=24;kmer=2;top_ratio=0.25;score_scale=4.0;motif_weight=0.0;motif_radius=12;score_normalization=train_quantile;raw_border_score=0.240944;border_score=1.061000",0.35297277569770813,0.347413569688797,0.2996136248111725
test_Seq_2357,2,2,"benchmark=nucleotide_transformer_downstream_tasks;dataset=splice_sites_all;matching=kmer_balanced;matching_signature=(11, 'CCC');border_estimator=center_window_kmer_jsd;estimator=center_jsd;window=48;search_radius=24;kmer=2;top_ratio=0.25;score_scale=4.0;motif_weight=0.0;motif_radius=12;score_normalization=train_quantile;raw_border_score=0.229423;border_score=1.038867",0.27320826053619385,0.26940304040908813,0.45738866925239563
test_Seq_1449,1,2,"benchmark=nucleotide_transformer_downstream_tasks;dataset=splice_sites_all;matching=kmer_balanced;matching_signature=(7, 'TTT');border_estimator=center_window_kmer_jsd;estimator=center_jsd;window=48;search_radius=24;kmer=2;top_ratio=0.25;score_scale=4.0;motif_weight=0.0;motif_radius=12;score_normalization=train_quantile;raw_border_score=0.232544;border_score=1.044556",0.2773962914943695,0.26821377873420715,0.45438989996910095
test_Seq_2498,2,2,"benchmark=nucleotide_transformer_downstream_tasks;dataset=splice_sites_all;matching=kmer_balanced;matching_signature=(11, 'GTG');border_estimator=center_window_kmer_jsd;estimator=center_jsd;window=48;search_radius=24;kmer=2;top_ratio=0.25;score_scale=4.0;motif_weight=0.0;motif_radius=12;score_normalization=train_quantile;raw_border_score=0.234732;border_score=1.048956",0.29016798734664917,0.27252891659736633,0.4373030662536621
test_Seq_2685,2,2,"benchmark=nucleotide_transformer_downstream_tasks;dataset=splice_sites_all;matching=kmer_balanced;matching_signature=(8, 'TTT');border_estimator=center_window_kmer_jsd;estimator=center_jsd;window=48;search_radius=24;kmer=2;top_ratio=0.25;score_scale=4.0;motif_weight=0.0;motif_radius=12;score_normalization=train_quantile;raw_border_score=0.194622;border_score=0.956022",0.1697484701871872,0.16183090209960938,0.6684205532073975
test_Seq_52,0,1,"benchmark=nucleotide_transformer_downstream_tasks;dataset=splice_sites_all;matching=kmer_balanced;matching_signature=(10, 'TCC');border_estimator=center_window_kmer_jsd;estimator=center_jsd;window=48;search_radius=24;kmer=2;top_ratio=0.25;score_scale=4.0;motif_weight=0.0;motif_radius=12;score_normalization=train_quantile;raw_border_score=0.214544;border_score=1.005089",0.33887195587158203,0.3406430184841156,0.32048508524894714
test_Seq_2638,2,2,"benchmark=nucleotide_transformer_downstream_tasks;dataset=splice_sites_all;matching=kmer_balanced;matching_signature=(8, 'TTT');border_estimator=center_window_kmer_jsd;estimator=center_jsd;window=48;search_radius=24;kmer=2;top_ratio=0.25;score_scale=4.0;motif_weight=0.0;motif_radius=12;score_normalization=train_quantile;raw_border_score=0.232030;border_score=1.043889",0.23393124341964722,0.2224130928516388,0.5436556935310364
test_Seq_535,0,2,"benchmark=nucleotide_transformer_downstream_tasks;dataset=splice_sites_all;matching=kmer_balanced;matching_signature=(7, 'TTT');border_estimator=center_window_kmer_jsd;estimator=center_jsd;window=48;search_radius=24;kmer=2;top_ratio=0.25;score_scale=4.0;motif_weight=0.0;motif_radius=12;score_normalization=train_quantile;raw_border_score=0.163593;border_score=0.875178",0.3205205798149109,0.3132585883140564,0.3662208616733551
test_Seq_1065,1,1,"benchmark=nucleotide_transformer_downstream_tasks;dataset=splice_sites_all;matching=kmer_balanced;matching_signature=(9, 'AAA');border_estimator=center_window_kmer_jsd;estimator=center_jsd;window=48;search_radius=24;kmer=2;top_ratio=0.25;score_scale=4.0;motif_weight=0.0;motif_radius=12;score_normalization=train_quantile;raw_border_score=0.218538;border_score=1.015356",0.33215126395225525,0.35019728541374207,0.3176514804363251
test_Seq_2179,2,1,"benchmark=nucleotide_transformer_downstream_tasks;dataset=splice_sites_all;matching=kmer_balanced;matching_signature=(13, 'GGG');border_estimator=center_window_kmer_jsd;estimator=center_jsd;window=48;search_radius=24;kmer=2;top_ratio=0.25;score_scale=4.0;motif_weight=0.0;motif_radius=12;score_normalization=train_quantile;raw_border_score=0.233241;border_score=1.046022",0.3363374173641205,0.3525086045265198,0.31115391850471497
test_Seq_1233,1,2,"benchmark=nucleotide_transformer_downstream_tasks;dataset=splice_sites_all;matching=kmer_balanced;matching_signature=(10, 'CCC');border_estimator=center_window_kmer_jsd;estimator=center_jsd;window=48;search_radius=24;kmer=2;top_ratio=0.25;score_scale=4.0;motif_weight=0.0;motif_radius=12;score_normalization=train_quantile;raw_border_score=0.414253;border_score=1.191667",0.302069753408432,0.28582802414894104,0.4121021628379822
test_Seq_137,0,2,"benchmark=nucleotide_transformer_downstream_tasks;dataset=splice_sites_all;matching=kmer_balanced;matching_signature=(6, 'AAT');border_estimator=center_window_kmer_jsd;estimator=center_jsd;window=48;search_radius=24;kmer=2;top_ratio=0.25;score_scale=4.0;motif_weight=0.0;motif_radius=12;score_normalization=train_quantile;raw_border_score=0.216623;border_score=1.010689",0.2405589371919632,0.22870662808418274,0.5307344794273376
test_Seq_899,0,1,"benchmark=nucleotide_transformer_downstream_tasks;dataset=splice_sites_all;matching=kmer_balanced;matching_signature=(8, 'AAA');border_estimator=center_window_kmer_jsd;estimator=center_jsd;window=48;search_radius=24;kmer=2;top_ratio=0.25;score_scale=4.0;motif_weight=0.0;motif_radius=12;score_normalization=train_quantile;raw_border_score=0.258377;border_score=1.092778",0.3356781005859375,0.3371880054473877,0.3271338641643524
test_Seq_1556,1,2,"benchmark=nucleotide_transformer_downstream_tasks;dataset=splice_sites_all;matching=kmer_balanced;matching_signature=(5, 'TTT');border_estimator=center_window_kmer_jsd;estimator=center_jsd;window=48;search_radius=24;kmer=2;top_ratio=0.25;score_scale=4.0;motif_weight=0.0;motif_radius=12;score_normalization=train_quantile;raw_border_score=0.213139;border_score=1.002244",0.3112122416496277,0.31244510412216187,0.37634262442588806
test_Seq_1666,1,2,"benchmark=nucleotide_transformer_downstream_tasks;dataset=splice_sites_all;matching=kmer_balanced;matching_signature=(8, 'AAA');border_estimator=center_window_kmer_jsd;estimator=center_jsd;window=48;search_radius=24;kmer=2;top_ratio=0.25;score_scale=4.0;motif_weight=0.0;motif_radius=12;score_normalization=train_quantile;raw_border_score=0.241320;border_score=1.061489",0.31289514899253845,0.3211516737937927,0.3659532070159912
test_Seq_311,0,2,"benchmark=nucleotide_transformer_downstream_tasks;dataset=splice_sites_all;matching=kmer_balanced;matching_signature=(8, 'TTT');border_estimator=center_window_kmer_jsd;estimator=center_jsd;window=48;search_radius=24;kmer=2;top_ratio=0.25;score_scale=4.0;motif_weight=0.0;motif_radius=12;score_normalization=train_quantile;raw_border_score=0.293376;border_score=1.139667",0.2916756868362427,0.29231393337249756,0.4160103499889374
test_Seq_2973,2,2,"benchmark=nucleotide_transformer_downstream_tasks;dataset=splice_sites_all;matching=kmer_balanced;matching_signature=(10, 'GAG');border_estimator=center_window_kmer_jsd;estimator=center_jsd;window=48;search_radius=24;kmer=2;top_ratio=0.25;score_scale=4.0;motif_weight=0.0;motif_radius=12;score_normalization=train_quantile;raw_border_score=0.233503;border_score=1.046556",0.13013184070587158,0.12331965565681458,0.7465485334396362
test_Seq_2651,2,2,"benchmark=nucleotide_transformer_downstream_tasks;dataset=splice_sites_all;matching=kmer_balanced;matching_signature=(14, 'GGG');border_estimator=center_window_kmer_jsd;estimator=center_jsd;window=48;search_radius=24;kmer=2;top_ratio=0.25;score_scale=4.0;motif_weight=0.0;motif_radius=12;score_normalization=train_quantile;raw_border_score=0.150116;border_score=0.847889",0.321736216545105,0.32121679186820984,0.35704705119132996
test_Seq_1973,1,2,"benchmark=nucleotide_transformer_downstream_tasks;dataset=splice_sites_all;matching=kmer_balanced;matching_signature=(7, 'AAA');border_estimator=center_window_kmer_jsd;estimator=center_jsd;window=48;search_radius=24;kmer=2;top_ratio=0.25;score_scale=4.0;motif_weight=0.0;motif_radius=12;score_normalization=train_quantile;raw_border_score=0.144746;border_score=0.838244",0.24753978848457336,0.2338642030954361,0.5185959935188293
test_Seq_753,0,2,"benchmark=nucleotide_transformer_downstream_tasks;dataset=splice_sites_all;matching=kmer_balanced;matching_signature=(11, 'CCT');border_estimator=center_window_kmer_jsd;estimator=center_jsd;window=48;search_radius=24;kmer=2;top_ratio=0.25;score_scale=4.0;motif_weight=0.0;motif_radius=12;score_normalization=train_quantile;raw_border_score=0.103481;border_score=0.803533",0.27157747745513916,0.26959753036499023,0.458825021982193
test_Seq_2770,2,2,"benchmark=nucleotide_transformer_downstream_tasks;dataset=splice_sites_all;matching=kmer_balanced;matching_signature=(10, 'TGG');border_estimator=center_window_kmer_jsd;estimator=center_jsd;window=48;search_radius=24;kmer=2;top_ratio=0.25;score_scale=4.0;motif_weight=0.0;motif_radius=12;score_normalization=train_quantile;raw_border_score=0.201632;border_score=0.975000",0.2880805432796478,0.2871949374675751,0.4247245788574219
test_Seq_1520,1,2,"benchmark=nucleotide_transformer_downstream_tasks;dataset=splice_sites_all;matching=kmer_balanced;matching_signature=(7, 'TTT');border_estimator=center_window_kmer_jsd;estimator=center_jsd;window=48;search_radius=24;kmer=2;top_ratio=0.25;score_scale=4.0;motif_weight=0.0;motif_radius=12;score_normalization=train_quantile;raw_border_score=0.241591;border_score=1.062200",0.2555934190750122,0.2441372126340866,0.5002694129943848
test_Seq_2356,2,2,"benchmark=nucleotide_transformer_downstream_tasks;dataset=splice_sites_all;matching=kmer_balanced;matching_signature=(8, 'TTT');border_estimator=center_window_kmer_jsd;estimator=center_jsd;window=48;search_radius=24;kmer=2;top_ratio=0.25;score_scale=4.0;motif_weight=0.0;motif_radius=12;score_normalization=train_quantile;raw_border_score=0.469436;border_score=1.197000",0.1652746945619583,0.16425316035747528,0.6704722046852112
test_Seq_550,0,2,"benchmark=nucleotide_transformer_downstream_tasks;dataset=splice_sites_all;matching=kmer_balanced;matching_signature=(9, 'TTT');border_estimator=center_window_kmer_jsd;estimator=center_jsd;window=48;search_radius=24;kmer=2;top_ratio=0.25;score_scale=4.0;motif_weight=0.0;motif_radius=12;score_normalization=train_quantile;raw_border_score=0.149026;border_score=0.846111",0.3179178237915039,0.3149729073047638,0.36710917949676514
test_Seq_1468,1,2,"benchmark=nucleotide_transformer_downstream_tasks;dataset=splice_sites_all;matching=kmer_balanced;matching_signature=(7, 'AAA');border_estimator=center_window_kmer_jsd;estimator=center_jsd;window=48;search_radius=24;kmer=2;top_ratio=0.25;score_scale=4.0;motif_weight=0.0;motif_radius=12;score_normalization=train_quantile;raw_border_score=0.198839;border_score=0.968156",0.26931288838386536,0.2526872754096985,0.47799986600875854
test_Seq_1102,1,2,"benchmark=nucleotide_transformer_downstream_tasks;dataset=splice_sites_all;matching=kmer_balanced;matching_signature=(10, 'TTT');border_estimator=center_window_kmer_jsd;estimator=center_jsd;window=48;search_radius=24;kmer=2;top_ratio=0.25;score_scale=4.0;motif_weight=0.0;motif_radius=12;score_normalization=train_quantile;raw_border_score=0.215384;border_score=1.006956",0.2891254723072052,0.2923991084098816,0.4184753894805908
test_Seq_2562,2,1,"benchmark=nucleotide_transformer_downstream_tasks;dataset=splice_sites_all;matching=kmer_balanced;matching_signature=(11, 'TGG');border_estimator=center_window_kmer_jsd;estimator=center_jsd;window=48;search_radius=24;kmer=2;top_ratio=0.25;score_scale=4.0;motif_weight=0.0;motif_radius=12;score_normalization=train_quantile;raw_border_score=0.200832;border_score=0.973044",0.33336663246154785,0.34304893016815186,0.3235844373703003
test_Seq_1714,1,2,"benchmark=nucleotide_transformer_downstream_tasks;dataset=splice_sites_all;matching=kmer_balanced;matching_signature=(7, 'TTT');border_estimator=center_window_kmer_jsd;estimator=center_jsd;window=48;search_radius=24;kmer=2;top_ratio=0.25;score_scale=4.0;motif_weight=0.0;motif_radius=12;score_normalization=train_quantile;raw_border_score=0.230609;border_score=1.040822",0.2828083634376526,0.26228469610214233,0.4549069106578827
test_Seq_1286,1,2,"benchmark=nucleotide_transformer_downstream_tasks;dataset=splice_sites_all;matching=kmer_balanced;matching_signature=(10, 'CTG');border_estimator=center_window_kmer_jsd;estimator=center_jsd;window=48;search_radius=24;kmer=2;top_ratio=0.25;score_scale=4.0;motif_weight=0.0;motif_radius=12;score_normalization=train_quantile;raw_border_score=0.208198;border_score=0.990733",0.3071579337120056,0.30165767669677734,0.3911843001842499
test_Seq_1494,1,1,"benchmark=nucleotide_transformer_downstream_tasks;dataset=splice_sites_all;matching=kmer_balanced;matching_signature=(7, 'AAA');border_estimator=center_window_kmer_jsd;estimator=center_jsd;window=48;search_radius=24;kmer=2;top_ratio=0.25;score_scale=4.0;motif_weight=0.0;motif_radius=12;score_normalization=train_quantile;raw_border_score=0.145896;border_score=0.840289",0.344740092754364,0.34951862692832947,0.30574125051498413
test_Seq_2115,2,2,"benchmark=nucleotide_transformer_downstream_tasks;dataset=splice_sites_all;matching=kmer_balanced;matching_signature=(5, 'TTT');border_estimator=center_window_kmer_jsd;estimator=center_jsd;window=48;search_radius=24;kmer=2;top_ratio=0.25;score_scale=4.0;motif_weight=0.0;motif_radius=12;score_normalization=train_quantile;raw_border_score=0.212834;border_score=1.001622",0.15085919201374054,0.14121513068675995,0.7079256772994995
test_Seq_2621,2,2,"benchmark=nucleotide_transformer_downstream_tasks;dataset=splice_sites_all;matching=kmer_balanced;matching_signature=(11, 'GAG');border_estimator=center_window_kmer_jsd;estimator=center_jsd;window=48;search_radius=24;kmer=2;top_ratio=0.25;score_scale=4.0;motif_weight=0.0;motif_radius=12;score_normalization=train_quantile;raw_border_score=0.191428;border_score=0.948244",0.304330438375473,0.2997331917285919,0.39593636989593506
test_Seq_852,0,2,"benchmark=nucleotide_transformer_downstream_tasks;dataset=splice_sites_all;matching=kmer_balanced;matching_signature=(9, 'TGT');border_estimator=center_window_kmer_jsd;estimator=center_jsd;window=48;search_radius=24;kmer=2;top_ratio=0.25;score_scale=4.0;motif_weight=0.0;motif_radius=12;score_normalization=train_quantile;raw_border_score=0.246791;border_score=1.072644",0.30982354283332825,0.30005472898483276,0.3901216983795166
test_Seq_318,0,2,"benchmark=nucleotide_transformer_downstream_tasks;dataset=splice_sites_all;matching=kmer_balanced;matching_signature=(11, 'CAG');border_estimator=center_window_kmer_jsd;estimator=center_jsd;window=48;search_radius=24;kmer=2;top_ratio=0.25;score_scale=4.0;motif_weight=0.0;motif_radius=12;score_normalization=train_quantile;raw_border_score=0.302813;border_score=1.148867",0.2721453607082367,0.2639652490615845,0.46388936042785645
test_Seq_221,0,2,"benchmark=nucleotide_transformer_downstream_tasks;dataset=splice_sites_all;matching=kmer_balanced;matching_signature=(7, 'AAA');border_estimator=center_window_kmer_jsd;estimator=center_jsd;window=48;search_radius=24;kmer=2;top_ratio=0.25;score_scale=4.0;motif_weight=0.0;motif_radius=12;score_normalization=train_quantile;raw_border_score=0.191343;border_score=0.948111",0.21960613131523132,0.21383345127105713,0.5665604472160339
test_Seq_1458,1,2,"benchmark=nucleotide_transformer_downstream_tasks;dataset=splice_sites_all;matching=kmer_balanced;matching_signature=(10, 'TCT');border_estimator=center_window_kmer_jsd;estimator=center_jsd;window=48;search_radius=24;kmer=2;top_ratio=0.25;score_scale=4.0;motif_weight=0.0;motif_radius=12;score_normalization=train_quantile;raw_border_score=0.228027;border_score=1.035978",0.24432136118412018,0.22928491234779358,0.526393711566925
test_Seq_615,0,2,"benchmark=nucleotide_transformer_downstream_tasks;dataset=splice_sites_all;matching=kmer_balanced;matching_signature=(7, 'TTT');border_estimator=center_window_kmer_jsd;estimator=center_jsd;window=48;search_radius=24;kmer=2;top_ratio=0.25;score_scale=4.0;motif_weight=0.0;motif_radius=12;score_normalization=train_quantile;raw_border_score=0.201220;border_score=0.973933",0.2656576633453369,0.2554214894771576,0.4789207875728607
test_Seq_1676,1,2,"benchmark=nucleotide_transformer_downstream_tasks;dataset=splice_sites_all;matching=kmer_balanced;matching_signature=(10, 'GGG');border_estimator=center_window_kmer_jsd;estimator=center_jsd;window=48;search_radius=24;kmer=2;top_ratio=0.25;score_scale=4.0;motif_weight=0.0;motif_radius=12;score_normalization=train_quantile;raw_border_score=0.281373;border_score=1.125533",0.3026638329029083,0.2969472408294678,0.4003889560699463
test_Seq_450,0,0,"benchmark=nucleotide_transformer_downstream_tasks;dataset=splice_sites_all;matching=kmer_balanced;matching_signature=(8, 'TTT');border_estimator=center_window_kmer_jsd;estimator=center_jsd;window=48;search_radius=24;kmer=2;top_ratio=0.25;score_scale=4.0;motif_weight=0.0;motif_radius=12;score_normalization=train_quantile;raw_border_score=0.343238;border_score=1.173400",0.3463417887687683,0.33468738198280334,0.31897076964378357
test_Seq_2178,2,2,"benchmark=nucleotide_transformer_downstream_tasks;dataset=splice_sites_all;matching=kmer_balanced;matching_signature=(6, 'ATT');border_estimator=center_window_kmer_jsd;estimator=center_jsd;window=48;search_radius=24;kmer=2;top_ratio=0.25;score_scale=4.0;motif_weight=0.0;motif_radius=12;score_normalization=train_quantile;raw_border_score=0.249173;border_score=1.077489",0.2967182695865631,0.29011771082878113,0.41316401958465576
test_Seq_2422,2,2,"benchmark=nucleotide_transformer_downstream_tasks;dataset=splice_sites_all;matching=kmer_balanced;matching_signature=(6, 'TTT');border_estimator=center_window_kmer_jsd;estimator=center_jsd;window=48;search_radius=24;kmer=2;top_ratio=0.25;score_scale=4.0;motif_weight=0.0;motif_radius=12;score_normalization=train_quantile;raw_border_score=0.152809;border_score=0.853000",0.319225013256073,0.31934282183647156,0.36143216490745544
test_Seq_2202,2,2,"benchmark=nucleotide_transformer_downstream_tasks;dataset=splice_sites_all;matching=kmer_balanced;matching_signature=(8, 'AAA');border_estimator=center_window_kmer_jsd;estimator=center_jsd;window=48;search_radius=24;kmer=2;top_ratio=0.25;score_scale=4.0;motif_weight=0.0;motif_radius=12;score_normalization=train_quantile;raw_border_score=0.212967;border_score=1.001889",0.1344132125377655,0.1279086470603943,0.7376781105995178
test_Seq_958,0,2,"benchmark=nucleotide_transformer_downstream_tasks;dataset=splice_sites_all;matching=kmer_balanced;matching_signature=(9, 'GAG');border_estimator=center_window_kmer_jsd;estimator=center_jsd;window=48;search_radius=24;kmer=2;top_ratio=0.25;score_scale=4.0;motif_weight=0.0;motif_radius=12;score_normalization=train_quantile;raw_border_score=0.263762;border_score=1.102022",0.2535318434238434,0.2412220537662506,0.505246102809906
test_Seq_1811,1,2,"benchmark=nucleotide_transformer_downstream_tasks;dataset=splice_sites_all;matching=kmer_balanced;matching_signature=(11, 'CCC');border_estimator=center_window_kmer_jsd;estimator=center_jsd;window=48;search_radius=24;kmer=2;top_ratio=0.25;score_scale=4.0;motif_weight=0.0;motif_radius=12;score_normalization=train_quantile;raw_border_score=0.153496;border_score=0.854422",0.24549052119255066,0.24238789081573486,0.5121216177940369
test_Seq_2654,2,2,"benchmark=nucleotide_transformer_downstream_tasks;dataset=splice_sites_all;matching=kmer_balanced;matching_signature=(8, 'TTT');border_estimator=center_window_kmer_jsd;estimator=center_jsd;window=48;search_radius=24;kmer=2;top_ratio=0.25;score_scale=4.0;motif_weight=0.0;motif_radius=12;score_normalization=train_quantile;raw_border_score=0.256878;border_score=1.090333",0.24891233444213867,0.2388484925031662,0.5122391581535339
test_Seq_309,0,2,"benchmark=nucleotide_transformer_downstream_tasks;dataset=splice_sites_all;matching=kmer_balanced;matching_signature=(8, 'TTC');border_estimator=center_window_kmer_jsd;estimator=center_jsd;window=48;search_radius=24;kmer=2;top_ratio=0.25;score_scale=4.0;motif_weight=0.0;motif_radius=12;score_normalization=train_quantile;raw_border_score=0.168546;border_score=0.887578",0.3165569305419922,0.32493284344673157,0.35851022601127625
test_Seq_2872,2,2,"benchmark=nucleotide_transformer_downstream_tasks;dataset=splice_sites_all;matching=kmer_balanced;matching_signature=(7, 'AAA');border_estimator=center_window_kmer_jsd;estimator=center_jsd;window=48;search_radius=24;kmer=2;top_ratio=0.25;score_scale=4.0;motif_weight=0.0;motif_radius=12;score_normalization=train_quantile;raw_border_score=0.257795;border_score=1.091800",0.3071441352367401,0.3115095794200897,0.38134634494781494
test_Seq_84,0,2,"benchmark=nucleotide_transformer_downstream_tasks;dataset=splice_sites_all;matching=kmer_balanced;matching_signature=(6, 'TTT');border_estimator=center_window_kmer_jsd;estimator=center_jsd;window=48;search_radius=24;kmer=2;top_ratio=0.25;score_scale=4.0;motif_weight=0.0;motif_radius=12;score_normalization=train_quantile;raw_border_score=0.249612;border_score=1.078333",0.2610612213611603,0.2487725168466568,0.49016624689102173
test_Seq_2015,2,2,"benchmark=nucleotide_transformer_downstream_tasks;dataset=splice_sites_all;matching=kmer_balanced;matching_signature=(11, 'CTG');border_estimator=center_window_kmer_jsd;estimator=center_jsd;window=48;search_radius=24;kmer=2;top_ratio=0.25;score_scale=4.0;motif_weight=0.0;motif_radius=12;score_normalization=train_quantile;raw_border_score=0.279574;border_score=1.123489",0.3159199357032776,0.3171311914920807,0.3669488728046417
test_Seq_2624,2,1,"benchmark=nucleotide_transformer_downstream_tasks;dataset=splice_sites_all;matching=kmer_balanced;matching_signature=(6, 'TTT');border_estimator=center_window_kmer_jsd;estimator=center_jsd;window=48;search_radius=24;kmer=2;top_ratio=0.25;score_scale=4.0;motif_weight=0.0;motif_radius=12;score_normalization=train_quantile;raw_border_score=0.200052;border_score=0.971533",0.35733282566070557,0.3646610379219055,0.2780061364173889
test_Seq_2223,2,2,"benchmark=nucleotide_transformer_downstream_tasks;dataset=splice_sites_all;matching=kmer_balanced;matching_signature=(9, 'TCT');border_estimator=center_window_kmer_jsd;estimator=center_jsd;window=48;search_radius=24;kmer=2;top_ratio=0.25;score_scale=4.0;motif_weight=0.0;motif_radius=12;score_normalization=train_quantile;raw_border_score=0.195294;border_score=0.957889",0.29687297344207764,0.2994247376918793,0.4037022292613983
test_Seq_2233,2,2,"benchmark=nucleotide_transformer_downstream_tasks;dataset=splice_sites_all;matching=kmer_balanced;matching_signature=(6, 'AAA');border_estimator=center_window_kmer_jsd;estimator=center_jsd;window=48;search_radius=24;kmer=2;top_ratio=0.25;score_scale=4.0;motif_weight=0.0;motif_radius=12;score_normalization=train_quantile;raw_border_score=0.234901;border_score=1.049133",0.26317253708839417,0.24620407819747925,0.4906233847141266
test_Seq_1118,1,2,"benchmark=nucleotide_transformer_downstream_tasks;dataset=splice_sites_all;matching=kmer_balanced;matching_signature=(6, 'TTT');border_estimator=center_window_kmer_jsd;estimator=center_jsd;window=48;search_radius=24;kmer=2;top_ratio=0.25;score_scale=4.0;motif_weight=0.0;motif_radius=12;score_normalization=train_quantile;raw_border_score=0.201147;border_score=0.973756",0.3342602550983429,0.3267121911048889,0.3390275537967682
test_Seq_5,0,1,"benchmark=nucleotide_transformer_downstream_tasks;dataset=splice_sites_all;matching=kmer_balanced;matching_signature=(8, 'TTT');border_estimator=center_window_kmer_jsd;estimator=center_jsd;window=48;search_radius=24;kmer=2;top_ratio=0.25;score_scale=4.0;motif_weight=0.0;motif_radius=12;score_normalization=train_quantile;raw_border_score=0.374749;border_score=1.185311",0.33753201365470886,0.3430045247077942,0.31946346163749695
test_Seq_2701,2,2,"benchmark=nucleotide_transformer_downstream_tasks;dataset=splice_sites_all;matching=kmer_balanced;matching_signature=(8, 'TTT');border_estimator=center_window_kmer_jsd;estimator=center_jsd;window=48;search_radius=24;kmer=2;top_ratio=0.25;score_scale=4.0;motif_weight=0.0;motif_radius=12;score_normalization=train_quantile;raw_border_score=0.190017;border_score=0.944244",0.27764692902565,0.26648807525634766,0.45586493611335754
test_Seq_1557,1,2,"benchmark=nucleotide_transformer_downstream_tasks;dataset=splice_sites_all;matching=kmer_balanced;matching_signature=(8, 'TCT');border_estimator=center_window_kmer_jsd;estimator=center_jsd;window=48;search_radius=24;kmer=2;top_ratio=0.25;score_scale=4.0;motif_weight=0.0;motif_radius=12;score_normalization=train_quantile;raw_border_score=0.263739;border_score=1.101933",0.2661533057689667,0.2604481279850006,0.4733985960483551
test_Seq_1900,1,2,"benchmark=nucleotide_transformer_downstream_tasks;dataset=splice_sites_all;matching=kmer_balanced;matching_signature=(10, 'AAA');border_estimator=center_window_kmer_jsd;estimator=center_jsd;window=48;search_radius=24;kmer=2;top_ratio=0.25;score_scale=4.0;motif_weight=0.0;motif_radius=12;score_normalization=train_quantile;raw_border_score=0.485670;border_score=1.197667",0.318834125995636,0.3170400559902191,0.3641258180141449
test_Seq_1762,1,2,"benchmark=nucleotide_transformer_downstream_tasks;dataset=splice_sites_all;matching=kmer_balanced;matching_signature=(13, 'GGG');border_estimator=center_window_kmer_jsd;estimator=center_jsd;window=48;search_radius=24;kmer=2;top_ratio=0.25;score_scale=4.0;motif_weight=0.0;motif_radius=12;score_normalization=train_quantile;raw_border_score=0.361571;border_score=1.181089",0.30201011896133423,0.29273658990859985,0.40525326132774353
test_Seq_417,0,2,"benchmark=nucleotide_transformer_downstream_tasks;dataset=splice_sites_all;matching=kmer_balanced;matching_signature=(5, 'TTT');border_estimator=center_window_kmer_jsd;estimator=center_jsd;window=48;search_radius=24;kmer=2;top_ratio=0.25;score_scale=4.0;motif_weight=0.0;motif_radius=12;score_normalization=train_quantile;raw_border_score=0.323302;border_score=1.162867",0.28859591484069824,0.27445104718208313,0.43695303797721863
test_Seq_2322,2,2,"benchmark=nucleotide_transformer_downstream_tasks;dataset=splice_sites_all;matching=kmer_balanced;matching_signature=(7, 'TTT');border_estimator=center_window_kmer_jsd;estimator=center_jsd;window=48;search_radius=24;kmer=2;top_ratio=0.25;score_scale=4.0;motif_weight=0.0;motif_radius=12;score_normalization=train_quantile;raw_border_score=0.207910;border_score=0.989933",0.15202240645885468,0.1381746381521225,0.7098028659820557
test_Seq_2561,2,2,"benchmark=nucleotide_transformer_downstream_tasks;dataset=splice_sites_all;matching=kmer_balanced;matching_signature=(11, 'CCC');border_estimator=center_window_kmer_jsd;estimator=center_jsd;window=48;search_radius=24;kmer=2;top_ratio=0.25;score_scale=4.0;motif_weight=0.0;motif_radius=12;score_normalization=train_quantile;raw_border_score=0.246349;border_score=1.071844",0.28433552384376526,0.2859877347946167,0.4296768307685852
test_Seq_1719,1,2,"benchmark=nucleotide_transformer_downstream_tasks;dataset=splice_sites_all;matching=kmer_balanced;matching_signature=(13, 'CTG');border_estimator=center_window_kmer_jsd;estimator=center_jsd;window=48;search_radius=24;kmer=2;top_ratio=0.25;score_scale=4.0;motif_weight=0.0;motif_radius=12;score_normalization=train_quantile;raw_border_score=0.238429;border_score=1.055178",0.21878738701343536,0.2082756608724594,0.5729369521141052
test_Seq_1258,1,2,"benchmark=nucleotide_transformer_downstream_tasks;dataset=splice_sites_all;matching=kmer_balanced;matching_signature=(7, 'TTT');border_estimator=center_window_kmer_jsd;estimator=center_jsd;window=48;search_radius=24;kmer=2;top_ratio=0.25;score_scale=4.0;motif_weight=0.0;motif_radius=12;score_normalization=train_quantile;raw_border_score=0.133150;border_score=0.822956",0.15956678986549377,0.14849257469177246,0.6919406056404114
test_Seq_64,0,2,"benchmark=nucleotide_transformer_downstream_tasks;dataset=splice_sites_all;matching=kmer_balanced;matching_signature=(9, 'TTT');border_estimator=center_window_kmer_jsd;estimator=center_jsd;window=48;search_radius=24;kmer=2;top_ratio=0.25;score_scale=4.0;motif_weight=0.0;motif_radius=12;score_normalization=train_quantile;raw_border_score=0.165754;border_score=0.880733",0.324138343334198,0.3189379870891571,0.3569236993789673
test_Seq_1363,1,1,"benchmark=nucleotide_transformer_downstream_tasks;dataset=splice_sites_all;matching=kmer_balanced;matching_signature=(14, 'GGG');border_estimator=center_window_kmer_jsd;estimator=center_jsd;window=48;search_radius=24;kmer=2;top_ratio=0.25;score_scale=4.0;motif_weight=0.0;motif_radius=12;score_normalization=train_quantile;raw_border_score=0.236174;border_score=1.051133",0.3366599678993225,0.34701403975486755,0.31632596254348755
test_Seq_491,0,2,"benchmark=nucleotide_transformer_downstream_tasks;dataset=splice_sites_all;matching=kmer_balanced;matching_signature=(7, 'TAT');border_estimator=center_window_kmer_jsd;estimator=center_jsd;window=48;search_radius=24;kmer=2;top_ratio=0.25;score_scale=4.0;motif_weight=0.0;motif_radius=12;score_normalization=train_quantile;raw_border_score=0.429653;border_score=1.193222",0.3017938435077667,0.3028236925601959,0.39538243412971497
test_Seq_2836,2,2,"benchmark=nucleotide_transformer_downstream_tasks;dataset=splice_sites_all;matching=kmer_balanced;matching_signature=(7, 'AAA');border_estimator=center_window_kmer_jsd;estimator=center_jsd;window=48;search_radius=24;kmer=2;top_ratio=0.25;score_scale=4.0;motif_weight=0.0;motif_radius=12;score_normalization=train_quantile;raw_border_score=0.216683;border_score=1.010778",0.29351723194122314,0.29429343342781067,0.41218939423561096
test_Seq_1135,1,2,"benchmark=nucleotide_transformer_downstream_tasks;dataset=splice_sites_all;matching=kmer_balanced;matching_signature=(7, 'ATA');border_estimator=center_window_kmer_jsd;estimator=center_jsd;window=48;search_radius=24;kmer=2;top_ratio=0.25;score_scale=4.0;motif_weight=0.0;motif_radius=12;score_normalization=train_quantile;raw_border_score=0.173692;border_score=0.901000",0.19007079303264618,0.17597468197345734,0.6339545249938965
test_Seq_866,0,2,"benchmark=nucleotide_transformer_downstream_tasks;dataset=splice_sites_all;matching=kmer_balanced;matching_signature=(11, 'AGG');border_estimator=center_window_kmer_jsd;estimator=center_jsd;window=48;search_radius=24;kmer=2;top_ratio=0.25;score_scale=4.0;motif_weight=0.0;motif_radius=12;score_normalization=train_quantile;raw_border_score=0.314412;border_score=1.157000",0.32126742601394653,0.3114352524280548,0.36729732155799866
test_Seq_1504,1,2,"benchmark=nucleotide_transformer_downstream_tasks;dataset=splice_sites_all;matching=kmer_balanced;matching_signature=(10, 'TGG');border_estimator=center_window_kmer_jsd;estimator=center_jsd;window=48;search_radius=24;kmer=2;top_ratio=0.25;score_scale=4.0;motif_weight=0.0;motif_radius=12;score_normalization=train_quantile;raw_border_score=0.182477;border_score=0.923578",0.32660987973213196,0.3226182162761688,0.350771963596344
test_Seq_1069,1,2,"benchmark=nucleotide_transformer_downstream_tasks;dataset=splice_sites_all;matching=kmer_balanced;matching_signature=(8, 'GAA');border_estimator=center_window_kmer_jsd;estimator=center_jsd;window=48;search_radius=24;kmer=2;top_ratio=0.25;score_scale=4.0;motif_weight=0.0;motif_radius=12;score_normalization=train_quantile;raw_border_score=0.187937;border_score=0.938911",0.264744371175766,0.2588590383529663,0.47639667987823486
test_Seq_1672,1,1,"benchmark=nucleotide_transformer_downstream_tasks;dataset=splice_sites_all;matching=kmer_balanced;matching_signature=(6, 'AAA');border_estimator=center_window_kmer_jsd;estimator=center_jsd;window=48;search_radius=24;kmer=2;top_ratio=0.25;score_scale=4.0;motif_weight=0.0;motif_radius=12;score_normalization=train_quantile;raw_border_score=0.165715;border_score=0.880556",0.3325148820877075,0.33719193935394287,0.3302931487560272
test_Seq_767,0,1,"benchmark=nucleotide_transformer_downstream_tasks;dataset=splice_sites_all;matching=kmer_balanced;matching_signature=(9, 'CTG');border_estimator=center_window_kmer_jsd;estimator=center_jsd;window=48;search_radius=24;kmer=2;top_ratio=0.25;score_scale=4.0;motif_weight=0.0;motif_radius=12;score_normalization=train_quantile;raw_border_score=0.344426;border_score=1.174333",0.3431432843208313,0.3563184142112732,0.3005383014678955
test_Seq_1202,1,2,"benchmark=nucleotide_transformer_downstream_tasks;dataset=splice_sites_all;matching=kmer_balanced;matching_signature=(7, 'TTT');border_estimator=center_window_kmer_jsd;estimator=center_jsd;window=48;search_radius=24;kmer=2;top_ratio=0.25;score_scale=4.0;motif_weight=0.0;motif_radius=12;score_normalization=train_quantile;raw_border_score=0.198308;border_score=0.966600",0.26801225543022156,0.26779547333717346,0.4641922116279602
test_Seq_2804,2,2,"benchmark=nucleotide_transformer_downstream_tasks;dataset=splice_sites_all;matching=kmer_balanced;matching_signature=(8, 'AAA');border_estimator=center_window_kmer_jsd;estimator=center_jsd;window=48;search_radius=24;kmer=2;top_ratio=0.25;score_scale=4.0;motif_weight=0.0;motif_radius=12;score_normalization=train_quantile;raw_border_score=0.205872;border_score=0.985889",0.22643975913524628,0.21713870763778687,0.5564215183258057
test_Seq_515,0,2,"benchmark=nucleotide_transformer_downstream_tasks;dataset=splice_sites_all;matching=kmer_balanced;matching_signature=(8, 'TTT');border_estimator=center_window_kmer_jsd;estimator=center_jsd;window=48;search_radius=24;kmer=2;top_ratio=0.25;score_scale=4.0;motif_weight=0.0;motif_radius=12;score_normalization=train_quantile;raw_border_score=0.560914;border_score=1.199400",0.14072246849536896,0.13783134520053864,0.72144615650177
test_Seq_551,0,2,"benchmark=nucleotide_transformer_downstream_tasks;dataset=splice_sites_all;matching=kmer_balanced;matching_signature=(7, 'AAA');border_estimator=center_window_kmer_jsd;estimator=center_jsd;window=48;search_radius=24;kmer=2;top_ratio=0.25;score_scale=4.0;motif_weight=0.0;motif_radius=12;score_normalization=train_quantile;raw_border_score=0.243778;border_score=1.067222",0.2595423460006714,0.25037258863449097,0.49008509516716003
test_Seq_1830,1,2,"benchmark=nucleotide_transformer_downstream_tasks;dataset=splice_sites_all;matching=kmer_balanced;matching_signature=(7, 'AAA');border_estimator=center_window_kmer_jsd;estimator=center_jsd;window=48;search_radius=24;kmer=2;top_ratio=0.25;score_scale=4.0;motif_weight=0.0;motif_radius=12;score_normalization=train_quantile;raw_border_score=0.247659;border_score=1.074511",0.32282012701034546,0.32551470398902893,0.3516652286052704
test_Seq_2226,2,2,"benchmark=nucleotide_transformer_downstream_tasks;dataset=splice_sites_all;matching=kmer_balanced;matching_signature=(7, 'TTT');border_estimator=center_window_kmer_jsd;estimator=center_jsd;window=48;search_radius=24;kmer=2;top_ratio=0.25;score_scale=4.0;motif_weight=0.0;motif_radius=12;score_normalization=train_quantile;raw_border_score=0.228466;border_score=1.036911",0.14484301209449768,0.13200274109840393,0.7231542468070984
test_Seq_2839,2,2,"benchmark=nucleotide_transformer_downstream_tasks;dataset=splice_sites_all;matching=kmer_balanced;matching_signature=(7, 'AAA');border_estimator=center_window_kmer_jsd;estimator=center_jsd;window=48;search_radius=24;kmer=2;top_ratio=0.25;score_scale=4.0;motif_weight=0.0;motif_radius=12;score_normalization=train_quantile;raw_border_score=0.297193;border_score=1.142778",0.2902505099773407,0.29080528020858765,0.41894426941871643
test_Seq_1984,1,2,"benchmark=nucleotide_transformer_downstream_tasks;dataset=splice_sites_all;matching=kmer_balanced;matching_signature=(10, 'CTG');border_estimator=center_window_kmer_jsd;estimator=center_jsd;window=48;search_radius=24;kmer=2;top_ratio=0.25;score_scale=4.0;motif_weight=0.0;motif_radius=12;score_normalization=train_quantile;raw_border_score=0.141056;border_score=0.832778",0.2539351284503937,0.25319454073905945,0.4928702414035797
test_Seq_1158,1,2,"benchmark=nucleotide_transformer_downstream_tasks;dataset=splice_sites_all;matching=kmer_balanced;matching_signature=(8, 'TTT');border_estimator=center_window_kmer_jsd;estimator=center_jsd;window=48;search_radius=24;kmer=2;top_ratio=0.25;score_scale=4.0;motif_weight=0.0;motif_radius=12;score_normalization=train_quantile;raw_border_score=0.424916;border_score=1.192778",0.27515727281570435,0.26370856165885925,0.4611341655254364
test_Seq_1538,1,2,"benchmark=nucleotide_transformer_downstream_tasks;dataset=splice_sites_all;matching=kmer_balanced;matching_signature=(12, 'CCC');border_estimator=center_window_kmer_jsd;estimator=center_jsd;window=48;search_radius=24;kmer=2;top_ratio=0.25;score_scale=4.0;motif_weight=0.0;motif_radius=12;score_normalization=train_quantile;raw_border_score=0.224137;border_score=1.028244",0.30701833963394165,0.29824039340019226,0.3947412371635437
test_Seq_1136,1,2,"benchmark=nucleotide_transformer_downstream_tasks;dataset=splice_sites_all;matching=kmer_balanced;matching_signature=(12, 'GGG');border_estimator=center_window_kmer_jsd;estimator=center_jsd;window=48;search_radius=24;kmer=2;top_ratio=0.25;score_scale=4.0;motif_weight=0.0;motif_radius=12;score_normalization=train_quantile;raw_border_score=0.203457;border_score=0.979844",0.30071741342544556,0.28854238986968994,0.4107401669025421
test_Seq_2274,2,2,"benchmark=nucleotide_transformer_downstream_tasks;dataset=splice_sites_all;matching=kmer_balanced;matching_signature=(10, 'TCT');border_estimator=center_window_kmer_jsd;estimator=center_jsd;window=48;search_radius=24;kmer=2;top_ratio=0.25;score_scale=4.0;motif_weight=0.0;motif_radius=12;score_normalization=train_quantile;raw_border_score=0.176833;border_score=0.910467",0.2887105941772461,0.2877894639968872,0.4234999418258667
test_Seq_15,0,2,"benchmark=nucleotide_transformer_downstream_tasks;dataset=splice_sites_all;matching=kmer_balanced;matching_signature=(9, 'TTT');border_estimator=center_window_kmer_jsd;estimator=center_jsd;window=48;search_radius=24;kmer=2;top_ratio=0.25;score_scale=4.0;motif_weight=0.0;motif_radius=12;score_normalization=train_quantile;raw_border_score=0.238232;border_score=1.054911",0.32562509179115295,0.32552918791770935,0.3488457500934601
test_Seq_998,0,2,"benchmark=nucleotide_transformer_downstream_tasks;dataset=splice_sites_all;matching=kmer_balanced;matching_signature=(7, 'AAT');border_estimator=center_window_kmer_jsd;estimator=center_jsd;window=48;search_radius=24;kmer=2;top_ratio=0.25;score_scale=4.0;motif_weight=0.0;motif_radius=12;score_normalization=train_quantile;raw_border_score=0.113708;border_score=0.807667",0.24628925323486328,0.2408248782157898,0.5128859281539917
test_Seq_1133,1,2,"benchmark=nucleotide_transformer_downstream_tasks;dataset=splice_sites_all;matching=kmer_balanced;matching_signature=(10, 'GGG');border_estimator=center_window_kmer_jsd;estimator=center_jsd;window=48;search_radius=24;kmer=2;top_ratio=0.25;score_scale=4.0;motif_weight=0.0;motif_radius=12;score_normalization=train_quantile;raw_border_score=0.215901;border_score=1.008467",0.31296470761299133,0.3145885169506073,0.37244677543640137
test_Seq_1390,1,2,"benchmark=nucleotide_transformer_downstream_tasks;dataset=splice_sites_all;matching=kmer_balanced;matching_signature=(12, 'GGG');border_estimator=center_window_kmer_jsd;estimator=center_jsd;window=48;search_radius=24;kmer=2;top_ratio=0.25;score_scale=4.0;motif_weight=0.0;motif_radius=12;score_normalization=train_quantile;raw_border_score=0.294141;border_score=1.140067",0.3182811439037323,0.31677258014678955,0.36494624614715576
test_Seq_1201,1,2,"benchmark=nucleotide_transformer_downstream_tasks;dataset=splice_sites_all;matching=kmer_balanced;matching_signature=(12, 'GGG');border_estimator=center_window_kmer_jsd;estimator=center_jsd;window=48;search_radius=24;kmer=2;top_ratio=0.25;score_scale=4.0;motif_weight=0.0;motif_radius=12;score_normalization=train_quantile;raw_border_score=0.168675;border_score=0.887844",0.28206220269203186,0.26941531896591187,0.44852256774902344
test_Seq_1039,1,1,"benchmark=nucleotide_transformer_downstream_tasks;dataset=splice_sites_all;matching=kmer_balanced;matching_signature=(7, 'TTT');border_estimator=center_window_kmer_jsd;estimator=center_jsd;window=48;search_radius=24;kmer=2;top_ratio=0.25;score_scale=4.0;motif_weight=0.0;motif_radius=12;score_normalization=train_quantile;raw_border_score=0.127261;border_score=0.816644",0.34386709332466125,0.34458670020103455,0.3115462064743042
test_Seq_2277,2,2,"benchmark=nucleotide_transformer_downstream_tasks;dataset=splice_sites_all;matching=kmer_balanced;matching_signature=(12, 'CTG');border_estimator=center_window_kmer_jsd;estimator=center_jsd;window=48;search_radius=24;kmer=2;top_ratio=0.25;score_scale=4.0;motif_weight=0.0;motif_radius=12;score_normalization=train_quantile;raw_border_score=0.198475;border_score=0.967044",0.31701967120170593,0.31325796246528625,0.3697223365306854
test_Seq_2502,2,2,"benchmark=nucleotide_transformer_downstream_tasks;dataset=splice_sites_all;matching=kmer_balanced;matching_signature=(8, 'TGT');border_estimator=center_window_kmer_jsd;estimator=center_jsd;window=48;search_radius=24;kmer=2;top_ratio=0.25;score_scale=4.0;motif_weight=0.0;motif_radius=12;score_normalization=train_quantile;raw_border_score=0.158825;border_score=0.864956",0.3123987317085266,0.31315237283706665,0.37444889545440674
test_Seq_446,0,2,"benchmark=nucleotide_transformer_downstream_tasks;dataset=splice_sites_all;matching=kmer_balanced;matching_signature=(8, 'AAA');border_estimator=center_window_kmer_jsd;estimator=center_jsd;window=48;search_radius=24;kmer=2;top_ratio=0.25;score_scale=4.0;motif_weight=0.0;motif_radius=12;score_normalization=train_quantile;raw_border_score=0.177197;border_score=0.911667",0.28477582335472107,0.28897687792778015,0.42624732851982117
test_Seq_1448,1,2,"benchmark=nucleotide_transformer_downstream_tasks;dataset=splice_sites_all;matching=kmer_balanced;matching_signature=(6, 'TTT');border_estimator=center_window_kmer_jsd;estimator=center_jsd;window=48;search_radius=24;kmer=2;top_ratio=0.25;score_scale=4.0;motif_weight=0.0;motif_radius=12;score_normalization=train_quantile;raw_border_score=0.146275;border_score=0.841178",0.31632551550865173,0.321087509393692,0.3625869154930115
test_Seq_2751,2,2,"benchmark=nucleotide_transformer_downstream_tasks;dataset=splice_sites_all;matching=kmer_balanced;matching_signature=(6, 'TTT');border_estimator=center_window_kmer_jsd;estimator=center_jsd;window=48;search_radius=24;kmer=2;top_ratio=0.25;score_scale=4.0;motif_weight=0.0;motif_radius=12;score_normalization=train_quantile;raw_border_score=0.187588;border_score=0.937400",0.20770283043384552,0.18276026844978333,0.6095369458198547
test_Seq_2864,2,1,"benchmark=nucleotide_transformer_downstream_tasks;dataset=splice_sites_all;matching=kmer_balanced;matching_signature=(7, 'AAA');border_estimator=center_window_kmer_jsd;estimator=center_jsd;window=48;search_radius=24;kmer=2;top_ratio=0.25;score_scale=4.0;motif_weight=0.0;motif_radius=12;score_normalization=train_quantile;raw_border_score=0.462013;border_score=1.196422",0.3341135084629059,0.3397256135940552,0.32616087794303894
test_Seq_605,0,2,"benchmark=nucleotide_transformer_downstream_tasks;dataset=splice_sites_all;matching=kmer_balanced;matching_signature=(6, 'AAA');border_estimator=center_window_kmer_jsd;estimator=center_jsd;window=48;search_radius=24;kmer=2;top_ratio=0.25;score_scale=4.0;motif_weight=0.0;motif_radius=12;score_normalization=train_quantile;raw_border_score=0.215536;border_score=1.007489",0.2742078900337219,0.2670748829841614,0.4587172865867615
test_Seq_2142,2,0,"benchmark=nucleotide_transformer_downstream_tasks;dataset=splice_sites_all;matching=kmer_balanced;matching_signature=(11, 'CCA');border_estimator=center_window_kmer_jsd;estimator=center_jsd;window=48;search_radius=24;kmer=2;top_ratio=0.25;score_scale=4.0;motif_weight=0.0;motif_radius=12;score_normalization=train_quantile;raw_border_score=0.211729;border_score=0.999222",0.3463784456253052,0.33757346868515015,0.3160480856895447
test_Seq_1242,1,0,"benchmark=nucleotide_transformer_downstream_tasks;dataset=splice_sites_all;matching=kmer_balanced;matching_signature=(5, 'AAA');border_estimator=center_window_kmer_jsd;estimator=center_jsd;window=48;search_radius=24;kmer=2;top_ratio=0.25;score_scale=4.0;motif_weight=0.0;motif_radius=12;score_normalization=train_quantile;raw_border_score=0.253868;border_score=1.085711",0.3600604832172394,0.3591334819793701,0.2808060050010681
test_Seq_2516,2,1,"benchmark=nucleotide_transformer_downstream_tasks;dataset=splice_sites_all;matching=kmer_balanced;matching_signature=(11, 'GGC');border_estimator=center_window_kmer_jsd;estimator=center_jsd;window=48;search_radius=24;kmer=2;top_ratio=0.25;score_scale=4.0;motif_weight=0.0;motif_radius=12;score_normalization=train_quantile;raw_border_score=0.185582;border_score=0.932244",0.33215606212615967,0.3439675569534302,0.32387641072273254
test_Seq_1869,1,1,"benchmark=nucleotide_transformer_downstream_tasks;dataset=splice_sites_all;matching=kmer_balanced;matching_signature=(10, 'GAG');border_estimator=center_window_kmer_jsd;estimator=center_jsd;window=48;search_radius=24;kmer=2;top_ratio=0.25;score_scale=4.0;motif_weight=0.0;motif_radius=12;score_normalization=train_quantile;raw_border_score=0.291573;border_score=1.137978",0.3471226096153259,0.3628008961677551,0.29007649421691895
test_Seq_2594,2,2,"benchmark=nucleotide_transformer_downstream_tasks;dataset=splice_sites_all;matching=kmer_balanced;matching_signature=(7, 'TTT');border_estimator=center_window_kmer_jsd;estimator=center_jsd;window=48;search_radius=24;kmer=2;top_ratio=0.25;score_scale=4.0;motif_weight=0.0;motif_radius=12;score_normalization=train_quantile;raw_border_score=0.223107;border_score=1.026067",0.19265668094158173,0.1784316897392273,0.6289116144180298
test_Seq_1071,1,2,"benchmark=nucleotide_transformer_downstream_tasks;dataset=splice_sites_all;matching=kmer_balanced;matching_signature=(8, 'TTT');border_estimator=center_window_kmer_jsd;estimator=center_jsd;window=48;search_radius=24;kmer=2;top_ratio=0.25;score_scale=4.0;motif_weight=0.0;motif_radius=12;score_normalization=train_quantile;raw_border_score=0.209706;border_score=0.994467",0.19543300569057465,0.18807198107242584,0.6164950132369995
test_Seq_2727,2,2,"benchmark=nucleotide_transformer_downstream_tasks;dataset=splice_sites_all;matching=kmer_balanced;matching_signature=(6, 'TTT');border_estimator=center_window_kmer_jsd;estimator=center_jsd;window=48;search_radius=24;kmer=2;top_ratio=0.25;score_scale=4.0;motif_weight=0.0;motif_radius=12;score_normalization=train_quantile;raw_border_score=0.308251;border_score=1.152422",0.2787111699581146,0.2812049090862274,0.44008389115333557
test_Seq_1027,1,2,"benchmark=nucleotide_transformer_downstream_tasks;dataset=splice_sites_all;matching=kmer_balanced;matching_signature=(8, 'AAA');border_estimator=center_window_kmer_jsd;estimator=center_jsd;window=48;search_radius=24;kmer=2;top_ratio=0.25;score_scale=4.0;motif_weight=0.0;motif_radius=12;score_normalization=train_quantile;raw_border_score=0.199510;border_score=0.969889",0.2700422406196594,0.26565149426460266,0.4643062353134155
test_Seq_2639,2,2,"benchmark=nucleotide_transformer_downstream_tasks;dataset=splice_sites_all;matching=kmer_balanced;matching_signature=(10, 'GTG');border_estimator=center_window_kmer_jsd;estimator=center_jsd;window=48;search_radius=24;kmer=2;top_ratio=0.25;score_scale=4.0;motif_weight=0.0;motif_radius=12;score_normalization=train_quantile;raw_border_score=0.197431;border_score=0.964067",0.14910320937633514,0.13929277658462524,0.7116039395332336
test_Seq_1009,1,2,"benchmark=nucleotide_transformer_downstream_tasks;dataset=splice_sites_all;matching=kmer_balanced;matching_signature=(9, 'CAG');border_estimator=center_window_kmer_jsd;estimator=center_jsd;window=48;search_radius=24;kmer=2;top_ratio=0.25;score_scale=4.0;motif_weight=0.0;motif_radius=12;score_normalization=train_quantile;raw_border_score=0.128993;border_score=0.818422",0.2806589901447296,0.2684556245803833,0.45088544487953186
test_Seq_1190,1,1,"benchmark=nucleotide_transformer_downstream_tasks;dataset=splice_sites_all;matching=kmer_balanced;matching_signature=(10, 'CAG');border_estimator=center_window_kmer_jsd;estimator=center_jsd;window=48;search_radius=24;kmer=2;top_ratio=0.25;score_scale=4.0;motif_weight=0.0;motif_radius=12;score_normalization=train_quantile;raw_border_score=0.247430;border_score=1.073889",0.3418557941913605,0.34691306948661804,0.3112311065196991
test_Seq_648,0,2,"benchmark=nucleotide_transformer_downstream_tasks;dataset=splice_sites_all;matching=kmer_balanced;matching_signature=(7, 'AAA');border_estimator=center_window_kmer_jsd;estimator=center_jsd;window=48;search_radius=24;kmer=2;top_ratio=0.25;score_scale=4.0;motif_weight=0.0;motif_radius=12;score_normalization=train_quantile;raw_border_score=0.193413;border_score=0.953311",0.26397931575775146,0.2565559446811676,0.47946470975875854
test_Seq_1329,1,2,"benchmark=nucleotide_transformer_downstream_tasks;dataset=splice_sites_all;matching=kmer_balanced;matching_signature=(8, 'TTT');border_estimator=center_window_kmer_jsd;estimator=center_jsd;window=48;search_radius=24;kmer=2;top_ratio=0.25;score_scale=4.0;motif_weight=0.0;motif_radius=12;score_normalization=train_quantile;raw_border_score=0.133691;border_score=0.823578",0.3199232816696167,0.313472718000412,0.36660394072532654
test_Seq_1183,1,1,"benchmark=nucleotide_transformer_downstream_tasks;dataset=splice_sites_all;matching=kmer_balanced;matching_signature=(7, 'TTT');border_estimator=center_window_kmer_jsd;estimator=center_jsd;window=48;search_radius=24;kmer=2;top_ratio=0.25;score_scale=4.0;motif_weight=0.0;motif_radius=12;score_normalization=train_quantile;raw_border_score=0.244749;border_score=1.068867",0.3676503598690033,0.3813711106777191,0.2509785592556
test_Seq_2518,2,2,"benchmark=nucleotide_transformer_downstream_tasks;dataset=splice_sites_all;matching=kmer_balanced;matching_signature=(7, 'TTT');border_estimator=center_window_kmer_jsd;estimator=center_jsd;window=48;search_radius=24;kmer=2;top_ratio=0.25;score_scale=4.0;motif_weight=0.0;motif_radius=12;score_normalization=train_quantile;raw_border_score=0.310762;border_score=1.154822",0.09230175614356995,0.08206706494092941,0.8256311416625977
test_Seq_1595,1,2,"benchmark=nucleotide_transformer_downstream_tasks;dataset=splice_sites_all;matching=kmer_balanced;matching_signature=(12, 'GGG');border_estimator=center_window_kmer_jsd;estimator=center_jsd;window=48;search_radius=24;kmer=2;top_ratio=0.25;score_scale=4.0;motif_weight=0.0;motif_radius=12;score_normalization=train_quantile;raw_border_score=0.177746;border_score=0.912822",0.30108365416526794,0.2992616891860962,0.3996545970439911
test_Seq_2992,2,1,"benchmark=nucleotide_transformer_downstream_tasks;dataset=splice_sites_all;matching=kmer_balanced;matching_signature=(9, 'GAA');border_estimator=center_window_kmer_jsd;estimator=center_jsd;window=48;search_radius=24;kmer=2;top_ratio=0.25;score_scale=4.0;motif_weight=0.0;motif_radius=12;score_normalization=train_quantile;raw_border_score=0.247674;border_score=1.074511",0.3354797065258026,0.33769288659095764,0.32682740688323975
test_Seq_2338,2,0,"benchmark=nucleotide_transformer_downstream_tasks;dataset=splice_sites_all;matching=kmer_balanced;matching_signature=(11, 'GGG');border_estimator=center_window_kmer_jsd;estimator=center_jsd;window=48;search_radius=24;kmer=2;top_ratio=0.25;score_scale=4.0;motif_weight=0.0;motif_radius=12;score_normalization=train_quantile;raw_border_score=0.210411;border_score=0.996156",0.3447803556919098,0.3401941657066345,0.3150255084037781
test_Seq_1844,1,2,"benchmark=nucleotide_transformer_downstream_tasks;dataset=splice_sites_all;matching=kmer_balanced;matching_signature=(10, 'TGT');border_estimator=center_window_kmer_jsd;estimator=center_jsd;window=48;search_radius=24;kmer=2;top_ratio=0.25;score_scale=4.0;motif_weight=0.0;motif_radius=12;score_normalization=train_quantile;raw_border_score=0.329892;border_score=1.166156",0.2937934994697571,0.28164035081863403,0.4245661497116089
test_Seq_2947,2,2,"benchmark=nucleotide_transformer_downstream_tasks;dataset=splice_sites_all;matching=kmer_balanced;matching_signature=(12, 'CTG');border_estimator=center_window_kmer_jsd;estimator=center_jsd;window=48;search_radius=24;kmer=2;top_ratio=0.25;score_scale=4.0;motif_weight=0.0;motif_radius=12;score_normalization=train_quantile;raw_border_score=0.203046;border_score=0.979178",0.23739458620548248,0.2201358675956726,0.5424695611000061
test_Seq_1506,1,2,"benchmark=nucleotide_transformer_downstream_tasks;dataset=splice_sites_all;matching=kmer_balanced;matching_signature=(11, 'GGG');border_estimator=center_window_kmer_jsd;estimator=center_jsd;window=48;search_radius=24;kmer=2;top_ratio=0.25;score_scale=4.0;motif_weight=0.0;motif_radius=12;score_normalization=train_quantile;raw_border_score=0.249355;border_score=1.077844",0.2597426176071167,0.24757759273052216,0.49267977476119995
test_Seq_2878,2,2,"benchmark=nucleotide_transformer_downstream_tasks;dataset=splice_sites_all;matching=kmer_balanced;matching_signature=(13, 'CCC');border_estimator=center_window_kmer_jsd;estimator=center_jsd;window=48;search_radius=24;kmer=2;top_ratio=0.25;score_scale=4.0;motif_weight=0.0;motif_radius=12;score_normalization=train_quantile;raw_border_score=0.207938;border_score=0.989933",0.31458580493927,0.31528717279434204,0.37012699246406555
test_Seq_1341,1,2,"benchmark=nucleotide_transformer_downstream_tasks;dataset=splice_sites_all;matching=kmer_balanced;matching_signature=(8, 'TTT');border_estimator=center_window_kmer_jsd;estimator=center_jsd;window=48;search_radius=24;kmer=2;top_ratio=0.25;score_scale=4.0;motif_weight=0.0;motif_radius=12;score_normalization=train_quantile;raw_border_score=0.300994;border_score=1.147089",0.28053414821624756,0.2842411398887634,0.435224711894989
test_Seq_1908,1,2,"benchmark=nucleotide_transformer_downstream_tasks;dataset=splice_sites_all;matching=kmer_balanced;matching_signature=(6, 'TTT');border_estimator=center_window_kmer_jsd;estimator=center_jsd;window=48;search_radius=24;kmer=2;top_ratio=0.25;score_scale=4.0;motif_weight=0.0;motif_radius=12;score_normalization=train_quantile;raw_border_score=0.165071;border_score=0.879222",0.2279212772846222,0.21794337034225464,0.5541353821754456
test_Seq_2766,2,2,"benchmark=nucleotide_transformer_downstream_tasks;dataset=splice_sites_all;matching=kmer_balanced;matching_signature=(5, 'TTT');border_estimator=center_window_kmer_jsd;estimator=center_jsd;window=48;search_radius=24;kmer=2;top_ratio=0.25;score_scale=4.0;motif_weight=0.0;motif_radius=12;score_normalization=train_quantile;raw_border_score=0.105851;border_score=0.803978",0.23806756734848022,0.22621525824069977,0.5357171297073364
test_Seq_97,0,2,"benchmark=nucleotide_transformer_downstream_tasks;dataset=splice_sites_all;matching=kmer_balanced;matching_signature=(5, 'TTT');border_estimator=center_window_kmer_jsd;estimator=center_jsd;window=48;search_radius=24;kmer=2;top_ratio=0.25;score_scale=4.0;motif_weight=0.0;motif_radius=12;score_normalization=train_quantile;raw_border_score=0.278903;border_score=1.122778",0.24489825963974,0.23264646530151367,0.5224552154541016
test_Seq_1682,1,2,"benchmark=nucleotide_transformer_downstream_tasks;dataset=splice_sites_all;matching=kmer_balanced;matching_signature=(8, 'AAA');border_estimator=center_window_kmer_jsd;estimator=center_jsd;window=48;search_radius=24;kmer=2;top_ratio=0.25;score_scale=4.0;motif_weight=0.0;motif_radius=12;score_normalization=train_quantile;raw_border_score=0.163761;border_score=0.875533",0.15628600120544434,0.14753852784633636,0.6961754560470581
test_Seq_261,0,2,"benchmark=nucleotide_transformer_downstream_tasks;dataset=splice_sites_all;matching=kmer_balanced;matching_signature=(6, 'TTT');border_estimator=center_window_kmer_jsd;estimator=center_jsd;window=48;search_radius=24;kmer=2;top_ratio=0.25;score_scale=4.0;motif_weight=0.0;motif_radius=12;score_normalization=train_quantile;raw_border_score=0.428055;border_score=1.192956",0.2894367575645447,0.27952688932418823,0.43103641271591187
test_Seq_464,0,2,"benchmark=nucleotide_transformer_downstream_tasks;dataset=splice_sites_all;matching=kmer_balanced;matching_signature=(8, 'TCT');border_estimator=center_window_kmer_jsd;estimator=center_jsd;window=48;search_radius=24;kmer=2;top_ratio=0.25;score_scale=4.0;motif_weight=0.0;motif_radius=12;score_normalization=train_quantile;raw_border_score=0.172153;border_score=0.896644",0.3346773087978363,0.33026841282844543,0.3350542187690735
test_Seq_220,0,2,"benchmark=nucleotide_transformer_downstream_tasks;dataset=splice_sites_all;matching=kmer_balanced;matching_signature=(5, 'TTT');border_estimator=center_window_kmer_jsd;estimator=center_jsd;window=48;search_radius=24;kmer=2;top_ratio=0.25;score_scale=4.0;motif_weight=0.0;motif_radius=12;score_normalization=train_quantile;raw_border_score=0.253050;border_score=1.084289",0.3201334476470947,0.3103789687156677,0.36948761343955994
test_Seq_650,0,2,"benchmark=nucleotide_transformer_downstream_tasks;dataset=splice_sites_all;matching=kmer_balanced;matching_signature=(7, 'TTT');border_estimator=center_window_kmer_jsd;estimator=center_jsd;window=48;search_radius=24;kmer=2;top_ratio=0.25;score_scale=4.0;motif_weight=0.0;motif_radius=12;score_normalization=train_quantile;raw_border_score=0.281557;border_score=1.125756",0.31028786301612854,0.3120872676372528,0.37762489914894104
test_Seq_1019,1,2,"benchmark=nucleotide_transformer_downstream_tasks;dataset=splice_sites_all;matching=kmer_balanced;matching_signature=(10, 'CAG');border_estimator=center_window_kmer_jsd;estimator=center_jsd;window=48;search_radius=24;kmer=2;top_ratio=0.25;score_scale=4.0;motif_weight=0.0;motif_radius=12;score_normalization=train_quantile;raw_border_score=0.303702;border_score=1.149622",0.30573171377182007,0.3062911629676819,0.38797712326049805
test_Seq_979,0,1,"benchmark=nucleotide_transformer_downstream_tasks;dataset=splice_sites_all;matching=kmer_balanced;matching_signature=(7, 'TTT');border_estimator=center_window_kmer_jsd;estimator=center_jsd;window=48;search_radius=24;kmer=2;top_ratio=0.25;score_scale=4.0;motif_weight=0.0;motif_radius=12;score_normalization=train_quantile;raw_border_score=0.204047;border_score=0.981711",0.33890247344970703,0.3403664231300354,0.3207310736179352
test_Seq_1570,1,2,"benchmark=nucleotide_transformer_downstream_tasks;dataset=splice_sites_all;matching=kmer_balanced;matching_signature=(10, 'AAA');border_estimator=center_window_kmer_jsd;estimator=center_jsd;window=48;search_radius=24;kmer=2;top_ratio=0.25;score_scale=4.0;motif_weight=0.0;motif_radius=12;score_normalization=train_quantile;raw_border_score=0.219460;border_score=1.017400",0.31236711144447327,0.2985539436340332,0.3890789747238159
test_Seq_1868,1,0,"benchmark=nucleotide_transformer_downstream_tasks;dataset=splice_sites_all;matching=kmer_balanced;matching_signature=(9, 'TTT');border_estimator=center_window_kmer_jsd;estimator=center_jsd;window=48;search_radius=24;kmer=2;top_ratio=0.25;score_scale=4.0;motif_weight=0.0;motif_radius=12;score_normalization=train_quantile;raw_border_score=0.197576;border_score=0.964511",0.3362344205379486,0.32918137311935425,0.33458414673805237
test_Seq_1840,1,2,"benchmark=nucleotide_transformer_downstream_tasks;dataset=splice_sites_all;matching=kmer_balanced;matching_signature=(6, 'TTT');border_estimator=center_window_kmer_jsd;estimator=center_jsd;window=48;search_radius=24;kmer=2;top_ratio=0.25;score_scale=4.0;motif_weight=0.0;motif_radius=12;score_normalization=train_quantile;raw_border_score=0.356588;border_score=1.179400",0.33228591084480286,0.3245273232460022,0.34318676590919495
test_Seq_2014,2,2,"benchmark=nucleotide_transformer_downstream_tasks;dataset=splice_sites_all;matching=kmer_balanced;matching_signature=(9, 'TTT');border_estimator=center_window_kmer_jsd;estimator=center_jsd;window=48;search_radius=24;kmer=2;top_ratio=0.25;score_scale=4.0;motif_weight=0.0;motif_radius=12;score_normalization=train_quantile;raw_border_score=0.318032;border_score=1.159711",0.21179912984371185,0.21265169978141785,0.5755491852760315
test_Seq_567,0,2,"benchmark=nucleotide_transformer_downstream_tasks;dataset=splice_sites_all;matching=kmer_balanced;matching_signature=(11, 'CAG');border_estimator=center_window_kmer_jsd;estimator=center_jsd;window=48;search_radius=24;kmer=2;top_ratio=0.25;score_scale=4.0;motif_weight=0.0;motif_radius=12;score_normalization=train_quantile;raw_border_score=0.304726;border_score=1.150111",0.31382814049720764,0.31829074025154114,0.3678811192512512
test_Seq_2978,2,2,"benchmark=nucleotide_transformer_downstream_tasks;dataset=splice_sites_all;matching=kmer_balanced;matching_signature=(7, 'AAA');border_estimator=center_window_kmer_jsd;estimator=center_jsd;window=48;search_radius=24;kmer=2;top_ratio=0.25;score_scale=4.0;motif_weight=0.0;motif_radius=12;score_normalization=train_quantile;raw_border_score=0.141963;border_score=0.833889",0.1376643031835556,0.12664750218391418,0.7356882095336914
test_Seq_1125,1,2,"benchmark=nucleotide_transformer_downstream_tasks;dataset=splice_sites_all;matching=kmer_balanced;matching_signature=(11, 'GAG');border_estimator=center_window_kmer_jsd;estimator=center_jsd;window=48;search_radius=24;kmer=2;top_ratio=0.25;score_scale=4.0;motif_weight=0.0;motif_radius=12;score_normalization=train_quantile;raw_border_score=0.265873;border_score=1.104778",0.21489284932613373,0.2079976499080658,0.5771095156669617
test_Seq_271,0,2,"benchmark=nucleotide_transformer_downstream_tasks;dataset=splice_sites_all;matching=kmer_balanced;matching_signature=(6, 'TTT');border_estimator=center_window_kmer_jsd;estimator=center_jsd;window=48;search_radius=24;kmer=2;top_ratio=0.25;score_scale=4.0;motif_weight=0.0;motif_radius=12;score_normalization=train_quantile;raw_border_score=0.181427;border_score=0.921533",0.19036978483200073,0.1752510368824005,0.6343791484832764
test_Seq_1522,1,2,"benchmark=nucleotide_transformer_downstream_tasks;dataset=splice_sites_all;matching=kmer_balanced;matching_signature=(10, 'CCC');border_estimator=center_window_kmer_jsd;estimator=center_jsd;window=48;search_radius=24;kmer=2;top_ratio=0.25;score_scale=4.0;motif_weight=0.0;motif_radius=12;score_normalization=train_quantile;raw_border_score=0.185996;border_score=0.933178",0.303255558013916,0.30076250433921814,0.39598196744918823
test_Seq_1954,1,1,"benchmark=nucleotide_transformer_downstream_tasks;dataset=splice_sites_all;matching=kmer_balanced;matching_signature=(8, 'AAA');border_estimator=center_window_kmer_jsd;estimator=center_jsd;window=48;search_radius=24;kmer=2;top_ratio=0.25;score_scale=4.0;motif_weight=0.0;motif_radius=12;score_normalization=train_quantile;raw_border_score=0.197734;border_score=0.965000",0.33288779854774475,0.33715325593948364,0.3299589157104492
test_Seq_433,0,0,"benchmark=nucleotide_transformer_downstream_tasks;dataset=splice_sites_all;matching=kmer_balanced;matching_signature=(7, 'TTT');border_estimator=center_window_kmer_jsd;estimator=center_jsd;window=48;search_radius=24;kmer=2;top_ratio=0.25;score_scale=4.0;motif_weight=0.0;motif_radius=12;score_normalization=train_quantile;raw_border_score=0.274898;border_score=1.117133",0.34787753224372864,0.3381814658641815,0.31394100189208984
test_Seq_1393,1,2,"benchmark=nucleotide_transformer_downstream_tasks;dataset=splice_sites_all;matching=kmer_balanced;matching_signature=(8, 'TTT');border_estimator=center_window_kmer_jsd;estimator=center_jsd;window=48;search_radius=24;kmer=2;top_ratio=0.25;score_scale=4.0;motif_weight=0.0;motif_radius=12;score_normalization=train_quantile;raw_border_score=0.453462;border_score=1.195978",0.28142815828323364,0.2695104479789734,0.4490613639354706
test_Seq_935,0,2,"benchmark=nucleotide_transformer_downstream_tasks;dataset=splice_sites_all;matching=kmer_balanced;matching_signature=(5, 'TTT');border_estimator=center_window_kmer_jsd;estimator=center_jsd;window=48;search_radius=24;kmer=2;top_ratio=0.25;score_scale=4.0;motif_weight=0.0;motif_radius=12;score_normalization=train_quantile;raw_border_score=0.176323;border_score=0.909133",0.28714534640312195,0.27427807450294495,0.4385765492916107
test_Seq_2427,2,2,"benchmark=nucleotide_transformer_downstream_tasks;dataset=splice_sites_all;matching=kmer_balanced;matching_signature=(7, 'TTT');border_estimator=center_window_kmer_jsd;estimator=center_jsd;window=48;search_radius=24;kmer=2;top_ratio=0.25;score_scale=4.0;motif_weight=0.0;motif_radius=12;score_normalization=train_quantile;raw_border_score=0.253415;border_score=1.084822",0.2645321488380432,0.25677600502967834,0.47869181632995605
test_Seq_1178,1,2,"benchmark=nucleotide_transformer_downstream_tasks;dataset=splice_sites_all;matching=kmer_balanced;matching_signature=(12, 'CAG');border_estimator=center_window_kmer_jsd;estimator=center_jsd;window=48;search_radius=24;kmer=2;top_ratio=0.25;score_scale=4.0;motif_weight=0.0;motif_radius=12;score_normalization=train_quantile;raw_border_score=0.201138;border_score=0.973756",0.29897814989089966,0.2954992949962616,0.40552252531051636
test_Seq_479,0,1,"benchmark=nucleotide_transformer_downstream_tasks;dataset=splice_sites_all;matching=kmer_balanced;matching_signature=(7, 'AAA');border_estimator=center_window_kmer_jsd;estimator=center_jsd;window=48;search_radius=24;kmer=2;top_ratio=0.25;score_scale=4.0;motif_weight=0.0;motif_radius=12;score_normalization=train_quantile;raw_border_score=0.241243;border_score=1.061444",0.3424067795276642,0.3460078537464142,0.31158536672592163
test_Seq_1961,1,0,"benchmark=nucleotide_transformer_downstream_tasks;dataset=splice_sites_all;matching=kmer_balanced;matching_signature=(8, 'AAA');border_estimator=center_window_kmer_jsd;estimator=center_jsd;window=48;search_radius=24;kmer=2;top_ratio=0.25;score_scale=4.0;motif_weight=0.0;motif_radius=12;score_normalization=train_quantile;raw_border_score=0.143590;border_score=0.836644",0.3500927686691284,0.3500868082046509,0.2998203933238983
test_Seq_1828,1,1,"benchmark=nucleotide_transformer_downstream_tasks;dataset=splice_sites_all;matching=kmer_balanced;matching_signature=(11, 'GGG');border_estimator=center_window_kmer_jsd;estimator=center_jsd;window=48;search_radius=24;kmer=2;top_ratio=0.25;score_scale=4.0;motif_weight=0.0;motif_radius=12;score_normalization=train_quantile;raw_border_score=0.281927;border_score=1.126200",0.37219667434692383,0.37640735507011414,0.2513960301876068
test_Seq_821,0,2,"benchmark=nucleotide_transformer_downstream_tasks;dataset=splice_sites_all;matching=kmer_balanced;matching_signature=(8, 'AAA');border_estimator=center_window_kmer_jsd;estimator=center_jsd;window=48;search_radius=24;kmer=2;top_ratio=0.25;score_scale=4.0;motif_weight=0.0;motif_radius=12;score_normalization=train_quantile;raw_border_score=0.221663;border_score=1.022911",0.3280808627605438,0.33454740047454834,0.33737167716026306
test_Seq_259,0,2,"benchmark=nucleotide_transformer_downstream_tasks;dataset=splice_sites_all;matching=kmer_balanced;matching_signature=(12, 'CTG');border_estimator=center_window_kmer_jsd;estimator=center_jsd;window=48;search_radius=24;kmer=2;top_ratio=0.25;score_scale=4.0;motif_weight=0.0;motif_radius=12;score_normalization=train_quantile;raw_border_score=0.303235;border_score=1.149178",0.30145782232284546,0.2930751144886017,0.4054670035839081
test_Seq_2070,2,2,"benchmark=nucleotide_transformer_downstream_tasks;dataset=splice_sites_all;matching=kmer_balanced;matching_signature=(6, 'AAA');border_estimator=center_window_kmer_jsd;estimator=center_jsd;window=48;search_radius=24;kmer=2;top_ratio=0.25;score_scale=4.0;motif_weight=0.0;motif_radius=12;score_normalization=train_quantile;raw_border_score=0.291069;border_score=1.137311",0.28914040327072144,0.2951999306678772,0.41565966606140137
test_Seq_2464,2,2,"benchmark=nucleotide_transformer_downstream_tasks;dataset=splice_sites_all;matching=kmer_balanced;matching_signature=(7, 'TTT');border_estimator=center_window_kmer_jsd;estimator=center_jsd;window=48;search_radius=24;kmer=2;top_ratio=0.25;score_scale=4.0;motif_weight=0.0;motif_radius=12;score_normalization=train_quantile;raw_border_score=0.156105;border_score=0.859489",0.18734492361545563,0.17150522768497467,0.6411499381065369
test_Seq_596,0,2,"benchmark=nucleotide_transformer_downstream_tasks;dataset=splice_sites_all;matching=kmer_balanced;matching_signature=(7, 'TTT');border_estimator=center_window_kmer_jsd;estimator=center_jsd;window=48;search_radius=24;kmer=2;top_ratio=0.25;score_scale=4.0;motif_weight=0.0;motif_radius=12;score_normalization=train_quantile;raw_border_score=0.292529;border_score=1.138867",0.29919734597206116,0.2861628234386444,0.4146398603916168
test_Seq_1736,1,0,"benchmark=nucleotide_transformer_downstream_tasks;dataset=splice_sites_all;matching=kmer_balanced;matching_signature=(9, 'TTT');border_estimator=center_window_kmer_jsd;estimator=center_jsd;window=48;search_radius=24;kmer=2;top_ratio=0.25;score_scale=4.0;motif_weight=0.0;motif_radius=12;score_normalization=train_quantile;raw_border_score=0.133338;border_score=0.823267",0.34884732961654663,0.34815678000450134,0.302995890378952
test_Seq_1759,1,2,"benchmark=nucleotide_transformer_downstream_tasks;dataset=splice_sites_all;matching=kmer_balanced;matching_signature=(13, 'CCC');border_estimator=center_window_kmer_jsd;estimator=center_jsd;window=48;search_radius=24;kmer=2;top_ratio=0.25;score_scale=4.0;motif_weight=0.0;motif_radius=12;score_normalization=train_quantile;raw_border_score=0.191876;border_score=0.949133",0.28393441438674927,0.2757779657840729,0.44028761982917786
test_Seq_72,0,1,"benchmark=nucleotide_transformer_downstream_tasks;dataset=splice_sites_all;matching=kmer_balanced;matching_signature=(6, 'TTT');border_estimator=center_window_kmer_jsd;estimator=center_jsd;window=48;search_radius=24;kmer=2;top_ratio=0.25;score_scale=4.0;motif_weight=0.0;motif_radius=12;score_normalization=train_quantile;raw_border_score=0.225689;border_score=1.031311",0.3497745990753174,0.35406360030174255,0.29616180062294006
test_Seq_918,0,2,"benchmark=nucleotide_transformer_downstream_tasks;dataset=splice_sites_all;matching=kmer_balanced;matching_signature=(10, 'TCT');border_estimator=center_window_kmer_jsd;estimator=center_jsd;window=48;search_radius=24;kmer=2;top_ratio=0.25;score_scale=4.0;motif_weight=0.0;motif_radius=12;score_normalization=train_quantile;raw_border_score=0.170649;border_score=0.892244",0.2876714766025543,0.27689456939697266,0.43543389439582825
test_Seq_2507,2,2,"benchmark=nucleotide_transformer_downstream_tasks;dataset=splice_sites_all;matching=kmer_balanced;matching_signature=(9, 'TTT');border_estimator=center_window_kmer_jsd;estimator=center_jsd;window=48;search_radius=24;kmer=2;top_ratio=0.25;score_scale=4.0;motif_weight=0.0;motif_radius=12;score_normalization=train_quantile;raw_border_score=0.166086;border_score=0.881311",0.10960081964731216,0.10276827216148376,0.7876309156417847
test_Seq_357,0,2,"benchmark=nucleotide_transformer_downstream_tasks;dataset=splice_sites_all;matching=kmer_balanced;matching_signature=(7, 'TTT');border_estimator=center_window_kmer_jsd;estimator=center_jsd;window=48;search_radius=24;kmer=2;top_ratio=0.25;score_scale=4.0;motif_weight=0.0;motif_radius=12;score_normalization=train_quantile;raw_border_score=0.135904;border_score=0.826467",0.31774893403053284,0.3205474317073822,0.36170363426208496
test_Seq_839,0,1,"benchmark=nucleotide_transformer_downstream_tasks;dataset=splice_sites_all;matching=kmer_balanced;matching_signature=(8, 'TTT');border_estimator=center_window_kmer_jsd;estimator=center_jsd;window=48;search_radius=24;kmer=2;top_ratio=0.25;score_scale=4.0;motif_weight=0.0;motif_radius=12;score_normalization=train_quantile;raw_border_score=0.283065;border_score=1.127933",0.34827256202697754,0.3497806191444397,0.30194684863090515
test_Seq_634,0,2,"benchmark=nucleotide_transformer_downstream_tasks;dataset=splice_sites_all;matching=kmer_balanced;matching_signature=(6, 'TTT');border_estimator=center_window_kmer_jsd;estimator=center_jsd;window=48;search_radius=24;kmer=2;top_ratio=0.25;score_scale=4.0;motif_weight=0.0;motif_radius=12;score_normalization=train_quantile;raw_border_score=0.219806;border_score=1.018289",0.2935636639595032,0.28164318203926086,0.42479315400123596
test_Seq_1756,1,1,"benchmark=nucleotide_transformer_downstream_tasks;dataset=splice_sites_all;matching=kmer_balanced;matching_signature=(7, 'AGA');border_estimator=center_window_kmer_jsd;estimator=center_jsd;window=48;search_radius=24;kmer=2;top_ratio=0.25;score_scale=4.0;motif_weight=0.0;motif_radius=12;score_normalization=train_quantile;raw_border_score=0.187201;border_score=0.936600",0.33638864755630493,0.3405274748802185,0.3230838477611542
test_Seq_1818,1,2,"benchmark=nucleotide_transformer_downstream_tasks;dataset=splice_sites_all;matching=kmer_balanced;matching_signature=(6, 'TTT');border_estimator=center_window_kmer_jsd;estimator=center_jsd;window=48;search_radius=24;kmer=2;top_ratio=0.25;score_scale=4.0;motif_weight=0.0;motif_radius=12;score_normalization=train_quantile;raw_border_score=0.220355;border_score=1.019400",0.27945414185523987,0.2713080644607544,0.4492378830909729
test_Seq_2783,2,2,"benchmark=nucleotide_transformer_downstream_tasks;dataset=splice_sites_all;matching=kmer_balanced;matching_signature=(7, 'TTT');border_estimator=center_window_kmer_jsd;estimator=center_jsd;window=48;search_radius=24;kmer=2;top_ratio=0.25;score_scale=4.0;motif_weight=0.0;motif_radius=12;score_normalization=train_quantile;raw_border_score=0.171261;border_score=0.893933",0.29891854524612427,0.3029780685901642,0.3981034457683563
test_Seq_635,0,1,"benchmark=nucleotide_transformer_downstream_tasks;dataset=splice_sites_all;matching=kmer_balanced;matching_signature=(7, 'TTT');border_estimator=center_window_kmer_jsd;estimator=center_jsd;window=48;search_radius=24;kmer=2;top_ratio=0.25;score_scale=4.0;motif_weight=0.0;motif_radius=12;score_normalization=train_quantile;raw_border_score=0.239928;border_score=1.058156",0.36024993658065796,0.36028727889060974,0.2794627845287323
test_Seq_2735,2,2,"benchmark=nucleotide_transformer_downstream_tasks;dataset=splice_sites_all;matching=kmer_balanced;matching_signature=(8, 'TTT');border_estimator=center_window_kmer_jsd;estimator=center_jsd;window=48;search_radius=24;kmer=2;top_ratio=0.25;score_scale=4.0;motif_weight=0.0;motif_radius=12;score_normalization=train_quantile;raw_border_score=0.262523;border_score=1.100111",0.17641103267669678,0.17097967863082886,0.6526092290878296
test_Seq_1880,1,2,"benchmark=nucleotide_transformer_downstream_tasks;dataset=splice_sites_all;matching=kmer_balanced;matching_signature=(8, 'TTT');border_estimator=center_window_kmer_jsd;estimator=center_jsd;window=48;search_radius=24;kmer=2;top_ratio=0.25;score_scale=4.0;motif_weight=0.0;motif_radius=12;score_normalization=train_quantile;raw_border_score=0.453462;border_score=1.195978",0.28142809867858887,0.269510418176651,0.44906139373779297
test_Seq_917,0,2,"benchmark=nucleotide_transformer_downstream_tasks;dataset=splice_sites_all;matching=kmer_balanced;matching_signature=(9, 'TTT');border_estimator=center_window_kmer_jsd;estimator=center_jsd;window=48;search_radius=24;kmer=2;top_ratio=0.25;score_scale=4.0;motif_weight=0.0;motif_radius=12;score_normalization=train_quantile;raw_border_score=0.278005;border_score=1.121489",0.28146687150001526,0.2768188416957855,0.44171425700187683
test_Seq_1684,1,2,"benchmark=nucleotide_transformer_downstream_tasks;dataset=splice_sites_all;matching=kmer_balanced;matching_signature=(7, 'TTT');border_estimator=center_window_kmer_jsd;estimator=center_jsd;window=48;search_radius=24;kmer=2;top_ratio=0.25;score_scale=4.0;motif_weight=0.0;motif_radius=12;score_normalization=train_quantile;raw_border_score=0.278881;border_score=1.122733",0.2810673415660858,0.2723429799079895,0.44658976793289185
test_Seq_2114,2,2,"benchmark=nucleotide_transformer_downstream_tasks;dataset=splice_sites_all;matching=kmer_balanced;matching_signature=(9, 'GTG');border_estimator=center_window_kmer_jsd;estimator=center_jsd;window=48;search_radius=24;kmer=2;top_ratio=0.25;score_scale=4.0;motif_weight=0.0;motif_radius=12;score_normalization=train_quantile;raw_border_score=0.182685;border_score=0.924289",0.1176452785730362,0.112269327044487,0.7700853943824768
test_Seq_1474,1,2,"benchmark=nucleotide_transformer_downstream_tasks;dataset=splice_sites_all;matching=kmer_balanced;matching_signature=(11, 'CCC');border_estimator=center_window_kmer_jsd;estimator=center_jsd;window=48;search_radius=24;kmer=2;top_ratio=0.25;score_scale=4.0;motif_weight=0.0;motif_radius=12;score_normalization=train_quantile;raw_border_score=0.182055;border_score=0.922556",0.2718643546104431,0.2712177634239197,0.4569179117679596
test_Seq_1376,1,2,"benchmark=nucleotide_transformer_downstream_tasks;dataset=splice_sites_all;matching=kmer_balanced;matching_signature=(13, 'CTG');border_estimator=center_window_kmer_jsd;estimator=center_jsd;window=48;search_radius=24;kmer=2;top_ratio=0.25;score_scale=4.0;motif_weight=0.0;motif_radius=12;score_normalization=train_quantile;raw_border_score=0.188206;border_score=0.939444",0.3043684959411621,0.2963775396347046,0.3992539346218109
test_Seq_1123,1,2,"benchmark=nucleotide_transformer_downstream_tasks;dataset=splice_sites_all;matching=kmer_balanced;matching_signature=(10, 'CAG');border_estimator=center_window_kmer_jsd;estimator=center_jsd;window=48;search_radius=24;kmer=2;top_ratio=0.25;score_scale=4.0;motif_weight=0.0;motif_radius=12;score_normalization=train_quantile;raw_border_score=0.168920;border_score=0.888467",0.32383859157562256,0.32001790404319763,0.3561434745788574
test_Seq_1045,1,1,"benchmark=nucleotide_transformer_downstream_tasks;dataset=splice_sites_all;matching=kmer_balanced;matching_signature=(10, 'TGG');border_estimator=center_window_kmer_jsd;estimator=center_jsd;window=48;search_radius=24;kmer=2;top_ratio=0.25;score_scale=4.0;motif_weight=0.0;motif_radius=12;score_normalization=train_quantile;raw_border_score=0.276040;border_score=1.118644",0.3466743528842926,0.35554733872413635,0.29777830839157104
test_Seq_2513,2,2,"benchmark=nucleotide_transformer_downstream_tasks;dataset=splice_sites_all;matching=kmer_balanced;matching_signature=(13, 'CCC');border_estimator=center_window_kmer_jsd;estimator=center_jsd;window=48;search_radius=24;kmer=2;top_ratio=0.25;score_scale=4.0;motif_weight=0.0;motif_radius=12;score_normalization=train_quantile;raw_border_score=0.192871;border_score=0.951622",0.3273400068283081,0.33190444111824036,0.34075552225112915
test_Seq_1331,1,2,"benchmark=nucleotide_transformer_downstream_tasks;dataset=splice_sites_all;matching=kmer_balanced;matching_signature=(8, 'AAA');border_estimator=center_window_kmer_jsd;estimator=center_jsd;window=48;search_radius=24;kmer=2;top_ratio=0.25;score_scale=4.0;motif_weight=0.0;motif_radius=12;score_normalization=train_quantile;raw_border_score=0.263001;border_score=1.101044",0.2788267433643341,0.2746439278125763,0.4465293884277344
test_Seq_2111,2,2,"benchmark=nucleotide_transformer_downstream_tasks;dataset=splice_sites_all;matching=kmer_balanced;matching_signature=(6, 'TTT');border_estimator=center_window_kmer_jsd;estimator=center_jsd;window=48;search_radius=24;kmer=2;top_ratio=0.25;score_scale=4.0;motif_weight=0.0;motif_radius=12;score_normalization=train_quantile;raw_border_score=0.171107;border_score=0.893311",0.1788855493068695,0.1695321798324585,0.6515823006629944
test_Seq_2927,2,2,"benchmark=nucleotide_transformer_downstream_tasks;dataset=splice_sites_all;matching=kmer_balanced;matching_signature=(11, 'CCC');border_estimator=center_window_kmer_jsd;estimator=center_jsd;window=48;search_radius=24;kmer=2;top_ratio=0.25;score_scale=4.0;motif_weight=0.0;motif_radius=12;score_normalization=train_quantile;raw_border_score=0.245078;border_score=1.069667",0.3153955638408661,0.3165891766548157,0.3680152893066406
test_Seq_544,0,2,"benchmark=nucleotide_transformer_downstream_tasks;dataset=splice_sites_all;matching=kmer_balanced;matching_signature=(9, 'TTT');border_estimator=center_window_kmer_jsd;estimator=center_jsd;window=48;search_radius=24;kmer=2;top_ratio=0.25;score_scale=4.0;motif_weight=0.0;motif_radius=12;score_normalization=train_quantile;raw_border_score=0.358294;border_score=1.180244",0.3069876730442047,0.2844138741493225,0.4085984230041504
test_Seq_2719,2,2,"benchmark=nucleotide_transformer_downstream_tasks;dataset=splice_sites_all;matching=kmer_balanced;matching_signature=(8, 'TTT');border_estimator=center_window_kmer_jsd;estimator=center_jsd;window=48;search_radius=24;kmer=2;top_ratio=0.25;score_scale=4.0;motif_weight=0.0;motif_radius=12;score_normalization=train_quantile;raw_border_score=0.137693;border_score=0.828956",0.26485297083854675,0.25874650478363037,0.4764004647731781
test_Seq_624,0,1,"benchmark=nucleotide_transformer_downstream_tasks;dataset=splice_sites_all;matching=kmer_balanced;matching_signature=(7, 'TTT');border_estimator=center_window_kmer_jsd;estimator=center_jsd;window=48;search_radius=24;kmer=2;top_ratio=0.25;score_scale=4.0;motif_weight=0.0;motif_radius=12;score_normalization=train_quantile;raw_border_score=0.256759;border_score=1.090156",0.3549252450466156,0.36627599596977234,0.27879875898361206
test_Seq_1378,1,2,"benchmark=nucleotide_transformer_downstream_tasks;dataset=splice_sites_all;matching=kmer_balanced;matching_signature=(13, 'GGG');border_estimator=center_window_kmer_jsd;estimator=center_jsd;window=48;search_radius=24;kmer=2;top_ratio=0.25;score_scale=4.0;motif_weight=0.0;motif_radius=12;score_normalization=train_quantile;raw_border_score=0.157930;border_score=0.862822",0.2985629737377167,0.2934921383857727,0.407944917678833
test_Seq_2748,2,2,"benchmark=nucleotide_transformer_downstream_tasks;dataset=splice_sites_all;matching=kmer_balanced;matching_signature=(7, 'AAA');border_estimator=center_window_kmer_jsd;estimator=center_jsd;window=48;search_radius=24;kmer=2;top_ratio=0.25;score_scale=4.0;motif_weight=0.0;motif_radius=12;score_normalization=train_quantile;raw_border_score=0.215685;border_score=1.007889",0.26692628860473633,0.27103784680366516,0.4620358943939209
test_Seq_2262,2,1,"benchmark=nucleotide_transformer_downstream_tasks;dataset=splice_sites_all;matching=kmer_balanced;matching_signature=(14, 'CCC');border_estimator=center_window_kmer_jsd;estimator=center_jsd;window=48;search_radius=24;kmer=2;top_ratio=0.25;score_scale=4.0;motif_weight=0.0;motif_radius=12;score_normalization=train_quantile;raw_border_score=0.272393;border_score=1.113844",0.3363296687602997,0.3477841317653656,0.3158862292766571
test_Seq_2774,2,2,"benchmark=nucleotide_transformer_downstream_tasks;dataset=splice_sites_all;matching=kmer_balanced;matching_signature=(10, 'CCT');border_estimator=center_window_kmer_jsd;estimator=center_jsd;window=48;search_radius=24;kmer=2;top_ratio=0.25;score_scale=4.0;motif_weight=0.0;motif_radius=12;score_normalization=train_quantile;raw_border_score=0.160416;border_score=0.868200",0.28131651878356934,0.2746935784816742,0.44398996233940125
test_Seq_2675,2,2,"benchmark=nucleotide_transformer_downstream_tasks;dataset=splice_sites_all;matching=kmer_balanced;matching_signature=(7, 'TTT');border_estimator=center_window_kmer_jsd;estimator=center_jsd;window=48;search_radius=24;kmer=2;top_ratio=0.25;score_scale=4.0;motif_weight=0.0;motif_radius=12;score_normalization=train_quantile;raw_border_score=0.216138;border_score=1.009178",0.29494595527648926,0.29240503907203674,0.4126489758491516
test_Seq_1748,1,2,"benchmark=nucleotide_transformer_downstream_tasks;dataset=splice_sites_all;matching=kmer_balanced;matching_signature=(7, 'AAA');border_estimator=center_window_kmer_jsd;estimator=center_jsd;window=48;search_radius=24;kmer=2;top_ratio=0.25;score_scale=4.0;motif_weight=0.0;motif_radius=12;score_normalization=train_quantile;raw_border_score=0.159780;border_score=0.867089",0.22969476878643036,0.210929274559021,0.5593758821487427
test_Seq_1076,1,2,"benchmark=nucleotide_transformer_downstream_tasks;dataset=splice_sites_all;matching=kmer_balanced;matching_signature=(11, 'CCC');border_estimator=center_window_kmer_jsd;estimator=center_jsd;window=48;search_radius=24;kmer=2;top_ratio=0.25;score_scale=4.0;motif_weight=0.0;motif_radius=12;score_normalization=train_quantile;raw_border_score=0.310477;border_score=1.154556",0.29537835717201233,0.29104021191596985,0.4135814607143402
test_Seq_1441,1,2,"benchmark=nucleotide_transformer_downstream_tasks;dataset=splice_sites_all;matching=kmer_balanced;matching_signature=(12, 'CTG');border_estimator=center_window_kmer_jsd;estimator=center_jsd;window=48;search_radius=24;kmer=2;top_ratio=0.25;score_scale=4.0;motif_weight=0.0;motif_radius=12;score_normalization=train_quantile;raw_border_score=0.193051;border_score=0.952333",0.28798970580101013,0.27327945828437805,0.4387308359146118
test_Seq_2339,2,1,"benchmark=nucleotide_transformer_downstream_tasks;dataset=splice_sites_all;matching=kmer_balanced;matching_signature=(13, 'GGG');border_estimator=center_window_kmer_jsd;estimator=center_jsd;window=48;search_radius=24;kmer=2;top_ratio=0.25;score_scale=4.0;motif_weight=0.0;motif_radius=12;score_normalization=train_quantile;raw_border_score=0.381505;border_score=1.186733",0.3433952033519745,0.35560986399650574,0.3009949326515198
test_Seq_2659,2,2,"benchmark=nucleotide_transformer_downstream_tasks;dataset=splice_sites_all;matching=kmer_balanced;matching_signature=(10, 'GGG');border_estimator=center_window_kmer_jsd;estimator=center_jsd;window=48;search_radius=24;kmer=2;top_ratio=0.25;score_scale=4.0;motif_weight=0.0;motif_radius=12;score_normalization=train_quantile;raw_border_score=0.247330;border_score=1.073667",0.28359946608543396,0.2826984226703644,0.43370211124420166
test_Seq_1810,1,0,"benchmark=nucleotide_transformer_downstream_tasks;dataset=splice_sites_all;matching=kmer_balanced;matching_signature=(7, 'TTT');border_estimator=center_window_kmer_jsd;estimator=center_jsd;window=48;search_radius=24;kmer=2;top_ratio=0.25;score_scale=4.0;motif_weight=0.0;motif_radius=12;score_normalization=train_quantile;raw_border_score=0.223622;border_score=1.027400",0.3409281373023987,0.337121844291687,0.3219500184059143
test_Seq_435,0,2,"benchmark=nucleotide_transformer_downstream_tasks;dataset=splice_sites_all;matching=kmer_balanced;matching_signature=(8, 'GAA');border_estimator=center_window_kmer_jsd;estimator=center_jsd;window=48;search_radius=24;kmer=2;top_ratio=0.25;score_scale=4.0;motif_weight=0.0;motif_radius=12;score_normalization=train_quantile;raw_border_score=0.238105;border_score=1.054822",0.2823479175567627,0.28119972348213196,0.43645238876342773
test_Seq_1598,1,2,"benchmark=nucleotide_transformer_downstream_tasks;dataset=splice_sites_all;matching=kmer_balanced;matching_signature=(10, 'TTT');border_estimator=center_window_kmer_jsd;estimator=center_jsd;window=48;search_radius=24;kmer=2;top_ratio=0.25;score_scale=4.0;motif_weight=0.0;motif_radius=12;score_normalization=train_quantile;raw_border_score=0.200814;border_score=0.972911",0.2761819362640381,0.27564874291419983,0.4481693506240845
test_Seq_916,0,2,"benchmark=nucleotide_transformer_downstream_tasks;dataset=splice_sites_all;matching=kmer_balanced;matching_signature=(6, 'TTT');border_estimator=center_window_kmer_jsd;estimator=center_jsd;window=48;search_radius=24;kmer=2;top_ratio=0.25;score_scale=4.0;motif_weight=0.0;motif_radius=12;score_normalization=train_quantile;raw_border_score=0.264879;border_score=1.103356",0.26874443888664246,0.25912579894065857,0.472129762172699
test_Seq_2010,2,2,"benchmark=nucleotide_transformer_downstream_tasks;dataset=splice_sites_all;matching=kmer_balanced;matching_signature=(13, 'CCC');border_estimator=center_window_kmer_jsd;estimator=center_jsd;window=48;search_radius=24;kmer=2;top_ratio=0.25;score_scale=4.0;motif_weight=0.0;motif_radius=12;score_normalization=train_quantile;raw_border_score=0.270701;border_score=1.111178",0.2636217474937439,0.26744237542152405,0.4689358174800873
test_Seq_1912,1,1,"benchmark=nucleotide_transformer_downstream_tasks;dataset=splice_sites_all;matching=kmer_balanced;matching_signature=(8, 'TTT');border_estimator=center_window_kmer_jsd;estimator=center_jsd;window=48;search_radius=24;kmer=2;top_ratio=0.25;score_scale=4.0;motif_weight=0.0;motif_radius=12;score_normalization=train_quantile;raw_border_score=0.233401;border_score=1.046244",0.3349061608314514,0.34380853176116943,0.32128533720970154
test_Seq_981,0,2,"benchmark=nucleotide_transformer_downstream_tasks;dataset=splice_sites_all;matching=kmer_balanced;matching_signature=(9, 'GAG');border_estimator=center_window_kmer_jsd;estimator=center_jsd;window=48;search_radius=24;kmer=2;top_ratio=0.25;score_scale=4.0;motif_weight=0.0;motif_radius=12;score_normalization=train_quantile;raw_border_score=0.272898;border_score=1.114467",0.3069388270378113,0.2997410297393799,0.39332011342048645
test_Seq_244,0,2,"benchmark=nucleotide_transformer_downstream_tasks;dataset=splice_sites_all;matching=kmer_balanced;matching_signature=(10, 'TTT');border_estimator=center_window_kmer_jsd;estimator=center_jsd;window=48;search_radius=24;kmer=2;top_ratio=0.25;score_scale=4.0;motif_weight=0.0;motif_radius=12;score_normalization=train_quantile;raw_border_score=0.241421;border_score=1.061800",0.30582234263420105,0.3042583167552948,0.3899192810058594
test_Seq_196,0,1,"benchmark=nucleotide_transformer_downstream_tasks;dataset=splice_sites_all;matching=kmer_balanced;matching_signature=(12, 'GCC');border_estimator=center_window_kmer_jsd;estimator=center_jsd;window=48;search_radius=24;kmer=2;top_ratio=0.25;score_scale=4.0;motif_weight=0.0;motif_radius=12;score_normalization=train_quantile;raw_border_score=0.332978;border_score=1.167711",0.33664852380752563,0.3433195948600769,0.32003191113471985
test_Seq_1481,1,2,"benchmark=nucleotide_transformer_downstream_tasks;dataset=splice_sites_all;matching=kmer_balanced;matching_signature=(7, 'TTT');border_estimator=center_window_kmer_jsd;estimator=center_jsd;window=48;search_radius=24;kmer=2;top_ratio=0.25;score_scale=4.0;motif_weight=0.0;motif_radius=12;score_normalization=train_quantile;raw_border_score=0.209600;border_score=0.994289",0.31574901938438416,0.32653874158859253,0.3577122688293457
test_Seq_1971,1,2,"benchmark=nucleotide_transformer_downstream_tasks;dataset=splice_sites_all;matching=kmer_balanced;matching_signature=(9, 'TTT');border_estimator=center_window_kmer_jsd;estimator=center_jsd;window=48;search_radius=24;kmer=2;top_ratio=0.25;score_scale=4.0;motif_weight=0.0;motif_radius=12;score_normalization=train_quantile;raw_border_score=0.165911;border_score=0.881133",0.30451342463493347,0.30006834864616394,0.3954181671142578
test_Seq_2162,2,1,"benchmark=nucleotide_transformer_downstream_tasks;dataset=splice_sites_all;matching=kmer_balanced;matching_signature=(10, 'GGA');border_estimator=center_window_kmer_jsd;estimator=center_jsd;window=48;search_radius=24;kmer=2;top_ratio=0.25;score_scale=4.0;motif_weight=0.0;motif_radius=12;score_normalization=train_quantile;raw_border_score=0.147453;border_score=0.843222",0.33412525057792664,0.3354372978210449,0.33043748140335083
test_Seq_1310,1,2,"benchmark=nucleotide_transformer_downstream_tasks;dataset=splice_sites_all;matching=kmer_balanced;matching_signature=(6, 'TTT');border_estimator=center_window_kmer_jsd;estimator=center_jsd;window=48;search_radius=24;kmer=2;top_ratio=0.25;score_scale=4.0;motif_weight=0.0;motif_radius=12;score_normalization=train_quantile;raw_border_score=0.156401;border_score=0.859978",0.2639232277870178,0.25174224376678467,0.4843345284461975
test_Seq_1105,1,2,"benchmark=nucleotide_transformer_downstream_tasks;dataset=splice_sites_all;matching=kmer_balanced;matching_signature=(7, 'AAA');border_estimator=center_window_kmer_jsd;estimator=center_jsd;window=48;search_radius=24;kmer=2;top_ratio=0.25;score_scale=4.0;motif_weight=0.0;motif_radius=12;score_normalization=train_quantile;raw_border_score=0.307476;border_score=1.151756",0.31981900334358215,0.32161572575569153,0.3585653305053711
test_Seq_1537,1,2,"benchmark=nucleotide_transformer_downstream_tasks;dataset=splice_sites_all;matching=kmer_balanced;matching_signature=(8, 'TTT');border_estimator=center_window_kmer_jsd;estimator=center_jsd;window=48;search_radius=24;kmer=2;top_ratio=0.25;score_scale=4.0;motif_weight=0.0;motif_radius=12;score_normalization=train_quantile;raw_border_score=0.300116;border_score=1.146289",0.26888543367385864,0.25908520817756653,0.4720293879508972
test_Seq_2474,2,2,"benchmark=nucleotide_transformer_downstream_tasks;dataset=splice_sites_all;matching=kmer_balanced;matching_signature=(7, 'ATA');border_estimator=center_window_kmer_jsd;estimator=center_jsd;window=48;search_radius=24;kmer=2;top_ratio=0.25;score_scale=4.0;motif_weight=0.0;motif_radius=12;score_normalization=train_quantile;raw_border_score=0.222687;border_score=1.024956",0.28376737236976624,0.269180566072464,0.44705209136009216
test_Seq_776,0,2,"benchmark=nucleotide_transformer_downstream_tasks;dataset=splice_sites_all;matching=kmer_balanced;matching_signature=(10, 'CAG');border_estimator=center_window_kmer_jsd;estimator=center_jsd;window=48;search_radius=24;kmer=2;top_ratio=0.25;score_scale=4.0;motif_weight=0.0;motif_radius=12;score_normalization=train_quantile;raw_border_score=0.236769;border_score=1.052378",0.2725640833377838,0.27119964361190796,0.4562363624572754
test_Seq_863,0,2,"benchmark=nucleotide_transformer_downstream_tasks;dataset=splice_sites_all;matching=kmer_balanced;matching_signature=(7, 'TTT');border_estimator=center_window_kmer_jsd;estimator=center_jsd;window=48;search_radius=24;kmer=2;top_ratio=0.25;score_scale=4.0;motif_weight=0.0;motif_radius=12;score_normalization=train_quantile;raw_border_score=0.318983;border_score=1.160422",0.29277029633522034,0.2827875018119812,0.42444220185279846
test_Seq_334,0,2,"benchmark=nucleotide_transformer_downstream_tasks;dataset=splice_sites_all;matching=kmer_balanced;matching_signature=(9, 'AAA');border_estimator=center_window_kmer_jsd;estimator=center_jsd;window=48;search_radius=24;kmer=2;top_ratio=0.25;score_scale=4.0;motif_weight=0.0;motif_radius=12;score_normalization=train_quantile;raw_border_score=0.240644;border_score=1.060422",0.15397614240646362,0.13949955999851227,0.7065242528915405
test_Seq_2058,2,2,"benchmark=nucleotide_transformer_downstream_tasks;dataset=splice_sites_all;matching=kmer_balanced;matching_signature=(6, 'TTT');border_estimator=center_window_kmer_jsd;estimator=center_jsd;window=48;search_radius=24;kmer=2;top_ratio=0.25;score_scale=4.0;motif_weight=0.0;motif_radius=12;score_normalization=train_quantile;raw_border_score=0.427852;border_score=1.192867",0.27058249711990356,0.25138410925865173,0.4780333638191223
test_Seq_841,0,2,"benchmark=nucleotide_transformer_downstream_tasks;dataset=splice_sites_all;matching=kmer_balanced;matching_signature=(6, 'TTA');border_estimator=center_window_kmer_jsd;estimator=center_jsd;window=48;search_radius=24;kmer=2;top_ratio=0.25;score_scale=4.0;motif_weight=0.0;motif_radius=12;score_normalization=train_quantile;raw_border_score=0.376348;border_score=1.185844",0.3057251572608948,0.304961234331131,0.38931360840797424
test_Seq_513,0,1,"benchmark=nucleotide_transformer_downstream_tasks;dataset=splice_sites_all;matching=kmer_balanced;matching_signature=(7, 'TGT');border_estimator=center_window_kmer_jsd;estimator=center_jsd;window=48;search_radius=24;kmer=2;top_ratio=0.25;score_scale=4.0;motif_weight=0.0;motif_radius=12;score_normalization=train_quantile;raw_border_score=0.219959;border_score=1.018689",0.3432781398296356,0.36078783869743347,0.2959340512752533
test_Seq_2278,2,2,"benchmark=nucleotide_transformer_downstream_tasks;dataset=splice_sites_all;matching=kmer_balanced;matching_signature=(7, 'TTT');border_estimator=center_window_kmer_jsd;estimator=center_jsd;window=48;search_radius=24;kmer=2;top_ratio=0.25;score_scale=4.0;motif_weight=0.0;motif_radius=12;score_normalization=train_quantile;raw_border_score=0.202034;border_score=0.976111",0.30013614892959595,0.28290772438049316,0.4169561266899109
test_Seq_1466,1,2,"benchmark=nucleotide_transformer_downstream_tasks;dataset=splice_sites_all;matching=kmer_balanced;matching_signature=(8, 'TTT');border_estimator=center_window_kmer_jsd;estimator=center_jsd;window=48;search_radius=24;kmer=2;top_ratio=0.25;score_scale=4.0;motif_weight=0.0;motif_radius=12;score_normalization=train_quantile;raw_border_score=0.214790;border_score=1.005533",0.3309324383735657,0.32544824481010437,0.3436192572116852
test_Seq_911,0,2,"benchmark=nucleotide_transformer_downstream_tasks;dataset=splice_sites_all;matching=kmer_balanced;matching_signature=(7, 'ATA');border_estimator=center_window_kmer_jsd;estimator=center_jsd;window=48;search_radius=24;kmer=2;top_ratio=0.25;score_scale=4.0;motif_weight=0.0;motif_radius=12;score_normalization=train_quantile;raw_border_score=0.280090;border_score=1.124111",0.32347941398620605,0.3212689459323883,0.35525158047676086
test_Seq_1095,1,2,"benchmark=nucleotide_transformer_downstream_tasks;dataset=splice_sites_all;matching=kmer_balanced;matching_signature=(13, 'GGG');border_estimator=center_window_kmer_jsd;estimator=center_jsd;window=48;search_radius=24;kmer=2;top_ratio=0.25;score_scale=4.0;motif_weight=0.0;motif_radius=12;score_normalization=train_quantile;raw_border_score=0.127683;border_score=0.816956",0.30694976449012756,0.30399438738822937,0.38905584812164307
test_Seq_1998,1,1,"benchmark=nucleotide_transformer_downstream_tasks;dataset=splice_sites_all;matching=kmer_balanced;matching_signature=(14, 'GGG');border_estimator=center_window_kmer_jsd;estimator=center_jsd;window=48;search_radius=24;kmer=2;top_ratio=0.25;score_scale=4.0;motif_weight=0.0;motif_radius=12;score_normalization=train_quantile;raw_border_score=0.219612;border_score=1.017578",0.33336398005485535,0.3372202217578888,0.32941582798957825
test_Seq_698,0,2,"benchmark=nucleotide_transformer_downstream_tasks;dataset=splice_sites_all;matching=kmer_balanced;matching_signature=(8, 'TTT');border_estimator=center_window_kmer_jsd;estimator=center_jsd;window=48;search_radius=24;kmer=2;top_ratio=0.25;score_scale=4.0;motif_weight=0.0;motif_radius=12;score_normalization=train_quantile;raw_border_score=0.411818;border_score=1.191400",0.3213815689086914,0.3157033622264862,0.3629150092601776
test_Seq_497,0,2,"benchmark=nucleotide_transformer_downstream_tasks;dataset=splice_sites_all;matching=kmer_balanced;matching_signature=(11, 'CCC');border_estimator=center_window_kmer_jsd;estimator=center_jsd;window=48;search_radius=24;kmer=2;top_ratio=0.25;score_scale=4.0;motif_weight=0.0;motif_radius=12;score_normalization=train_quantile;raw_border_score=0.209983;border_score=0.995044",0.2546161711215973,0.2396629899740219,0.5057207942008972
test_Seq_1922,1,2,"benchmark=nucleotide_transformer_downstream_tasks;dataset=splice_sites_all;matching=kmer_balanced;matching_signature=(7, 'TTT');border_estimator=center_window_kmer_jsd;estimator=center_jsd;window=48;search_radius=24;kmer=2;top_ratio=0.25;score_scale=4.0;motif_weight=0.0;motif_radius=12;score_normalization=train_quantile;raw_border_score=0.162644;border_score=0.873222",0.17811653017997742,0.16546159982681274,0.6564218997955322
test_Seq_1086,1,2,"benchmark=nucleotide_transformer_downstream_tasks;dataset=splice_sites_all;matching=kmer_balanced;matching_signature=(12, 'GGG');border_estimator=center_window_kmer_jsd;estimator=center_jsd;window=48;search_radius=24;kmer=2;top_ratio=0.25;score_scale=4.0;motif_weight=0.0;motif_radius=12;score_normalization=train_quantile;raw_border_score=0.179368;border_score=0.916378",0.30836841464042664,0.3001585900783539,0.3914729654788971
test_Seq_2657,2,2,"benchmark=nucleotide_transformer_downstream_tasks;dataset=splice_sites_all;matching=kmer_balanced;matching_signature=(7, 'TTT');border_estimator=center_window_kmer_jsd;estimator=center_jsd;window=48;search_radius=24;kmer=2;top_ratio=0.25;score_scale=4.0;motif_weight=0.0;motif_radius=12;score_normalization=train_quantile;raw_border_score=0.292910;border_score=1.139133",0.27937743067741394,0.2734812796115875,0.44714125990867615
test_Seq_1846,1,2,"benchmark=nucleotide_transformer_downstream_tasks;dataset=splice_sites_all;matching=kmer_balanced;matching_signature=(13, 'CCC');border_estimator=center_window_kmer_jsd;estimator=center_jsd;window=48;search_radius=24;kmer=2;top_ratio=0.25;score_scale=4.0;motif_weight=0.0;motif_radius=12;score_normalization=train_quantile;raw_border_score=0.284676;border_score=1.129844",0.2847878038883209,0.2859572172164917,0.4292549788951874
test_Seq_771,0,2,"benchmark=nucleotide_transformer_downstream_tasks;dataset=splice_sites_all;matching=kmer_balanced;matching_signature=(8, 'AAA');border_estimator=center_window_kmer_jsd;estimator=center_jsd;window=48;search_radius=24;kmer=2;top_ratio=0.25;score_scale=4.0;motif_weight=0.0;motif_radius=12;score_normalization=train_quantile;raw_border_score=0.158653;border_score=0.864467",0.261313796043396,0.25919637084007263,0.4794897437095642
test_Seq_1643,1,2,"benchmark=nucleotide_transformer_downstream_tasks;dataset=splice_sites_all;matching=kmer_balanced;matching_signature=(8, 'TTT');border_estimator=center_window_kmer_jsd;estimator=center_jsd;window=48;search_radius=24;kmer=2;top_ratio=0.25;score_scale=4.0;motif_weight=0.0;motif_radius=12;score_normalization=train_quantile;raw_border_score=0.248564;border_score=1.076289",0.09516026079654694,0.08812383562326431,0.8167158961296082
test_Seq_1347,1,1,"benchmark=nucleotide_transformer_downstream_tasks;dataset=splice_sites_all;matching=kmer_balanced;matching_signature=(12, 'GGG');border_estimator=center_window_kmer_jsd;estimator=center_jsd;window=48;search_radius=24;kmer=2;top_ratio=0.25;score_scale=4.0;motif_weight=0.0;motif_radius=12;score_normalization=train_quantile;raw_border_score=0.147931;border_score=0.843844",0.3311622738838196,0.3344433903694153,0.33439433574676514
test_Seq_2667,2,0,"benchmark=nucleotide_transformer_downstream_tasks;dataset=splice_sites_all;matching=kmer_balanced;matching_signature=(7, 'TTT');border_estimator=center_window_kmer_jsd;estimator=center_jsd;window=48;search_radius=24;kmer=2;top_ratio=0.25;score_scale=4.0;motif_weight=0.0;motif_radius=12;score_normalization=train_quantile;raw_border_score=0.167836;border_score=0.886378",0.3543231189250946,0.3506089746952057,0.2950679659843445
test_Seq_218,0,2,"benchmark=nucleotide_transformer_downstream_tasks;dataset=splice_sites_all;matching=kmer_balanced;matching_signature=(11, 'GGG');border_estimator=center_window_kmer_jsd;estimator=center_jsd;window=48;search_radius=24;kmer=2;top_ratio=0.25;score_scale=4.0;motif_weight=0.0;motif_radius=12;score_normalization=train_quantile;raw_border_score=0.213702;border_score=1.003622",0.26742106676101685,0.2627991735935211,0.46977975964546204
test_Seq_2042,2,2,"benchmark=nucleotide_transformer_downstream_tasks;dataset=splice_sites_all;matching=kmer_balanced;matching_signature=(13, 'CTG');border_estimator=center_window_kmer_jsd;estimator=center_jsd;window=48;search_radius=24;kmer=2;top_ratio=0.25;score_scale=4.0;motif_weight=0.0;motif_radius=12;score_normalization=train_quantile;raw_border_score=0.175439;border_score=0.906156",0.27887845039367676,0.2696782946586609,0.4514433443546295
test_Seq_1800,1,2,"benchmark=nucleotide_transformer_downstream_tasks;dataset=splice_sites_all;matching=kmer_balanced;matching_signature=(11, 'CCC');border_estimator=center_window_kmer_jsd;estimator=center_jsd;window=48;search_radius=24;kmer=2;top_ratio=0.25;score_scale=4.0;motif_weight=0.0;motif_radius=12;score_normalization=train_quantile;raw_border_score=0.150511;border_score=0.848422",0.3040277361869812,0.3044264018535614,0.3915458619594574
test_Seq_988,0,0,"benchmark=nucleotide_transformer_downstream_tasks;dataset=splice_sites_all;matching=kmer_balanced;matching_signature=(8, 'AAG');border_estimator=center_window_kmer_jsd;estimator=center_jsd;window=48;search_radius=24;kmer=2;top_ratio=0.25;score_scale=4.0;motif_weight=0.0;motif_radius=12;score_normalization=train_quantile;raw_border_score=0.279746;border_score=1.123711",0.34050026535987854,0.3352142572402954,0.32428547739982605
test_Seq_1157,1,0,"benchmark=nucleotide_transformer_downstream_tasks;dataset=splice_sites_all;matching=kmer_balanced;matching_signature=(8, 'TTT');border_estimator=center_window_kmer_jsd;estimator=center_jsd;window=48;search_radius=24;kmer=2;top_ratio=0.25;score_scale=4.0;motif_weight=0.0;motif_radius=12;score_normalization=train_quantile;raw_border_score=0.276023;border_score=1.118644",0.33852964639663696,0.3331322968006134,0.32833805680274963
test_Seq_323,0,0,"benchmark=nucleotide_transformer_downstream_tasks;dataset=splice_sites_all;matching=kmer_balanced;matching_signature=(8, 'TCT');border_estimator=center_window_kmer_jsd;estimator=center_jsd;window=48;search_radius=24;kmer=2;top_ratio=0.25;score_scale=4.0;motif_weight=0.0;motif_radius=12;score_normalization=train_quantile;raw_border_score=0.344622;border_score=1.174467",0.35282662510871887,0.3398583233356476,0.30731505155563354
test_Seq_2928,2,0,"benchmark=nucleotide_transformer_downstream_tasks;dataset=splice_sites_all;matching=kmer_balanced;matching_signature=(8, 'TTT');border_estimator=center_window_kmer_jsd;estimator=center_jsd;window=48;search_radius=24;kmer=2;top_ratio=0.25;score_scale=4.0;motif_weight=0.0;motif_radius=12;score_normalization=train_quantile;raw_border_score=0.369177;border_score=1.183844",0.34851133823394775,0.3412230908870697,0.31026557087898254
test_Seq_2209,2,1,"benchmark=nucleotide_transformer_downstream_tasks;dataset=splice_sites_all;matching=kmer_balanced;matching_signature=(11, 'GGG');border_estimator=center_window_kmer_jsd;estimator=center_jsd;window=48;search_radius=24;kmer=2;top_ratio=0.25;score_scale=4.0;motif_weight=0.0;motif_radius=12;score_normalization=train_quantile;raw_border_score=0.271824;border_score=1.112956",0.36208945512771606,0.39092740416526794,0.246983140707016
test_Seq_952,0,0,"benchmark=nucleotide_transformer_downstream_tasks;dataset=splice_sites_all;matching=kmer_balanced;matching_signature=(9, 'TTT');border_estimator=center_window_kmer_jsd;estimator=center_jsd;window=48;search_radius=24;kmer=2;top_ratio=0.25;score_scale=4.0;motif_weight=0.0;motif_radius=12;score_normalization=train_quantile;raw_border_score=0.200883;border_score=0.973089",0.34023311734199524,0.33722785115242004,0.3225390613079071
test_Seq_2280,2,2,"benchmark=nucleotide_transformer_downstream_tasks;dataset=splice_sites_all;matching=kmer_balanced;matching_signature=(7, 'TTT');border_estimator=center_window_kmer_jsd;estimator=center_jsd;window=48;search_radius=24;kmer=2;top_ratio=0.25;score_scale=4.0;motif_weight=0.0;motif_radius=12;score_normalization=train_quantile;raw_border_score=0.212947;border_score=1.001844",0.3283774256706238,0.32121387124061584,0.3504086434841156
test_Seq_1410,1,1,"benchmark=nucleotide_transformer_downstream_tasks;dataset=splice_sites_all;matching=kmer_balanced;matching_signature=(9, 'GGG');border_estimator=center_window_kmer_jsd;estimator=center_jsd;window=48;search_radius=24;kmer=2;top_ratio=0.25;score_scale=4.0;motif_weight=0.0;motif_radius=12;score_normalization=train_quantile;raw_border_score=0.158025;border_score=0.862822",0.33952248096466064,0.3417445123195648,0.31873297691345215
test_Seq_1417,1,2,"benchmark=nucleotide_transformer_downstream_tasks;dataset=splice_sites_all;matching=kmer_balanced;matching_signature=(8, 'AAA');border_estimator=center_window_kmer_jsd;estimator=center_jsd;window=48;search_radius=24;kmer=2;top_ratio=0.25;score_scale=4.0;motif_weight=0.0;motif_radius=12;score_normalization=train_quantile;raw_border_score=0.159981;border_score=0.867622",0.28940361738204956,0.2779817581176758,0.43261468410491943
test_Seq_2060,2,2,"benchmark=nucleotide_transformer_downstream_tasks;dataset=splice_sites_all;matching=kmer_balanced;matching_signature=(10, 'CTG');border_estimator=center_window_kmer_jsd;estimator=center_jsd;window=48;search_radius=24;kmer=2;top_ratio=0.25;score_scale=4.0;motif_weight=0.0;motif_radius=12;score_normalization=train_quantile;raw_border_score=0.221363;border_score=1.022333",0.3246554136276245,0.31422820687294006,0.36111634969711304
test_Seq_1223,1,2,"benchmark=nucleotide_transformer_downstream_tasks;dataset=splice_sites_all;matching=kmer_balanced;matching_signature=(8, 'TTT');border_estimator=center_window_kmer_jsd;estimator=center_jsd;window=48;search_radius=24;kmer=2;top_ratio=0.25;score_scale=4.0;motif_weight=0.0;motif_radius=12;score_normalization=train_quantile;raw_border_score=0.262435;border_score=1.099933",0.3100952208042145,0.3043190836906433,0.3855857253074646
test_Seq_1865,1,2,"benchmark=nucleotide_transformer_downstream_tasks;dataset=splice_sites_all;matching=kmer_balanced;matching_signature=(7, 'TTT');border_estimator=center_window_kmer_jsd;estimator=center_jsd;window=48;search_radius=24;kmer=2;top_ratio=0.25;score_scale=4.0;motif_weight=0.0;motif_radius=12;score_normalization=train_quantile;raw_border_score=0.217990;border_score=1.013800",0.32233956456184387,0.3265638053417206,0.35109660029411316
test_Seq_134,0,2,"benchmark=nucleotide_transformer_downstream_tasks;dataset=splice_sites_all;matching=kmer_balanced;matching_signature=(9, 'TGT');border_estimator=center_window_kmer_jsd;estimator=center_jsd;window=48;search_radius=24;kmer=2;top_ratio=0.25;score_scale=4.0;motif_weight=0.0;motif_radius=12;score_normalization=train_quantile;raw_border_score=0.200628;border_score=0.972600",0.21395325660705566,0.20439104735851288,0.5816556811332703
test_Seq_2570,2,2,"benchmark=nucleotide_transformer_downstream_tasks;dataset=splice_sites_all;matching=kmer_balanced;matching_signature=(10, 'AGG');border_estimator=center_window_kmer_jsd;estimator=center_jsd;window=48;search_radius=24;kmer=2;top_ratio=0.25;score_scale=4.0;motif_weight=0.0;motif_radius=12;score_normalization=train_quantile;raw_border_score=0.136918;border_score=0.827622",0.22429214417934418,0.22093477845191956,0.5547731518745422
test_Seq_2696,2,2,"benchmark=nucleotide_transformer_downstream_tasks;dataset=splice_sites_all;matching=kmer_balanced;matching_signature=(8, 'AAA');border_estimator=center_window_kmer_jsd;estimator=center_jsd;window=48;search_radius=24;kmer=2;top_ratio=0.25;score_scale=4.0;motif_weight=0.0;motif_radius=12;score_normalization=train_quantile;raw_border_score=0.189419;border_score=0.942333",0.14046476781368256,0.12896549701690674,0.7305697798728943
test_Seq_1155,1,0,"benchmark=nucleotide_transformer_downstream_tasks;dataset=splice_sites_all;matching=kmer_balanced;matching_signature=(9, 'CTG');border_estimator=center_window_kmer_jsd;estimator=center_jsd;window=48;search_radius=24;kmer=2;top_ratio=0.25;score_scale=4.0;motif_weight=0.0;motif_radius=12;score_normalization=train_quantile;raw_border_score=0.172177;border_score=0.896644",0.3426859378814697,0.3386736214160919,0.31864041090011597
test_Seq_870,0,2,"benchmark=nucleotide_transformer_downstream_tasks;dataset=splice_sites_all;matching=kmer_balanced;matching_signature=(8, 'TTT');border_estimator=center_window_kmer_jsd;estimator=center_jsd;window=48;search_radius=24;kmer=2;top_ratio=0.25;score_scale=4.0;motif_weight=0.0;motif_radius=12;score_normalization=train_quantile;raw_border_score=0.271107;border_score=1.111711",0.27972880005836487,0.26352831721305847,0.4567428529262543
test_Seq_1454,1,0,"benchmark=nucleotide_transformer_downstream_tasks;dataset=splice_sites_all;matching=kmer_balanced;matching_signature=(5, 'TTT');border_estimator=center_window_kmer_jsd;estimator=center_jsd;window=48;search_radius=24;kmer=2;top_ratio=0.25;score_scale=4.0;motif_weight=0.0;motif_radius=12;score_normalization=train_quantile;raw_border_score=0.244386;border_score=1.068156",0.3558450937271118,0.3490673303604126,0.2950875759124756
test_Seq_1801,1,2,"benchmark=nucleotide_transformer_downstream_tasks;dataset=splice_sites_all;matching=kmer_balanced;matching_signature=(9, 'TTT');border_estimator=center_window_kmer_jsd;estimator=center_jsd;window=48;search_radius=24;kmer=2;top_ratio=0.25;score_scale=4.0;motif_weight=0.0;motif_radius=12;score_normalization=train_quantile;raw_border_score=0.241110;border_score=1.061222",0.3134051561355591,0.3286477029323578,0.35794708132743835
test_Seq_217,0,1,"benchmark=nucleotide_transformer_downstream_tasks;dataset=splice_sites_all;matching=kmer_balanced;matching_signature=(8, 'TTT');border_estimator=center_window_kmer_jsd;estimator=center_jsd;window=48;search_radius=24;kmer=2;top_ratio=0.25;score_scale=4.0;motif_weight=0.0;motif_radius=12;score_normalization=train_quantile;raw_border_score=0.205509;border_score=0.985267",0.33750858902931213,0.3441717326641083,0.3183196783065796
test_Seq_2896,2,2,"benchmark=nucleotide_transformer_downstream_tasks;dataset=splice_sites_all;matching=kmer_balanced;matching_signature=(5, 'AAA');border_estimator=center_window_kmer_jsd;estimator=center_jsd;window=48;search_radius=24;kmer=2;top_ratio=0.25;score_scale=4.0;motif_weight=0.0;motif_radius=12;score_normalization=train_quantile;raw_border_score=0.157884;border_score=0.862778",0.2339540421962738,0.21387611329555511,0.5521698594093323
test_Seq_2778,2,2,"benchmark=nucleotide_transformer_downstream_tasks;dataset=splice_sites_all;matching=kmer_balanced;matching_signature=(9, 'CTG');border_estimator=center_window_kmer_jsd;estimator=center_jsd;window=48;search_radius=24;kmer=2;top_ratio=0.25;score_scale=4.0;motif_weight=0.0;motif_radius=12;score_normalization=train_quantile;raw_border_score=0.396597;border_score=1.189356",0.30925461649894714,0.31971684098243713,0.3710286021232605
test_Seq_1525,1,2,"benchmark=nucleotide_transformer_downstream_tasks;dataset=splice_sites_all;matching=kmer_balanced;matching_signature=(10, 'CAG');border_estimator=center_window_kmer_jsd;estimator=center_jsd;window=48;search_radius=24;kmer=2;top_ratio=0.25;score_scale=4.0;motif_weight=0.0;motif_radius=12;score_normalization=train_quantile;raw_border_score=0.182307;border_score=0.923089",0.2901454269886017,0.28756630420684814,0.42228826880455017
test_Seq_2710,2,2,"benchmark=nucleotide_transformer_downstream_tasks;dataset=splice_sites_all;matching=kmer_balanced;matching_signature=(7, 'AAA');border_estimator=center_window_kmer_jsd;estimator=center_jsd;window=48;search_radius=24;kmer=2;top_ratio=0.25;score_scale=4.0;motif_weight=0.0;motif_radius=12;score_normalization=train_quantile;raw_border_score=0.162104;border_score=0.871578",0.2703721225261688,0.26347601413726807,0.4661519229412079
test_Seq_1507,1,2,"benchmark=nucleotide_transformer_downstream_tasks;dataset=splice_sites_all;matching=kmer_balanced;matching_signature=(7, 'TTT');border_estimator=center_window_kmer_jsd;estimator=center_jsd;window=48;search_radius=24;kmer=2;top_ratio=0.25;score_scale=4.0;motif_weight=0.0;motif_radius=12;score_normalization=train_quantile;raw_border_score=0.120696;border_score=0.811400",0.2538493275642395,0.25240644812583923,0.49374425411224365
test_Seq_1741,1,2,"benchmark=nucleotide_transformer_downstream_tasks;dataset=splice_sites_all;matching=kmer_balanced;matching_signature=(6, 'TTT');border_estimator=center_window_kmer_jsd;estimator=center_jsd;window=48;search_radius=24;kmer=2;top_ratio=0.25;score_scale=4.0;motif_weight=0.0;motif_radius=12;score_normalization=train_quantile;raw_border_score=0.179355;border_score=0.916333",0.32698196172714233,0.32139071822166443,0.35162729024887085
test_Seq_1278,1,2,"benchmark=nucleotide_transformer_downstream_tasks;dataset=splice_sites_all;matching=kmer_balanced;matching_signature=(11, 'CAG');border_estimator=center_window_kmer_jsd;estimator=center_jsd;window=48;search_radius=24;kmer=2;top_ratio=0.25;score_scale=4.0;motif_weight=0.0;motif_radius=12;score_normalization=train_quantile;raw_border_score=0.200170;border_score=0.971800",0.2899022102355957,0.28871914744377136,0.42137861251831055
test_Seq_381,0,2,"benchmark=nucleotide_transformer_downstream_tasks;dataset=splice_sites_all;matching=kmer_balanced;matching_signature=(7, 'TTT');border_estimator=center_window_kmer_jsd;estimator=center_jsd;window=48;search_radius=24;kmer=2;top_ratio=0.25;score_scale=4.0;motif_weight=0.0;motif_radius=12;score_normalization=train_quantile;raw_border_score=0.291718;border_score=1.138111",0.32066547870635986,0.3235000967979431,0.35583439469337463
test_Seq_2126,2,2,"benchmark=nucleotide_transformer_downstream_tasks;dataset=splice_sites_all;matching=kmer_balanced;matching_signature=(10, 'TTT');border_estimator=center_window_kmer_jsd;estimator=center_jsd;window=48;search_radius=24;kmer=2;top_ratio=0.25;score_scale=4.0;motif_weight=0.0;motif_radius=12;score_normalization=train_quantile;raw_border_score=0.095141;border_score=0.801756",0.3049543499946594,0.29807940125465393,0.39696627855300903
test_Seq_209,0,2,"benchmark=nucleotide_transformer_downstream_tasks;dataset=splice_sites_all;matching=kmer_balanced;matching_signature=(8, 'TTT');border_estimator=center_window_kmer_jsd;estimator=center_jsd;window=48;search_radius=24;kmer=2;top_ratio=0.25;score_scale=4.0;motif_weight=0.0;motif_radius=12;score_normalization=train_quantile;raw_border_score=0.167676;border_score=0.885978",0.2177964448928833,0.2040674239397049,0.5781360864639282
test_Seq_1763,1,2,"benchmark=nucleotide_transformer_downstream_tasks;dataset=splice_sites_all;matching=kmer_balanced;matching_signature=(7, 'TTT');border_estimator=center_window_kmer_jsd;estimator=center_jsd;window=48;search_radius=24;kmer=2;top_ratio=0.25;score_scale=4.0;motif_weight=0.0;motif_radius=12;score_normalization=train_quantile;raw_border_score=0.256334;border_score=1.089711",0.273876428604126,0.2605471909046173,0.4655764400959015
test_Seq_317,0,2,"benchmark=nucleotide_transformer_downstream_tasks;dataset=splice_sites_all;matching=kmer_balanced;matching_signature=(8, 'AAA');border_estimator=center_window_kmer_jsd;estimator=center_jsd;window=48;search_radius=24;kmer=2;top_ratio=0.25;score_scale=4.0;motif_weight=0.0;motif_radius=12;score_normalization=train_quantile;raw_border_score=0.145559;border_score=0.839711",0.31590357422828674,0.31720972061157227,0.3668866753578186
test_Seq_2957,2,1,"benchmark=nucleotide_transformer_downstream_tasks;dataset=splice_sites_all;matching=kmer_balanced;matching_signature=(10, 'CTG');border_estimator=center_window_kmer_jsd;estimator=center_jsd;window=48;search_radius=24;kmer=2;top_ratio=0.25;score_scale=4.0;motif_weight=0.0;motif_radius=12;score_normalization=train_quantile;raw_border_score=0.200128;border_score=0.971622",0.33155199885368347,0.33683881163597107,0.33160921931266785
test_Seq_2935,2,2,"benchmark=nucleotide_transformer_downstream_tasks;dataset=splice_sites_all;matching=kmer_balanced;matching_signature=(8, 'TTT');border_estimator=center_window_kmer_jsd;estimator=center_jsd;window=48;search_radius=24;kmer=2;top_ratio=0.25;score_scale=4.0;motif_weight=0.0;motif_radius=12;score_normalization=train_quantile;raw_border_score=0.205093;border_score=0.984467",0.31849321722984314,0.3064897954463959,0.375016987323761
test_Seq_120,0,2,"benchmark=nucleotide_transformer_downstream_tasks;dataset=splice_sites_all;matching=kmer_balanced;matching_signature=(7, 'TTT');border_estimator=center_window_kmer_jsd;estimator=center_jsd;window=48;search_radius=24;kmer=2;top_ratio=0.25;score_scale=4.0;motif_weight=0.0;motif_radius=12;score_normalization=train_quantile;raw_border_score=0.169244;border_score=0.889000",0.29110193252563477,0.28344833850860596,0.4254496991634369
test_Seq_1585,1,2,"benchmark=nucleotide_transformer_downstream_tasks;dataset=splice_sites_all;matching=kmer_balanced;matching_signature=(7, 'TTT');border_estimator=center_window_kmer_jsd;estimator=center_jsd;window=48;search_radius=24;kmer=2;top_ratio=0.25;score_scale=4.0;motif_weight=0.0;motif_radius=12;score_normalization=train_quantile;raw_border_score=0.339074;border_score=1.171489",0.33116722106933594,0.32328885793685913,0.3455439507961273
test_Seq_617,0,2,"benchmark=nucleotide_transformer_downstream_tasks;dataset=splice_sites_all;matching=kmer_balanced;matching_signature=(11, 'GGG');border_estimator=center_window_kmer_jsd;estimator=center_jsd;window=48;search_radius=24;kmer=2;top_ratio=0.25;score_scale=4.0;motif_weight=0.0;motif_radius=12;score_normalization=train_quantile;raw_border_score=0.142033;border_score=0.834067",0.2681002616882324,0.2598150372505188,0.4720847010612488
test_Seq_186,0,2,"benchmark=nucleotide_transformer_downstream_tasks;dataset=splice_sites_all;matching=kmer_balanced;matching_signature=(6, 'TTT');border_estimator=center_window_kmer_jsd;estimator=center_jsd;window=48;search_radius=24;kmer=2;top_ratio=0.25;score_scale=4.0;motif_weight=0.0;motif_radius=12;score_normalization=train_quantile;raw_border_score=0.120760;border_score=0.811400",0.3101033866405487,0.30016249418258667,0.389734148979187
test_Seq_1602,1,2,"benchmark=nucleotide_transformer_downstream_tasks;dataset=splice_sites_all;matching=kmer_balanced;matching_signature=(9, 'TTT');border_estimator=center_window_kmer_jsd;estimator=center_jsd;window=48;search_radius=24;kmer=2;top_ratio=0.25;score_scale=4.0;motif_weight=0.0;motif_radius=12;score_normalization=train_quantile;raw_border_score=0.267779;border_score=1.106867",0.28517088294029236,0.2903643548488617,0.42446476221084595
test_Seq_2044,2,2,"benchmark=nucleotide_transformer_downstream_tasks;dataset=splice_sites_all;matching=kmer_balanced;matching_signature=(12, 'CAG');border_estimator=center_window_kmer_jsd;estimator=center_jsd;window=48;search_radius=24;kmer=2;top_ratio=0.25;score_scale=4.0;motif_weight=0.0;motif_radius=12;score_normalization=train_quantile;raw_border_score=0.156528;border_score=0.860467",0.31479835510253906,0.3248777687549591,0.36032387614250183
test_Seq_1836,1,1,"benchmark=nucleotide_transformer_downstream_tasks;dataset=splice_sites_all;matching=kmer_balanced;matching_signature=(12, 'CCC');border_estimator=center_window_kmer_jsd;estimator=center_jsd;window=48;search_radius=24;kmer=2;top_ratio=0.25;score_scale=4.0;motif_weight=0.0;motif_radius=12;score_normalization=train_quantile;raw_border_score=0.192359;border_score=0.950689",0.33910438418388367,0.3449365496635437,0.31595903635025024
test_Seq_1742,1,2,"benchmark=nucleotide_transformer_downstream_tasks;dataset=splice_sites_all;matching=kmer_balanced;matching_signature=(14, 'GGG');border_estimator=center_window_kmer_jsd;estimator=center_jsd;window=48;search_radius=24;kmer=2;top_ratio=0.25;score_scale=4.0;motif_weight=0.0;motif_radius=12;score_normalization=train_quantile;raw_border_score=0.246671;border_score=1.072467",0.28765565156936646,0.27798014879226685,0.43436428904533386
test_Seq_1302,1,2,"benchmark=nucleotide_transformer_downstream_tasks;dataset=splice_sites_all;matching=kmer_balanced;matching_signature=(7, 'AAA');border_estimator=center_window_kmer_jsd;estimator=center_jsd;window=48;search_radius=24;kmer=2;top_ratio=0.25;score_scale=4.0;motif_weight=0.0;motif_radius=12;score_normalization=train_quantile;raw_border_score=0.179404;border_score=0.916422",0.26489710807800293,0.24868832528591156,0.4864146113395691
test_Seq_810,0,1,"benchmark=nucleotide_transformer_downstream_tasks;dataset=splice_sites_all;matching=kmer_balanced;matching_signature=(7, 'TTT');border_estimator=center_window_kmer_jsd;estimator=center_jsd;window=48;search_radius=24;kmer=2;top_ratio=0.25;score_scale=4.0;motif_weight=0.0;motif_radius=12;score_normalization=train_quantile;raw_border_score=0.249359;border_score=1.077844",0.33957719802856445,0.3408541977405548,0.31956860423088074
test_Seq_392,0,2,"benchmark=nucleotide_transformer_downstream_tasks;dataset=splice_sites_all;matching=kmer_balanced;matching_signature=(12, 'GGG');border_estimator=center_window_kmer_jsd;estimator=center_jsd;window=48;search_radius=24;kmer=2;top_ratio=0.25;score_scale=4.0;motif_weight=0.0;motif_radius=12;score_normalization=train_quantile;raw_border_score=0.384800;border_score=1.187622",0.28882360458374023,0.27675116062164307,0.4344252943992615
test_Seq_2524,2,2,"benchmark=nucleotide_transformer_downstream_tasks;dataset=splice_sites_all;matching=kmer_balanced;matching_signature=(6, 'TTT');border_estimator=center_window_kmer_jsd;estimator=center_jsd;window=48;search_radius=24;kmer=2;top_ratio=0.25;score_scale=4.0;motif_weight=0.0;motif_radius=12;score_normalization=train_quantile;raw_border_score=0.238881;border_score=1.056111",0.3083065152168274,0.2773907482624054,0.41430264711380005
test_Seq_975,0,2,"benchmark=nucleotide_transformer_downstream_tasks;dataset=splice_sites_all;matching=kmer_balanced;matching_signature=(7, 'TTT');border_estimator=center_window_kmer_jsd;estimator=center_jsd;window=48;search_radius=24;kmer=2;top_ratio=0.25;score_scale=4.0;motif_weight=0.0;motif_radius=12;score_normalization=train_quantile;raw_border_score=0.259498;border_score=1.094733",0.254700630903244,0.24048903584480286,0.5048103928565979
test_Seq_1977,1,2,"benchmark=nucleotide_transformer_downstream_tasks;dataset=splice_sites_all;matching=kmer_balanced;matching_signature=(13, 'CCC');border_estimator=center_window_kmer_jsd;estimator=center_jsd;window=48;search_radius=24;kmer=2;top_ratio=0.25;score_scale=4.0;motif_weight=0.0;motif_radius=12;score_normalization=train_quantile;raw_border_score=0.143281;border_score=0.836022",0.29794660210609436,0.2912055253982544,0.41084787249565125
test_Seq_2212,2,2,"benchmark=nucleotide_transformer_downstream_tasks;dataset=splice_sites_all;matching=kmer_balanced;matching_signature=(9, 'CTT');border_estimator=center_window_kmer_jsd;estimator=center_jsd;window=48;search_radius=24;kmer=2;top_ratio=0.25;score_scale=4.0;motif_weight=0.0;motif_radius=12;score_normalization=train_quantile;raw_border_score=0.214790;border_score=1.005533",0.29849758744239807,0.29485392570495605,0.4066484570503235
test_Seq_1237,1,1,"benchmark=nucleotide_transformer_downstream_tasks;dataset=splice_sites_all;matching=kmer_balanced;matching_signature=(11, 'GGC');border_estimator=center_window_kmer_jsd;estimator=center_jsd;window=48;search_radius=24;kmer=2;top_ratio=0.25;score_scale=4.0;motif_weight=0.0;motif_radius=12;score_normalization=train_quantile;raw_border_score=0.193446;border_score=0.953400",0.3351441025733948,0.34864354133605957,0.31621235609054565
test_Seq_2730,2,2,"benchmark=nucleotide_transformer_downstream_tasks;dataset=splice_sites_all;matching=kmer_balanced;matching_signature=(9, 'CTG');border_estimator=center_window_kmer_jsd;estimator=center_jsd;window=48;search_radius=24;kmer=2;top_ratio=0.25;score_scale=4.0;motif_weight=0.0;motif_radius=12;score_normalization=train_quantile;raw_border_score=0.276394;border_score=1.119000",0.3036448061466217,0.3026393949985504,0.3937157988548279
test_Seq_2915,2,2,"benchmark=nucleotide_transformer_downstream_tasks;dataset=splice_sites_all;matching=kmer_balanced;matching_signature=(7, 'AAA');border_estimator=center_window_kmer_jsd;estimator=center_jsd;window=48;search_radius=24;kmer=2;top_ratio=0.25;score_scale=4.0;motif_weight=0.0;motif_radius=12;score_normalization=train_quantile;raw_border_score=0.189634;border_score=0.943089",0.16364365816116333,0.15639524161815643,0.6799610257148743
test_Seq_2323,2,2,"benchmark=nucleotide_transformer_downstream_tasks;dataset=splice_sites_all;matching=kmer_balanced;matching_signature=(12, 'GGG');border_estimator=center_window_kmer_jsd;estimator=center_jsd;window=48;search_radius=24;kmer=2;top_ratio=0.25;score_scale=4.0;motif_weight=0.0;motif_radius=12;score_normalization=train_quantile;raw_border_score=0.284697;border_score=1.129889",0.3116993010044098,0.318891316652298,0.36940935254096985
test_Seq_1032,1,2,"benchmark=nucleotide_transformer_downstream_tasks;dataset=splice_sites_all;matching=kmer_balanced;matching_signature=(6, 'TTT');border_estimator=center_window_kmer_jsd;estimator=center_jsd;window=48;search_radius=24;kmer=2;top_ratio=0.25;score_scale=4.0;motif_weight=0.0;motif_radius=12;score_normalization=train_quantile;raw_border_score=0.188210;border_score=0.939444",0.3139631748199463,0.3020066022872925,0.38403022289276123
test_Seq_2798,2,2,"benchmark=nucleotide_transformer_downstream_tasks;dataset=splice_sites_all;matching=kmer_balanced;matching_signature=(8, 'TTT');border_estimator=center_window_kmer_jsd;estimator=center_jsd;window=48;search_radius=24;kmer=2;top_ratio=0.25;score_scale=4.0;motif_weight=0.0;motif_radius=12;score_normalization=train_quantile;raw_border_score=0.233685;border_score=1.046778",0.25356239080429077,0.24777759611606598,0.49866005778312683
test_Seq_2016,2,1,"benchmark=nucleotide_transformer_downstream_tasks;dataset=splice_sites_all;matching=kmer_balanced;matching_signature=(7, 'TTT');border_estimator=center_window_kmer_jsd;estimator=center_jsd;window=48;search_radius=24;kmer=2;top_ratio=0.25;score_scale=4.0;motif_weight=0.0;motif_radius=12;score_normalization=train_quantile;raw_border_score=0.180499;border_score=0.919044",0.3530978262424469,0.36114126443862915,0.28576093912124634
test_Seq_2588,2,1,"benchmark=nucleotide_transformer_downstream_tasks;dataset=splice_sites_all;matching=kmer_balanced;matching_signature=(10, 'GGG');border_estimator=center_window_kmer_jsd;estimator=center_jsd;window=48;search_radius=24;kmer=2;top_ratio=0.25;score_scale=4.0;motif_weight=0.0;motif_radius=12;score_normalization=train_quantile;raw_border_score=0.165608;border_score=0.880289",0.337490439414978,0.3377169966697693,0.3247925639152527
test_Seq_927,0,2,"benchmark=nucleotide_transformer_downstream_tasks;dataset=splice_sites_all;matching=kmer_balanced;matching_signature=(8, 'AAA');border_estimator=center_window_kmer_jsd;estimator=center_jsd;window=48;search_radius=24;kmer=2;top_ratio=0.25;score_scale=4.0;motif_weight=0.0;motif_radius=12;score_normalization=train_quantile;raw_border_score=0.217938;border_score=1.013578",0.3080230951309204,0.3095722198486328,0.3824046552181244
test_Seq_2818,2,2,"benchmark=nucleotide_transformer_downstream_tasks;dataset=splice_sites_all;matching=kmer_balanced;matching_signature=(6, 'TTT');border_estimator=center_window_kmer_jsd;estimator=center_jsd;window=48;search_radius=24;kmer=2;top_ratio=0.25;score_scale=4.0;motif_weight=0.0;motif_radius=12;score_normalization=train_quantile;raw_border_score=0.294397;border_score=1.140289",0.32690879702568054,0.3227480351924896,0.35034316778182983
test_Seq_60,0,1,"benchmark=nucleotide_transformer_downstream_tasks;dataset=splice_sites_all;matching=kmer_balanced;matching_signature=(7, 'TTT');border_estimator=center_window_kmer_jsd;estimator=center_jsd;window=48;search_radius=24;kmer=2;top_ratio=0.25;score_scale=4.0;motif_weight=0.0;motif_radius=12;score_normalization=train_quantile;raw_border_score=0.233085;border_score=1.045756",0.3464527130126953,0.35184022784233093,0.30170705914497375
test_Seq_603,0,2,"benchmark=nucleotide_transformer_downstream_tasks;dataset=splice_sites_all;matching=kmer_balanced;matching_signature=(9, 'AGG');border_estimator=center_window_kmer_jsd;estimator=center_jsd;window=48;search_radius=24;kmer=2;top_ratio=0.25;score_scale=4.0;motif_weight=0.0;motif_radius=12;score_normalization=train_quantile;raw_border_score=0.116104;border_score=0.808778",0.31198614835739136,0.3125419318675995,0.37547191977500916
test_Seq_195,0,2,"benchmark=nucleotide_transformer_downstream_tasks;dataset=splice_sites_all;matching=kmer_balanced;matching_signature=(12, 'GGG');border_estimator=center_window_kmer_jsd;estimator=center_jsd;window=48;search_radius=24;kmer=2;top_ratio=0.25;score_scale=4.0;motif_weight=0.0;motif_radius=12;score_normalization=train_quantile;raw_border_score=0.283276;border_score=1.128289",0.28129297494888306,0.26734232902526855,0.4513646364212036
test_Seq_1020,1,2,"benchmark=nucleotide_transformer_downstream_tasks;dataset=splice_sites_all;matching=kmer_balanced;matching_signature=(11, 'GGG');border_estimator=center_window_kmer_jsd;estimator=center_jsd;window=48;search_radius=24;kmer=2;top_ratio=0.25;score_scale=4.0;motif_weight=0.0;motif_radius=12;score_normalization=train_quantile;raw_border_score=0.174351;border_score=0.903178",0.3025577664375305,0.29365086555480957,0.4037913978099823
test_Seq_627,0,2,"benchmark=nucleotide_transformer_downstream_tasks;dataset=splice_sites_all;matching=kmer_balanced;matching_signature=(7, 'AAA');border_estimator=center_window_kmer_jsd;estimator=center_jsd;window=48;search_radius=24;kmer=2;top_ratio=0.25;score_scale=4.0;motif_weight=0.0;motif_radius=12;score_normalization=train_quantile;raw_border_score=0.212004;border_score=0.999711",0.31526318192481995,0.3095707893371582,0.37516599893569946
test_Seq_1497,1,2,"benchmark=nucleotide_transformer_downstream_tasks;dataset=splice_sites_all;matching=kmer_balanced;matching_signature=(8, 'TTT');border_estimator=center_window_kmer_jsd;estimator=center_jsd;window=48;search_radius=24;kmer=2;top_ratio=0.25;score_scale=4.0;motif_weight=0.0;motif_radius=12;score_normalization=train_quantile;raw_border_score=0.282504;border_score=1.127089",0.29327332973480225,0.2834949791431427,0.42323175072669983
test_Seq_2065,2,2,"benchmark=nucleotide_transformer_downstream_tasks;dataset=splice_sites_all;matching=kmer_balanced;matching_signature=(6, 'TTT');border_estimator=center_window_kmer_jsd;estimator=center_jsd;window=48;search_radius=24;kmer=2;top_ratio=0.25;score_scale=4.0;motif_weight=0.0;motif_radius=12;score_normalization=train_quantile;raw_border_score=0.247430;border_score=1.073889",0.3275534212589264,0.31981730461120605,0.35262924432754517
test_Seq_434,0,2,"benchmark=nucleotide_transformer_downstream_tasks;dataset=splice_sites_all;matching=kmer_balanced;matching_signature=(7, 'TTT');border_estimator=center_window_kmer_jsd;estimator=center_jsd;window=48;search_radius=24;kmer=2;top_ratio=0.25;score_scale=4.0;motif_weight=0.0;motif_radius=12;score_normalization=train_quantile;raw_border_score=0.223863;border_score=1.027889",0.322399765253067,0.308437705039978,0.36916255950927734
test_Seq_1591,1,1,"benchmark=nucleotide_transformer_downstream_tasks;dataset=splice_sites_all;matching=kmer_balanced;matching_signature=(6, 'TTT');border_estimator=center_window_kmer_jsd;estimator=center_jsd;window=48;search_radius=24;kmer=2;top_ratio=0.25;score_scale=4.0;motif_weight=0.0;motif_radius=12;score_normalization=train_quantile;raw_border_score=0.134496;border_score=0.824600",0.3255205750465393,0.3385505676269531,0.33592885732650757
test_Seq_1566,1,2,"benchmark=nucleotide_transformer_downstream_tasks;dataset=splice_sites_all;matching=kmer_balanced;matching_signature=(13, 'CCC');border_estimator=center_window_kmer_jsd;estimator=center_jsd;window=48;search_radius=24;kmer=2;top_ratio=0.25;score_scale=4.0;motif_weight=0.0;motif_radius=12;score_normalization=train_quantile;raw_border_score=0.201310;border_score=0.974200",0.2723863124847412,0.27046436071395874,0.4571494460105896
test_Seq_47,0,2,"benchmark=nucleotide_transformer_downstream_tasks;dataset=splice_sites_all;matching=kmer_balanced;matching_signature=(8, 'TTT');border_estimator=center_window_kmer_jsd;estimator=center_jsd;window=48;search_radius=24;kmer=2;top_ratio=0.25;score_scale=4.0;motif_weight=0.0;motif_radius=12;score_normalization=train_quantile;raw_border_score=0.145727;border_score=0.839978",0.32920318841934204,0.33420366048812866,0.3365931808948517
test_Seq_582,0,2,"benchmark=nucleotide_transformer_downstream_tasks;dataset=splice_sites_all;matching=kmer_balanced;matching_signature=(10, 'GGG');border_estimator=center_window_kmer_jsd;estimator=center_jsd;window=48;search_radius=24;kmer=2;top_ratio=0.25;score_scale=4.0;motif_weight=0.0;motif_radius=12;score_normalization=train_quantile;raw_border_score=0.368611;border_score=1.183756",0.3025418519973755,0.30044370889663696,0.39701443910598755
test_Seq_1895,1,2,"benchmark=nucleotide_transformer_downstream_tasks;dataset=splice_sites_all;matching=kmer_balanced;matching_signature=(7, 'TTT');border_estimator=center_window_kmer_jsd;estimator=center_jsd;window=48;search_radius=24;kmer=2;top_ratio=0.25;score_scale=4.0;motif_weight=0.0;motif_radius=12;score_normalization=train_quantile;raw_border_score=0.210237;border_score=0.995667",0.327799528837204,0.3256292939186096,0.3465712070465088
test_Seq_25,0,2,"benchmark=nucleotide_transformer_downstream_tasks;dataset=splice_sites_all;matching=kmer_balanced;matching_signature=(11, 'CCC');border_estimator=center_window_kmer_jsd;estimator=center_jsd;window=48;search_radius=24;kmer=2;top_ratio=0.25;score_scale=4.0;motif_weight=0.0;motif_radius=12;score_normalization=train_quantile;raw_border_score=0.252242;border_score=1.082689",0.3034192621707916,0.31099188327789307,0.3855888545513153
test_Seq_2163,2,2,"benchmark=nucleotide_transformer_downstream_tasks;dataset=splice_sites_all;matching=kmer_balanced;matching_signature=(8, 'TTT');border_estimator=center_window_kmer_jsd;estimator=center_jsd;window=48;search_radius=24;kmer=2;top_ratio=0.25;score_scale=4.0;motif_weight=0.0;motif_radius=12;score_normalization=train_quantile;raw_border_score=0.374647;border_score=1.185311",0.21627949178218842,0.2005765289068222,0.583143949508667
test_Seq_2146,2,2,"benchmark=nucleotide_transformer_downstream_tasks;dataset=splice_sites_all;matching=kmer_balanced;matching_signature=(8, 'TTT');border_estimator=center_window_kmer_jsd;estimator=center_jsd;window=48;search_radius=24;kmer=2;top_ratio=0.25;score_scale=4.0;motif_weight=0.0;motif_radius=12;score_normalization=train_quantile;raw_border_score=0.424577;border_score=1.192733",0.2250436395406723,0.21846573054790497,0.5564906001091003
test_Seq_2880,2,2,"benchmark=nucleotide_transformer_downstream_tasks;dataset=splice_sites_all;matching=kmer_balanced;matching_signature=(6, 'AAA');border_estimator=center_window_kmer_jsd;estimator=center_jsd;window=48;search_radius=24;kmer=2;top_ratio=0.25;score_scale=4.0;motif_weight=0.0;motif_radius=12;score_normalization=train_quantile;raw_border_score=0.160566;border_score=0.868333",0.30822527408599854,0.2997458279132843,0.39202889800071716
test_Seq_2967,2,2,"benchmark=nucleotide_transformer_downstream_tasks;dataset=splice_sites_all;matching=kmer_balanced;matching_signature=(11, 'CCT');border_estimator=center_window_kmer_jsd;estimator=center_jsd;window=48;search_radius=24;kmer=2;top_ratio=0.25;score_scale=4.0;motif_weight=0.0;motif_radius=12;score_normalization=train_quantile;raw_border_score=0.238087;border_score=1.054822",0.26555320620536804,0.2629269063472748,0.4715198576450348
test_Seq_1475,1,1,"benchmark=nucleotide_transformer_downstream_tasks;dataset=splice_sites_all;matching=kmer_balanced;matching_signature=(7, 'AAA');border_estimator=center_window_kmer_jsd;estimator=center_jsd;window=48;search_radius=24;kmer=2;top_ratio=0.25;score_scale=4.0;motif_weight=0.0;motif_radius=12;score_normalization=train_quantile;raw_border_score=0.258016;border_score=1.092244",0.3504292070865631,0.36033424735069275,0.28923654556274414
test_Seq_2439,2,2,"benchmark=nucleotide_transformer_downstream_tasks;dataset=splice_sites_all;matching=kmer_balanced;matching_signature=(7, 'TTT');border_estimator=center_window_kmer_jsd;estimator=center_jsd;window=48;search_radius=24;kmer=2;top_ratio=0.25;score_scale=4.0;motif_weight=0.0;motif_radius=12;score_normalization=train_quantile;raw_border_score=0.103126;border_score=0.803489",0.15186162292957306,0.1412065029144287,0.7069317698478699
test_Seq_258,0,2,"benchmark=nucleotide_transformer_downstream_tasks;dataset=splice_sites_all;matching=kmer_balanced;matching_signature=(8, 'AGA');border_estimator=center_window_kmer_jsd;estimator=center_jsd;window=48;search_radius=24;kmer=2;top_ratio=0.25;score_scale=4.0;motif_weight=0.0;motif_radius=12;score_normalization=train_quantile;raw_border_score=0.182403;border_score=0.923267",0.29692399501800537,0.2894103229045868,0.41366565227508545
test_Seq_235,0,2,"benchmark=nucleotide_transformer_downstream_tasks;dataset=splice_sites_all;matching=kmer_balanced;matching_signature=(12, 'CAG');border_estimator=center_window_kmer_jsd;estimator=center_jsd;window=48;search_radius=24;kmer=2;top_ratio=0.25;score_scale=4.0;motif_weight=0.0;motif_radius=12;score_normalization=train_quantile;raw_border_score=0.170328;border_score=0.891400",0.2853124439716339,0.2761659622192383,0.4385215640068054
test_Seq_2037,2,2,"benchmark=nucleotide_transformer_downstream_tasks;dataset=splice_sites_all;matching=kmer_balanced;matching_signature=(13, 'GGG');border_estimator=center_window_kmer_jsd;estimator=center_jsd;window=48;search_radius=24;kmer=2;top_ratio=0.25;score_scale=4.0;motif_weight=0.0;motif_radius=12;score_normalization=train_quantile;raw_border_score=0.124064;border_score=0.813444",0.30761849880218506,0.2979007065296173,0.39448082447052
test_Seq_2496,2,2,"benchmark=nucleotide_transformer_downstream_tasks;dataset=splice_sites_all;matching=kmer_balanced;matching_signature=(12, 'CAG');border_estimator=center_window_kmer_jsd;estimator=center_jsd;window=48;search_radius=24;kmer=2;top_ratio=0.25;score_scale=4.0;motif_weight=0.0;motif_radius=12;score_normalization=train_quantile;raw_border_score=0.151203;border_score=0.849222",0.24662494659423828,0.23715409636497498,0.5162209272384644
test_Seq_275,0,2,"benchmark=nucleotide_transformer_downstream_tasks;dataset=splice_sites_all;matching=kmer_balanced;matching_signature=(12, 'CCC');border_estimator=center_window_kmer_jsd;estimator=center_jsd;window=48;search_radius=24;kmer=2;top_ratio=0.25;score_scale=4.0;motif_weight=0.0;motif_radius=12;score_normalization=train_quantile;raw_border_score=0.284094;border_score=1.129222",0.3053482472896576,0.3003239035606384,0.394327849149704
test_Seq_1883,1,2,"benchmark=nucleotide_transformer_downstream_tasks;dataset=splice_sites_all;matching=kmer_balanced;matching_signature=(11, 'CTG');border_estimator=center_window_kmer_jsd;estimator=center_jsd;window=48;search_radius=24;kmer=2;top_ratio=0.25;score_scale=4.0;motif_weight=0.0;motif_radius=12;score_normalization=train_quantile;raw_border_score=0.241665;border_score=1.062422",0.29194703698158264,0.29765456914901733,0.4103983938694
test_Seq_1210,1,2,"benchmark=nucleotide_transformer_downstream_tasks;dataset=splice_sites_all;matching=kmer_balanced;matching_signature=(12, 'CCT');border_estimator=center_window_kmer_jsd;estimator=center_jsd;window=48;search_radius=24;kmer=2;top_ratio=0.25;score_scale=4.0;motif_weight=0.0;motif_radius=12;score_normalization=train_quantile;raw_border_score=0.235939;border_score=1.050644",0.22829332947731018,0.22508011758327484,0.5466265082359314
test_Seq_1025,1,2,"benchmark=nucleotide_transformer_downstream_tasks;dataset=splice_sites_all;matching=kmer_balanced;matching_signature=(12, 'CTG');border_estimator=center_window_kmer_jsd;estimator=center_jsd;window=48;search_radius=24;kmer=2;top_ratio=0.25;score_scale=4.0;motif_weight=0.0;motif_radius=12;score_normalization=train_quantile;raw_border_score=0.304248;border_score=1.149933",0.3175084888935089,0.30900782346725464,0.37348365783691406
test_Seq_1271,1,2,"benchmark=nucleotide_transformer_downstream_tasks;dataset=splice_sites_all;matching=kmer_balanced;matching_signature=(10, 'GGA');border_estimator=center_window_kmer_jsd;estimator=center_jsd;window=48;search_radius=24;kmer=2;top_ratio=0.25;score_scale=4.0;motif_weight=0.0;motif_radius=12;score_normalization=train_quantile;raw_border_score=0.245494;border_score=1.070111",0.2591325342655182,0.2396702766418457,0.5011971592903137
test_Seq_1035,1,2,"benchmark=nucleotide_transformer_downstream_tasks;dataset=splice_sites_all;matching=kmer_balanced;matching_signature=(8, 'TTT');border_estimator=center_window_kmer_jsd;estimator=center_jsd;window=48;search_radius=24;kmer=2;top_ratio=0.25;score_scale=4.0;motif_weight=0.0;motif_radius=12;score_normalization=train_quantile;raw_border_score=0.195074;border_score=0.957178",0.21244317293167114,0.20597191154956818,0.5815849304199219
test_Seq_1679,1,2,"benchmark=nucleotide_transformer_downstream_tasks;dataset=splice_sites_all;matching=kmer_balanced;matching_signature=(6, 'TTT');border_estimator=center_window_kmer_jsd;estimator=center_jsd;window=48;search_radius=24;kmer=2;top_ratio=0.25;score_scale=4.0;motif_weight=0.0;motif_radius=12;score_normalization=train_quantile;raw_border_score=0.238795;border_score=1.056067",0.2979433834552765,0.28760650753974915,0.414450079202652
test_Seq_2020,2,2,"benchmark=nucleotide_transformer_downstream_tasks;dataset=splice_sites_all;matching=kmer_balanced;matching_signature=(7, 'TTT');border_estimator=center_window_kmer_jsd;estimator=center_jsd;window=48;search_radius=24;kmer=2;top_ratio=0.25;score_scale=4.0;motif_weight=0.0;motif_radius=12;score_normalization=train_quantile;raw_border_score=0.222044;border_score=1.023356",0.26640695333480835,0.26923635601997375,0.4643566906452179
test_Seq_232,0,0,"benchmark=nucleotide_transformer_downstream_tasks;dataset=splice_sites_all;matching=kmer_balanced;matching_signature=(7, 'AAA');border_estimator=center_window_kmer_jsd;estimator=center_jsd;window=48;search_radius=24;kmer=2;top_ratio=0.25;score_scale=4.0;motif_weight=0.0;motif_radius=12;score_normalization=train_quantile;raw_border_score=0.172308;border_score=0.897044",0.34597650170326233,0.33905211091041565,0.314971387386322
test_Seq_2552,2,2,"benchmark=nucleotide_transformer_downstream_tasks;dataset=splice_sites_all;matching=kmer_balanced;matching_signature=(13, 'CCC');border_estimator=center_window_kmer_jsd;estimator=center_jsd;window=48;search_radius=24;kmer=2;top_ratio=0.25;score_scale=4.0;motif_weight=0.0;motif_radius=12;score_normalization=train_quantile;raw_border_score=0.171040;border_score=0.893222",0.28549057245254517,0.2829354405403137,0.43157392740249634
test_Seq_621,0,2,"benchmark=nucleotide_transformer_downstream_tasks;dataset=splice_sites_all;matching=kmer_balanced;matching_signature=(7, 'TTT');border_estimator=center_window_kmer_jsd;estimator=center_jsd;window=48;search_radius=24;kmer=2;top_ratio=0.25;score_scale=4.0;motif_weight=0.0;motif_radius=12;score_normalization=train_quantile;raw_border_score=0.171175;border_score=0.893533",0.3102855086326599,0.3118620812892914,0.3778524398803711
test_Seq_92,0,2,"benchmark=nucleotide_transformer_downstream_tasks;dataset=splice_sites_all;matching=kmer_balanced;matching_signature=(9, 'TTT');border_estimator=center_window_kmer_jsd;estimator=center_jsd;window=48;search_radius=24;kmer=2;top_ratio=0.25;score_scale=4.0;motif_weight=0.0;motif_radius=12;score_normalization=train_quantile;raw_border_score=0.413969;border_score=1.191622",0.3005615472793579,0.31006699800491333,0.38937142491340637
test_Seq_1269,1,1,"benchmark=nucleotide_transformer_downstream_tasks;dataset=splice_sites_all;matching=kmer_balanced;matching_signature=(10, 'TTT');border_estimator=center_window_kmer_jsd;estimator=center_jsd;window=48;search_radius=24;kmer=2;top_ratio=0.25;score_scale=4.0;motif_weight=0.0;motif_radius=12;score_normalization=train_quantile;raw_border_score=0.264772;border_score=1.103044",0.3576676845550537,0.37759795784950256,0.2647343873977661
test_Seq_439,0,2,"benchmark=nucleotide_transformer_downstream_tasks;dataset=splice_sites_all;matching=kmer_balanced;matching_signature=(9, 'TTT');border_estimator=center_window_kmer_jsd;estimator=center_jsd;window=48;search_radius=24;kmer=2;top_ratio=0.25;score_scale=4.0;motif_weight=0.0;motif_radius=12;score_normalization=train_quantile;raw_border_score=0.302615;border_score=1.148778",0.2849344313144684,0.28549933433532715,0.4295661747455597
test_Seq_1430,1,1,"benchmark=nucleotide_transformer_downstream_tasks;dataset=splice_sites_all;matching=kmer_balanced;matching_signature=(13, 'GGG');border_estimator=center_window_kmer_jsd;estimator=center_jsd;window=48;search_radius=24;kmer=2;top_ratio=0.25;score_scale=4.0;motif_weight=0.0;motif_radius=12;score_normalization=train_quantile;raw_border_score=0.223041;border_score=1.026022",0.34444865584373474,0.35672271251678467,0.2988286018371582
test_Seq_644,0,2,"benchmark=nucleotide_transformer_downstream_tasks;dataset=splice_sites_all;matching=kmer_balanced;matching_signature=(9, 'AAA');border_estimator=center_window_kmer_jsd;estimator=center_jsd;window=48;search_radius=24;kmer=2;top_ratio=0.25;score_scale=4.0;motif_weight=0.0;motif_radius=12;score_normalization=train_quantile;raw_border_score=0.279409;border_score=1.123356",0.1345740258693695,0.12474274635314941,0.7406832575798035
test_Seq_2647,2,2,"benchmark=nucleotide_transformer_downstream_tasks;dataset=splice_sites_all;matching=kmer_balanced;matching_signature=(9, 'CTG');border_estimator=center_window_kmer_jsd;estimator=center_jsd;window=48;search_radius=24;kmer=2;top_ratio=0.25;score_scale=4.0;motif_weight=0.0;motif_radius=12;score_normalization=train_quantile;raw_border_score=0.398542;border_score=1.189889",0.33027321100234985,0.3315824866294861,0.3381442427635193
test_Seq_2291,2,2,"benchmark=nucleotide_transformer_downstream_tasks;dataset=splice_sites_all;matching=kmer_balanced;matching_signature=(7, 'TTT');border_estimator=center_window_kmer_jsd;estimator=center_jsd;window=48;search_radius=24;kmer=2;top_ratio=0.25;score_scale=4.0;motif_weight=0.0;motif_radius=12;score_normalization=train_quantile;raw_border_score=0.168989;border_score=0.888600",0.3110285997390747,0.31054753065109253,0.37842386960983276
test_Seq_548,0,2,"benchmark=nucleotide_transformer_downstream_tasks;dataset=splice_sites_all;matching=kmer_balanced;matching_signature=(8, 'TTT');border_estimator=center_window_kmer_jsd;estimator=center_jsd;window=48;search_radius=24;kmer=2;top_ratio=0.25;score_scale=4.0;motif_weight=0.0;motif_radius=12;score_normalization=train_quantile;raw_border_score=0.217513;border_score=1.012511",0.2803463637828827,0.28160685300827026,0.43804678320884705
test_Seq_1841,1,2,"benchmark=nucleotide_transformer_downstream_tasks;dataset=splice_sites_all;matching=kmer_balanced;matching_signature=(11, 'CTG');border_estimator=center_window_kmer_jsd;estimator=center_jsd;window=48;search_radius=24;kmer=2;top_ratio=0.25;score_scale=4.0;motif_weight=0.0;motif_radius=12;score_normalization=train_quantile;raw_border_score=0.163455;border_score=0.874867",0.2988699674606323,0.2856750786304474,0.4154549539089203
test_Seq_2506,2,2,"benchmark=nucleotide_transformer_downstream_tasks;dataset=splice_sites_all;matching=kmer_balanced;matching_signature=(8, 'TTT');border_estimator=center_window_kmer_jsd;estimator=center_jsd;window=48;search_radius=24;kmer=2;top_ratio=0.25;score_scale=4.0;motif_weight=0.0;motif_radius=12;score_normalization=train_quantile;raw_border_score=0.252101;border_score=1.082378",0.21066829562187195,0.19338776171207428,0.5959439873695374
test_Seq_1059,1,1,"benchmark=nucleotide_transformer_downstream_tasks;dataset=splice_sites_all;matching=kmer_balanced;matching_signature=(10, 'AGG');border_estimator=center_window_kmer_jsd;estimator=center_jsd;window=48;search_radius=24;kmer=2;top_ratio=0.25;score_scale=4.0;motif_weight=0.0;motif_radius=12;score_normalization=train_quantile;raw_border_score=0.193338;border_score=0.953044",0.3549516499042511,0.37677720189094543,0.2682711184024811
test_Seq_906,0,2,"benchmark=nucleotide_transformer_downstream_tasks;dataset=splice_sites_all;matching=kmer_balanced;matching_signature=(10, 'CCC');border_estimator=center_window_kmer_jsd;estimator=center_jsd;window=48;search_radius=24;kmer=2;top_ratio=0.25;score_scale=4.0;motif_weight=0.0;motif_radius=12;score_normalization=train_quantile;raw_border_score=0.247409;border_score=1.073889",0.2965746223926544,0.28638380765914917,0.4170415997505188
test_Seq_1705,1,2,"benchmark=nucleotide_transformer_downstream_tasks;dataset=splice_sites_all;matching=kmer_balanced;matching_signature=(11, 'CCA');border_estimator=center_window_kmer_jsd;estimator=center_jsd;window=48;search_radius=24;kmer=2;top_ratio=0.25;score_scale=4.0;motif_weight=0.0;motif_radius=12;score_normalization=train_quantile;raw_border_score=0.168601;border_score=0.887578",0.3212428390979767,0.32032695412635803,0.3584301769733429
test_Seq_987,0,2,"benchmark=nucleotide_transformer_downstream_tasks;dataset=splice_sites_all;matching=kmer_balanced;matching_signature=(10, 'AAA');border_estimator=center_window_kmer_jsd;estimator=center_jsd;window=48;search_radius=24;kmer=2;top_ratio=0.25;score_scale=4.0;motif_weight=0.0;motif_radius=12;score_normalization=train_quantile;raw_border_score=0.375922;border_score=1.185711",0.2156326025724411,0.21529196202754974,0.5690754055976868
test_Seq_1720,1,2,"benchmark=nucleotide_transformer_downstream_tasks;dataset=splice_sites_all;matching=kmer_balanced;matching_signature=(8, 'TTT');border_estimator=center_window_kmer_jsd;estimator=center_jsd;window=48;search_radius=24;kmer=2;top_ratio=0.25;score_scale=4.0;motif_weight=0.0;motif_radius=12;score_normalization=train_quantile;raw_border_score=0.150023;border_score=0.847756",0.22730465233325958,0.2113681584596634,0.5613271594047546
test_Seq_2160,2,0,"benchmark=nucleotide_transformer_downstream_tasks;dataset=splice_sites_all;matching=kmer_balanced;matching_signature=(6, 'TTT');border_estimator=center_window_kmer_jsd;estimator=center_jsd;window=48;search_radius=24;kmer=2;top_ratio=0.25;score_scale=4.0;motif_weight=0.0;motif_radius=12;score_normalization=train_quantile;raw_border_score=0.157869;border_score=0.862733",0.33770447969436646,0.32773151993751526,0.3345639705657959
test_Seq_2401,2,1,"benchmark=nucleotide_transformer_downstream_tasks;dataset=splice_sites_all;matching=kmer_balanced;matching_signature=(8, 'TCT');border_estimator=center_window_kmer_jsd;estimator=center_jsd;window=48;search_radius=24;kmer=2;top_ratio=0.25;score_scale=4.0;motif_weight=0.0;motif_radius=12;score_normalization=train_quantile;raw_border_score=0.284971;border_score=1.130156",0.32576876878738403,0.33836275339126587,0.3358684182167053
test_Seq_1550,1,2,"benchmark=nucleotide_transformer_downstream_tasks;dataset=splice_sites_all;matching=kmer_balanced;matching_signature=(6, 'TTT');border_estimator=center_window_kmer_jsd;estimator=center_jsd;window=48;search_radius=24;kmer=2;top_ratio=0.25;score_scale=4.0;motif_weight=0.0;motif_radius=12;score_normalization=train_quantile;raw_border_score=0.265384;border_score=1.104067",0.23843112587928772,0.2239135056734085,0.5376553535461426
test_Seq_1334,1,2,"benchmark=nucleotide_transformer_downstream_tasks;dataset=splice_sites_all;matching=kmer_balanced;matching_signature=(5, 'TTT');border_estimator=center_window_kmer_jsd;estimator=center_jsd;window=48;search_radius=24;kmer=2;top_ratio=0.25;score_scale=4.0;motif_weight=0.0;motif_radius=12;score_normalization=train_quantile;raw_border_score=0.198822;border_score=0.968156",0.29965224862098694,0.29132282733917236,0.4090249240398407
test_Seq_331,0,2,"benchmark=nucleotide_transformer_downstream_tasks;dataset=splice_sites_all;matching=kmer_balanced;matching_signature=(10, 'CAG');border_estimator=center_window_kmer_jsd;estimator=center_jsd;window=48;search_radius=24;kmer=2;top_ratio=0.25;score_scale=4.0;motif_weight=0.0;motif_radius=12;score_normalization=train_quantile;raw_border_score=0.254997;border_score=1.087400",0.2635044753551483,0.2505144476890564,0.4859810769557953
test_Seq_1950,1,2,"benchmark=nucleotide_transformer_downstream_tasks;dataset=splice_sites_all;matching=kmer_balanced;matching_signature=(8, 'TGT');border_estimator=center_window_kmer_jsd;estimator=center_jsd;window=48;search_radius=24;kmer=2;top_ratio=0.25;score_scale=4.0;motif_weight=0.0;motif_radius=12;score_normalization=train_quantile;raw_border_score=0.162388;border_score=0.872467",0.21080341935157776,0.20287780463695526,0.5863187909126282
test_Seq_20,0,2,"benchmark=nucleotide_transformer_downstream_tasks;dataset=splice_sites_all;matching=kmer_balanced;matching_signature=(10, 'TTT');border_estimator=center_window_kmer_jsd;estimator=center_jsd;window=48;search_radius=24;kmer=2;top_ratio=0.25;score_scale=4.0;motif_weight=0.0;motif_radius=12;score_normalization=train_quantile;raw_border_score=0.426100;border_score=1.192778",0.2767687141895294,0.28371185064315796,0.4395194351673126
test_Seq_2795,2,2,"benchmark=nucleotide_transformer_downstream_tasks;dataset=splice_sites_all;matching=kmer_balanced;matching_signature=(10, 'TGG');border_estimator=center_window_kmer_jsd;estimator=center_jsd;window=48;search_radius=24;kmer=2;top_ratio=0.25;score_scale=4.0;motif_weight=0.0;motif_radius=12;score_normalization=train_quantile;raw_border_score=0.187791;border_score=0.938111",0.27552348375320435,0.27569547295570374,0.4487810432910919
test_Seq_2505,2,2,"benchmark=nucleotide_transformer_downstream_tasks;dataset=splice_sites_all;matching=kmer_balanced;matching_signature=(8, 'TTT');border_estimator=center_window_kmer_jsd;estimator=center_jsd;window=48;search_radius=24;kmer=2;top_ratio=0.25;score_scale=4.0;motif_weight=0.0;motif_radius=12;score_normalization=train_quantile;raw_border_score=0.179207;border_score=0.915978",0.2730846405029297,0.26348790526390076,0.4634273648262024
test_Seq_2085,2,2,"benchmark=nucleotide_transformer_downstream_tasks;dataset=splice_sites_all;matching=kmer_balanced;matching_signature=(9, 'TTT');border_estimator=center_window_kmer_jsd;estimator=center_jsd;window=48;search_radius=24;kmer=2;top_ratio=0.25;score_scale=4.0;motif_weight=0.0;motif_radius=12;score_normalization=train_quantile;raw_border_score=0.183103;border_score=0.925222",0.25820431113243103,0.2526891231536865,0.48910650610923767
test_Seq_1621,1,2,"benchmark=nucleotide_transformer_downstream_tasks;dataset=splice_sites_all;matching=kmer_balanced;matching_signature=(8, 'TTT');border_estimator=center_window_kmer_jsd;estimator=center_jsd;window=48;search_radius=24;kmer=2;top_ratio=0.25;score_scale=4.0;motif_weight=0.0;motif_radius=12;score_normalization=train_quantile;raw_border_score=0.209596;border_score=0.994289",0.2544823884963989,0.24694359302520752,0.49857404828071594
test_Seq_2785,2,2,"benchmark=nucleotide_transformer_downstream_tasks;dataset=splice_sites_all;matching=kmer_balanced;matching_signature=(7, 'TTT');border_estimator=center_window_kmer_jsd;estimator=center_jsd;window=48;search_radius=24;kmer=2;top_ratio=0.25;score_scale=4.0;motif_weight=0.0;motif_radius=12;score_normalization=train_quantile;raw_border_score=0.150409;border_score=0.848200",0.18154141306877136,0.17452241480350494,0.6439361572265625
test_Seq_600,0,2,"benchmark=nucleotide_transformer_downstream_tasks;dataset=splice_sites_all;matching=kmer_balanced;matching_signature=(8, 'TTT');border_estimator=center_window_kmer_jsd;estimator=center_jsd;window=48;search_radius=24;kmer=2;top_ratio=0.25;score_scale=4.0;motif_weight=0.0;motif_radius=12;score_normalization=train_quantile;raw_border_score=0.210773;border_score=0.997178",0.2756633758544922,0.26525673270225525,0.45907995104789734
test_Seq_1274,1,0,"benchmark=nucleotide_transformer_downstream_tasks;dataset=splice_sites_all;matching=kmer_balanced;matching_signature=(7, 'TTT');border_estimator=center_window_kmer_jsd;estimator=center_jsd;window=48;search_radius=24;kmer=2;top_ratio=0.25;score_scale=4.0;motif_weight=0.0;motif_radius=12;score_normalization=train_quantile;raw_border_score=0.256664;border_score=1.090022",0.3479389548301697,0.3445332944393158,0.30752772092819214
test_Seq_251,0,2,"benchmark=nucleotide_transformer_downstream_tasks;dataset=splice_sites_all;matching=kmer_balanced;matching_signature=(9, 'AAA');border_estimator=center_window_kmer_jsd;estimator=center_jsd;window=48;search_radius=24;kmer=2;top_ratio=0.25;score_scale=4.0;motif_weight=0.0;motif_radius=12;score_normalization=train_quantile;raw_border_score=0.316203;border_score=1.158422",0.2057393193244934,0.19951729476451874,0.5947433710098267
test_Seq_2565,2,2,"benchmark=nucleotide_transformer_downstream_tasks;dataset=splice_sites_all;matching=kmer_balanced;matching_signature=(8, 'AAA');border_estimator=center_window_kmer_jsd;estimator=center_jsd;window=48;search_radius=24;kmer=2;top_ratio=0.25;score_scale=4.0;motif_weight=0.0;motif_radius=12;score_normalization=train_quantile;raw_border_score=0.235526;border_score=1.050022",0.318389356136322,0.3096061050891876,0.37200453877449036
test_Seq_2325,2,2,"benchmark=nucleotide_transformer_downstream_tasks;dataset=splice_sites_all;matching=kmer_balanced;matching_signature=(6, 'AAA');border_estimator=center_window_kmer_jsd;estimator=center_jsd;window=48;search_radius=24;kmer=2;top_ratio=0.25;score_scale=4.0;motif_weight=0.0;motif_radius=12;score_normalization=train_quantile;raw_border_score=0.250289;border_score=1.079889",0.15000082552433014,0.14014649391174316,0.7098526954650879
test_Seq_541,0,2,"benchmark=nucleotide_transformer_downstream_tasks;dataset=splice_sites_all;matching=kmer_balanced;matching_signature=(6, 'TTT');border_estimator=center_window_kmer_jsd;estimator=center_jsd;window=48;search_radius=24;kmer=2;top_ratio=0.25;score_scale=4.0;motif_weight=0.0;motif_radius=12;score_normalization=train_quantile;raw_border_score=0.223396;border_score=1.026733",0.30770042538642883,0.29707375168800354,0.3952258229255676
test_Seq_88,0,2,"benchmark=nucleotide_transformer_downstream_tasks;dataset=splice_sites_all;matching=kmer_balanced;matching_signature=(9, 'TTT');border_estimator=center_window_kmer_jsd;estimator=center_jsd;window=48;search_radius=24;kmer=2;top_ratio=0.25;score_scale=4.0;motif_weight=0.0;motif_radius=12;score_normalization=train_quantile;raw_border_score=0.350788;border_score=1.177133",0.15233488380908966,0.14591430127620697,0.7017507553100586
test_Seq_636,0,1,"benchmark=nucleotide_transformer_downstream_tasks;dataset=splice_sites_all;matching=kmer_balanced;matching_signature=(13, 'GGG');border_estimator=center_window_kmer_jsd;estimator=center_jsd;window=48;search_radius=24;kmer=2;top_ratio=0.25;score_scale=4.0;motif_weight=0.0;motif_radius=12;score_normalization=train_quantile;raw_border_score=0.309282;border_score=1.153578",0.35032007098197937,0.36172720789909363,0.287952721118927
test_Seq_2843,2,2,"benchmark=nucleotide_transformer_downstream_tasks;dataset=splice_sites_all;matching=kmer_balanced;matching_signature=(11, 'GGG');border_estimator=center_window_kmer_jsd;estimator=center_jsd;window=48;search_radius=24;kmer=2;top_ratio=0.25;score_scale=4.0;motif_weight=0.0;motif_radius=12;score_normalization=train_quantile;raw_border_score=0.236181;border_score=1.051133",0.30029064416885376,0.29989150166511536,0.3998178243637085
test_Seq_1699,1,1,"benchmark=nucleotide_transformer_downstream_tasks;dataset=splice_sites_all;matching=kmer_balanced;matching_signature=(11, 'CCC');border_estimator=center_window_kmer_jsd;estimator=center_jsd;window=48;search_radius=24;kmer=2;top_ratio=0.25;score_scale=4.0;motif_weight=0.0;motif_radius=12;score_normalization=train_quantile;raw_border_score=0.252608;border_score=1.083267",0.33292850852012634,0.33436694741249084,0.3327045738697052
test_Seq_69,0,2,"benchmark=nucleotide_transformer_downstream_tasks;dataset=splice_sites_all;matching=kmer_balanced;matching_signature=(11, 'CCC');border_estimator=center_window_kmer_jsd;estimator=center_jsd;window=48;search_radius=24;kmer=2;top_ratio=0.25;score_scale=4.0;motif_weight=0.0;motif_radius=12;score_normalization=train_quantile;raw_border_score=0.332561;border_score=1.167444",0.2768493890762329,0.2703917920589447,0.4527588486671448
test_Seq_2308,2,2,"benchmark=nucleotide_transformer_downstream_tasks;dataset=splice_sites_all;matching=kmer_balanced;matching_signature=(7, 'AAA');border_estimator=center_window_kmer_jsd;estimator=center_jsd;window=48;search_radius=24;kmer=2;top_ratio=0.25;score_scale=4.0;motif_weight=0.0;motif_radius=12;score_normalization=train_quantile;raw_border_score=0.150002;border_score=0.847711",0.2193358689546585,0.2178213745355606,0.5628427863121033
test_Seq_1450,1,2,"benchmark=nucleotide_transformer_downstream_tasks;dataset=splice_sites_all;matching=kmer_balanced;matching_signature=(5, 'TTT');border_estimator=center_window_kmer_jsd;estimator=center_jsd;window=48;search_radius=24;kmer=2;top_ratio=0.25;score_scale=4.0;motif_weight=0.0;motif_radius=12;score_normalization=train_quantile;raw_border_score=0.237097;border_score=1.052867",0.2944154143333435,0.2796265482902527,0.42595794796943665
test_Seq_2784,2,1,"benchmark=nucleotide_transformer_downstream_tasks;dataset=splice_sites_all;matching=kmer_balanced;matching_signature=(10, 'TCC');border_estimator=center_window_kmer_jsd;estimator=center_jsd;window=48;search_radius=24;kmer=2;top_ratio=0.25;score_scale=4.0;motif_weight=0.0;motif_radius=12;score_normalization=train_quantile;raw_border_score=0.172262;border_score=0.896911",0.3332047462463379,0.3344196081161499,0.3323756754398346
test_Seq_2512,2,2,"benchmark=nucleotide_transformer_downstream_tasks;dataset=splice_sites_all;matching=kmer_balanced;matching_signature=(6, 'AAA');border_estimator=center_window_kmer_jsd;estimator=center_jsd;window=48;search_radius=24;kmer=2;top_ratio=0.25;score_scale=4.0;motif_weight=0.0;motif_radius=12;score_normalization=train_quantile;raw_border_score=0.143637;border_score=0.836689",0.2609592378139496,0.255450576543808,0.48359018564224243
test_Seq_29,0,2,"benchmark=nucleotide_transformer_downstream_tasks;dataset=splice_sites_all;matching=kmer_balanced;matching_signature=(6, 'TTT');border_estimator=center_window_kmer_jsd;estimator=center_jsd;window=48;search_radius=24;kmer=2;top_ratio=0.25;score_scale=4.0;motif_weight=0.0;motif_radius=12;score_normalization=train_quantile;raw_border_score=0.232271;border_score=1.044289",0.2240724116563797,0.2001434862613678,0.5757840871810913
test_Seq_2059,2,2,"benchmark=nucleotide_transformer_downstream_tasks;dataset=splice_sites_all;matching=kmer_balanced;matching_signature=(11, 'CCC');border_estimator=center_window_kmer_jsd;estimator=center_jsd;window=48;search_radius=24;kmer=2;top_ratio=0.25;score_scale=4.0;motif_weight=0.0;motif_radius=12;score_normalization=train_quantile;raw_border_score=0.196293;border_score=0.960778",0.28937360644340515,0.27612146735191345,0.4345049262046814
test_Seq_2023,2,2,"benchmark=nucleotide_transformer_downstream_tasks;dataset=splice_sites_all;matching=kmer_balanced;matching_signature=(7, 'AAA');border_estimator=center_window_kmer_jsd;estimator=center_jsd;window=48;search_radius=24;kmer=2;top_ratio=0.25;score_scale=4.0;motif_weight=0.0;motif_radius=12;score_normalization=train_quantile;raw_border_score=0.166064;border_score=0.881311",0.3074319064617157,0.30792713165283203,0.38464099168777466
test_Seq_424,0,2,"benchmark=nucleotide_transformer_downstream_tasks;dataset=splice_sites_all;matching=kmer_balanced;matching_signature=(7, 'TTT');border_estimator=center_window_kmer_jsd;estimator=center_jsd;window=48;search_radius=24;kmer=2;top_ratio=0.25;score_scale=4.0;motif_weight=0.0;motif_radius=12;score_normalization=train_quantile;raw_border_score=0.312425;border_score=1.155800",0.23013727366924286,0.22204820811748505,0.5478145480155945
test_Seq_2708,2,2,"benchmark=nucleotide_transformer_downstream_tasks;dataset=splice_sites_all;matching=kmer_balanced;matching_signature=(7, 'TTT');border_estimator=center_window_kmer_jsd;estimator=center_jsd;window=48;search_radius=24;kmer=2;top_ratio=0.25;score_scale=4.0;motif_weight=0.0;motif_radius=12;score_normalization=train_quantile;raw_border_score=0.241401;border_score=1.061756",0.19699403643608093,0.18538090586662292,0.6176251173019409
test_Seq_2164,2,2,"benchmark=nucleotide_transformer_downstream_tasks;dataset=splice_sites_all;matching=kmer_balanced;matching_signature=(6, 'TTT');border_estimator=center_window_kmer_jsd;estimator=center_jsd;window=48;search_radius=24;kmer=2;top_ratio=0.25;score_scale=4.0;motif_weight=0.0;motif_radius=12;score_normalization=train_quantile;raw_border_score=0.286689;border_score=1.132378",0.25195038318634033,0.24626436829566956,0.5017852187156677
test_Seq_1284,1,2,"benchmark=nucleotide_transformer_downstream_tasks;dataset=splice_sites_all;matching=kmer_balanced;matching_signature=(8, 'AAA');border_estimator=center_window_kmer_jsd;estimator=center_jsd;window=48;search_radius=24;kmer=2;top_ratio=0.25;score_scale=4.0;motif_weight=0.0;motif_radius=12;score_normalization=train_quantile;raw_border_score=0.265579;border_score=1.104333",0.27111732959747314,0.2695785462856293,0.4593040645122528
test_Seq_1513,1,2,"benchmark=nucleotide_transformer_downstream_tasks;dataset=splice_sites_all;matching=kmer_balanced;matching_signature=(7, 'AAA');border_estimator=center_window_kmer_jsd;estimator=center_jsd;window=48;search_radius=24;kmer=2;top_ratio=0.25;score_scale=4.0;motif_weight=0.0;motif_radius=12;score_normalization=train_quantile;raw_border_score=0.162490;border_score=0.872689",0.2361750304698944,0.23698464035987854,0.526840329170227
test_Seq_2832,2,2,"benchmark=nucleotide_transformer_downstream_tasks;dataset=splice_sites_all;matching=kmer_balanced;matching_signature=(6, 'TTT');border_estimator=center_window_kmer_jsd;estimator=center_jsd;window=48;search_radius=24;kmer=2;top_ratio=0.25;score_scale=4.0;motif_weight=0.0;motif_radius=12;score_normalization=train_quantile;raw_border_score=0.179441;border_score=0.916467",0.3147927224636078,0.31285831332206726,0.3723489046096802
test_Seq_86,0,2,"benchmark=nucleotide_transformer_downstream_tasks;dataset=splice_sites_all;matching=kmer_balanced;matching_signature=(6, 'AAA');border_estimator=center_window_kmer_jsd;estimator=center_jsd;window=48;search_radius=24;kmer=2;top_ratio=0.25;score_scale=4.0;motif_weight=0.0;motif_radius=12;score_normalization=train_quantile;raw_border_score=0.355596;border_score=1.179044",0.3170558214187622,0.3050846457481384,0.377859503030777
test_Seq_593,0,2,"benchmark=nucleotide_transformer_downstream_tasks;dataset=splice_sites_all;matching=kmer_balanced;matching_signature=(7, 'AAA');border_estimator=center_window_kmer_jsd;estimator=center_jsd;window=48;search_radius=24;kmer=2;top_ratio=0.25;score_scale=4.0;motif_weight=0.0;motif_radius=12;score_normalization=train_quantile;raw_border_score=0.155858;border_score=0.859044",0.3248063921928406,0.32889634370803833,0.3462972342967987
test_Seq_2986,2,2,"benchmark=nucleotide_transformer_downstream_tasks;dataset=splice_sites_all;matching=kmer_balanced;matching_signature=(6, 'TTT');border_estimator=center_window_kmer_jsd;estimator=center_jsd;window=48;search_radius=24;kmer=2;top_ratio=0.25;score_scale=4.0;motif_weight=0.0;motif_radius=12;score_normalization=train_quantile;raw_border_score=0.281332;border_score=1.125533",0.28517934679985046,0.2813444137573242,0.4334762990474701
test_Seq_2597,2,2,"benchmark=nucleotide_transformer_downstream_tasks;dataset=splice_sites_all;matching=kmer_balanced;matching_signature=(8, 'TTT');border_estimator=center_window_kmer_jsd;estimator=center_jsd;window=48;search_radius=24;kmer=2;top_ratio=0.25;score_scale=4.0;motif_weight=0.0;motif_radius=12;score_normalization=train_quantile;raw_border_score=0.342364;border_score=1.173133",0.1758354753255844,0.1673491895198822,0.6568153500556946
test_Seq_2929,2,2,"benchmark=nucleotide_transformer_downstream_tasks;dataset=splice_sites_all;matching=kmer_balanced;matching_signature=(10, 'CCC');border_estimator=center_window_kmer_jsd;estimator=center_jsd;window=48;search_radius=24;kmer=2;top_ratio=0.25;score_scale=4.0;motif_weight=0.0;motif_radius=12;score_normalization=train_quantile;raw_border_score=0.344838;border_score=1.174689",0.28993239998817444,0.28864291310310364,0.4214247465133667
test_Seq_1530,1,2,"benchmark=nucleotide_transformer_downstream_tasks;dataset=splice_sites_all;matching=kmer_balanced;matching_signature=(11, 'CCC');border_estimator=center_window_kmer_jsd;estimator=center_jsd;window=48;search_radius=24;kmer=2;top_ratio=0.25;score_scale=4.0;motif_weight=0.0;motif_radius=12;score_normalization=train_quantile;raw_border_score=0.269279;border_score=1.109044",0.23936320841312408,0.2311653196811676,0.5294714570045471
test_Seq_869,0,2,"benchmark=nucleotide_transformer_downstream_tasks;dataset=splice_sites_all;matching=kmer_balanced;matching_signature=(9, 'TGT');border_estimator=center_window_kmer_jsd;estimator=center_jsd;window=48;search_radius=24;kmer=2;top_ratio=0.25;score_scale=4.0;motif_weight=0.0;motif_radius=12;score_normalization=train_quantile;raw_border_score=0.285245;border_score=1.130556",0.2208472341299057,0.21041828393936157,0.5687344670295715
test_Seq_715,0,2,"benchmark=nucleotide_transformer_downstream_tasks;dataset=splice_sites_all;matching=kmer_balanced;matching_signature=(10, 'CTG');border_estimator=center_window_kmer_jsd;estimator=center_jsd;window=48;search_radius=24;kmer=2;top_ratio=0.25;score_scale=4.0;motif_weight=0.0;motif_radius=12;score_normalization=train_quantile;raw_border_score=0.152188;border_score=0.851222",0.31440913677215576,0.31779220700263977,0.36779865622520447
test_Seq_423,0,2,"benchmark=nucleotide_transformer_downstream_tasks;dataset=splice_sites_all;matching=kmer_balanced;matching_signature=(8, 'TTT');border_estimator=center_window_kmer_jsd;estimator=center_jsd;window=48;search_radius=24;kmer=2;top_ratio=0.25;score_scale=4.0;motif_weight=0.0;motif_radius=12;score_normalization=train_quantile;raw_border_score=0.102314;border_score=0.803356",0.3310624659061432,0.32577046751976013,0.3431670367717743
test_Seq_719,0,1,"benchmark=nucleotide_transformer_downstream_tasks;dataset=splice_sites_all;matching=kmer_balanced;matching_signature=(6, 'TTT');border_estimator=center_window_kmer_jsd;estimator=center_jsd;window=48;search_radius=24;kmer=2;top_ratio=0.25;score_scale=4.0;motif_weight=0.0;motif_radius=12;score_normalization=train_quantile;raw_border_score=0.428103;border_score=1.192956",0.33159399032592773,0.33699271082878113,0.3314133286476135
test_Seq_2125,2,2,"benchmark=nucleotide_transformer_downstream_tasks;dataset=splice_sites_all;matching=kmer_balanced;matching_signature=(13, 'CTG');border_estimator=center_window_kmer_jsd;estimator=center_jsd;window=48;search_radius=24;kmer=2;top_ratio=0.25;score_scale=4.0;motif_weight=0.0;motif_radius=12;score_normalization=train_quantile;raw_border_score=0.205251;border_score=0.984867",0.2962318956851959,0.29376327991485596,0.4100048542022705
test_Seq_1694,1,2,"benchmark=nucleotide_transformer_downstream_tasks;dataset=splice_sites_all;matching=kmer_balanced;matching_signature=(7, 'TTT');border_estimator=center_window_kmer_jsd;estimator=center_jsd;window=48;search_radius=24;kmer=2;top_ratio=0.25;score_scale=4.0;motif_weight=0.0;motif_radius=12;score_normalization=train_quantile;raw_border_score=0.155179;border_score=0.857889",0.2653839886188507,0.2518688440322876,0.4827471971511841
test_Seq_2874,2,2,"benchmark=nucleotide_transformer_downstream_tasks;dataset=splice_sites_all;matching=kmer_balanced;matching_signature=(12, 'CAG');border_estimator=center_window_kmer_jsd;estimator=center_jsd;window=48;search_radius=24;kmer=2;top_ratio=0.25;score_scale=4.0;motif_weight=0.0;motif_radius=12;score_normalization=train_quantile;raw_border_score=0.162487;border_score=0.872689",0.2994687855243683,0.2929615080356598,0.40756964683532715
test_Seq_1101,1,0,"benchmark=nucleotide_transformer_downstream_tasks;dataset=splice_sites_all;matching=kmer_balanced;matching_signature=(9, 'GAG');border_estimator=center_window_kmer_jsd;estimator=center_jsd;window=48;search_radius=24;kmer=2;top_ratio=0.25;score_scale=4.0;motif_weight=0.0;motif_radius=12;score_normalization=train_quantile;raw_border_score=0.112542;border_score=0.806911",0.35316017270088196,0.35048869252204895,0.2963511049747467
test_Seq_611,0,2,"benchmark=nucleotide_transformer_downstream_tasks;dataset=splice_sites_all;matching=kmer_balanced;matching_signature=(10, 'CAG');border_estimator=center_window_kmer_jsd;estimator=center_jsd;window=48;search_radius=24;kmer=2;top_ratio=0.25;score_scale=4.0;motif_weight=0.0;motif_radius=12;score_normalization=train_quantile;raw_border_score=0.263290;border_score=1.101356",0.2434592992067337,0.23340249061584473,0.5231382250785828
test_Seq_2083,2,2,"benchmark=nucleotide_transformer_downstream_tasks;dataset=splice_sites_all;matching=kmer_balanced;matching_signature=(8, 'TTT');border_estimator=center_window_kmer_jsd;estimator=center_jsd;window=48;search_radius=24;kmer=2;top_ratio=0.25;score_scale=4.0;motif_weight=0.0;motif_radius=12;score_normalization=train_quantile;raw_border_score=0.206601;border_score=0.987533",0.2838205099105835,0.26965218782424927,0.44652727246284485
test_Seq_1658,1,2,"benchmark=nucleotide_transformer_downstream_tasks;dataset=splice_sites_all;matching=kmer_balanced;matching_signature=(6, 'AAA');border_estimator=center_window_kmer_jsd;estimator=center_jsd;window=48;search_radius=24;kmer=2;top_ratio=0.25;score_scale=4.0;motif_weight=0.0;motif_radius=12;score_normalization=train_quantile;raw_border_score=0.155773;border_score=0.858911",0.31037473678588867,0.32147496938705444,0.3681502342224121
test_Seq_2941,2,2,"benchmark=nucleotide_transformer_downstream_tasks;dataset=splice_sites_all;matching=kmer_balanced;matching_signature=(6, 'TTT');border_estimator=center_window_kmer_jsd;estimator=center_jsd;window=48;search_radius=24;kmer=2;top_ratio=0.25;score_scale=4.0;motif_weight=0.0;motif_radius=12;score_normalization=train_quantile;raw_border_score=0.155135;border_score=0.857756",0.3246935307979584,0.32161033153533936,0.3536960482597351
test_Seq_2191,2,2,"benchmark=nucleotide_transformer_downstream_tasks;dataset=splice_sites_all;matching=kmer_balanced;matching_signature=(8, 'AAA');border_estimator=center_window_kmer_jsd;estimator=center_jsd;window=48;search_radius=24;kmer=2;top_ratio=0.25;score_scale=4.0;motif_weight=0.0;motif_radius=12;score_normalization=train_quantile;raw_border_score=0.175136;border_score=0.905267",0.301288366317749,0.2899339199066162,0.4087776839733124
test_Seq_545,0,2,"benchmark=nucleotide_transformer_downstream_tasks;dataset=splice_sites_all;matching=kmer_balanced;matching_signature=(11, 'CAG');border_estimator=center_window_kmer_jsd;estimator=center_jsd;window=48;search_radius=24;kmer=2;top_ratio=0.25;score_scale=4.0;motif_weight=0.0;motif_radius=12;score_normalization=train_quantile;raw_border_score=0.251289;border_score=1.081444",0.3115461766719818,0.31991949677467346,0.3685343265533447
test_Seq_2865,2,2,"benchmark=nucleotide_transformer_downstream_tasks;dataset=splice_sites_all;matching=kmer_balanced;matching_signature=(12, 'GCC');border_estimator=center_window_kmer_jsd;estimator=center_jsd;window=48;search_radius=24;kmer=2;top_ratio=0.25;score_scale=4.0;motif_weight=0.0;motif_radius=12;score_normalization=train_quantile;raw_border_score=0.201098;border_score=0.973667",0.164197638630867,0.15695436298847198,0.6788480281829834
test_Seq_1824,1,2,"benchmark=nucleotide_transformer_downstream_tasks;dataset=splice_sites_all;matching=kmer_balanced;matching_signature=(10, 'CAG');border_estimator=center_window_kmer_jsd;estimator=center_jsd;window=48;search_radius=24;kmer=2;top_ratio=0.25;score_scale=4.0;motif_weight=0.0;motif_radius=12;score_normalization=train_quantile;raw_border_score=0.325234;border_score=1.163844",0.33200564980506897,0.33025509119033813,0.3377392590045929
test_Seq_2663,2,1,"benchmark=nucleotide_transformer_downstream_tasks;dataset=splice_sites_all;matching=kmer_balanced;matching_signature=(12, 'GGG');border_estimator=center_window_kmer_jsd;estimator=center_jsd;window=48;search_radius=24;kmer=2;top_ratio=0.25;score_scale=4.0;motif_weight=0.0;motif_radius=12;score_normalization=train_quantile;raw_border_score=0.119227;border_score=0.810378",0.32734861969947815,0.3369253873825073,0.33572596311569214
test_Seq_1082,1,2,"benchmark=nucleotide_transformer_downstream_tasks;dataset=splice_sites_all;matching=kmer_balanced;matching_signature=(8, 'AAA');border_estimator=center_window_kmer_jsd;estimator=center_jsd;window=48;search_radius=24;kmer=2;top_ratio=0.25;score_scale=4.0;motif_weight=0.0;motif_radius=12;score_normalization=train_quantile;raw_border_score=0.192944;border_score=0.951933",0.33219003677368164,0.3286859095096588,0.33912408351898193
test_Seq_1060,1,2,"benchmark=nucleotide_transformer_downstream_tasks;dataset=splice_sites_all;matching=kmer_balanced;matching_signature=(12, 'GGG');border_estimator=center_window_kmer_jsd;estimator=center_jsd;window=48;search_radius=24;kmer=2;top_ratio=0.25;score_scale=4.0;motif_weight=0.0;motif_radius=12;score_normalization=train_quantile;raw_border_score=0.259841;border_score=1.095311",0.29752102494239807,0.29274991154670715,0.40972912311553955
test_Seq_1498,1,2,"benchmark=nucleotide_transformer_downstream_tasks;dataset=splice_sites_all;matching=kmer_balanced;matching_signature=(6, 'TTT');border_estimator=center_window_kmer_jsd;estimator=center_jsd;window=48;search_radius=24;kmer=2;top_ratio=0.25;score_scale=4.0;motif_weight=0.0;motif_radius=12;score_normalization=train_quantile;raw_border_score=0.275523;border_score=1.117889",0.295814573764801,0.28346720337867737,0.4207182228565216
test_Seq_934,0,2,"benchmark=nucleotide_transformer_downstream_tasks;dataset=splice_sites_all;matching=kmer_balanced;matching_signature=(6, 'TTT');border_estimator=center_window_kmer_jsd;estimator=center_jsd;window=48;search_radius=24;kmer=2;top_ratio=0.25;score_scale=4.0;motif_weight=0.0;motif_radius=12;score_normalization=train_quantile;raw_border_score=0.180040;border_score=0.917844",0.3181382119655609,0.3103275001049042,0.3715342879295349
test_Seq_504,0,2,"benchmark=nucleotide_transformer_downstream_tasks;dataset=splice_sites_all;matching=kmer_balanced;matching_signature=(6, 'AAA');border_estimator=center_window_kmer_jsd;estimator=center_jsd;window=48;search_radius=24;kmer=2;top_ratio=0.25;score_scale=4.0;motif_weight=0.0;motif_radius=12;score_normalization=train_quantile;raw_border_score=0.144428;border_score=0.837978",0.30414485931396484,0.3126482665538788,0.38320693373680115
test_Seq_1384,1,1,"benchmark=nucleotide_transformer_downstream_tasks;dataset=splice_sites_all;matching=kmer_balanced;matching_signature=(11, 'CAG');border_estimator=center_window_kmer_jsd;estimator=center_jsd;window=48;search_radius=24;kmer=2;top_ratio=0.25;score_scale=4.0;motif_weight=0.0;motif_radius=12;score_normalization=train_quantile;raw_border_score=0.243121;border_score=1.065800",0.33427757024765015,0.3410298228263855,0.32469260692596436
test_Seq_2971,2,2,"benchmark=nucleotide_transformer_downstream_tasks;dataset=splice_sites_all;matching=kmer_balanced;matching_signature=(8, 'TTT');border_estimator=center_window_kmer_jsd;estimator=center_jsd;window=48;search_radius=24;kmer=2;top_ratio=0.25;score_scale=4.0;motif_weight=0.0;motif_radius=12;score_normalization=train_quantile;raw_border_score=0.296390;border_score=1.142378",0.23044469952583313,0.22779299318790436,0.5417622923851013
test_Seq_1649,1,1,"benchmark=nucleotide_transformer_downstream_tasks;dataset=splice_sites_all;matching=kmer_balanced;matching_signature=(10, 'CTG');border_estimator=center_window_kmer_jsd;estimator=center_jsd;window=48;search_radius=24;kmer=2;top_ratio=0.25;score_scale=4.0;motif_weight=0.0;motif_radius=12;score_normalization=train_quantile;raw_border_score=0.154943;border_score=0.857444",0.3344329297542572,0.3422407805919647,0.3233262896537781
test_Seq_1389,1,2,"benchmark=nucleotide_transformer_downstream_tasks;dataset=splice_sites_all;matching=kmer_balanced;matching_signature=(7, 'TTT');border_estimator=center_window_kmer_jsd;estimator=center_jsd;window=48;search_radius=24;kmer=2;top_ratio=0.25;score_scale=4.0;motif_weight=0.0;motif_radius=12;score_normalization=train_quantile;raw_border_score=0.169001;border_score=0.888600",0.23351183533668518,0.22785265743732452,0.5386355519294739
test_Seq_859,0,2,"benchmark=nucleotide_transformer_downstream_tasks;dataset=splice_sites_all;matching=kmer_balanced;matching_signature=(10, 'GGG');border_estimator=center_window_kmer_jsd;estimator=center_jsd;window=48;search_radius=24;kmer=2;top_ratio=0.25;score_scale=4.0;motif_weight=0.0;motif_radius=12;score_normalization=train_quantile;raw_border_score=0.247465;border_score=1.073889",0.3272010385990143,0.3273492455482483,0.34544968605041504
test_Seq_2629,2,2,"benchmark=nucleotide_transformer_downstream_tasks;dataset=splice_sites_all;matching=kmer_balanced;matching_signature=(8, 'TTT');border_estimator=center_window_kmer_jsd;estimator=center_jsd;window=48;search_radius=24;kmer=2;top_ratio=0.25;score_scale=4.0;motif_weight=0.0;motif_radius=12;score_normalization=train_quantile;raw_border_score=0.300120;border_score=1.146289",0.11189181357622147,0.09850712865591049,0.7896011471748352
test_Seq_991,0,2,"benchmark=nucleotide_transformer_downstream_tasks;dataset=splice_sites_all;matching=kmer_balanced;matching_signature=(8, 'TTT');border_estimator=center_window_kmer_jsd;estimator=center_jsd;window=48;search_radius=24;kmer=2;top_ratio=0.25;score_scale=4.0;motif_weight=0.0;motif_radius=12;score_normalization=train_quantile;raw_border_score=0.122055;border_score=0.812067",0.28746920824050903,0.282814621925354,0.42971616983413696
test_Seq_733,0,2,"benchmark=nucleotide_transformer_downstream_tasks;dataset=splice_sites_all;matching=kmer_balanced;matching_signature=(9, 'TGG');border_estimator=center_window_kmer_jsd;estimator=center_jsd;window=48;search_radius=24;kmer=2;top_ratio=0.25;score_scale=4.0;motif_weight=0.0;motif_radius=12;score_normalization=train_quantile;raw_border_score=0.211048;border_score=0.997889",0.3338220715522766,0.3275386393070221,0.3386392593383789
test_Seq_1543,1,2,"benchmark=nucleotide_transformer_downstream_tasks;dataset=splice_sites_all;matching=kmer_balanced;matching_signature=(10, 'CCC');border_estimator=center_window_kmer_jsd;estimator=center_jsd;window=48;search_radius=24;kmer=2;top_ratio=0.25;score_scale=4.0;motif_weight=0.0;motif_radius=12;score_normalization=train_quantile;raw_border_score=0.154128;border_score=0.855622",0.30313000082969666,0.2949609160423279,0.4019090235233307
test_Seq_897,0,2,"benchmark=nucleotide_transformer_downstream_tasks;dataset=splice_sites_all;matching=kmer_balanced;matching_signature=(11, 'GGG');border_estimator=center_window_kmer_jsd;estimator=center_jsd;window=48;search_radius=24;kmer=2;top_ratio=0.25;score_scale=4.0;motif_weight=0.0;motif_radius=12;score_normalization=train_quantile;raw_border_score=0.255790;border_score=1.088867",0.304877907037735,0.2935324013233185,0.40158969163894653
test_Seq_2519,2,2,"benchmark=nucleotide_transformer_downstream_tasks;dataset=splice_sites_all;matching=kmer_balanced;matching_signature=(10, 'CCC');border_estimator=center_window_kmer_jsd;estimator=center_jsd;window=48;search_radius=24;kmer=2;top_ratio=0.25;score_scale=4.0;motif_weight=0.0;motif_radius=12;score_normalization=train_quantile;raw_border_score=0.225431;border_score=1.030956",0.25210040807724,0.23553717136383057,0.5123624205589294
test_Seq_2395,2,2,"benchmark=nucleotide_transformer_downstream_tasks;dataset=splice_sites_all;matching=kmer_balanced;matching_signature=(8, 'AAA');border_estimator=center_window_kmer_jsd;estimator=center_jsd;window=48;search_radius=24;kmer=2;top_ratio=0.25;score_scale=4.0;motif_weight=0.0;motif_radius=12;score_normalization=train_quantile;raw_border_score=0.355058;border_score=1.178689",0.13215398788452148,0.12343045324087143,0.7444155216217041
test_Seq_1138,1,2,"benchmark=nucleotide_transformer_downstream_tasks;dataset=splice_sites_all;matching=kmer_balanced;matching_signature=(11, 'CCC');border_estimator=center_window_kmer_jsd;estimator=center_jsd;window=48;search_radius=24;kmer=2;top_ratio=0.25;score_scale=4.0;motif_weight=0.0;motif_radius=12;score_normalization=train_quantile;raw_border_score=0.229012;border_score=1.038200",0.2999582290649414,0.29868507385253906,0.40135666728019714
test_Seq_2003,2,2,"benchmark=nucleotide_transformer_downstream_tasks;dataset=splice_sites_all;matching=kmer_balanced;matching_signature=(12, 'CTG');border_estimator=center_window_kmer_jsd;estimator=center_jsd;window=48;search_radius=24;kmer=2;top_ratio=0.25;score_scale=4.0;motif_weight=0.0;motif_radius=12;score_normalization=train_quantile;raw_border_score=0.131192;border_score=0.820733",0.3080459535121918,0.30858278274536133,0.3833712935447693
test_Seq_860,0,2,"benchmark=nucleotide_transformer_downstream_tasks;dataset=splice_sites_all;matching=kmer_balanced;matching_signature=(12, 'CTG');border_estimator=center_window_kmer_jsd;estimator=center_jsd;window=48;search_radius=24;kmer=2;top_ratio=0.25;score_scale=4.0;motif_weight=0.0;motif_radius=12;score_normalization=train_quantile;raw_border_score=0.146903;border_score=0.842200",0.32356035709381104,0.32388612627983093,0.35255348682403564
test_Seq_2433,2,2,"benchmark=nucleotide_transformer_downstream_tasks;dataset=splice_sites_all;matching=kmer_balanced;matching_signature=(6, 'TTT');border_estimator=center_window_kmer_jsd;estimator=center_jsd;window=48;search_radius=24;kmer=2;top_ratio=0.25;score_scale=4.0;motif_weight=0.0;motif_radius=12;score_normalization=train_quantile;raw_border_score=0.134818;border_score=0.824956",0.17362166941165924,0.15783442556858063,0.6685438752174377
test_Seq_1704,1,2,"benchmark=nucleotide_transformer_downstream_tasks;dataset=splice_sites_all;matching=kmer_balanced;matching_signature=(13, 'CCC');border_estimator=center_window_kmer_jsd;estimator=center_jsd;window=48;search_radius=24;kmer=2;top_ratio=0.25;score_scale=4.0;motif_weight=0.0;motif_radius=12;score_normalization=train_quantile;raw_border_score=0.293604;border_score=1.139756",0.31712454557418823,0.32096925377845764,0.3619062006473541
test_Seq_174,0,2,"benchmark=nucleotide_transformer_downstream_tasks;dataset=splice_sites_all;matching=kmer_balanced;matching_signature=(6, 'AAA');border_estimator=center_window_kmer_jsd;estimator=center_jsd;window=48;search_radius=24;kmer=2;top_ratio=0.25;score_scale=4.0;motif_weight=0.0;motif_radius=12;score_normalization=train_quantile;raw_border_score=0.283212;border_score=1.128111",0.3189396560192108,0.30810925364494324,0.37295106053352356
test_Seq_1726,1,2,"benchmark=nucleotide_transformer_downstream_tasks;dataset=splice_sites_all;matching=kmer_balanced;matching_signature=(7, 'TTT');border_estimator=center_window_kmer_jsd;estimator=center_jsd;window=48;search_radius=24;kmer=2;top_ratio=0.25;score_scale=4.0;motif_weight=0.0;motif_radius=12;score_normalization=train_quantile;raw_border_score=0.242624;border_score=1.065000",0.28481826186180115,0.2865610718727112,0.4286206364631653
test_Seq_1787,1,2,"benchmark=nucleotide_transformer_downstream_tasks;dataset=splice_sites_all;matching=kmer_balanced;matching_signature=(8, 'TTT');border_estimator=center_window_kmer_jsd;estimator=center_jsd;window=48;search_radius=24;kmer=2;top_ratio=0.25;score_scale=4.0;motif_weight=0.0;motif_radius=12;score_normalization=train_quantile;raw_border_score=0.210671;border_score=0.996867",0.1405777633190155,0.13015219569206238,0.7292700409889221
test_Seq_620,0,2,"benchmark=nucleotide_transformer_downstream_tasks;dataset=splice_sites_all;matching=kmer_balanced;matching_signature=(11, 'CTG');border_estimator=center_window_kmer_jsd;estimator=center_jsd;window=48;search_radius=24;kmer=2;top_ratio=0.25;score_scale=4.0;motif_weight=0.0;motif_radius=12;score_normalization=train_quantile;raw_border_score=0.148213;border_score=0.844378",0.27889689803123474,0.2770373225212097,0.4440658390522003
test_Seq_2282,2,2,"benchmark=nucleotide_transformer_downstream_tasks;dataset=splice_sites_all;matching=kmer_balanced;matching_signature=(7, 'AAA');border_estimator=center_window_kmer_jsd;estimator=center_jsd;window=48;search_radius=24;kmer=2;top_ratio=0.25;score_scale=4.0;motif_weight=0.0;motif_radius=12;score_normalization=train_quantile;raw_border_score=0.145971;border_score=0.840378",0.2558600604534149,0.25066861510276794,0.49347132444381714
test_Seq_581,0,1,"benchmark=nucleotide_transformer_downstream_tasks;dataset=splice_sites_all;matching=kmer_balanced;matching_signature=(11, 'CTG');border_estimator=center_window_kmer_jsd;estimator=center_jsd;window=48;search_radius=24;kmer=2;top_ratio=0.25;score_scale=4.0;motif_weight=0.0;motif_radius=12;score_normalization=train_quantile;raw_border_score=0.264958;border_score=1.103489",0.3265587091445923,0.3432364761829376,0.3302048146724701
test_Seq_2307,2,2,"benchmark=nucleotide_transformer_downstream_tasks;dataset=splice_sites_all;matching=kmer_balanced;matching_signature=(8, 'ATT');border_estimator=center_window_kmer_jsd;estimator=center_jsd;window=48;search_radius=24;kmer=2;top_ratio=0.25;score_scale=4.0;motif_weight=0.0;motif_radius=12;score_normalization=train_quantile;raw_border_score=0.207018;border_score=0.988289",0.3111077547073364,0.30292385816574097,0.3859683573246002
test_Seq_2671,2,2,"benchmark=nucleotide_transformer_downstream_tasks;dataset=splice_sites_all;matching=kmer_balanced;matching_signature=(5, 'TTT');border_estimator=center_window_kmer_jsd;estimator=center_jsd;window=48;search_radius=24;kmer=2;top_ratio=0.25;score_scale=4.0;motif_weight=0.0;motif_radius=12;score_normalization=train_quantile;raw_border_score=0.278328;border_score=1.121889",0.2642267942428589,0.2452401965856552,0.4905330240726471
test_Seq_1988,1,2,"benchmark=nucleotide_transformer_downstream_tasks;dataset=splice_sites_all;matching=kmer_balanced;matching_signature=(6, 'AAA');border_estimator=center_window_kmer_jsd;estimator=center_jsd;window=48;search_radius=24;kmer=2;top_ratio=0.25;score_scale=4.0;motif_weight=0.0;motif_radius=12;score_normalization=train_quantile;raw_border_score=0.254505;border_score=1.086556",0.31401801109313965,0.30614137649536133,0.3798406720161438
test_Seq_1503,1,0,"benchmark=nucleotide_transformer_downstream_tasks;dataset=splice_sites_all;matching=kmer_balanced;matching_signature=(8, 'AAA');border_estimator=center_window_kmer_jsd;estimator=center_jsd;window=48;search_radius=24;kmer=2;top_ratio=0.25;score_scale=4.0;motif_weight=0.0;motif_radius=12;score_normalization=train_quantile;raw_border_score=0.173055;border_score=0.899400",0.3348935544490814,0.3334205746650696,0.3316859006881714
test_Seq_1063,1,2,"benchmark=nucleotide_transformer_downstream_tasks;dataset=splice_sites_all;matching=kmer_balanced;matching_signature=(9, 'TCT');border_estimator=center_window_kmer_jsd;estimator=center_jsd;window=48;search_radius=24;kmer=2;top_ratio=0.25;score_scale=4.0;motif_weight=0.0;motif_radius=12;score_normalization=train_quantile;raw_border_score=0.309277;border_score=1.153578",0.30896511673927307,0.30220726132392883,0.3888276517391205
test_Seq_291,0,2,"benchmark=nucleotide_transformer_downstream_tasks;dataset=splice_sites_all;matching=kmer_balanced;matching_signature=(5, 'TTT');border_estimator=center_window_kmer_jsd;estimator=center_jsd;window=48;search_radius=24;kmer=2;top_ratio=0.25;score_scale=4.0;motif_weight=0.0;motif_radius=12;score_normalization=train_quantile;raw_border_score=0.354279;border_score=1.178200",0.2385784089565277,0.21874485909938812,0.5426767468452454
test_Seq_107,0,2,"benchmark=nucleotide_transformer_downstream_tasks;dataset=splice_sites_all;matching=kmer_balanced;matching_signature=(10, 'AGG');border_estimator=center_window_kmer_jsd;estimator=center_jsd;window=48;search_radius=24;kmer=2;top_ratio=0.25;score_scale=4.0;motif_weight=0.0;motif_radius=12;score_normalization=train_quantile;raw_border_score=0.179469;border_score=0.916467",0.2288293093442917,0.228824183344841,0.5423465371131897
test_Seq_1362,1,2,"benchmark=nucleotide_transformer_downstream_tasks;dataset=splice_sites_all;matching=kmer_balanced;matching_signature=(12, 'GCC');border_estimator=center_window_kmer_jsd;estimator=center_jsd;window=48;search_radius=24;kmer=2;top_ratio=0.25;score_scale=4.0;motif_weight=0.0;motif_radius=12;score_normalization=train_quantile;raw_border_score=0.151953;border_score=0.850822",0.3184555470943451,0.31299638748168945,0.36854806542396545
test_Seq_2984,2,2,"benchmark=nucleotide_transformer_downstream_tasks;dataset=splice_sites_all;matching=kmer_balanced;matching_signature=(8, 'TTT');border_estimator=center_window_kmer_jsd;estimator=center_jsd;window=48;search_radius=24;kmer=2;top_ratio=0.25;score_scale=4.0;motif_weight=0.0;motif_radius=12;score_normalization=train_quantile;raw_border_score=0.196720;border_score=0.962111",0.21540334820747375,0.20370426774024963,0.5808923840522766
test_Seq_482,0,2,"benchmark=nucleotide_transformer_downstream_tasks;dataset=splice_sites_all;matching=kmer_balanced;matching_signature=(9, 'AAA');border_estimator=center_window_kmer_jsd;estimator=center_jsd;window=48;search_radius=24;kmer=2;top_ratio=0.25;score_scale=4.0;motif_weight=0.0;motif_radius=12;score_normalization=train_quantile;raw_border_score=0.556978;border_score=1.199356",0.24420686066150665,0.24259692430496216,0.5131962299346924
test_Seq_2744,2,2,"benchmark=nucleotide_transformer_downstream_tasks;dataset=splice_sites_all;matching=kmer_balanced;matching_signature=(10, 'CCT');border_estimator=center_window_kmer_jsd;estimator=center_jsd;window=48;search_radius=24;kmer=2;top_ratio=0.25;score_scale=4.0;motif_weight=0.0;motif_radius=12;score_normalization=train_quantile;raw_border_score=0.276474;border_score=1.119222",0.25788822770118713,0.24751229584217072,0.4945995509624481
test_Seq_1424,1,2,"benchmark=nucleotide_transformer_downstream_tasks;dataset=splice_sites_all;matching=kmer_balanced;matching_signature=(10, 'TTT');border_estimator=center_window_kmer_jsd;estimator=center_jsd;window=48;search_radius=24;kmer=2;top_ratio=0.25;score_scale=4.0;motif_weight=0.0;motif_radius=12;score_normalization=train_quantile;raw_border_score=0.167979;border_score=0.886644",0.31547829508781433,0.32370829582214355,0.3608133792877197
test_Seq_2324,2,1,"benchmark=nucleotide_transformer_downstream_tasks;dataset=splice_sites_all;matching=kmer_balanced;matching_signature=(10, 'AGG');border_estimator=center_window_kmer_jsd;estimator=center_jsd;window=48;search_radius=24;kmer=2;top_ratio=0.25;score_scale=4.0;motif_weight=0.0;motif_radius=12;score_normalization=train_quantile;raw_border_score=0.171971;border_score=0.896289",0.33782580494880676,0.3402455151081085,0.32192865014076233
test_Seq_2919,2,2,"benchmark=nucleotide_transformer_downstream_tasks;dataset=splice_sites_all;matching=kmer_balanced;matching_signature=(8, 'AAA');border_estimator=center_window_kmer_jsd;estimator=center_jsd;window=48;search_radius=24;kmer=2;top_ratio=0.25;score_scale=4.0;motif_weight=0.0;motif_radius=12;score_normalization=train_quantile;raw_border_score=0.166571;border_score=0.882867",0.3063230812549591,0.29222381114959717,0.4014531373977661
test_Seq_222,0,2,"benchmark=nucleotide_transformer_downstream_tasks;dataset=splice_sites_all;matching=kmer_balanced;matching_signature=(7, 'TTT');border_estimator=center_window_kmer_jsd;estimator=center_jsd;window=48;search_radius=24;kmer=2;top_ratio=0.25;score_scale=4.0;motif_weight=0.0;motif_radius=12;score_normalization=train_quantile;raw_border_score=0.311792;border_score=1.155400",0.21213030815124512,0.19187471270561218,0.5959950089454651
test_Seq_538,0,2,"benchmark=nucleotide_transformer_downstream_tasks;dataset=splice_sites_all;matching=kmer_balanced;matching_signature=(7, 'TTT');border_estimator=center_window_kmer_jsd;estimator=center_jsd;window=48;search_radius=24;kmer=2;top_ratio=0.25;score_scale=4.0;motif_weight=0.0;motif_radius=12;score_normalization=train_quantile;raw_border_score=0.227841;border_score=1.035756",0.15256287157535553,0.1435249000787735,0.7039122581481934
test_Seq_1859,1,2,"benchmark=nucleotide_transformer_downstream_tasks;dataset=splice_sites_all;matching=kmer_balanced;matching_signature=(8, 'TTT');border_estimator=center_window_kmer_jsd;estimator=center_jsd;window=48;search_radius=24;kmer=2;top_ratio=0.25;score_scale=4.0;motif_weight=0.0;motif_radius=12;score_normalization=train_quantile;raw_border_score=0.172662;border_score=0.897844",0.33281493186950684,0.3299573063850403,0.33722779154777527
test_Seq_1622,1,2,"benchmark=nucleotide_transformer_downstream_tasks;dataset=splice_sites_all;matching=kmer_balanced;matching_signature=(11, 'CTC');border_estimator=center_window_kmer_jsd;estimator=center_jsd;window=48;search_radius=24;kmer=2;top_ratio=0.25;score_scale=4.0;motif_weight=0.0;motif_radius=12;score_normalization=train_quantile;raw_border_score=0.242078;border_score=1.063489",0.30575376749038696,0.30631884932518005,0.3879273533821106
test_Seq_2329,2,2,"benchmark=nucleotide_transformer_downstream_tasks;dataset=splice_sites_all;matching=kmer_balanced;matching_signature=(6, 'AAA');border_estimator=center_window_kmer_jsd;estimator=center_jsd;window=48;search_radius=24;kmer=2;top_ratio=0.25;score_scale=4.0;motif_weight=0.0;motif_radius=12;score_normalization=train_quantile;raw_border_score=0.116989;border_score=0.809267",0.15817326307296753,0.1457700878381729,0.696056604385376
test_Seq_102,0,2,"benchmark=nucleotide_transformer_downstream_tasks;dataset=splice_sites_all;matching=kmer_balanced;matching_signature=(7, 'TTT');border_estimator=center_window_kmer_jsd;estimator=center_jsd;window=48;search_radius=24;kmer=2;top_ratio=0.25;score_scale=4.0;motif_weight=0.0;motif_radius=12;score_normalization=train_quantile;raw_border_score=0.124444;border_score=0.814022",0.32969188690185547,0.32770201563835144,0.3426060676574707
test_Seq_881,0,2,"benchmark=nucleotide_transformer_downstream_tasks;dataset=splice_sites_all;matching=kmer_balanced;matching_signature=(6, 'TTT');border_estimator=center_window_kmer_jsd;estimator=center_jsd;window=48;search_radius=24;kmer=2;top_ratio=0.25;score_scale=4.0;motif_weight=0.0;motif_radius=12;score_normalization=train_quantile;raw_border_score=0.334816;border_score=1.168911",0.31210649013519287,0.3090316951274872,0.37886181473731995
test_Seq_978,0,2,"benchmark=nucleotide_transformer_downstream_tasks;dataset=splice_sites_all;matching=kmer_balanced;matching_signature=(7, 'TTT');border_estimator=center_window_kmer_jsd;estimator=center_jsd;window=48;search_radius=24;kmer=2;top_ratio=0.25;score_scale=4.0;motif_weight=0.0;motif_radius=12;score_normalization=train_quantile;raw_border_score=0.239479;border_score=1.057133",0.2993229627609253,0.291128933429718,0.4095481336116791
test_Seq_2373,2,2,"benchmark=nucleotide_transformer_downstream_tasks;dataset=splice_sites_all;matching=kmer_balanced;matching_signature=(10, 'AAA');border_estimator=center_window_kmer_jsd;estimator=center_jsd;window=48;search_radius=24;kmer=2;top_ratio=0.25;score_scale=4.0;motif_weight=0.0;motif_radius=12;score_normalization=train_quantile;raw_border_score=0.300031;border_score=1.146289",0.1211627796292305,0.11760465800762177,0.7612325549125671
test_Seq_8,0,2,"benchmark=nucleotide_transformer_downstream_tasks;dataset=splice_sites_all;matching=kmer_balanced;matching_signature=(7, 'TTT');border_estimator=center_window_kmer_jsd;estimator=center_jsd;window=48;search_radius=24;kmer=2;top_ratio=0.25;score_scale=4.0;motif_weight=0.0;motif_radius=12;score_normalization=train_quantile;raw_border_score=0.239194;border_score=1.056556",0.29175865650177,0.2852999269962311,0.4229413568973541
test_Seq_2523,2,2,"benchmark=nucleotide_transformer_downstream_tasks;dataset=splice_sites_all;matching=kmer_balanced;matching_signature=(6, 'AAA');border_estimator=center_window_kmer_jsd;estimator=center_jsd;window=48;search_radius=24;kmer=2;top_ratio=0.25;score_scale=4.0;motif_weight=0.0;motif_radius=12;score_normalization=train_quantile;raw_border_score=0.209843;border_score=0.994822",0.1996987760066986,0.18592360615730286,0.6143775582313538
test_Seq_2392,2,2,"benchmark=nucleotide_transformer_downstream_tasks;dataset=splice_sites_all;matching=kmer_balanced;matching_signature=(9, 'TTT');border_estimator=center_window_kmer_jsd;estimator=center_jsd;window=48;search_radius=24;kmer=2;top_ratio=0.25;score_scale=4.0;motif_weight=0.0;motif_radius=12;score_normalization=train_quantile;raw_border_score=0.405197;border_score=1.190867",0.23050355911254883,0.22239984571933746,0.5470965504646301
test_Seq_2137,2,2,"benchmark=nucleotide_transformer_downstream_tasks;dataset=splice_sites_all;matching=kmer_balanced;matching_signature=(6, 'AAA');border_estimator=center_window_kmer_jsd;estimator=center_jsd;window=48;search_radius=24;kmer=2;top_ratio=0.25;score_scale=4.0;motif_weight=0.0;motif_radius=12;score_normalization=train_quantile;raw_border_score=0.179292;border_score=0.916244",0.2858862578868866,0.2652086615562439,0.4489050507545471
test_Seq_393,0,2,"benchmark=nucleotide_transformer_downstream_tasks;dataset=splice_sites_all;matching=kmer_balanced;matching_signature=(8, 'TTT');border_estimator=center_window_kmer_jsd;estimator=center_jsd;window=48;search_radius=24;kmer=2;top_ratio=0.25;score_scale=4.0;motif_weight=0.0;motif_radius=12;score_normalization=train_quantile;raw_border_score=0.312411;border_score=1.155800",0.2882869243621826,0.29209843277931213,0.41961464285850525
test_Seq_808,0,1,"benchmark=nucleotide_transformer_downstream_tasks;dataset=splice_sites_all;matching=kmer_balanced;matching_signature=(14, 'CGG');border_estimator=center_window_kmer_jsd;estimator=center_jsd;window=48;search_radius=24;kmer=2;top_ratio=0.25;score_scale=4.0;motif_weight=0.0;motif_radius=12;score_normalization=train_quantile;raw_border_score=0.169503;border_score=0.889622",0.33836349844932556,0.3470155894756317,0.31462088227272034
test_Seq_775,0,2,"benchmark=nucleotide_transformer_downstream_tasks;dataset=splice_sites_all;matching=kmer_balanced;matching_signature=(8, 'TTT');border_estimator=center_window_kmer_jsd;estimator=center_jsd;window=48;search_radius=24;kmer=2;top_ratio=0.25;score_scale=4.0;motif_weight=0.0;motif_radius=12;score_normalization=train_quantile;raw_border_score=0.378857;border_score=1.186378",0.10373199731111526,0.09541859477758408,0.800849437713623
test_Seq_2723,2,2,"benchmark=nucleotide_transformer_downstream_tasks;dataset=splice_sites_all;matching=kmer_balanced;matching_signature=(8, 'TTT');border_estimator=center_window_kmer_jsd;estimator=center_jsd;window=48;search_radius=24;kmer=2;top_ratio=0.25;score_scale=4.0;motif_weight=0.0;motif_radius=12;score_normalization=train_quantile;raw_border_score=0.308819;border_score=1.152956",0.31898340582847595,0.3162902295589447,0.36472636461257935
test_Seq_2814,2,2,"benchmark=nucleotide_transformer_downstream_tasks;dataset=splice_sites_all;matching=kmer_balanced;matching_signature=(6, 'AAA');border_estimator=center_window_kmer_jsd;estimator=center_jsd;window=48;search_radius=24;kmer=2;top_ratio=0.25;score_scale=4.0;motif_weight=0.0;motif_radius=12;score_normalization=train_quantile;raw_border_score=0.209630;border_score=0.994289",0.19192858040332794,0.17617826163768768,0.6318930983543396
test_Seq_2167,2,1,"benchmark=nucleotide_transformer_downstream_tasks;dataset=splice_sites_all;matching=kmer_balanced;matching_signature=(8, 'TTT');border_estimator=center_window_kmer_jsd;estimator=center_jsd;window=48;search_radius=24;kmer=2;top_ratio=0.25;score_scale=4.0;motif_weight=0.0;motif_radius=12;score_normalization=train_quantile;raw_border_score=0.171283;border_score=0.894022",0.32939207553863525,0.33692970871925354,0.3336782455444336
test_Seq_1245,1,2,"benchmark=nucleotide_transformer_downstream_tasks;dataset=splice_sites_all;matching=kmer_balanced;matching_signature=(6, 'AAA');border_estimator=center_window_kmer_jsd;estimator=center_jsd;window=48;search_radius=24;kmer=2;top_ratio=0.25;score_scale=4.0;motif_weight=0.0;motif_radius=12;score_normalization=train_quantile;raw_border_score=0.260140;border_score=1.095978",0.3299068808555603,0.32125338912010193,0.34883975982666016
test_Seq_1067,1,2,"benchmark=nucleotide_transformer_downstream_tasks;dataset=splice_sites_all;matching=kmer_balanced;matching_signature=(6, 'TTT');border_estimator=center_window_kmer_jsd;estimator=center_jsd;window=48;search_radius=24;kmer=2;top_ratio=0.25;score_scale=4.0;motif_weight=0.0;motif_radius=12;score_normalization=train_quantile;raw_border_score=0.154917;border_score=0.857400",0.27832677960395813,0.27009135484695435,0.4515818953514099
test_Seq_429,0,2,"benchmark=nucleotide_transformer_downstream_tasks;dataset=splice_sites_all;matching=kmer_balanced;matching_signature=(6, 'TTT');border_estimator=center_window_kmer_jsd;estimator=center_jsd;window=48;search_radius=24;kmer=2;top_ratio=0.25;score_scale=4.0;motif_weight=0.0;motif_radius=12;score_normalization=train_quantile;raw_border_score=0.259821;border_score=1.095311",0.24351564049720764,0.23470856249332428,0.5217758417129517
test_Seq_1910,1,1,"benchmark=nucleotide_transformer_downstream_tasks;dataset=splice_sites_all;matching=kmer_balanced;matching_signature=(8, 'TTT');border_estimator=center_window_kmer_jsd;estimator=center_jsd;window=48;search_radius=24;kmer=2;top_ratio=0.25;score_scale=4.0;motif_weight=0.0;motif_radius=12;score_normalization=train_quantile;raw_border_score=0.171958;border_score=0.896200",0.3583841621875763,0.3642175495624542,0.27739831805229187
test_Seq_2050,2,0,"benchmark=nucleotide_transformer_downstream_tasks;dataset=splice_sites_all;matching=kmer_balanced;matching_signature=(7, 'AAA');border_estimator=center_window_kmer_jsd;estimator=center_jsd;window=48;search_radius=24;kmer=2;top_ratio=0.25;score_scale=4.0;motif_weight=0.0;motif_radius=12;score_normalization=train_quantile;raw_border_score=0.254942;border_score=1.087356",0.3435248136520386,0.3429834246635437,0.31349173188209534
test_Seq_925,0,0,"benchmark=nucleotide_transformer_downstream_tasks;dataset=splice_sites_all;matching=kmer_balanced;matching_signature=(9, 'GAA');border_estimator=center_window_kmer_jsd;estimator=center_jsd;window=48;search_radius=24;kmer=2;top_ratio=0.25;score_scale=4.0;motif_weight=0.0;motif_radius=12;score_normalization=train_quantile;raw_border_score=0.199397;border_score=0.969533",0.34332117438316345,0.3397310674190521,0.3169477880001068
test_Seq_2680,2,2,"benchmark=nucleotide_transformer_downstream_tasks;dataset=splice_sites_all;matching=kmer_balanced;matching_signature=(8, 'TGT');border_estimator=center_window_kmer_jsd;estimator=center_jsd;window=48;search_radius=24;kmer=2;top_ratio=0.25;score_scale=4.0;motif_weight=0.0;motif_radius=12;score_normalization=train_quantile;raw_border_score=0.186750;border_score=0.935311",0.2904696762561798,0.2853703200817108,0.4241600036621094
test_Seq_359,0,2,"benchmark=nucleotide_transformer_downstream_tasks;dataset=splice_sites_all;matching=kmer_balanced;matching_signature=(9, 'AAA');border_estimator=center_window_kmer_jsd;estimator=center_jsd;window=48;search_radius=24;kmer=2;top_ratio=0.25;score_scale=4.0;motif_weight=0.0;motif_radius=12;score_normalization=train_quantile;raw_border_score=0.262397;border_score=1.099844",0.14481861889362335,0.13689255714416504,0.718288779258728
test_Seq_28,0,2,"benchmark=nucleotide_transformer_downstream_tasks;dataset=splice_sites_all;matching=kmer_balanced;matching_signature=(10, 'CCC');border_estimator=center_window_kmer_jsd;estimator=center_jsd;window=48;search_radius=24;kmer=2;top_ratio=0.25;score_scale=4.0;motif_weight=0.0;motif_radius=12;score_normalization=train_quantile;raw_border_score=0.195227;border_score=0.957800",0.28222915530204773,0.28181758522987366,0.435953289270401
test_Seq_1739,1,2,"benchmark=nucleotide_transformer_downstream_tasks;dataset=splice_sites_all;matching=kmer_balanced;matching_signature=(9, 'TGA');border_estimator=center_window_kmer_jsd;estimator=center_jsd;window=48;search_radius=24;kmer=2;top_ratio=0.25;score_scale=4.0;motif_weight=0.0;motif_radius=12;score_normalization=train_quantile;raw_border_score=0.217336;border_score=1.011978",0.3323058784008026,0.32866665720939636,0.3390274941921234
test_Seq_985,0,2,"benchmark=nucleotide_transformer_downstream_tasks;dataset=splice_sites_all;matching=kmer_balanced;matching_signature=(9, 'TTT');border_estimator=center_window_kmer_jsd;estimator=center_jsd;window=48;search_radius=24;kmer=2;top_ratio=0.25;score_scale=4.0;motif_weight=0.0;motif_radius=12;score_normalization=train_quantile;raw_border_score=0.250929;border_score=1.080822",0.3155687153339386,0.31922176480293274,0.36520954966545105
test_Seq_240,0,0,"benchmark=nucleotide_transformer_downstream_tasks;dataset=splice_sites_all;matching=kmer_balanced;matching_signature=(6, 'TTT');border_estimator=center_window_kmer_jsd;estimator=center_jsd;window=48;search_radius=24;kmer=2;top_ratio=0.25;score_scale=4.0;motif_weight=0.0;motif_radius=12;score_normalization=train_quantile;raw_border_score=0.234400;border_score=1.048244",0.35688701272010803,0.3507610261440277,0.29235199093818665
test_Seq_100,0,1,"benchmark=nucleotide_transformer_downstream_tasks;dataset=splice_sites_all;matching=kmer_balanced;matching_signature=(8, 'AAA');border_estimator=center_window_kmer_jsd;estimator=center_jsd;window=48;search_radius=24;kmer=2;top_ratio=0.25;score_scale=4.0;motif_weight=0.0;motif_radius=12;score_normalization=train_quantile;raw_border_score=0.371221;border_score=1.184733",0.3416059911251068,0.3595603108406067,0.2988336980342865
test_Seq_2170,2,2,"benchmark=nucleotide_transformer_downstream_tasks;dataset=splice_sites_all;matching=kmer_balanced;matching_signature=(11, 'GGG');border_estimator=center_window_kmer_jsd;estimator=center_jsd;window=48;search_radius=24;kmer=2;top_ratio=0.25;score_scale=4.0;motif_weight=0.0;motif_radius=12;score_normalization=train_quantile;raw_border_score=0.196956;border_score=0.962556",0.27066025137901306,0.2526654899120331,0.47667431831359863
test_Seq_1855,1,0,"benchmark=nucleotide_transformer_downstream_tasks;dataset=splice_sites_all;matching=kmer_balanced;matching_signature=(11, 'GGG');border_estimator=center_window_kmer_jsd;estimator=center_jsd;window=48;search_radius=24;kmer=2;top_ratio=0.25;score_scale=4.0;motif_weight=0.0;motif_radius=12;score_normalization=train_quantile;raw_border_score=0.179821;border_score=0.917311",0.3674701452255249,0.3586887717247009,0.27384108304977417
test_Seq_2530,2,2,"benchmark=nucleotide_transformer_downstream_tasks;dataset=splice_sites_all;matching=kmer_balanced;matching_signature=(5, 'TTT');border_estimator=center_window_kmer_jsd;estimator=center_jsd;window=48;search_radius=24;kmer=2;top_ratio=0.25;score_scale=4.0;motif_weight=0.0;motif_radius=12;score_normalization=train_quantile;raw_border_score=0.175677;border_score=0.907044",0.30168280005455017,0.29990941286087036,0.39840784668922424
test_Seq_2197,2,2,"benchmark=nucleotide_transformer_downstream_tasks;dataset=splice_sites_all;matching=kmer_balanced;matching_signature=(8, 'TTT');border_estimator=center_window_kmer_jsd;estimator=center_jsd;window=48;search_radius=24;kmer=2;top_ratio=0.25;score_scale=4.0;motif_weight=0.0;motif_radius=12;score_normalization=train_quantile;raw_border_score=0.136200;border_score=0.826956",0.3073287904262543,0.3113766014575958,0.3812945783138275
test_Seq_536,0,2,"benchmark=nucleotide_transformer_downstream_tasks;dataset=splice_sites_all;matching=kmer_balanced;matching_signature=(9, 'AAA');border_estimator=center_window_kmer_jsd;estimator=center_jsd;window=48;search_radius=24;kmer=2;top_ratio=0.25;score_scale=4.0;motif_weight=0.0;motif_radius=12;score_normalization=train_quantile;raw_border_score=0.314950;border_score=1.157356",0.2232099026441574,0.22071528434753418,0.556074857711792
test_Seq_862,0,2,"benchmark=nucleotide_transformer_downstream_tasks;dataset=splice_sites_all;matching=kmer_balanced;matching_signature=(10, 'TTT');border_estimator=center_window_kmer_jsd;estimator=center_jsd;window=48;search_radius=24;kmer=2;top_ratio=0.25;score_scale=4.0;motif_weight=0.0;motif_radius=12;score_normalization=train_quantile;raw_border_score=0.220227;border_score=1.019222",0.22323200106620789,0.2167651355266571,0.560002863407135
test_Seq_1619,1,2,"benchmark=nucleotide_transformer_downstream_tasks;dataset=splice_sites_all;matching=kmer_balanced;matching_signature=(8, 'TTT');border_estimator=center_window_kmer_jsd;estimator=center_jsd;window=48;search_radius=24;kmer=2;top_ratio=0.25;score_scale=4.0;motif_weight=0.0;motif_radius=12;score_normalization=train_quantile;raw_border_score=0.220572;border_score=1.019933",0.32624149322509766,0.32225650548934937,0.351502001285553
test_Seq_1761,1,2,"benchmark=nucleotide_transformer_downstream_tasks;dataset=splice_sites_all;matching=kmer_balanced;matching_signature=(7, 'TTT');border_estimator=center_window_kmer_jsd;estimator=center_jsd;window=48;search_radius=24;kmer=2;top_ratio=0.25;score_scale=4.0;motif_weight=0.0;motif_radius=12;score_normalization=train_quantile;raw_border_score=0.275168;border_score=1.117533",0.32150521874427795,0.30735743045806885,0.3711373805999756
test_Seq_2511,2,2,"benchmark=nucleotide_transformer_downstream_tasks;dataset=splice_sites_all;matching=kmer_balanced;matching_signature=(6, 'TTT');border_estimator=center_window_kmer_jsd;estimator=center_jsd;window=48;search_radius=24;kmer=2;top_ratio=0.25;score_scale=4.0;motif_weight=0.0;motif_radius=12;score_normalization=train_quantile;raw_border_score=0.234223;border_score=1.048022",0.1440255045890808,0.13798734545707703,0.7179871797561646
test_Seq_1207,1,2,"benchmark=nucleotide_transformer_downstream_tasks;dataset=splice_sites_all;matching=kmer_balanced;matching_signature=(10, 'CCC');border_estimator=center_window_kmer_jsd;estimator=center_jsd;window=48;search_radius=24;kmer=2;top_ratio=0.25;score_scale=4.0;motif_weight=0.0;motif_radius=12;score_normalization=train_quantile;raw_border_score=0.205548;border_score=0.985400",0.275198370218277,0.2649168074131012,0.4598848223686218
test_Seq_2812,2,2,"benchmark=nucleotide_transformer_downstream_tasks;dataset=splice_sites_all;matching=kmer_balanced;matching_signature=(8, 'AAA');border_estimator=center_window_kmer_jsd;estimator=center_jsd;window=48;search_radius=24;kmer=2;top_ratio=0.25;score_scale=4.0;motif_weight=0.0;motif_radius=12;score_normalization=train_quantile;raw_border_score=0.195043;border_score=0.957133",0.3101356029510498,0.3174119293689728,0.3724524974822998
test_Seq_1087,1,1,"benchmark=nucleotide_transformer_downstream_tasks;dataset=splice_sites_all;matching=kmer_balanced;matching_signature=(13, 'GGG');border_estimator=center_window_kmer_jsd;estimator=center_jsd;window=48;search_radius=24;kmer=2;top_ratio=0.25;score_scale=4.0;motif_weight=0.0;motif_radius=12;score_normalization=train_quantile;raw_border_score=0.159673;border_score=0.866911",0.3627651631832123,0.37472298741340637,0.26251187920570374
test_Seq_2394,2,2,"benchmark=nucleotide_transformer_downstream_tasks;dataset=splice_sites_all;matching=kmer_balanced;matching_signature=(6, 'TTT');border_estimator=center_window_kmer_jsd;estimator=center_jsd;window=48;search_radius=24;kmer=2;top_ratio=0.25;score_scale=4.0;motif_weight=0.0;motif_radius=12;score_normalization=train_quantile;raw_border_score=0.182920;border_score=0.924644",0.16673342883586884,0.14643031358718872,0.6868361830711365
test_Seq_646,0,2,"benchmark=nucleotide_transformer_downstream_tasks;dataset=splice_sites_all;matching=kmer_balanced;matching_signature=(10, 'TGG');border_estimator=center_window_kmer_jsd;estimator=center_jsd;window=48;search_radius=24;kmer=2;top_ratio=0.25;score_scale=4.0;motif_weight=0.0;motif_radius=12;score_normalization=train_quantile;raw_border_score=0.150119;border_score=0.847889",0.31445473432540894,0.3245125412940979,0.36103278398513794
test_Seq_764,0,2,"benchmark=nucleotide_transformer_downstream_tasks;dataset=splice_sites_all;matching=kmer_balanced;matching_signature=(11, 'CCC');border_estimator=center_window_kmer_jsd;estimator=center_jsd;window=48;search_radius=24;kmer=2;top_ratio=0.25;score_scale=4.0;motif_weight=0.0;motif_radius=12;score_normalization=train_quantile;raw_border_score=0.152277;border_score=0.851444",0.28967583179473877,0.29254308342933655,0.4177809953689575
test_Seq_333,0,2,"benchmark=nucleotide_transformer_downstream_tasks;dataset=splice_sites_all;matching=kmer_balanced;matching_signature=(6, 'TTT');border_estimator=center_window_kmer_jsd;estimator=center_jsd;window=48;search_radius=24;kmer=2;top_ratio=0.25;score_scale=4.0;motif_weight=0.0;motif_radius=12;score_normalization=train_quantile;raw_border_score=0.345808;border_score=1.175311",0.33562126755714417,0.3284813165664673,0.3358974754810333
test_Seq_1715,1,2,"benchmark=nucleotide_transformer_downstream_tasks;dataset=splice_sites_all;matching=kmer_balanced;matching_signature=(11, 'CCT');border_estimator=center_window_kmer_jsd;estimator=center_jsd;window=48;search_radius=24;kmer=2;top_ratio=0.25;score_scale=4.0;motif_weight=0.0;motif_radius=12;score_normalization=train_quantile;raw_border_score=0.110456;border_score=0.805667",0.3283027708530426,0.3162258565425873,0.35547134280204773
test_Seq_1968,1,2,"benchmark=nucleotide_transformer_downstream_tasks;dataset=splice_sites_all;matching=kmer_balanced;matching_signature=(7, 'AAA');border_estimator=center_window_kmer_jsd;estimator=center_jsd;window=48;search_radius=24;kmer=2;top_ratio=0.25;score_scale=4.0;motif_weight=0.0;motif_radius=12;score_normalization=train_quantile;raw_border_score=0.217058;border_score=1.011578",0.1429046243429184,0.13392223417758942,0.7231731414794922
test_Seq_2827,2,2,"benchmark=nucleotide_transformer_downstream_tasks;dataset=splice_sites_all;matching=kmer_balanced;matching_signature=(8, 'AAA');border_estimator=center_window_kmer_jsd;estimator=center_jsd;window=48;search_radius=24;kmer=2;top_ratio=0.25;score_scale=4.0;motif_weight=0.0;motif_radius=12;score_normalization=train_quantile;raw_border_score=0.140022;border_score=0.831622",0.12241096049547195,0.11228524148464203,0.7653037905693054
test_Seq_2094,2,2,"benchmark=nucleotide_transformer_downstream_tasks;dataset=splice_sites_all;matching=kmer_balanced;matching_signature=(8, 'AAG');border_estimator=center_window_kmer_jsd;estimator=center_jsd;window=48;search_radius=24;kmer=2;top_ratio=0.25;score_scale=4.0;motif_weight=0.0;motif_radius=12;score_normalization=train_quantile;raw_border_score=0.293411;border_score=1.139667",0.28265735507011414,0.28612151741981506,0.4312210977077484
test_Seq_2161,2,2,"benchmark=nucleotide_transformer_downstream_tasks;dataset=splice_sites_all;matching=kmer_balanced;matching_signature=(8, 'TTT');border_estimator=center_window_kmer_jsd;estimator=center_jsd;window=48;search_radius=24;kmer=2;top_ratio=0.25;score_scale=4.0;motif_weight=0.0;motif_radius=12;score_normalization=train_quantile;raw_border_score=0.318147;border_score=1.159756",0.23644351959228516,0.22915269434452057,0.5344038009643555
test_Seq_1075,1,2,"benchmark=nucleotide_transformer_downstream_tasks;dataset=splice_sites_all;matching=kmer_balanced;matching_signature=(8, 'TTT');border_estimator=center_window_kmer_jsd;estimator=center_jsd;window=48;search_radius=24;kmer=2;top_ratio=0.25;score_scale=4.0;motif_weight=0.0;motif_radius=12;score_normalization=train_quantile;raw_border_score=0.175959;border_score=0.907711",0.32547861337661743,0.3129200041294098,0.36160141229629517
test_Seq_1193,1,2,"benchmark=nucleotide_transformer_downstream_tasks;dataset=splice_sites_all;matching=kmer_balanced;matching_signature=(6, 'TTT');border_estimator=center_window_kmer_jsd;estimator=center_jsd;window=48;search_radius=24;kmer=2;top_ratio=0.25;score_scale=4.0;motif_weight=0.0;motif_radius=12;score_normalization=train_quantile;raw_border_score=0.339185;border_score=1.171489",0.2836560606956482,0.2740309536457062,0.44231298565864563
test_Seq_982,0,2,"benchmark=nucleotide_transformer_downstream_tasks;dataset=splice_sites_all;matching=kmer_balanced;matching_signature=(8, 'AAA');border_estimator=center_window_kmer_jsd;estimator=center_jsd;window=48;search_radius=24;kmer=2;top_ratio=0.25;score_scale=4.0;motif_weight=0.0;motif_radius=12;score_normalization=train_quantile;raw_border_score=0.303004;border_score=1.148911",0.3130122423171997,0.3128054141998291,0.37418225407600403
test_Seq_1847,1,2,"benchmark=nucleotide_transformer_downstream_tasks;dataset=splice_sites_all;matching=kmer_balanced;matching_signature=(10, 'CAG');border_estimator=center_window_kmer_jsd;estimator=center_jsd;window=48;search_radius=24;kmer=2;top_ratio=0.25;score_scale=4.0;motif_weight=0.0;motif_radius=12;score_normalization=train_quantile;raw_border_score=0.333532;border_score=1.168067",0.3056137263774872,0.3034810721874237,0.3909052014350891
test_Seq_2526,2,2,"benchmark=nucleotide_transformer_downstream_tasks;dataset=splice_sites_all;matching=kmer_balanced;matching_signature=(9, 'TTT');border_estimator=center_window_kmer_jsd;estimator=center_jsd;window=48;search_radius=24;kmer=2;top_ratio=0.25;score_scale=4.0;motif_weight=0.0;motif_radius=12;score_normalization=train_quantile;raw_border_score=0.202411;border_score=0.977178",0.0843365415930748,0.07767032831907272,0.8379930853843689
test_Seq_736,0,1,"benchmark=nucleotide_transformer_downstream_tasks;dataset=splice_sites_all;matching=kmer_balanced;matching_signature=(7, 'AAA');border_estimator=center_window_kmer_jsd;estimator=center_jsd;window=48;search_radius=24;kmer=2;top_ratio=0.25;score_scale=4.0;motif_weight=0.0;motif_radius=12;score_normalization=train_quantile;raw_border_score=0.274574;border_score=1.116600",0.3339702785015106,0.3437759578227997,0.3222537934780121
test_Seq_117,0,2,"benchmark=nucleotide_transformer_downstream_tasks;dataset=splice_sites_all;matching=kmer_balanced;matching_signature=(8, 'TGT');border_estimator=center_window_kmer_jsd;estimator=center_jsd;window=48;search_radius=24;kmer=2;top_ratio=0.25;score_scale=4.0;motif_weight=0.0;motif_radius=12;score_normalization=train_quantile;raw_border_score=0.242530;border_score=1.064778",0.30590584874153137,0.30756065249443054,0.3865335285663605
test_Seq_768,0,2,"benchmark=nucleotide_transformer_downstream_tasks;dataset=splice_sites_all;matching=kmer_balanced;matching_signature=(13, 'GGG');border_estimator=center_window_kmer_jsd;estimator=center_jsd;window=48;search_radius=24;kmer=2;top_ratio=0.25;score_scale=4.0;motif_weight=0.0;motif_radius=12;score_normalization=train_quantile;raw_border_score=0.312403;border_score=1.155800",0.29968512058258057,0.2987222969532013,0.4015926122665405
test_Seq_1235,1,0,"benchmark=nucleotide_transformer_downstream_tasks;dataset=splice_sites_all;matching=kmer_balanced;matching_signature=(5, 'TTT');border_estimator=center_window_kmer_jsd;estimator=center_jsd;window=48;search_radius=24;kmer=2;top_ratio=0.25;score_scale=4.0;motif_weight=0.0;motif_radius=12;score_normalization=train_quantile;raw_border_score=0.546578;border_score=1.199356",0.34505805373191833,0.3381626307964325,0.3167792856693268
test_Seq_1936,1,2,"benchmark=nucleotide_transformer_downstream_tasks;dataset=splice_sites_all;matching=kmer_balanced;matching_signature=(6, 'TTT');border_estimator=center_window_kmer_jsd;estimator=center_jsd;window=48;search_radius=24;kmer=2;top_ratio=0.25;score_scale=4.0;motif_weight=0.0;motif_radius=12;score_normalization=train_quantile;raw_border_score=0.201309;border_score=0.974200",0.32231438159942627,0.33209028840065,0.3455953001976013
test_Seq_850,0,2,"benchmark=nucleotide_transformer_downstream_tasks;dataset=splice_sites_all;matching=kmer_balanced;matching_signature=(7, 'TTT');border_estimator=center_window_kmer_jsd;estimator=center_jsd;window=48;search_radius=24;kmer=2;top_ratio=0.25;score_scale=4.0;motif_weight=0.0;motif_radius=12;score_normalization=train_quantile;raw_border_score=0.140370;border_score=0.832067",0.3328198492527008,0.3274920880794525,0.3396880626678467
test_Seq_1834,1,2,"benchmark=nucleotide_transformer_downstream_tasks;dataset=splice_sites_all;matching=kmer_balanced;matching_signature=(6, 'AAA');border_estimator=center_window_kmer_jsd;estimator=center_jsd;window=48;search_radius=24;kmer=2;top_ratio=0.25;score_scale=4.0;motif_weight=0.0;motif_radius=12;score_normalization=train_quantile;raw_border_score=0.137278;border_score=0.828244",0.22760877013206482,0.20827236771583557,0.5641188621520996
test_Seq_2765,2,2,"benchmark=nucleotide_transformer_downstream_tasks;dataset=splice_sites_all;matching=kmer_balanced;matching_signature=(7, 'TTT');border_estimator=center_window_kmer_jsd;estimator=center_jsd;window=48;search_radius=24;kmer=2;top_ratio=0.25;score_scale=4.0;motif_weight=0.0;motif_radius=12;score_normalization=train_quantile;raw_border_score=0.102174;border_score=0.803311",0.2910468280315399,0.28313353657722473,0.4258195757865906
test_Seq_2418,2,2,"benchmark=nucleotide_transformer_downstream_tasks;dataset=splice_sites_all;matching=kmer_balanced;matching_signature=(7, 'TTT');border_estimator=center_window_kmer_jsd;estimator=center_jsd;window=48;search_radius=24;kmer=2;top_ratio=0.25;score_scale=4.0;motif_weight=0.0;motif_radius=12;score_normalization=train_quantile;raw_border_score=0.279400;border_score=1.123356",0.26404279470443726,0.2650783360004425,0.47087886929512024
test_Seq_1590,1,2,"benchmark=nucleotide_transformer_downstream_tasks;dataset=splice_sites_all;matching=kmer_balanced;matching_signature=(8, 'TTC');border_estimator=center_window_kmer_jsd;estimator=center_jsd;window=48;search_radius=24;kmer=2;top_ratio=0.25;score_scale=4.0;motif_weight=0.0;motif_radius=12;score_normalization=train_quantile;raw_border_score=0.117386;border_score=0.809444",0.303349107503891,0.3008163571357727,0.3958345353603363
test_Seq_654,0,2,"benchmark=nucleotide_transformer_downstream_tasks;dataset=splice_sites_all;matching=kmer_balanced;matching_signature=(8, 'TTT');border_estimator=center_window_kmer_jsd;estimator=center_jsd;window=48;search_radius=24;kmer=2;top_ratio=0.25;score_scale=4.0;motif_weight=0.0;motif_radius=12;score_normalization=train_quantile;raw_border_score=0.261991;border_score=1.098867",0.30982857942581177,0.3059317171573639,0.38423964381217957
test_Seq_1819,1,1,"benchmark=nucleotide_transformer_downstream_tasks;dataset=splice_sites_all;matching=kmer_balanced;matching_signature=(9, 'TTT');border_estimator=center_window_kmer_jsd;estimator=center_jsd;window=48;search_radius=24;kmer=2;top_ratio=0.25;score_scale=4.0;motif_weight=0.0;motif_radius=12;score_normalization=train_quantile;raw_border_score=0.210914;border_score=0.997311",0.35681161284446716,0.36070898175239563,0.2824794352054596
test_Seq_1929,1,2,"benchmark=nucleotide_transformer_downstream_tasks;dataset=splice_sites_all;matching=kmer_balanced;matching_signature=(9, 'TTT');border_estimator=center_window_kmer_jsd;estimator=center_jsd;window=48;search_radius=24;kmer=2;top_ratio=0.25;score_scale=4.0;motif_weight=0.0;motif_radius=12;score_normalization=train_quantile;raw_border_score=0.244879;border_score=1.069222",0.23047713935375214,0.23130013048648834,0.5382227301597595
test_Seq_1432,1,0,"benchmark=nucleotide_transformer_downstream_tasks;dataset=splice_sites_all;matching=kmer_balanced;matching_signature=(9, 'TTT');border_estimator=center_window_kmer_jsd;estimator=center_jsd;window=48;search_radius=24;kmer=2;top_ratio=0.25;score_scale=4.0;motif_weight=0.0;motif_radius=12;score_normalization=train_quantile;raw_border_score=0.201855;border_score=0.975844",0.3392592966556549,0.33770322799682617,0.3230374753475189
test_Seq_1049,1,2,"benchmark=nucleotide_transformer_downstream_tasks;dataset=splice_sites_all;matching=kmer_balanced;matching_signature=(6, 'TTA');border_estimator=center_window_kmer_jsd;estimator=center_jsd;window=48;search_radius=24;kmer=2;top_ratio=0.25;score_scale=4.0;motif_weight=0.0;motif_radius=12;score_normalization=train_quantile;raw_border_score=0.146911;border_score=0.842200",0.3276882767677307,0.331209659576416,0.3411020338535309
test_Seq_2939,2,2,"benchmark=nucleotide_transformer_downstream_tasks;dataset=splice_sites_all;matching=kmer_balanced;matching_signature=(10, 'GAG');border_estimator=center_window_kmer_jsd;estimator=center_jsd;window=48;search_radius=24;kmer=2;top_ratio=0.25;score_scale=4.0;motif_weight=0.0;motif_radius=12;score_normalization=train_quantile;raw_border_score=0.150504;border_score=0.848378",0.3216118812561035,0.3178834915161133,0.3605046272277832
test_Seq_2002,2,0,"benchmark=nucleotide_transformer_downstream_tasks;dataset=splice_sites_all;matching=kmer_balanced;matching_signature=(9, 'AGG');border_estimator=center_window_kmer_jsd;estimator=center_jsd;window=48;search_radius=24;kmer=2;top_ratio=0.25;score_scale=4.0;motif_weight=0.0;motif_radius=12;score_normalization=train_quantile;raw_border_score=0.188176;border_score=0.939267",0.3478882908821106,0.34187430143356323,0.31023740768432617
test_Seq_2743,2,2,"benchmark=nucleotide_transformer_downstream_tasks;dataset=splice_sites_all;matching=kmer_balanced;matching_signature=(7, 'TTT');border_estimator=center_window_kmer_jsd;estimator=center_jsd;window=48;search_radius=24;kmer=2;top_ratio=0.25;score_scale=4.0;motif_weight=0.0;motif_radius=12;score_normalization=train_quantile;raw_border_score=0.154474;border_score=0.856289",0.3098587691783905,0.30463212728500366,0.3855091333389282
test_Seq_1850,1,2,"benchmark=nucleotide_transformer_downstream_tasks;dataset=splice_sites_all;matching=kmer_balanced;matching_signature=(7, 'TTT');border_estimator=center_window_kmer_jsd;estimator=center_jsd;window=48;search_radius=24;kmer=2;top_ratio=0.25;score_scale=4.0;motif_weight=0.0;motif_radius=12;score_normalization=train_quantile;raw_border_score=0.300597;border_score=1.146911",0.21831181645393372,0.2043970674276352,0.5772911310195923
test_Seq_1545,1,2,"benchmark=nucleotide_transformer_downstream_tasks;dataset=splice_sites_all;matching=kmer_balanced;matching_signature=(6, 'AAA');border_estimator=center_window_kmer_jsd;estimator=center_jsd;window=48;search_radius=24;kmer=2;top_ratio=0.25;score_scale=4.0;motif_weight=0.0;motif_radius=12;score_normalization=train_quantile;raw_border_score=0.120733;border_score=0.811400",0.31264665722846985,0.30179569125175476,0.3855576515197754
test_Seq_1184,1,2,"benchmark=nucleotide_transformer_downstream_tasks;dataset=splice_sites_all;matching=kmer_balanced;matching_signature=(9, 'TTT');border_estimator=center_window_kmer_jsd;estimator=center_jsd;window=48;search_radius=24;kmer=2;top_ratio=0.25;score_scale=4.0;motif_weight=0.0;motif_radius=12;score_normalization=train_quantile;raw_border_score=0.170295;border_score=0.891311",0.3332670331001282,0.3130856454372406,0.35364729166030884
test_Seq_820,0,2,"benchmark=nucleotide_transformer_downstream_tasks;dataset=splice_sites_all;matching=kmer_balanced;matching_signature=(8, 'ATT');border_estimator=center_window_kmer_jsd;estimator=center_jsd;window=48;search_radius=24;kmer=2;top_ratio=0.25;score_scale=4.0;motif_weight=0.0;motif_radius=12;score_normalization=train_quantile;raw_border_score=0.232487;border_score=1.044511",0.3337675929069519,0.32443687319755554,0.34179553389549255
test_Seq_1788,1,0,"benchmark=nucleotide_transformer_downstream_tasks;dataset=splice_sites_all;matching=kmer_balanced;matching_signature=(11, 'GGG');border_estimator=center_window_kmer_jsd;estimator=center_jsd;window=48;search_radius=24;kmer=2;top_ratio=0.25;score_scale=4.0;motif_weight=0.0;motif_radius=12;score_normalization=train_quantile;raw_border_score=0.336024;border_score=1.169622",0.33438369631767273,0.3322095274925232,0.33340680599212646
test_Seq_2504,2,2,"benchmark=nucleotide_transformer_downstream_tasks;dataset=splice_sites_all;matching=kmer_balanced;matching_signature=(7, 'TTT');border_estimator=center_window_kmer_jsd;estimator=center_jsd;window=48;search_radius=24;kmer=2;top_ratio=0.25;score_scale=4.0;motif_weight=0.0;motif_radius=12;score_normalization=train_quantile;raw_border_score=0.178170;border_score=0.913622",0.24776215851306915,0.23655977845191956,0.5156780481338501
test_Seq_2181,2,2,"benchmark=nucleotide_transformer_downstream_tasks;dataset=splice_sites_all;matching=kmer_balanced;matching_signature=(5, 'TTT');border_estimator=center_window_kmer_jsd;estimator=center_jsd;window=48;search_radius=24;kmer=2;top_ratio=0.25;score_scale=4.0;motif_weight=0.0;motif_radius=12;score_normalization=train_quantile;raw_border_score=0.212012;border_score=0.999711",0.3297705054283142,0.32603007555007935,0.34419944882392883
test_Seq_1395,1,1,"benchmark=nucleotide_transformer_downstream_tasks;dataset=splice_sites_all;matching=kmer_balanced;matching_signature=(7, 'TTT');border_estimator=center_window_kmer_jsd;estimator=center_jsd;window=48;search_radius=24;kmer=2;top_ratio=0.25;score_scale=4.0;motif_weight=0.0;motif_radius=12;score_normalization=train_quantile;raw_border_score=0.166381;border_score=0.882244",0.33486154675483704,0.34023287892341614,0.32490554451942444
test_Seq_2187,2,2,"benchmark=nucleotide_transformer_downstream_tasks;dataset=splice_sites_all;matching=kmer_balanced;matching_signature=(6, 'TTT');border_estimator=center_window_kmer_jsd;estimator=center_jsd;window=48;search_radius=24;kmer=2;top_ratio=0.25;score_scale=4.0;motif_weight=0.0;motif_radius=12;score_normalization=train_quantile;raw_border_score=0.182484;border_score=0.923667",0.2741280198097229,0.26315999031066895,0.46271196007728577
test_Seq_2335,2,2,"benchmark=nucleotide_transformer_downstream_tasks;dataset=splice_sites_all;matching=kmer_balanced;matching_signature=(8, 'AAA');border_estimator=center_window_kmer_jsd;estimator=center_jsd;window=48;search_radius=24;kmer=2;top_ratio=0.25;score_scale=4.0;motif_weight=0.0;motif_radius=12;score_normalization=train_quantile;raw_border_score=0.195119;border_score=0.957489",0.31150582432746887,0.3016074597835541,0.38688671588897705
test_Seq_1002,1,2,"benchmark=nucleotide_transformer_downstream_tasks;dataset=splice_sites_all;matching=kmer_balanced;matching_signature=(12, 'CCC');border_estimator=center_window_kmer_jsd;estimator=center_jsd;window=48;search_radius=24;kmer=2;top_ratio=0.25;score_scale=4.0;motif_weight=0.0;motif_radius=12;score_normalization=train_quantile;raw_border_score=0.446625;border_score=1.195089",0.2905775010585785,0.28234437108039856,0.42707812786102295
test_Seq_2132,2,2,"benchmark=nucleotide_transformer_downstream_tasks;dataset=splice_sites_all;matching=kmer_balanced;matching_signature=(10, 'TTT');border_estimator=center_window_kmer_jsd;estimator=center_jsd;window=48;search_radius=24;kmer=2;top_ratio=0.25;score_scale=4.0;motif_weight=0.0;motif_radius=12;score_normalization=train_quantile;raw_border_score=0.245525;border_score=1.070156",0.09812556952238083,0.09173398464918137,0.8101404309272766
test_Seq_830,0,2,"benchmark=nucleotide_transformer_downstream_tasks;dataset=splice_sites_all;matching=kmer_balanced;matching_signature=(11, 'CTG');border_estimator=center_window_kmer_jsd;estimator=center_jsd;window=48;search_radius=24;kmer=2;top_ratio=0.25;score_scale=4.0;motif_weight=0.0;motif_radius=12;score_normalization=train_quantile;raw_border_score=0.333838;border_score=1.168244",0.3046150505542755,0.30911949276924133,0.38626542687416077
test_Seq_1861,1,2,"benchmark=nucleotide_transformer_downstream_tasks;dataset=splice_sites_all;matching=kmer_balanced;matching_signature=(6, 'TTT');border_estimator=center_window_kmer_jsd;estimator=center_jsd;window=48;search_radius=24;kmer=2;top_ratio=0.25;score_scale=4.0;motif_weight=0.0;motif_radius=12;score_normalization=train_quantile;raw_border_score=0.210412;border_score=0.996156",0.27477285265922546,0.2738303244113922,0.4513968825340271
test_Seq_528,0,2,"benchmark=nucleotide_transformer_downstream_tasks;dataset=splice_sites_all;matching=kmer_balanced;matching_signature=(9, 'CTG');border_estimator=center_window_kmer_jsd;estimator=center_jsd;window=48;search_radius=24;kmer=2;top_ratio=0.25;score_scale=4.0;motif_weight=0.0;motif_radius=12;score_normalization=train_quantile;raw_border_score=0.205979;border_score=0.986022",0.2011043131351471,0.19227880239486694,0.6066167950630188
test_Seq_2333,2,2,"benchmark=nucleotide_transformer_downstream_tasks;dataset=splice_sites_all;matching=kmer_balanced;matching_signature=(7, 'AAA');border_estimator=center_window_kmer_jsd;estimator=center_jsd;window=48;search_radius=24;kmer=2;top_ratio=0.25;score_scale=4.0;motif_weight=0.0;motif_radius=12;score_normalization=train_quantile;raw_border_score=0.156126;border_score=0.859489",0.28954848647117615,0.28120043873786926,0.429251104593277
test_Seq_1864,1,2,"benchmark=nucleotide_transformer_downstream_tasks;dataset=splice_sites_all;matching=kmer_balanced;matching_signature=(11, 'CAG');border_estimator=center_window_kmer_jsd;estimator=center_jsd;window=48;search_radius=24;kmer=2;top_ratio=0.25;score_scale=4.0;motif_weight=0.0;motif_radius=12;score_normalization=train_quantile;raw_border_score=0.235490;border_score=1.049978",0.30222225189208984,0.3047671616077423,0.3930104970932007
test_Seq_2734,2,2,"benchmark=nucleotide_transformer_downstream_tasks;dataset=splice_sites_all;matching=kmer_balanced;matching_signature=(10, 'CCC');border_estimator=center_window_kmer_jsd;estimator=center_jsd;window=48;search_radius=24;kmer=2;top_ratio=0.25;score_scale=4.0;motif_weight=0.0;motif_radius=12;score_normalization=train_quantile;raw_border_score=0.285539;border_score=1.130867",0.17879250645637512,0.16729134321212769,0.65391606092453
test_Seq_858,0,1,"benchmark=nucleotide_transformer_downstream_tasks;dataset=splice_sites_all;matching=kmer_balanced;matching_signature=(12, 'GGG');border_estimator=center_window_kmer_jsd;estimator=center_jsd;window=48;search_radius=24;kmer=2;top_ratio=0.25;score_scale=4.0;motif_weight=0.0;motif_radius=12;score_normalization=train_quantile;raw_border_score=0.319991;border_score=1.161089",0.34684622287750244,0.3570169508457184,0.2961368262767792
test_Seq_104,0,1,"benchmark=nucleotide_transformer_downstream_tasks;dataset=splice_sites_all;matching=kmer_balanced;matching_signature=(13, 'GGG');border_estimator=center_window_kmer_jsd;estimator=center_jsd;window=48;search_radius=24;kmer=2;top_ratio=0.25;score_scale=4.0;motif_weight=0.0;motif_radius=12;score_normalization=train_quantile;raw_border_score=0.228473;border_score=1.036956",0.33056405186653137,0.3398897349834442,0.329546183347702
test_Seq_2198,2,2,"benchmark=nucleotide_transformer_downstream_tasks;dataset=splice_sites_all;matching=kmer_balanced;matching_signature=(5, 'TTT');border_estimator=center_window_kmer_jsd;estimator=center_jsd;window=48;search_radius=24;kmer=2;top_ratio=0.25;score_scale=4.0;motif_weight=0.0;motif_radius=12;score_normalization=train_quantile;raw_border_score=0.096805;border_score=0.802111",0.2744000554084778,0.24949680268764496,0.47610315680503845
test_Seq_387,0,1,"benchmark=nucleotide_transformer_downstream_tasks;dataset=splice_sites_all;matching=kmer_balanced;matching_signature=(7, 'AAA');border_estimator=center_window_kmer_jsd;estimator=center_jsd;window=48;search_radius=24;kmer=2;top_ratio=0.25;score_scale=4.0;motif_weight=0.0;motif_radius=12;score_normalization=train_quantile;raw_border_score=0.241243;border_score=1.061444",0.3424067795276642,0.3460078537464142,0.31158536672592163
test_Seq_505,0,2,"benchmark=nucleotide_transformer_downstream_tasks;dataset=splice_sites_all;matching=kmer_balanced;matching_signature=(7, 'TTT');border_estimator=center_window_kmer_jsd;estimator=center_jsd;window=48;search_radius=24;kmer=2;top_ratio=0.25;score_scale=4.0;motif_weight=0.0;motif_radius=12;score_normalization=train_quantile;raw_border_score=0.295281;border_score=1.140956",0.25356924533843994,0.24623426795005798,0.5001965165138245
test_Seq_1857,1,2,"benchmark=nucleotide_transformer_downstream_tasks;dataset=splice_sites_all;matching=kmer_balanced;matching_signature=(8, 'TCT');border_estimator=center_window_kmer_jsd;estimator=center_jsd;window=48;search_radius=24;kmer=2;top_ratio=0.25;score_scale=4.0;motif_weight=0.0;motif_radius=12;score_normalization=train_quantile;raw_border_score=0.161603;border_score=0.870378",0.31100040674209595,0.30316653847694397,0.3858330249786377
test_Seq_1853,1,2,"benchmark=nucleotide_transformer_downstream_tasks;dataset=splice_sites_all;matching=kmer_balanced;matching_signature=(5, 'TTT');border_estimator=center_window_kmer_jsd;estimator=center_jsd;window=48;search_radius=24;kmer=2;top_ratio=0.25;score_scale=4.0;motif_weight=0.0;motif_radius=12;score_normalization=train_quantile;raw_border_score=0.240391;border_score=1.059844",0.30169177055358887,0.3011747896671295,0.397133469581604
test_Seq_404,0,2,"benchmark=nucleotide_transformer_downstream_tasks;dataset=splice_sites_all;matching=kmer_balanced;matching_signature=(9, 'CTT');border_estimator=center_window_kmer_jsd;estimator=center_jsd;window=48;search_radius=24;kmer=2;top_ratio=0.25;score_scale=4.0;motif_weight=0.0;motif_radius=12;score_normalization=train_quantile;raw_border_score=0.163655;border_score=0.875311",0.3220282793045044,0.3028701841831207,0.3751015067100525
test_Seq_1010,1,2,"benchmark=nucleotide_transformer_downstream_tasks;dataset=splice_sites_all;matching=kmer_balanced;matching_signature=(7, 'TTT');border_estimator=center_window_kmer_jsd;estimator=center_jsd;window=48;search_radius=24;kmer=2;top_ratio=0.25;score_scale=4.0;motif_weight=0.0;motif_radius=12;score_normalization=train_quantile;raw_border_score=0.194247;border_score=0.955356",0.22665439546108246,0.21990738809108734,0.5534381866455078
test_Seq_2435,2,2,"benchmark=nucleotide_transformer_downstream_tasks;dataset=splice_sites_all;matching=kmer_balanced;matching_signature=(8, 'TTT');border_estimator=center_window_kmer_jsd;estimator=center_jsd;window=48;search_radius=24;kmer=2;top_ratio=0.25;score_scale=4.0;motif_weight=0.0;motif_radius=12;score_normalization=train_quantile;raw_border_score=0.146916;border_score=0.842200",0.14700594544410706,0.13266941905021667,0.7203246355056763
test_Seq_132,0,2,"benchmark=nucleotide_transformer_downstream_tasks;dataset=splice_sites_all;matching=kmer_balanced;matching_signature=(8, 'AAA');border_estimator=center_window_kmer_jsd;estimator=center_jsd;window=48;search_radius=24;kmer=2;top_ratio=0.25;score_scale=4.0;motif_weight=0.0;motif_radius=12;score_normalization=train_quantile;raw_border_score=0.266005;border_score=1.104822",0.3296324610710144,0.3346465826034546,0.3357209265232086
test_Seq_1131,1,2,"benchmark=nucleotide_transformer_downstream_tasks;dataset=splice_sites_all;matching=kmer_balanced;matching_signature=(12, 'CCC');border_estimator=center_window_kmer_jsd;estimator=center_jsd;window=48;search_radius=24;kmer=2;top_ratio=0.25;score_scale=4.0;motif_weight=0.0;motif_radius=12;score_normalization=train_quantile;raw_border_score=0.357015;border_score=1.179400",0.20325042307376862,0.1927599012851715,0.6039896607398987
test_Seq_2888,2,2,"benchmark=nucleotide_transformer_downstream_tasks;dataset=splice_sites_all;matching=kmer_balanced;matching_signature=(12, 'CTG');border_estimator=center_window_kmer_jsd;estimator=center_jsd;window=48;search_radius=24;kmer=2;top_ratio=0.25;score_scale=4.0;motif_weight=0.0;motif_radius=12;score_normalization=train_quantile;raw_border_score=0.244527;border_score=1.068422",0.3084966242313385,0.31175869703292847,0.3797447085380554
test_Seq_1297,1,2,"benchmark=nucleotide_transformer_downstream_tasks;dataset=splice_sites_all;matching=kmer_balanced;matching_signature=(10, 'GGG');border_estimator=center_window_kmer_jsd;estimator=center_jsd;window=48;search_radius=24;kmer=2;top_ratio=0.25;score_scale=4.0;motif_weight=0.0;motif_radius=12;score_normalization=train_quantile;raw_border_score=0.324962;border_score=1.163622",0.30885764956474304,0.3067597448825836,0.3843826353549957
test_Seq_75,0,2,"benchmark=nucleotide_transformer_downstream_tasks;dataset=splice_sites_all;matching=kmer_balanced;matching_signature=(7, 'TTT');border_estimator=center_window_kmer_jsd;estimator=center_jsd;window=48;search_radius=24;kmer=2;top_ratio=0.25;score_scale=4.0;motif_weight=0.0;motif_radius=12;score_normalization=train_quantile;raw_border_score=0.235161;border_score=1.049444",0.3097712993621826,0.3106616139411926,0.37956705689430237
test_Seq_532,0,2,"benchmark=nucleotide_transformer_downstream_tasks;dataset=splice_sites_all;matching=kmer_balanced;matching_signature=(8, 'AAA');border_estimator=center_window_kmer_jsd;estimator=center_jsd;window=48;search_radius=24;kmer=2;top_ratio=0.25;score_scale=4.0;motif_weight=0.0;motif_radius=12;score_normalization=train_quantile;raw_border_score=0.323675;border_score=1.163044",0.13174228370189667,0.12187209725379944,0.7463856339454651
test_Seq_1903,1,0,"benchmark=nucleotide_transformer_downstream_tasks;dataset=splice_sites_all;matching=kmer_balanced;matching_signature=(8, 'TTT');border_estimator=center_window_kmer_jsd;estimator=center_jsd;window=48;search_radius=24;kmer=2;top_ratio=0.25;score_scale=4.0;motif_weight=0.0;motif_radius=12;score_normalization=train_quantile;raw_border_score=0.275271;border_score=1.117578",0.3432717025279999,0.3376566767692566,0.31907162070274353
test_Seq_695,0,1,"benchmark=nucleotide_transformer_downstream_tasks;dataset=splice_sites_all;matching=kmer_balanced;matching_signature=(8, 'AAA');border_estimator=center_window_kmer_jsd;estimator=center_jsd;window=48;search_radius=24;kmer=2;top_ratio=0.25;score_scale=4.0;motif_weight=0.0;motif_radius=12;score_normalization=train_quantile;raw_border_score=0.271469;border_score=1.112244",0.33777448534965515,0.341420441865921,0.32080504298210144
test_Seq_2396,2,0,"benchmark=nucleotide_transformer_downstream_tasks;dataset=splice_sites_all;matching=kmer_balanced;matching_signature=(5, 'TTT');border_estimator=center_window_kmer_jsd;estimator=center_jsd;window=48;search_radius=24;kmer=2;top_ratio=0.25;score_scale=4.0;motif_weight=0.0;motif_radius=12;score_normalization=train_quantile;raw_border_score=0.219635;border_score=1.017622",0.33639028668403625,0.32840031385421753,0.3352094292640686
test_Seq_527,0,2,"benchmark=nucleotide_transformer_downstream_tasks;dataset=splice_sites_all;matching=kmer_balanced;matching_signature=(8, 'TTT');border_estimator=center_window_kmer_jsd;estimator=center_jsd;window=48;search_radius=24;kmer=2;top_ratio=0.25;score_scale=4.0;motif_weight=0.0;motif_radius=12;score_normalization=train_quantile;raw_border_score=0.245604;border_score=1.070333",0.269672691822052,0.2707655429840088,0.45956170558929443
test_Seq_1711,1,2,"benchmark=nucleotide_transformer_downstream_tasks;dataset=splice_sites_all;matching=kmer_balanced;matching_signature=(13, 'GGC');border_estimator=center_window_kmer_jsd;estimator=center_jsd;window=48;search_radius=24;kmer=2;top_ratio=0.25;score_scale=4.0;motif_weight=0.0;motif_radius=12;score_normalization=train_quantile;raw_border_score=0.181662;border_score=0.921800",0.31949883699417114,0.33249062299728394,0.3480105698108673
test_Seq_2661,2,2,"benchmark=nucleotide_transformer_downstream_tasks;dataset=splice_sites_all;matching=kmer_balanced;matching_signature=(7, 'TTT');border_estimator=center_window_kmer_jsd;estimator=center_jsd;window=48;search_radius=24;kmer=2;top_ratio=0.25;score_scale=4.0;motif_weight=0.0;motif_radius=12;score_normalization=train_quantile;raw_border_score=0.218100;border_score=1.014022",0.3210330903530121,0.31917130947113037,0.35979557037353516
test_Seq_124,0,2,"benchmark=nucleotide_transformer_downstream_tasks;dataset=splice_sites_all;matching=kmer_balanced;matching_signature=(8, 'TTT');border_estimator=center_window_kmer_jsd;estimator=center_jsd;window=48;search_radius=24;kmer=2;top_ratio=0.25;score_scale=4.0;motif_weight=0.0;motif_radius=12;score_normalization=train_quantile;raw_border_score=0.163410;border_score=0.874822",0.27987682819366455,0.2683567404747009,0.4517664313316345
test_Seq_2371,2,2,"benchmark=nucleotide_transformer_downstream_tasks;dataset=splice_sites_all;matching=kmer_balanced;matching_signature=(7, 'TTT');border_estimator=center_window_kmer_jsd;estimator=center_jsd;window=48;search_radius=24;kmer=2;top_ratio=0.25;score_scale=4.0;motif_weight=0.0;motif_radius=12;score_normalization=train_quantile;raw_border_score=0.161063;border_score=0.869444",0.13960278034210205,0.13705816864967346,0.7233390808105469
test_Seq_1974,1,2,"benchmark=nucleotide_transformer_downstream_tasks;dataset=splice_sites_all;matching=kmer_balanced;matching_signature=(11, 'CCT');border_estimator=center_window_kmer_jsd;estimator=center_jsd;window=48;search_radius=24;kmer=2;top_ratio=0.25;score_scale=4.0;motif_weight=0.0;motif_radius=12;score_normalization=train_quantile;raw_border_score=0.232528;border_score=1.044556",0.32001906633377075,0.3107025921344757,0.3692783713340759
test_Seq_2668,2,2,"benchmark=nucleotide_transformer_downstream_tasks;dataset=splice_sites_all;matching=kmer_balanced;matching_signature=(6, 'TTT');border_estimator=center_window_kmer_jsd;estimator=center_jsd;window=48;search_radius=24;kmer=2;top_ratio=0.25;score_scale=4.0;motif_weight=0.0;motif_radius=12;score_normalization=train_quantile;raw_border_score=0.197704;border_score=0.964822",0.13273407518863678,0.12069559842348099,0.7465702891349792
test_Seq_1568,1,1,"benchmark=nucleotide_transformer_downstream_tasks;dataset=splice_sites_all;matching=kmer_balanced;matching_signature=(7, 'TTT');border_estimator=center_window_kmer_jsd;estimator=center_jsd;window=48;search_radius=24;kmer=2;top_ratio=0.25;score_scale=4.0;motif_weight=0.0;motif_radius=12;score_normalization=train_quantile;raw_border_score=0.201748;border_score=0.975311",0.35394424200057983,0.3606809675693512,0.28537485003471375
test_Seq_440,0,2,"benchmark=nucleotide_transformer_downstream_tasks;dataset=splice_sites_all;matching=kmer_balanced;matching_signature=(6, 'TTT');border_estimator=center_window_kmer_jsd;estimator=center_jsd;window=48;search_radius=24;kmer=2;top_ratio=0.25;score_scale=4.0;motif_weight=0.0;motif_radius=12;score_normalization=train_quantile;raw_border_score=0.299526;border_score=1.145756",0.31489089131355286,0.31621378660202026,0.3688953220844269
test_Seq_152,0,2,"benchmark=nucleotide_transformer_downstream_tasks;dataset=splice_sites_all;matching=kmer_balanced;matching_signature=(12, 'CTG');border_estimator=center_window_kmer_jsd;estimator=center_jsd;window=48;search_radius=24;kmer=2;top_ratio=0.25;score_scale=4.0;motif_weight=0.0;motif_radius=12;score_normalization=train_quantile;raw_border_score=0.172490;border_score=0.897489",0.3082513213157654,0.3119020462036133,0.3798466622829437
test_Seq_294,0,2,"benchmark=nucleotide_transformer_downstream_tasks;dataset=splice_sites_all;matching=kmer_balanced;matching_signature=(9, 'TGA');border_estimator=center_window_kmer_jsd;estimator=center_jsd;window=48;search_radius=24;kmer=2;top_ratio=0.25;score_scale=4.0;motif_weight=0.0;motif_radius=12;score_normalization=train_quantile;raw_border_score=0.180822;border_score=0.919978",0.23928894102573395,0.23287726938724518,0.5278337597846985
test_Seq_2232,2,2,"benchmark=nucleotide_transformer_downstream_tasks;dataset=splice_sites_all;matching=kmer_balanced;matching_signature=(8, 'TTT');border_estimator=center_window_kmer_jsd;estimator=center_jsd;window=48;search_radius=24;kmer=2;top_ratio=0.25;score_scale=4.0;motif_weight=0.0;motif_radius=12;score_normalization=train_quantile;raw_border_score=0.252063;border_score=1.082333",0.1813829094171524,0.17413796484470367,0.6444791555404663
test_Seq_145,0,2,"benchmark=nucleotide_transformer_downstream_tasks;dataset=splice_sites_all;matching=kmer_balanced;matching_signature=(13, 'GGC');border_estimator=center_window_kmer_jsd;estimator=center_jsd;window=48;search_radius=24;kmer=2;top_ratio=0.25;score_scale=4.0;motif_weight=0.0;motif_radius=12;score_normalization=train_quantile;raw_border_score=0.255320;border_score=1.087889",0.2964524030685425,0.297823965549469,0.4057236313819885
test_Seq_2492,2,2,"benchmark=nucleotide_transformer_downstream_tasks;dataset=splice_sites_all;matching=kmer_balanced;matching_signature=(10, 'AAA');border_estimator=center_window_kmer_jsd;estimator=center_jsd;window=48;search_radius=24;kmer=2;top_ratio=0.25;score_scale=4.0;motif_weight=0.0;motif_radius=12;score_normalization=train_quantile;raw_border_score=0.181298;border_score=0.921222",0.1004137173295021,0.09062477201223373,0.8089615106582642
test_Seq_2912,2,1,"benchmark=nucleotide_transformer_downstream_tasks;dataset=splice_sites_all;matching=kmer_balanced;matching_signature=(10, 'GGG');border_estimator=center_window_kmer_jsd;estimator=center_jsd;window=48;search_radius=24;kmer=2;top_ratio=0.25;score_scale=4.0;motif_weight=0.0;motif_radius=12;score_normalization=train_quantile;raw_border_score=0.185715;border_score=0.932556",0.3338136374950409,0.33548203110694885,0.33070436120033264
test_Seq_1943,1,2,"benchmark=nucleotide_transformer_downstream_tasks;dataset=splice_sites_all;matching=kmer_balanced;matching_signature=(9, 'AAG');border_estimator=center_window_kmer_jsd;estimator=center_jsd;window=48;search_radius=24;kmer=2;top_ratio=0.25;score_scale=4.0;motif_weight=0.0;motif_radius=12;score_normalization=train_quantile;raw_border_score=0.338236;border_score=1.170956",0.3260473608970642,0.3240073621273041,0.3499452769756317
test_Seq_1518,1,2,"benchmark=nucleotide_transformer_downstream_tasks;dataset=splice_sites_all;matching=kmer_balanced;matching_signature=(12, 'GGG');border_estimator=center_window_kmer_jsd;estimator=center_jsd;window=48;search_radius=24;kmer=2;top_ratio=0.25;score_scale=4.0;motif_weight=0.0;motif_radius=12;score_normalization=train_quantile;raw_border_score=0.175729;border_score=0.907089",0.308716356754303,0.30229100584983826,0.3889926075935364
test_Seq_2004,2,2,"benchmark=nucleotide_transformer_downstream_tasks;dataset=splice_sites_all;matching=kmer_balanced;matching_signature=(8, 'TTT');border_estimator=center_window_kmer_jsd;estimator=center_jsd;window=48;search_radius=24;kmer=2;top_ratio=0.25;score_scale=4.0;motif_weight=0.0;motif_radius=12;score_normalization=train_quantile;raw_border_score=0.295989;border_score=1.141844",0.30155807733535767,0.29303601384162903,0.4054059088230133
test_Seq_2535,2,2,"benchmark=nucleotide_transformer_downstream_tasks;dataset=splice_sites_all;matching=kmer_balanced;matching_signature=(9, 'TTT');border_estimator=center_window_kmer_jsd;estimator=center_jsd;window=48;search_radius=24;kmer=2;top_ratio=0.25;score_scale=4.0;motif_weight=0.0;motif_radius=12;score_normalization=train_quantile;raw_border_score=0.240269;border_score=1.059489",0.30390891432762146,0.3015695810317993,0.39452141523361206
test_Seq_740,0,0,"benchmark=nucleotide_transformer_downstream_tasks;dataset=splice_sites_all;matching=kmer_balanced;matching_signature=(9, 'CTG');border_estimator=center_window_kmer_jsd;estimator=center_jsd;window=48;search_radius=24;kmer=2;top_ratio=0.25;score_scale=4.0;motif_weight=0.0;motif_radius=12;score_normalization=train_quantile;raw_border_score=0.201802;border_score=0.975578",0.35892245173454285,0.34817713499069214,0.29290035367012024
test_Seq_876,0,2,"benchmark=nucleotide_transformer_downstream_tasks;dataset=splice_sites_all;matching=kmer_balanced;matching_signature=(11, 'CTG');border_estimator=center_window_kmer_jsd;estimator=center_jsd;window=48;search_radius=24;kmer=2;top_ratio=0.25;score_scale=4.0;motif_weight=0.0;motif_radius=12;score_normalization=train_quantile;raw_border_score=0.123762;border_score=0.813356",0.3069767355918884,0.3050611913204193,0.38796210289001465
test_Seq_498,0,2,"benchmark=nucleotide_transformer_downstream_tasks;dataset=splice_sites_all;matching=kmer_balanced;matching_signature=(10, 'CCC');border_estimator=center_window_kmer_jsd;estimator=center_jsd;window=48;search_radius=24;kmer=2;top_ratio=0.25;score_scale=4.0;motif_weight=0.0;motif_radius=12;score_normalization=train_quantile;raw_border_score=0.304853;border_score=1.150156",0.3193266689777374,0.3255733251571655,0.35510000586509705
test_Seq_66,0,2,"benchmark=nucleotide_transformer_downstream_tasks;dataset=splice_sites_all;matching=kmer_balanced;matching_signature=(9, 'TTT');border_estimator=center_window_kmer_jsd;estimator=center_jsd;window=48;search_radius=24;kmer=2;top_ratio=0.25;score_scale=4.0;motif_weight=0.0;motif_radius=12;score_normalization=train_quantile;raw_border_score=0.331985;border_score=1.167267",0.16084346175193787,0.15555496513843536,0.6836015582084656
test_Seq_2069,2,2,"benchmark=nucleotide_transformer_downstream_tasks;dataset=splice_sites_all;matching=kmer_balanced;matching_signature=(7, 'TTT');border_estimator=center_window_kmer_jsd;estimator=center_jsd;window=48;search_radius=24;kmer=2;top_ratio=0.25;score_scale=4.0;motif_weight=0.0;motif_radius=12;score_normalization=train_quantile;raw_border_score=0.154540;border_score=0.856511",0.2894059121608734,0.28485554456710815,0.4257385730743408
test_Seq_2889,2,2,"benchmark=nucleotide_transformer_downstream_tasks;dataset=splice_sites_all;matching=kmer_balanced;matching_signature=(7, 'TTT');border_estimator=center_window_kmer_jsd;estimator=center_jsd;window=48;search_radius=24;kmer=2;top_ratio=0.25;score_scale=4.0;motif_weight=0.0;motif_radius=12;score_normalization=train_quantile;raw_border_score=0.286915;border_score=1.132867",0.29727426171302795,0.2910839319229126,0.41164180636405945
test_Seq_2328,2,2,"benchmark=nucleotide_transformer_downstream_tasks;dataset=splice_sites_all;matching=kmer_balanced;matching_signature=(14, 'GGG');border_estimator=center_window_kmer_jsd;estimator=center_jsd;window=48;search_radius=24;kmer=2;top_ratio=0.25;score_scale=4.0;motif_weight=0.0;motif_radius=12;score_normalization=train_quantile;raw_border_score=0.187740;border_score=0.938022",0.3263247609138489,0.3293689489364624,0.34430623054504395
test_Seq_1191,1,2,"benchmark=nucleotide_transformer_downstream_tasks;dataset=splice_sites_all;matching=kmer_balanced;matching_signature=(7, 'TTT');border_estimator=center_window_kmer_jsd;estimator=center_jsd;window=48;search_radius=24;kmer=2;top_ratio=0.25;score_scale=4.0;motif_weight=0.0;motif_radius=12;score_normalization=train_quantile;raw_border_score=0.306595;border_score=1.151178",0.32224875688552856,0.33067601919174194,0.3470752239227295
test_Seq_1243,1,2,"benchmark=nucleotide_transformer_downstream_tasks;dataset=splice_sites_all;matching=kmer_balanced;matching_signature=(12, 'CTG');border_estimator=center_window_kmer_jsd;estimator=center_jsd;window=48;search_radius=24;kmer=2;top_ratio=0.25;score_scale=4.0;motif_weight=0.0;motif_radius=12;score_normalization=train_quantile;raw_border_score=0.226098;border_score=1.032022",0.3151834011077881,0.320139616727829,0.36467695236206055
test_Seq_50,0,2,"benchmark=nucleotide_transformer_downstream_tasks;dataset=splice_sites_all;matching=kmer_balanced;matching_signature=(10, 'TCT');border_estimator=center_window_kmer_jsd;estimator=center_jsd;window=48;search_radius=24;kmer=2;top_ratio=0.25;score_scale=4.0;motif_weight=0.0;motif_radius=12;score_normalization=train_quantile;raw_border_score=0.175413;border_score=0.906067",0.2525279223918915,0.2438678741455078,0.5036042332649231
test_Seq_732,0,2,"benchmark=nucleotide_transformer_downstream_tasks;dataset=splice_sites_all;matching=kmer_balanced;matching_signature=(12, 'CTG');border_estimator=center_window_kmer_jsd;estimator=center_jsd;window=48;search_radius=24;kmer=2;top_ratio=0.25;score_scale=4.0;motif_weight=0.0;motif_radius=12;score_normalization=train_quantile;raw_border_score=0.150172;border_score=0.847933",0.30435413122177124,0.3034810721874237,0.39216476678848267
test_Seq_2193,2,2,"benchmark=nucleotide_transformer_downstream_tasks;dataset=splice_sites_all;matching=kmer_balanced;matching_signature=(7, 'TTT');border_estimator=center_window_kmer_jsd;estimator=center_jsd;window=48;search_radius=24;kmer=2;top_ratio=0.25;score_scale=4.0;motif_weight=0.0;motif_radius=12;score_normalization=train_quantile;raw_border_score=0.363578;border_score=1.181800",0.3229338526725769,0.3155382573604584,0.36152786016464233
test_Seq_680,0,2,"benchmark=nucleotide_transformer_downstream_tasks;dataset=splice_sites_all;matching=kmer_balanced;matching_signature=(10, 'TGG');border_estimator=center_window_kmer_jsd;estimator=center_jsd;window=48;search_radius=24;kmer=2;top_ratio=0.25;score_scale=4.0;motif_weight=0.0;motif_radius=12;score_normalization=train_quantile;raw_border_score=0.218920;border_score=1.016200",0.31297925114631653,0.3062243163585663,0.3807964026927948
test_Seq_564,0,2,"benchmark=nucleotide_transformer_downstream_tasks;dataset=splice_sites_all;matching=kmer_balanced;matching_signature=(7, 'AAA');border_estimator=center_window_kmer_jsd;estimator=center_jsd;window=48;search_radius=24;kmer=2;top_ratio=0.25;score_scale=4.0;motif_weight=0.0;motif_radius=12;score_normalization=train_quantile;raw_border_score=0.188768;border_score=0.940689",0.2691865563392639,0.26666226983070374,0.46415117383003235
test_Seq_666,0,0,"benchmark=nucleotide_transformer_downstream_tasks;dataset=splice_sites_all;matching=kmer_balanced;matching_signature=(12, 'CAG');border_estimator=center_window_kmer_jsd;estimator=center_jsd;window=48;search_radius=24;kmer=2;top_ratio=0.25;score_scale=4.0;motif_weight=0.0;motif_radius=12;score_normalization=train_quantile;raw_border_score=0.236166;border_score=1.051133",0.3479948341846466,0.34248343110084534,0.30952176451683044
test_Seq_191,0,2,"benchmark=nucleotide_transformer_downstream_tasks;dataset=splice_sites_all;matching=kmer_balanced;matching_signature=(11, 'GGG');border_estimator=center_window_kmer_jsd;estimator=center_jsd;window=48;search_radius=24;kmer=2;top_ratio=0.25;score_scale=4.0;motif_weight=0.0;motif_radius=12;score_normalization=train_quantile;raw_border_score=0.122728;border_score=0.812511",0.2772005498409271,0.2783520221710205,0.44444739818573
test_Seq_965,0,2,"benchmark=nucleotide_transformer_downstream_tasks;dataset=splice_sites_all;matching=kmer_balanced;matching_signature=(11, 'CTG');border_estimator=center_window_kmer_jsd;estimator=center_jsd;window=48;search_radius=24;kmer=2;top_ratio=0.25;score_scale=4.0;motif_weight=0.0;motif_radius=12;score_normalization=train_quantile;raw_border_score=0.302003;border_score=1.147933",0.2680850327014923,0.2554038166999817,0.4765112102031708
test_Seq_2454,2,2,"benchmark=nucleotide_transformer_downstream_tasks;dataset=splice_sites_all;matching=kmer_balanced;matching_signature=(8, 'TTT');border_estimator=center_window_kmer_jsd;estimator=center_jsd;window=48;search_radius=24;kmer=2;top_ratio=0.25;score_scale=4.0;motif_weight=0.0;motif_radius=12;score_normalization=train_quantile;raw_border_score=0.225643;border_score=1.031311",0.13690844178199768,0.13282044231891632,0.7302711606025696
test_Seq_2705,2,2,"benchmark=nucleotide_transformer_downstream_tasks;dataset=splice_sites_all;matching=kmer_balanced;matching_signature=(10, 'CCT');border_estimator=center_window_kmer_jsd;estimator=center_jsd;window=48;search_radius=24;kmer=2;top_ratio=0.25;score_scale=4.0;motif_weight=0.0;motif_radius=12;score_normalization=train_quantile;raw_border_score=0.151588;border_score=0.849933",0.12762956321239471,0.11400377005338669,0.7583667039871216
test_Seq_1016,1,2,"benchmark=nucleotide_transformer_downstream_tasks;dataset=splice_sites_all;matching=kmer_balanced;matching_signature=(14, 'GGG');border_estimator=center_window_kmer_jsd;estimator=center_jsd;window=48;search_radius=24;kmer=2;top_ratio=0.25;score_scale=4.0;motif_weight=0.0;motif_radius=12;score_normalization=train_quantile;raw_border_score=0.197589;border_score=0.964511",0.31476709246635437,0.3110251724720001,0.3742077052593231
test_Seq_1407,1,0,"benchmark=nucleotide_transformer_downstream_tasks;dataset=splice_sites_all;matching=kmer_balanced;matching_signature=(10, 'TCT');border_estimator=center_window_kmer_jsd;estimator=center_jsd;window=48;search_radius=24;kmer=2;top_ratio=0.25;score_scale=4.0;motif_weight=0.0;motif_radius=12;score_normalization=train_quantile;raw_border_score=0.296642;border_score=1.142511",0.3572670519351959,0.35401397943496704,0.28871896862983704
test_Seq_16,0,2,"benchmark=nucleotide_transformer_downstream_tasks;dataset=splice_sites_all;matching=kmer_balanced;matching_signature=(12, 'CCC');border_estimator=center_window_kmer_jsd;estimator=center_jsd;window=48;search_radius=24;kmer=2;top_ratio=0.25;score_scale=4.0;motif_weight=0.0;motif_radius=12;score_normalization=train_quantile;raw_border_score=0.197542;border_score=0.964422",0.2725045680999756,0.26618829369544983,0.4613071084022522
test_Seq_2764,2,2,"benchmark=nucleotide_transformer_downstream_tasks;dataset=splice_sites_all;matching=kmer_balanced;matching_signature=(6, 'TTT');border_estimator=center_window_kmer_jsd;estimator=center_jsd;window=48;search_radius=24;kmer=2;top_ratio=0.25;score_scale=4.0;motif_weight=0.0;motif_radius=12;score_normalization=train_quantile;raw_border_score=0.126789;border_score=0.816244",0.30704548954963684,0.2982872426509857,0.39466723799705505
test_Seq_773,0,2,"benchmark=nucleotide_transformer_downstream_tasks;dataset=splice_sites_all;matching=kmer_balanced;matching_signature=(7, 'TTT');border_estimator=center_window_kmer_jsd;estimator=center_jsd;window=48;search_radius=24;kmer=2;top_ratio=0.25;score_scale=4.0;motif_weight=0.0;motif_radius=12;score_normalization=train_quantile;raw_border_score=0.193275;border_score=0.952778",0.32974064350128174,0.32411280274391174,0.34614652395248413
test_Seq_2555,2,2,"benchmark=nucleotide_transformer_downstream_tasks;dataset=splice_sites_all;matching=kmer_balanced;matching_signature=(7, 'TTT');border_estimator=center_window_kmer_jsd;estimator=center_jsd;window=48;search_radius=24;kmer=2;top_ratio=0.25;score_scale=4.0;motif_weight=0.0;motif_radius=12;score_normalization=train_quantile;raw_border_score=0.165449;border_score=0.879933",0.28194499015808105,0.27251484990119934,0.4455401599407196
test_Seq_789,0,2,"benchmark=nucleotide_transformer_downstream_tasks;dataset=splice_sites_all;matching=kmer_balanced;matching_signature=(6, 'TTT');border_estimator=center_window_kmer_jsd;estimator=center_jsd;window=48;search_radius=24;kmer=2;top_ratio=0.25;score_scale=4.0;motif_weight=0.0;motif_radius=12;score_normalization=train_quantile;raw_border_score=0.331575;border_score=1.167089",0.3279511034488678,0.31587547063827515,0.35617342591285706
test_Seq_2694,2,2,"benchmark=nucleotide_transformer_downstream_tasks;dataset=splice_sites_all;matching=kmer_balanced;matching_signature=(12, 'CAG');border_estimator=center_window_kmer_jsd;estimator=center_jsd;window=48;search_radius=24;kmer=2;top_ratio=0.25;score_scale=4.0;motif_weight=0.0;motif_radius=12;score_normalization=train_quantile;raw_border_score=0.245468;border_score=1.070111",0.25616663694381714,0.2449304461479187,0.49890294671058655
test_Seq_2717,2,1,"benchmark=nucleotide_transformer_downstream_tasks;dataset=splice_sites_all;matching=kmer_balanced;matching_signature=(8, 'TTT');border_estimator=center_window_kmer_jsd;estimator=center_jsd;window=48;search_radius=24;kmer=2;top_ratio=0.25;score_scale=4.0;motif_weight=0.0;motif_radius=12;score_normalization=train_quantile;raw_border_score=0.182839;border_score=0.924467",0.36000093817710876,0.36247244477272034,0.2775266170501709
test_Seq_2103,2,2,"benchmark=nucleotide_transformer_downstream_tasks;dataset=splice_sites_all;matching=kmer_balanced;matching_signature=(5, 'TTT');border_estimator=center_window_kmer_jsd;estimator=center_jsd;window=48;search_radius=24;kmer=2;top_ratio=0.25;score_scale=4.0;motif_weight=0.0;motif_radius=12;score_normalization=train_quantile;raw_border_score=0.187902;border_score=0.938644",0.30634433031082153,0.2987138330936432,0.3949418365955353
test_Seq_2838,2,2,"benchmark=nucleotide_transformer_downstream_tasks;dataset=splice_sites_all;matching=kmer_balanced;matching_signature=(8, 'TTT');border_estimator=center_window_kmer_jsd;estimator=center_jsd;window=48;search_radius=24;kmer=2;top_ratio=0.25;score_scale=4.0;motif_weight=0.0;motif_radius=12;score_normalization=train_quantile;raw_border_score=0.133892;border_score=0.824067",0.18614992499351501,0.18112029135227203,0.6327298283576965
test_Seq_1142,1,1,"benchmark=nucleotide_transformer_downstream_tasks;dataset=splice_sites_all;matching=kmer_balanced;matching_signature=(11, 'AGG');border_estimator=center_window_kmer_jsd;estimator=center_jsd;window=48;search_radius=24;kmer=2;top_ratio=0.25;score_scale=4.0;motif_weight=0.0;motif_radius=12;score_normalization=train_quantile;raw_border_score=0.151050;border_score=0.849089",0.33370456099510193,0.3405103087425232,0.3257851004600525
test_Seq_305,0,2,"benchmark=nucleotide_transformer_downstream_tasks;dataset=splice_sites_all;matching=kmer_balanced;matching_signature=(9, 'TTT');border_estimator=center_window_kmer_jsd;estimator=center_jsd;window=48;search_radius=24;kmer=2;top_ratio=0.25;score_scale=4.0;motif_weight=0.0;motif_radius=12;score_normalization=train_quantile;raw_border_score=0.249682;border_score=1.078511",0.3139064311981201,0.3097955882549286,0.3762979805469513
test_Seq_229,0,2,"benchmark=nucleotide_transformer_downstream_tasks;dataset=splice_sites_all;matching=kmer_balanced;matching_signature=(10, 'TCT');border_estimator=center_window_kmer_jsd;estimator=center_jsd;window=48;search_radius=24;kmer=2;top_ratio=0.25;score_scale=4.0;motif_weight=0.0;motif_radius=12;score_normalization=train_quantile;raw_border_score=0.316770;border_score=1.158689",0.33413568139076233,0.32677513360977173,0.33908915519714355
test_Seq_2299,2,2,"benchmark=nucleotide_transformer_downstream_tasks;dataset=splice_sites_all;matching=kmer_balanced;matching_signature=(6, 'AAA');border_estimator=center_window_kmer_jsd;estimator=center_jsd;window=48;search_radius=24;kmer=2;top_ratio=0.25;score_scale=4.0;motif_weight=0.0;motif_radius=12;score_normalization=train_quantile;raw_border_score=0.245963;border_score=1.071044",0.2300601452589035,0.22786682844161987,0.5420730710029602
test_Seq_1906,1,0,"benchmark=nucleotide_transformer_downstream_tasks;dataset=splice_sites_all;matching=kmer_balanced;matching_signature=(8, 'AAA');border_estimator=center_window_kmer_jsd;estimator=center_jsd;window=48;search_radius=24;kmer=2;top_ratio=0.25;score_scale=4.0;motif_weight=0.0;motif_radius=12;score_normalization=train_quantile;raw_border_score=0.134484;border_score=0.824600",0.3389052152633667,0.3339252173900604,0.3271695375442505
test_Seq_2722,2,2,"benchmark=nucleotide_transformer_downstream_tasks;dataset=splice_sites_all;matching=kmer_balanced;matching_signature=(10, 'CTG');border_estimator=center_window_kmer_jsd;estimator=center_jsd;window=48;search_radius=24;kmer=2;top_ratio=0.25;score_scale=4.0;motif_weight=0.0;motif_radius=12;score_normalization=train_quantile;raw_border_score=0.281655;border_score=1.125889",0.20587734878063202,0.1912127137184143,0.6029099225997925
test_Seq_2618,2,2,"benchmark=nucleotide_transformer_downstream_tasks;dataset=splice_sites_all;matching=kmer_balanced;matching_signature=(10, 'AGG');border_estimator=center_window_kmer_jsd;estimator=center_jsd;window=48;search_radius=24;kmer=2;top_ratio=0.25;score_scale=4.0;motif_weight=0.0;motif_radius=12;score_normalization=train_quantile;raw_border_score=0.208006;border_score=0.990111",0.3014585077762604,0.30674028396606445,0.39180126786231995
test_Seq_1381,1,2,"benchmark=nucleotide_transformer_downstream_tasks;dataset=splice_sites_all;matching=kmer_balanced;matching_signature=(13, 'CCC');border_estimator=center_window_kmer_jsd;estimator=center_jsd;window=48;search_radius=24;kmer=2;top_ratio=0.25;score_scale=4.0;motif_weight=0.0;motif_radius=12;score_normalization=train_quantile;raw_border_score=0.237324;border_score=1.053267",0.3143535256385803,0.31759974360466003,0.36804673075675964
test_Seq_2336,2,1,"benchmark=nucleotide_transformer_downstream_tasks;dataset=splice_sites_all;matching=kmer_balanced;matching_signature=(9, 'TGA');border_estimator=center_window_kmer_jsd;estimator=center_jsd;window=48;search_radius=24;kmer=2;top_ratio=0.25;score_scale=4.0;motif_weight=0.0;motif_radius=12;score_normalization=train_quantile;raw_border_score=0.176257;border_score=0.908867",0.33387282490730286,0.34515202045440674,0.320975124835968
test_Seq_1175,1,2,"benchmark=nucleotide_transformer_downstream_tasks;dataset=splice_sites_all;matching=kmer_balanced;matching_signature=(13, 'CCC');border_estimator=center_window_kmer_jsd;estimator=center_jsd;window=48;search_radius=24;kmer=2;top_ratio=0.25;score_scale=4.0;motif_weight=0.0;motif_radius=12;score_normalization=train_quantile;raw_border_score=0.214646;border_score=1.005356",0.33034026622772217,0.3343770503997803,0.33528265357017517
test_Seq_421,0,2,"benchmark=nucleotide_transformer_downstream_tasks;dataset=splice_sites_all;matching=kmer_balanced;matching_signature=(7, 'TTT');border_estimator=center_window_kmer_jsd;estimator=center_jsd;window=48;search_radius=24;kmer=2;top_ratio=0.25;score_scale=4.0;motif_weight=0.0;motif_radius=12;score_normalization=train_quantile;raw_border_score=0.282499;border_score=1.127044",0.28161337971687317,0.27502021193504333,0.44336631894111633
test_Seq_2636,2,2,"benchmark=nucleotide_transformer_downstream_tasks;dataset=splice_sites_all;matching=kmer_balanced;matching_signature=(7, 'TTT');border_estimator=center_window_kmer_jsd;estimator=center_jsd;window=48;search_radius=24;kmer=2;top_ratio=0.25;score_scale=4.0;motif_weight=0.0;motif_radius=12;score_normalization=train_quantile;raw_border_score=0.242604;border_score=1.065000",0.3203279674053192,0.3144368529319763,0.3652351498603821
test_Seq_2411,2,2,"benchmark=nucleotide_transformer_downstream_tasks;dataset=splice_sites_all;matching=kmer_balanced;matching_signature=(8, 'TTT');border_estimator=center_window_kmer_jsd;estimator=center_jsd;window=48;search_radius=24;kmer=2;top_ratio=0.25;score_scale=4.0;motif_weight=0.0;motif_radius=12;score_normalization=train_quantile;raw_border_score=0.258854;border_score=1.093533",0.12357122451066971,0.11630365252494812,0.7601251602172852
test_Seq_2175,2,1,"benchmark=nucleotide_transformer_downstream_tasks;dataset=splice_sites_all;matching=kmer_balanced;matching_signature=(7, 'TTT');border_estimator=center_window_kmer_jsd;estimator=center_jsd;window=48;search_radius=24;kmer=2;top_ratio=0.25;score_scale=4.0;motif_weight=0.0;motif_radius=12;score_normalization=train_quantile;raw_border_score=0.323970;border_score=1.163178",0.33401674032211304,0.33788326382637024,0.3281000256538391
test_Seq_2437,2,0,"benchmark=nucleotide_transformer_downstream_tasks;dataset=splice_sites_all;matching=kmer_balanced;matching_signature=(12, 'GGG');border_estimator=center_window_kmer_jsd;estimator=center_jsd;window=48;search_radius=24;kmer=2;top_ratio=0.25;score_scale=4.0;motif_weight=0.0;motif_radius=12;score_normalization=train_quantile;raw_border_score=0.240353;border_score=1.059667",0.33440661430358887,0.33388644456863403,0.3317069113254547
test_Seq_2613,2,2,"benchmark=nucleotide_transformer_downstream_tasks;dataset=splice_sites_all;matching=kmer_balanced;matching_signature=(6, 'AAA');border_estimator=center_window_kmer_jsd;estimator=center_jsd;window=48;search_radius=24;kmer=2;top_ratio=0.25;score_scale=4.0;motif_weight=0.0;motif_radius=12;score_normalization=train_quantile;raw_border_score=0.129470;border_score=0.818867",0.3045642077922821,0.3007717728614807,0.3946640193462372
test_Seq_1948,1,2,"benchmark=nucleotide_transformer_downstream_tasks;dataset=splice_sites_all;matching=kmer_balanced;matching_signature=(7, 'TTT');border_estimator=center_window_kmer_jsd;estimator=center_jsd;window=48;search_radius=24;kmer=2;top_ratio=0.25;score_scale=4.0;motif_weight=0.0;motif_radius=12;score_normalization=train_quantile;raw_border_score=0.185158;border_score=0.931044",0.30597013235092163,0.30242523550987244,0.3916046917438507
test_Seq_2049,2,2,"benchmark=nucleotide_transformer_downstream_tasks;dataset=splice_sites_all;matching=kmer_balanced;matching_signature=(8, 'TCT');border_estimator=center_window_kmer_jsd;estimator=center_jsd;window=48;search_radius=24;kmer=2;top_ratio=0.25;score_scale=4.0;motif_weight=0.0;motif_radius=12;score_normalization=train_quantile;raw_border_score=0.197340;border_score=0.963889",0.3083314597606659,0.3001691401004791,0.39149942994117737
test_Seq_1255,1,1,"benchmark=nucleotide_transformer_downstream_tasks;dataset=splice_sites_all;matching=kmer_balanced;matching_signature=(8, 'AAA');border_estimator=center_window_kmer_jsd;estimator=center_jsd;window=48;search_radius=24;kmer=2;top_ratio=0.25;score_scale=4.0;motif_weight=0.0;motif_radius=12;score_normalization=train_quantile;raw_border_score=0.270272;border_score=1.110689",0.35273995995521545,0.3614805042743683,0.28577950596809387
test_Seq_265,0,2,"benchmark=nucleotide_transformer_downstream_tasks;dataset=splice_sites_all;matching=kmer_balanced;matching_signature=(13, 'CCC');border_estimator=center_window_kmer_jsd;estimator=center_jsd;window=48;search_radius=24;kmer=2;top_ratio=0.25;score_scale=4.0;motif_weight=0.0;motif_radius=12;score_normalization=train_quantile;raw_border_score=0.156140;border_score=0.859578",0.2857896685600281,0.27495133876800537,0.43925899267196655
test_Seq_1505,1,2,"benchmark=nucleotide_transformer_downstream_tasks;dataset=splice_sites_all;matching=kmer_balanced;matching_signature=(11, 'CTG');border_estimator=center_window_kmer_jsd;estimator=center_jsd;window=48;search_radius=24;kmer=2;top_ratio=0.25;score_scale=4.0;motif_weight=0.0;motif_radius=12;score_normalization=train_quantile;raw_border_score=0.213842;border_score=1.003933",0.3187539577484131,0.3189622461795807,0.3622838258743286
test_Seq_2068,2,1,"benchmark=nucleotide_transformer_downstream_tasks;dataset=splice_sites_all;matching=kmer_balanced;matching_signature=(12, 'GGG');border_estimator=center_window_kmer_jsd;estimator=center_jsd;window=48;search_radius=24;kmer=2;top_ratio=0.25;score_scale=4.0;motif_weight=0.0;motif_radius=12;score_normalization=train_quantile;raw_border_score=0.229585;border_score=1.038956",0.35520511865615845,0.3658227324485779,0.27897217869758606
test_Seq_1547,1,2,"benchmark=nucleotide_transformer_downstream_tasks;dataset=splice_sites_all;matching=kmer_balanced;matching_signature=(7, 'AAA');border_estimator=center_window_kmer_jsd;estimator=center_jsd;window=48;search_radius=24;kmer=2;top_ratio=0.25;score_scale=4.0;motif_weight=0.0;motif_radius=12;score_normalization=train_quantile;raw_border_score=0.127649;border_score=0.816956",0.29781922698020935,0.2847510278224945,0.41742971539497375
test_Seq_1283,1,0,"benchmark=nucleotide_transformer_downstream_tasks;dataset=splice_sites_all;matching=kmer_balanced;matching_signature=(7, 'TGA');border_estimator=center_window_kmer_jsd;estimator=center_jsd;window=48;search_radius=24;kmer=2;top_ratio=0.25;score_scale=4.0;motif_weight=0.0;motif_radius=12;score_normalization=train_quantile;raw_border_score=0.217897;border_score=1.013489",0.3442848324775696,0.340421587228775,0.3152935802936554
test_Seq_2948,2,2,"benchmark=nucleotide_transformer_downstream_tasks;dataset=splice_sites_all;matching=kmer_balanced;matching_signature=(7, 'TTT');border_estimator=center_window_kmer_jsd;estimator=center_jsd;window=48;search_radius=24;kmer=2;top_ratio=0.25;score_scale=4.0;motif_weight=0.0;motif_radius=12;score_normalization=train_quantile;raw_border_score=0.159035;border_score=0.865444",0.18891935050487518,0.17325294017791748,0.6378276944160461
test_Seq_630,0,2,"benchmark=nucleotide_transformer_downstream_tasks;dataset=splice_sites_all;matching=kmer_balanced;matching_signature=(12, 'CTG');border_estimator=center_window_kmer_jsd;estimator=center_jsd;window=48;search_radius=24;kmer=2;top_ratio=0.25;score_scale=4.0;motif_weight=0.0;motif_radius=12;score_normalization=train_quantile;raw_border_score=0.310232;border_score=1.154289",0.2913287281990051,0.2837197482585907,0.42495155334472656
test_Seq_1096,1,2,"benchmark=nucleotide_transformer_downstream_tasks;dataset=splice_sites_all;matching=kmer_balanced;matching_signature=(7, 'AAA');border_estimator=center_window_kmer_jsd;estimator=center_jsd;window=48;search_radius=24;kmer=2;top_ratio=0.25;score_scale=4.0;motif_weight=0.0;motif_radius=12;score_normalization=train_quantile;raw_border_score=0.148297;border_score=0.844422",0.30182743072509766,0.303850919008255,0.3943216800689697
test_Seq_2697,2,2,"benchmark=nucleotide_transformer_downstream_tasks;dataset=splice_sites_all;matching=kmer_balanced;matching_signature=(14, 'GGG');border_estimator=center_window_kmer_jsd;estimator=center_jsd;window=48;search_radius=24;kmer=2;top_ratio=0.25;score_scale=4.0;motif_weight=0.0;motif_radius=12;score_normalization=train_quantile;raw_border_score=0.258345;border_score=1.092733",0.3027985394001007,0.3001815676689148,0.3970198631286621
test_Seq_2314,2,2,"benchmark=nucleotide_transformer_downstream_tasks;dataset=splice_sites_all;matching=kmer_balanced;matching_signature=(9, 'CTC');border_estimator=center_window_kmer_jsd;estimator=center_jsd;window=48;search_radius=24;kmer=2;top_ratio=0.25;score_scale=4.0;motif_weight=0.0;motif_radius=12;score_normalization=train_quantile;raw_border_score=0.289728;border_score=1.136156",0.0952192023396492,0.08494486659765244,0.8198359608650208
test_Seq_1870,1,2,"benchmark=nucleotide_transformer_downstream_tasks;dataset=splice_sites_all;matching=kmer_balanced;matching_signature=(8, 'AAA');border_estimator=center_window_kmer_jsd;estimator=center_jsd;window=48;search_radius=24;kmer=2;top_ratio=0.25;score_scale=4.0;motif_weight=0.0;motif_radius=12;score_normalization=train_quantile;raw_border_score=0.216170;border_score=1.009444",0.18178202211856842,0.17089645564556122,0.6473215222358704
test_Seq_2604,2,2,"benchmark=nucleotide_transformer_downstream_tasks;dataset=splice_sites_all;matching=kmer_balanced;matching_signature=(7, 'TTT');border_estimator=center_window_kmer_jsd;estimator=center_jsd;window=48;search_radius=24;kmer=2;top_ratio=0.25;score_scale=4.0;motif_weight=0.0;motif_radius=12;score_normalization=train_quantile;raw_border_score=0.209504;border_score=0.994156",0.32292303442955017,0.3121338188648224,0.36494311690330505
test_Seq_1572,1,2,"benchmark=nucleotide_transformer_downstream_tasks;dataset=splice_sites_all;matching=kmer_balanced;matching_signature=(10, 'GGG');border_estimator=center_window_kmer_jsd;estimator=center_jsd;window=48;search_radius=24;kmer=2;top_ratio=0.25;score_scale=4.0;motif_weight=0.0;motif_radius=12;score_normalization=train_quantile;raw_border_score=0.320997;border_score=1.161622",0.28233933448791504,0.2786868214607239,0.43897390365600586
test_Seq_809,0,2,"benchmark=nucleotide_transformer_downstream_tasks;dataset=splice_sites_all;matching=kmer_balanced;matching_signature=(12, 'GGG');border_estimator=center_window_kmer_jsd;estimator=center_jsd;window=48;search_radius=24;kmer=2;top_ratio=0.25;score_scale=4.0;motif_weight=0.0;motif_radius=12;score_normalization=train_quantile;raw_border_score=0.142163;border_score=0.834289",0.326082319021225,0.3090090751647949,0.3649086058139801
test_Seq_2684,2,2,"benchmark=nucleotide_transformer_downstream_tasks;dataset=splice_sites_all;matching=kmer_balanced;matching_signature=(7, 'TTT');border_estimator=center_window_kmer_jsd;estimator=center_jsd;window=48;search_radius=24;kmer=2;top_ratio=0.25;score_scale=4.0;motif_weight=0.0;motif_radius=12;score_normalization=train_quantile;raw_border_score=0.274862;border_score=1.117000",0.32280004024505615,0.3185056447982788,0.35869428515434265
test_Seq_2724,2,2,"benchmark=nucleotide_transformer_downstream_tasks;dataset=splice_sites_all;matching=kmer_balanced;matching_signature=(6, 'AAA');border_estimator=center_window_kmer_jsd;estimator=center_jsd;window=48;search_radius=24;kmer=2;top_ratio=0.25;score_scale=4.0;motif_weight=0.0;motif_radius=12;score_normalization=train_quantile;raw_border_score=0.123477;border_score=0.813044",0.3325612246990204,0.32857978343963623,0.33885902166366577
test_Seq_1820,1,2,"benchmark=nucleotide_transformer_downstream_tasks;dataset=splice_sites_all;matching=kmer_balanced;matching_signature=(9, 'TGG');border_estimator=center_window_kmer_jsd;estimator=center_jsd;window=48;search_radius=24;kmer=2;top_ratio=0.25;score_scale=4.0;motif_weight=0.0;motif_radius=12;score_normalization=train_quantile;raw_border_score=0.154561;border_score=0.856511",0.2385157346725464,0.23724474012851715,0.5242395997047424
test_Seq_1093,1,2,"benchmark=nucleotide_transformer_downstream_tasks;dataset=splice_sites_all;matching=kmer_balanced;matching_signature=(6, 'AAA');border_estimator=center_window_kmer_jsd;estimator=center_jsd;window=48;search_radius=24;kmer=2;top_ratio=0.25;score_scale=4.0;motif_weight=0.0;motif_radius=12;score_normalization=train_quantile;raw_border_score=0.188083;border_score=0.939133",0.2995917499065399,0.29465022683143616,0.40575799345970154
test_Seq_1053,1,2,"benchmark=nucleotide_transformer_downstream_tasks;dataset=splice_sites_all;matching=kmer_balanced;matching_signature=(8, 'AAA');border_estimator=center_window_kmer_jsd;estimator=center_jsd;window=48;search_radius=24;kmer=2;top_ratio=0.25;score_scale=4.0;motif_weight=0.0;motif_radius=12;score_normalization=train_quantile;raw_border_score=0.188704;border_score=0.940422",0.22465583682060242,0.21184438467025757,0.5634998083114624
test_Seq_1418,1,2,"benchmark=nucleotide_transformer_downstream_tasks;dataset=splice_sites_all;matching=kmer_balanced;matching_signature=(9, 'AAA');border_estimator=center_window_kmer_jsd;estimator=center_jsd;window=48;search_radius=24;kmer=2;top_ratio=0.25;score_scale=4.0;motif_weight=0.0;motif_radius=12;score_normalization=train_quantile;raw_border_score=0.341972;border_score=1.172911",0.3085853159427643,0.29625290632247925,0.3951616883277893
test_Seq_419,0,2,"benchmark=nucleotide_transformer_downstream_tasks;dataset=splice_sites_all;matching=kmer_balanced;matching_signature=(13, 'CCC');border_estimator=center_window_kmer_jsd;estimator=center_jsd;window=48;search_radius=24;kmer=2;top_ratio=0.25;score_scale=4.0;motif_weight=0.0;motif_radius=12;score_normalization=train_quantile;raw_border_score=0.192129;border_score=0.949978",0.22415196895599365,0.20694507658481598,0.5689029097557068
test_Seq_609,0,2,"benchmark=nucleotide_transformer_downstream_tasks;dataset=splice_sites_all;matching=kmer_balanced;matching_signature=(8, 'TTT');border_estimator=center_window_kmer_jsd;estimator=center_jsd;window=48;search_radius=24;kmer=2;top_ratio=0.25;score_scale=4.0;motif_weight=0.0;motif_radius=12;score_normalization=train_quantile;raw_border_score=0.397926;border_score=1.189756",0.1391431838274002,0.1369982659816742,0.7238585948944092
test_Seq_2991,2,2,"benchmark=nucleotide_transformer_downstream_tasks;dataset=splice_sites_all;matching=kmer_balanced;matching_signature=(6, 'AAA');border_estimator=center_window_kmer_jsd;estimator=center_jsd;window=48;search_radius=24;kmer=2;top_ratio=0.25;score_scale=4.0;motif_weight=0.0;motif_radius=12;score_normalization=train_quantile;raw_border_score=0.170047;border_score=0.890956",0.28033822774887085,0.26895850896835327,0.4507032036781311
test_Seq_2470,2,2,"benchmark=nucleotide_transformer_downstream_tasks;dataset=splice_sites_all;matching=kmer_balanced;matching_signature=(12, 'GGG');border_estimator=center_window_kmer_jsd;estimator=center_jsd;window=48;search_radius=24;kmer=2;top_ratio=0.25;score_scale=4.0;motif_weight=0.0;motif_radius=12;score_normalization=train_quantile;raw_border_score=0.264449;border_score=1.102733",0.1350937932729721,0.12736442685127258,0.7375417351722717
test_Seq_1829,1,2,"benchmark=nucleotide_transformer_downstream_tasks;dataset=splice_sites_all;matching=kmer_balanced;matching_signature=(11, 'AGG');border_estimator=center_window_kmer_jsd;estimator=center_jsd;window=48;search_radius=24;kmer=2;top_ratio=0.25;score_scale=4.0;motif_weight=0.0;motif_radius=12;score_normalization=train_quantile;raw_border_score=0.189491;border_score=0.942644",0.32142361998558044,0.3169792890548706,0.36159712076187134
test_Seq_980,0,2,"benchmark=nucleotide_transformer_downstream_tasks;dataset=splice_sites_all;matching=kmer_balanced;matching_signature=(8, 'TTT');border_estimator=center_window_kmer_jsd;estimator=center_jsd;window=48;search_radius=24;kmer=2;top_ratio=0.25;score_scale=4.0;motif_weight=0.0;motif_radius=12;score_normalization=train_quantile;raw_border_score=0.432908;border_score=1.193444",0.16242553293704987,0.1513625532388687,0.6862119436264038
test_Seq_1068,1,1,"benchmark=nucleotide_transformer_downstream_tasks;dataset=splice_sites_all;matching=kmer_balanced;matching_signature=(9, 'TTT');border_estimator=center_window_kmer_jsd;estimator=center_jsd;window=48;search_radius=24;kmer=2;top_ratio=0.25;score_scale=4.0;motif_weight=0.0;motif_radius=12;score_normalization=train_quantile;raw_border_score=0.289205;border_score=1.135711",0.34163153171539307,0.3477226197719574,0.31064584851264954
test_Seq_1361,1,2,"benchmark=nucleotide_transformer_downstream_tasks;dataset=splice_sites_all;matching=kmer_balanced;matching_signature=(10, 'CCT');border_estimator=center_window_kmer_jsd;estimator=center_jsd;window=48;search_radius=24;kmer=2;top_ratio=0.25;score_scale=4.0;motif_weight=0.0;motif_radius=12;score_normalization=train_quantile;raw_border_score=0.135135;border_score=0.825311",0.29337000846862793,0.2918013036251068,0.41482874751091003
test_Seq_2342,2,1,"benchmark=nucleotide_transformer_downstream_tasks;dataset=splice_sites_all;matching=kmer_balanced;matching_signature=(9, 'TTT');border_estimator=center_window_kmer_jsd;estimator=center_jsd;window=48;search_radius=24;kmer=2;top_ratio=0.25;score_scale=4.0;motif_weight=0.0;motif_radius=12;score_normalization=train_quantile;raw_border_score=0.290335;border_score=1.136556",0.34430864453315735,0.3443399965763092,0.31135132908821106
test_Seq_625,0,2,"benchmark=nucleotide_transformer_downstream_tasks;dataset=splice_sites_all;matching=kmer_balanced;matching_signature=(10, 'TTT');border_estimator=center_window_kmer_jsd;estimator=center_jsd;window=48;search_radius=24;kmer=2;top_ratio=0.25;score_scale=4.0;motif_weight=0.0;motif_radius=12;score_normalization=train_quantile;raw_border_score=0.290833;border_score=1.137044",0.2858676016330719,0.2757905423641205,0.43834188580513
test_Seq_1947,1,1,"benchmark=nucleotide_transformer_downstream_tasks;dataset=splice_sites_all;matching=kmer_balanced;matching_signature=(8, 'AAG');border_estimator=center_window_kmer_jsd;estimator=center_jsd;window=48;search_radius=24;kmer=2;top_ratio=0.25;score_scale=4.0;motif_weight=0.0;motif_radius=12;score_normalization=train_quantile;raw_border_score=0.162362;border_score=0.872244",0.3312918245792389,0.3374007046222687,0.33130744099617004
test_Seq_2296,2,2,"benchmark=nucleotide_transformer_downstream_tasks;dataset=splice_sites_all;matching=kmer_balanced;matching_signature=(6, 'TTT');border_estimator=center_window_kmer_jsd;estimator=center_jsd;window=48;search_radius=24;kmer=2;top_ratio=0.25;score_scale=4.0;motif_weight=0.0;motif_radius=12;score_normalization=train_quantile;raw_border_score=0.168150;border_score=0.886911",0.3117820620536804,0.3187974691390991,0.36942046880722046
test_Seq_269,0,2,"benchmark=nucleotide_transformer_downstream_tasks;dataset=splice_sites_all;matching=kmer_balanced;matching_signature=(5, 'TTT');border_estimator=center_window_kmer_jsd;estimator=center_jsd;window=48;search_radius=24;kmer=2;top_ratio=0.25;score_scale=4.0;motif_weight=0.0;motif_radius=12;score_normalization=train_quantile;raw_border_score=0.307332;border_score=1.151667",0.3252317011356354,0.32515621185302734,0.3496120274066925
test_Seq_150,0,2,"benchmark=nucleotide_transformer_downstream_tasks;dataset=splice_sites_all;matching=kmer_balanced;matching_signature=(10, 'CTC');border_estimator=center_window_kmer_jsd;estimator=center_jsd;window=48;search_radius=24;kmer=2;top_ratio=0.25;score_scale=4.0;motif_weight=0.0;motif_radius=12;score_normalization=train_quantile;raw_border_score=0.279688;border_score=1.123667",0.2714378535747528,0.2626282870769501,0.4659339189529419
test_Seq_799,0,2,"benchmark=nucleotide_transformer_downstream_tasks;dataset=splice_sites_all;matching=kmer_balanced;matching_signature=(12, 'CAG');border_estimator=center_window_kmer_jsd;estimator=center_jsd;window=48;search_radius=24;kmer=2;top_ratio=0.25;score_scale=4.0;motif_weight=0.0;motif_radius=12;score_normalization=train_quantile;raw_border_score=0.393340;border_score=1.188867",0.29909780621528625,0.3016074299812317,0.39929476380348206
test_Seq_1664,1,2,"benchmark=nucleotide_transformer_downstream_tasks;dataset=splice_sites_all;matching=kmer_balanced;matching_signature=(11, 'GGG');border_estimator=center_window_kmer_jsd;estimator=center_jsd;window=48;search_radius=24;kmer=2;top_ratio=0.25;score_scale=4.0;motif_weight=0.0;motif_radius=12;score_normalization=train_quantile;raw_border_score=0.290580;border_score=1.136644",0.2816598415374756,0.2729862928390503,0.4453539252281189
test_Seq_652,0,0,"benchmark=nucleotide_transformer_downstream_tasks;dataset=splice_sites_all;matching=kmer_balanced;matching_signature=(6, 'TTT');border_estimator=center_window_kmer_jsd;estimator=center_jsd;window=48;search_radius=24;kmer=2;top_ratio=0.25;score_scale=4.0;motif_weight=0.0;motif_radius=12;score_normalization=train_quantile;raw_border_score=0.248916;border_score=1.077000",0.34302181005477905,0.34123891592025757,0.31573933362960815
test_Seq_32,0,2,"benchmark=nucleotide_transformer_downstream_tasks;dataset=splice_sites_all;matching=kmer_balanced;matching_signature=(13, 'GGG');border_estimator=center_window_kmer_jsd;estimator=center_jsd;window=48;search_radius=24;kmer=2;top_ratio=0.25;score_scale=4.0;motif_weight=0.0;motif_radius=12;score_normalization=train_quantile;raw_border_score=0.308898;border_score=1.153133",0.3091086745262146,0.3031902611255646,0.38770103454589844
test_Seq_784,0,0,"benchmark=nucleotide_transformer_downstream_tasks;dataset=splice_sites_all;matching=kmer_balanced;matching_signature=(11, 'CAG');border_estimator=center_window_kmer_jsd;estimator=center_jsd;window=48;search_radius=24;kmer=2;top_ratio=0.25;score_scale=4.0;motif_weight=0.0;motif_radius=12;score_normalization=train_quantile;raw_border_score=0.183543;border_score=0.926200",0.34519287943840027,0.34361982345581055,0.3111872375011444
test_Seq_755,0,2,"benchmark=nucleotide_transformer_downstream_tasks;dataset=splice_sites_all;matching=kmer_balanced;matching_signature=(13, 'CCC');border_estimator=center_window_kmer_jsd;estimator=center_jsd;window=48;search_radius=24;kmer=2;top_ratio=0.25;score_scale=4.0;motif_weight=0.0;motif_radius=12;score_normalization=train_quantile;raw_border_score=0.211976;border_score=0.999667",0.319460928440094,0.31854429841041565,0.36199477314949036
test_Seq_864,0,2,"benchmark=nucleotide_transformer_downstream_tasks;dataset=splice_sites_all;matching=kmer_balanced;matching_signature=(7, 'AAA');border_estimator=center_window_kmer_jsd;estimator=center_jsd;window=48;search_radius=24;kmer=2;top_ratio=0.25;score_scale=4.0;motif_weight=0.0;motif_radius=12;score_normalization=train_quantile;raw_border_score=0.251519;border_score=1.081622",0.23084312677383423,0.22580112516880035,0.5433557629585266
test_Seq_2860,2,2,"benchmark=nucleotide_transformer_downstream_tasks;dataset=splice_sites_all;matching=kmer_balanced;matching_signature=(6, 'TTT');border_estimator=center_window_kmer_jsd;estimator=center_jsd;window=48;search_radius=24;kmer=2;top_ratio=0.25;score_scale=4.0;motif_weight=0.0;motif_radius=12;score_normalization=train_quantile;raw_border_score=0.325545;border_score=1.164067",0.22292421758174896,0.21558144688606262,0.5614943504333496
test_Seq_685,0,2,"benchmark=nucleotide_transformer_downstream_tasks;dataset=splice_sites_all;matching=kmer_balanced;matching_signature=(7, 'AAA');border_estimator=center_window_kmer_jsd;estimator=center_jsd;window=48;search_radius=24;kmer=2;top_ratio=0.25;score_scale=4.0;motif_weight=0.0;motif_radius=12;score_normalization=train_quantile;raw_border_score=0.317078;border_score=1.159000",0.30663126707077026,0.31134361028671265,0.3820250928401947
test_Seq_1937,1,2,"benchmark=nucleotide_transformer_downstream_tasks;dataset=splice_sites_all;matching=kmer_balanced;matching_signature=(9, 'TTT');border_estimator=center_window_kmer_jsd;estimator=center_jsd;window=48;search_radius=24;kmer=2;top_ratio=0.25;score_scale=4.0;motif_weight=0.0;motif_radius=12;score_normalization=train_quantile;raw_border_score=0.287423;border_score=1.133267",0.2655985951423645,0.26219576597213745,0.47220560908317566
test_Seq_759,0,2,"benchmark=nucleotide_transformer_downstream_tasks;dataset=splice_sites_all;matching=kmer_balanced;matching_signature=(7, 'TTT');border_estimator=center_window_kmer_jsd;estimator=center_jsd;window=48;search_radius=24;kmer=2;top_ratio=0.25;score_scale=4.0;motif_weight=0.0;motif_radius=12;score_normalization=train_quantile;raw_border_score=0.245788;border_score=1.070778",0.23659005761146545,0.2276565432548523,0.5357534289360046
test_Seq_2924,2,2,"benchmark=nucleotide_transformer_downstream_tasks;dataset=splice_sites_all;matching=kmer_balanced;matching_signature=(6, 'TTT');border_estimator=center_window_kmer_jsd;estimator=center_jsd;window=48;search_radius=24;kmer=2;top_ratio=0.25;score_scale=4.0;motif_weight=0.0;motif_radius=12;score_normalization=train_quantile;raw_border_score=0.179475;border_score=0.916467",0.20883126556873322,0.20231302082538605,0.5888557434082031
test_Seq_2360,2,2,"benchmark=nucleotide_transformer_downstream_tasks;dataset=splice_sites_all;matching=kmer_balanced;matching_signature=(11, 'AGG');border_estimator=center_window_kmer_jsd;estimator=center_jsd;window=48;search_radius=24;kmer=2;top_ratio=0.25;score_scale=4.0;motif_weight=0.0;motif_radius=12;score_normalization=train_quantile;raw_border_score=0.238104;border_score=1.054822",0.13097752630710602,0.12631751596927643,0.7427049279212952
test_Seq_832,0,1,"benchmark=nucleotide_transformer_downstream_tasks;dataset=splice_sites_all;matching=kmer_balanced;matching_signature=(8, 'TTT');border_estimator=center_window_kmer_jsd;estimator=center_jsd;window=48;search_radius=24;kmer=2;top_ratio=0.25;score_scale=4.0;motif_weight=0.0;motif_radius=12;score_normalization=train_quantile;raw_border_score=0.154184;border_score=0.855800",0.34411486983299255,0.3518019914627075,0.30408310890197754
test_Seq_188,0,1,"benchmark=nucleotide_transformer_downstream_tasks;dataset=splice_sites_all;matching=kmer_balanced;matching_signature=(7, 'TTT');border_estimator=center_window_kmer_jsd;estimator=center_jsd;window=48;search_radius=24;kmer=2;top_ratio=0.25;score_scale=4.0;motif_weight=0.0;motif_radius=12;score_normalization=train_quantile;raw_border_score=0.274403;border_score=1.116467",0.33335429430007935,0.3458860516548157,0.3207596242427826
test_Seq_2736,2,2,"benchmark=nucleotide_transformer_downstream_tasks;dataset=splice_sites_all;matching=kmer_balanced;matching_signature=(6, 'TTT');border_estimator=center_window_kmer_jsd;estimator=center_jsd;window=48;search_radius=24;kmer=2;top_ratio=0.25;score_scale=4.0;motif_weight=0.0;motif_radius=12;score_normalization=train_quantile;raw_border_score=0.204948;border_score=0.984067",0.28369346261024475,0.2793692648410797,0.4369373023509979
test_Seq_287,0,2,"benchmark=nucleotide_transformer_downstream_tasks;dataset=splice_sites_all;matching=kmer_balanced;matching_signature=(7, 'TTT');border_estimator=center_window_kmer_jsd;estimator=center_jsd;window=48;search_radius=24;kmer=2;top_ratio=0.25;score_scale=4.0;motif_weight=0.0;motif_radius=12;score_normalization=train_quantile;raw_border_score=0.248768;border_score=1.076733",0.3127228021621704,0.32119378447532654,0.3660834729671478
test_Seq_2034,2,0,"benchmark=nucleotide_transformer_downstream_tasks;dataset=splice_sites_all;matching=kmer_balanced;matching_signature=(11, 'CAG');border_estimator=center_window_kmer_jsd;estimator=center_jsd;window=48;search_radius=24;kmer=2;top_ratio=0.25;score_scale=4.0;motif_weight=0.0;motif_radius=12;score_normalization=train_quantile;raw_border_score=0.218158;border_score=1.014111",0.34934520721435547,0.3489154875278473,0.30173930525779724
test_Seq_1972,1,2,"benchmark=nucleotide_transformer_downstream_tasks;dataset=splice_sites_all;matching=kmer_balanced;matching_signature=(8, 'TTT');border_estimator=center_window_kmer_jsd;estimator=center_jsd;window=48;search_radius=24;kmer=2;top_ratio=0.25;score_scale=4.0;motif_weight=0.0;motif_radius=12;score_normalization=train_quantile;raw_border_score=0.195567;border_score=0.958822",0.1736382246017456,0.16430477797985077,0.6620570421218872
test_Seq_2363,2,2,"benchmark=nucleotide_transformer_downstream_tasks;dataset=splice_sites_all;matching=kmer_balanced;matching_signature=(11, 'CTG');border_estimator=center_window_kmer_jsd;estimator=center_jsd;window=48;search_radius=24;kmer=2;top_ratio=0.25;score_scale=4.0;motif_weight=0.0;motif_radius=12;score_normalization=train_quantile;raw_border_score=0.219935;border_score=1.018644",0.13246607780456543,0.12250575423240662,0.7450280785560608
test_Seq_2728,2,2,"benchmark=nucleotide_transformer_downstream_tasks;dataset=splice_sites_all;matching=kmer_balanced;matching_signature=(7, 'AAA');border_estimator=center_window_kmer_jsd;estimator=center_jsd;window=48;search_radius=24;kmer=2;top_ratio=0.25;score_scale=4.0;motif_weight=0.0;motif_radius=12;score_normalization=train_quantile;raw_border_score=0.162807;border_score=0.873667",0.20255659520626068,0.19505713880062103,0.6023862361907959
test_Seq_2304,2,2,"benchmark=nucleotide_transformer_downstream_tasks;dataset=splice_sites_all;matching=kmer_balanced;matching_signature=(9, 'AAA');border_estimator=center_window_kmer_jsd;estimator=center_jsd;window=48;search_radius=24;kmer=2;top_ratio=0.25;score_scale=4.0;motif_weight=0.0;motif_radius=12;score_normalization=train_quantile;raw_border_score=0.288822;border_score=1.135267",0.20204177498817444,0.19768407940864563,0.6002741456031799
test_Seq_1515,1,2,"benchmark=nucleotide_transformer_downstream_tasks;dataset=splice_sites_all;matching=kmer_balanced;matching_signature=(6, 'TTT');border_estimator=center_window_kmer_jsd;estimator=center_jsd;window=48;search_radius=24;kmer=2;top_ratio=0.25;score_scale=4.0;motif_weight=0.0;motif_radius=12;score_normalization=train_quantile;raw_border_score=0.290882;border_score=1.137178",0.24844911694526672,0.23568569123744965,0.5158652067184448
test_Seq_2755,2,2,"benchmark=nucleotide_transformer_downstream_tasks;dataset=splice_sites_all;matching=kmer_balanced;matching_signature=(6, 'TTT');border_estimator=center_window_kmer_jsd;estimator=center_jsd;window=48;search_radius=24;kmer=2;top_ratio=0.25;score_scale=4.0;motif_weight=0.0;motif_radius=12;score_normalization=train_quantile;raw_border_score=0.157051;border_score=0.861489",0.20298120379447937,0.19713671505451202,0.5998821258544922
test_Seq_339,0,2,"benchmark=nucleotide_transformer_downstream_tasks;dataset=splice_sites_all;matching=kmer_balanced;matching_signature=(6, 'TTT');border_estimator=center_window_kmer_jsd;estimator=center_jsd;window=48;search_radius=24;kmer=2;top_ratio=0.25;score_scale=4.0;motif_weight=0.0;motif_radius=12;score_normalization=train_quantile;raw_border_score=0.163038;border_score=0.873889",0.32495152950286865,0.3152022659778595,0.35984620451927185
test_Seq_1604,1,2,"benchmark=nucleotide_transformer_downstream_tasks;dataset=splice_sites_all;matching=kmer_balanced;matching_signature=(8, 'TTT');border_estimator=center_window_kmer_jsd;estimator=center_jsd;window=48;search_radius=24;kmer=2;top_ratio=0.25;score_scale=4.0;motif_weight=0.0;motif_radius=12;score_normalization=train_quantile;raw_border_score=0.221078;border_score=1.021444",0.2418772429227829,0.23582521080970764,0.5222975611686707
test_Seq_366,0,1,"benchmark=nucleotide_transformer_downstream_tasks;dataset=splice_sites_all;matching=kmer_balanced;matching_signature=(6, 'AAA');border_estimator=center_window_kmer_jsd;estimator=center_jsd;window=48;search_radius=24;kmer=2;top_ratio=0.25;score_scale=4.0;motif_weight=0.0;motif_radius=12;score_normalization=train_quantile;raw_border_score=0.269678;border_score=1.109756",0.33062440156936646,0.3362952470779419,0.33308038115501404
test_Seq_2098,2,2,"benchmark=nucleotide_transformer_downstream_tasks;dataset=splice_sites_all;matching=kmer_balanced;matching_signature=(6, 'AAA');border_estimator=center_window_kmer_jsd;estimator=center_jsd;window=48;search_radius=24;kmer=2;top_ratio=0.25;score_scale=4.0;motif_weight=0.0;motif_radius=12;score_normalization=train_quantile;raw_border_score=0.306002;border_score=1.151089",0.27607378363609314,0.2640259265899658,0.45990023016929626
test_Seq_2093,2,2,"benchmark=nucleotide_transformer_downstream_tasks;dataset=splice_sites_all;matching=kmer_balanced;matching_signature=(8, 'TTT');border_estimator=center_window_kmer_jsd;estimator=center_jsd;window=48;search_radius=24;kmer=2;top_ratio=0.25;score_scale=4.0;motif_weight=0.0;motif_radius=12;score_normalization=train_quantile;raw_border_score=0.167370;border_score=0.885133",0.3287554681301117,0.3176356554031372,0.3536089062690735
test_Seq_1669,1,2,"benchmark=nucleotide_transformer_downstream_tasks;dataset=splice_sites_all;matching=kmer_balanced;matching_signature=(11, 'CCT');border_estimator=center_window_kmer_jsd;estimator=center_jsd;window=48;search_radius=24;kmer=2;top_ratio=0.25;score_scale=4.0;motif_weight=0.0;motif_radius=12;score_normalization=train_quantile;raw_border_score=0.250411;border_score=1.079978",0.2437884658575058,0.2366090565919876,0.5196024775505066
test_Seq_741,0,2,"benchmark=nucleotide_transformer_downstream_tasks;dataset=splice_sites_all;matching=kmer_balanced;matching_signature=(12, 'GGG');border_estimator=center_window_kmer_jsd;estimator=center_jsd;window=48;search_radius=24;kmer=2;top_ratio=0.25;score_scale=4.0;motif_weight=0.0;motif_radius=12;score_normalization=train_quantile;raw_border_score=0.146067;border_score=0.840911",0.25059401988983154,0.2434881627559662,0.5059177875518799
test_Seq_2174,2,2,"benchmark=nucleotide_transformer_downstream_tasks;dataset=splice_sites_all;matching=kmer_balanced;matching_signature=(11, 'GGG');border_estimator=center_window_kmer_jsd;estimator=center_jsd;window=48;search_radius=24;kmer=2;top_ratio=0.25;score_scale=4.0;motif_weight=0.0;motif_radius=12;score_normalization=train_quantile;raw_border_score=0.254174;border_score=1.085978",0.3286805748939514,0.32905977964401245,0.34225961565971375
test_Seq_1832,1,2,"benchmark=nucleotide_transformer_downstream_tasks;dataset=splice_sites_all;matching=kmer_balanced;matching_signature=(11, 'GGG');border_estimator=center_window_kmer_jsd;estimator=center_jsd;window=48;search_radius=24;kmer=2;top_ratio=0.25;score_scale=4.0;motif_weight=0.0;motif_radius=12;score_normalization=train_quantile;raw_border_score=0.351943;border_score=1.177578",0.27432411909103394,0.27230870723724365,0.4533672034740448
test_Seq_1914,1,2,"benchmark=nucleotide_transformer_downstream_tasks;dataset=splice_sites_all;matching=kmer_balanced;matching_signature=(10, 'TCT');border_estimator=center_window_kmer_jsd;estimator=center_jsd;window=48;search_radius=24;kmer=2;top_ratio=0.25;score_scale=4.0;motif_weight=0.0;motif_radius=12;score_normalization=train_quantile;raw_border_score=0.190728;border_score=0.945889",0.26863521337509155,0.2615604102611542,0.4698043763637543
test_Seq_1180,1,2,"benchmark=nucleotide_transformer_downstream_tasks;dataset=splice_sites_all;matching=kmer_balanced;matching_signature=(6, 'AAA');border_estimator=center_window_kmer_jsd;estimator=center_jsd;window=48;search_radius=24;kmer=2;top_ratio=0.25;score_scale=4.0;motif_weight=0.0;motif_radius=12;score_normalization=train_quantile;raw_border_score=0.207294;border_score=0.988911",0.3277023434638977,0.3305790424346924,0.3417186141014099
test_Seq_1036,1,2,"benchmark=nucleotide_transformer_downstream_tasks;dataset=splice_sites_all;matching=kmer_balanced;matching_signature=(6, 'TTT');border_estimator=center_window_kmer_jsd;estimator=center_jsd;window=48;search_radius=24;kmer=2;top_ratio=0.25;score_scale=4.0;motif_weight=0.0;motif_radius=12;score_normalization=train_quantile;raw_border_score=0.196169;border_score=0.960467",0.30661168694496155,0.2984718084335327,0.39491644501686096
test_Seq_347,0,2,"benchmark=nucleotide_transformer_downstream_tasks;dataset=splice_sites_all;matching=kmer_balanced;matching_signature=(11, 'CCT');border_estimator=center_window_kmer_jsd;estimator=center_jsd;window=48;search_radius=24;kmer=2;top_ratio=0.25;score_scale=4.0;motif_weight=0.0;motif_radius=12;score_normalization=train_quantile;raw_border_score=0.283419;border_score=1.128378",0.3047546446323395,0.30164098739624023,0.3936043977737427
test_Seq_1510,1,2,"benchmark=nucleotide_transformer_downstream_tasks;dataset=splice_sites_all;matching=kmer_balanced;matching_signature=(11, 'CTG');border_estimator=center_window_kmer_jsd;estimator=center_jsd;window=48;search_radius=24;kmer=2;top_ratio=0.25;score_scale=4.0;motif_weight=0.0;motif_radius=12;score_normalization=train_quantile;raw_border_score=0.276186;border_score=1.118867",0.31606319546699524,0.314866840839386,0.36906999349594116
test_Seq_803,0,2,"benchmark=nucleotide_transformer_downstream_tasks;dataset=splice_sites_all;matching=kmer_balanced;matching_signature=(6, 'AAA');border_estimator=center_window_kmer_jsd;estimator=center_jsd;window=48;search_radius=24;kmer=2;top_ratio=0.25;score_scale=4.0;motif_weight=0.0;motif_radius=12;score_normalization=train_quantile;raw_border_score=0.185594;border_score=0.932244",0.30156973004341125,0.2988300621509552,0.39960020780563354
test_Seq_919,0,2,"benchmark=nucleotide_transformer_downstream_tasks;dataset=splice_sites_all;matching=kmer_balanced;matching_signature=(9, 'TTT');border_estimator=center_window_kmer_jsd;estimator=center_jsd;window=48;search_radius=24;kmer=2;top_ratio=0.25;score_scale=4.0;motif_weight=0.0;motif_radius=12;score_normalization=train_quantile;raw_border_score=0.306219;border_score=1.151089",0.3195115029811859,0.31982576847076416,0.3606627285480499
test_Seq_783,0,2,"benchmark=nucleotide_transformer_downstream_tasks;dataset=splice_sites_all;matching=kmer_balanced;matching_signature=(6, 'ATT');border_estimator=center_window_kmer_jsd;estimator=center_jsd;window=48;search_radius=24;kmer=2;top_ratio=0.25;score_scale=4.0;motif_weight=0.0;motif_radius=12;score_normalization=train_quantile;raw_border_score=0.326678;border_score=1.164733",0.2301972657442093,0.2185259610414505,0.5512768030166626
test_Seq_2931,2,2,"benchmark=nucleotide_transformer_downstream_tasks;dataset=splice_sites_all;matching=kmer_balanced;matching_signature=(9, 'TTT');border_estimator=center_window_kmer_jsd;estimator=center_jsd;window=48;search_radius=24;kmer=2;top_ratio=0.25;score_scale=4.0;motif_weight=0.0;motif_radius=12;score_normalization=train_quantile;raw_border_score=0.238481;border_score=1.055311",0.10196971893310547,0.0954192504286766,0.8026110529899597
test_Seq_903,0,2,"benchmark=nucleotide_transformer_downstream_tasks;dataset=splice_sites_all;matching=kmer_balanced;matching_signature=(7, 'TGT');border_estimator=center_window_kmer_jsd;estimator=center_jsd;window=48;search_radius=24;kmer=2;top_ratio=0.25;score_scale=4.0;motif_weight=0.0;motif_radius=12;score_normalization=train_quantile;raw_border_score=0.247389;border_score=1.073844",0.24882425367832184,0.22719404101371765,0.5239816904067993
test_Seq_2959,2,1,"benchmark=nucleotide_transformer_downstream_tasks;dataset=splice_sites_all;matching=kmer_balanced;matching_signature=(6, 'TTT');border_estimator=center_window_kmer_jsd;estimator=center_jsd;window=48;search_radius=24;kmer=2;top_ratio=0.25;score_scale=4.0;motif_weight=0.0;motif_radius=12;score_normalization=train_quantile;raw_border_score=0.113148;border_score=0.807178",0.33014732599258423,0.3388350009918213,0.3310176730155945
test_Seq_2976,2,2,"benchmark=nucleotide_transformer_downstream_tasks;dataset=splice_sites_all;matching=kmer_balanced;matching_signature=(8, 'TGA');border_estimator=center_window_kmer_jsd;estimator=center_jsd;window=48;search_radius=24;kmer=2;top_ratio=0.25;score_scale=4.0;motif_weight=0.0;motif_radius=12;score_normalization=train_quantile;raw_border_score=0.205106;border_score=0.984556",0.311261385679245,0.31301766633987427,0.3757209777832031
test_Seq_1176,1,2,"benchmark=nucleotide_transformer_downstream_tasks;dataset=splice_sites_all;matching=kmer_balanced;matching_signature=(7, 'AAA');border_estimator=center_window_kmer_jsd;estimator=center_jsd;window=48;search_radius=24;kmer=2;top_ratio=0.25;score_scale=4.0;motif_weight=0.0;motif_radius=12;score_normalization=train_quantile;raw_border_score=0.252548;border_score=1.083222",0.2737748324871063,0.2720595598220825,0.45416566729545593
test_Seq_1379,1,2,"benchmark=nucleotide_transformer_downstream_tasks;dataset=splice_sites_all;matching=kmer_balanced;matching_signature=(11, 'CCC');border_estimator=center_window_kmer_jsd;estimator=center_jsd;window=48;search_radius=24;kmer=2;top_ratio=0.25;score_scale=4.0;motif_weight=0.0;motif_radius=12;score_normalization=train_quantile;raw_border_score=0.343527;border_score=1.173622",0.2958214282989502,0.29417330026626587,0.41000527143478394
test_Seq_81,0,2,"benchmark=nucleotide_transformer_downstream_tasks;dataset=splice_sites_all;matching=kmer_balanced;matching_signature=(12, 'CCC');border_estimator=center_window_kmer_jsd;estimator=center_jsd;window=48;search_radius=24;kmer=2;top_ratio=0.25;score_scale=4.0;motif_weight=0.0;motif_radius=12;score_normalization=train_quantile;raw_border_score=0.362683;border_score=1.181400",0.28835633397102356,0.2818940579891205,0.42974966764450073
test_Seq_2609,2,2,"benchmark=nucleotide_transformer_downstream_tasks;dataset=splice_sites_all;matching=kmer_balanced;matching_signature=(7, 'TAT');border_estimator=center_window_kmer_jsd;estimator=center_jsd;window=48;search_radius=24;kmer=2;top_ratio=0.25;score_scale=4.0;motif_weight=0.0;motif_radius=12;score_normalization=train_quantile;raw_border_score=0.291847;border_score=1.138200",0.3148518204689026,0.3040846884250641,0.38106340169906616
test_Seq_1078,1,2,"benchmark=nucleotide_transformer_downstream_tasks;dataset=splice_sites_all;matching=kmer_balanced;matching_signature=(5, 'TTT');border_estimator=center_window_kmer_jsd;estimator=center_jsd;window=48;search_radius=24;kmer=2;top_ratio=0.25;score_scale=4.0;motif_weight=0.0;motif_radius=12;score_normalization=train_quantile;raw_border_score=0.329631;border_score=1.166022",0.3097575008869171,0.30911609530448914,0.38112637400627136
test_Seq_1199,1,2,"benchmark=nucleotide_transformer_downstream_tasks;dataset=splice_sites_all;matching=kmer_balanced;matching_signature=(10, 'CAG');border_estimator=center_window_kmer_jsd;estimator=center_jsd;window=48;search_radius=24;kmer=2;top_ratio=0.25;score_scale=4.0;motif_weight=0.0;motif_radius=12;score_normalization=train_quantile;raw_border_score=0.203021;border_score=0.979044",0.3147723972797394,0.31084132194519043,0.37438634037971497
test_Seq_1757,1,2,"benchmark=nucleotide_transformer_downstream_tasks;dataset=splice_sites_all;matching=kmer_balanced;matching_signature=(7, 'AAA');border_estimator=center_window_kmer_jsd;estimator=center_jsd;window=48;search_radius=24;kmer=2;top_ratio=0.25;score_scale=4.0;motif_weight=0.0;motif_radius=12;score_normalization=train_quantile;raw_border_score=0.188386;border_score=0.939800",0.3140258491039276,0.31629621982574463,0.36967793107032776
test_Seq_1413,1,2,"benchmark=nucleotide_transformer_downstream_tasks;dataset=splice_sites_all;matching=kmer_balanced;matching_signature=(6, 'TTT');border_estimator=center_window_kmer_jsd;estimator=center_jsd;window=48;search_radius=24;kmer=2;top_ratio=0.25;score_scale=4.0;motif_weight=0.0;motif_radius=12;score_normalization=train_quantile;raw_border_score=0.239888;border_score=1.058022",0.3146291673183441,0.30564138293266296,0.3797294497489929
test_Seq_337,0,2,"benchmark=nucleotide_transformer_downstream_tasks;dataset=splice_sites_all;matching=kmer_balanced;matching_signature=(13, 'GGG');border_estimator=center_window_kmer_jsd;estimator=center_jsd;window=48;search_radius=24;kmer=2;top_ratio=0.25;score_scale=4.0;motif_weight=0.0;motif_radius=12;score_normalization=train_quantile;raw_border_score=0.168884;border_score=0.888422",0.2961825728416443,0.29622483253479004,0.4075925648212433
test_Seq_1148,1,0,"benchmark=nucleotide_transformer_downstream_tasks;dataset=splice_sites_all;matching=kmer_balanced;matching_signature=(8, 'TTT');border_estimator=center_window_kmer_jsd;estimator=center_jsd;window=48;search_radius=24;kmer=2;top_ratio=0.25;score_scale=4.0;motif_weight=0.0;motif_radius=12;score_normalization=train_quantile;raw_border_score=0.136095;border_score=0.826822",0.3526453375816345,0.3455244302749634,0.3018302023410797
test_Seq_2008,2,0,"benchmark=nucleotide_transformer_downstream_tasks;dataset=splice_sites_all;matching=kmer_balanced;matching_signature=(11, 'CTG');border_estimator=center_window_kmer_jsd;estimator=center_jsd;window=48;search_radius=24;kmer=2;top_ratio=0.25;score_scale=4.0;motif_weight=0.0;motif_radius=12;score_normalization=train_quantile;raw_border_score=0.242146;border_score=1.063978",0.34852302074432373,0.3473658263683319,0.30411118268966675
test_Seq_898,0,2,"benchmark=nucleotide_transformer_downstream_tasks;dataset=splice_sites_all;matching=kmer_balanced;matching_signature=(8, 'TTT');border_estimator=center_window_kmer_jsd;estimator=center_jsd;window=48;search_radius=24;kmer=2;top_ratio=0.25;score_scale=4.0;motif_weight=0.0;motif_radius=12;score_normalization=train_quantile;raw_border_score=0.264040;border_score=1.102378",0.10780036449432373,0.10011044889688492,0.7920892238616943
test_Seq_252,0,2,"benchmark=nucleotide_transformer_downstream_tasks;dataset=splice_sites_all;matching=kmer_balanced;matching_signature=(6, 'TTT');border_estimator=center_window_kmer_jsd;estimator=center_jsd;window=48;search_radius=24;kmer=2;top_ratio=0.25;score_scale=4.0;motif_weight=0.0;motif_radius=12;score_normalization=train_quantile;raw_border_score=0.389260;border_score=1.188156",0.302786260843277,0.29609209299087524,0.40112167596817017
test_Seq_836,0,2,"benchmark=nucleotide_transformer_downstream_tasks;dataset=splice_sites_all;matching=kmer_balanced;matching_signature=(6, 'TTT');border_estimator=center_window_kmer_jsd;estimator=center_jsd;window=48;search_radius=24;kmer=2;top_ratio=0.25;score_scale=4.0;motif_weight=0.0;motif_radius=12;score_normalization=train_quantile;raw_border_score=0.213295;border_score=1.002911",0.3201450705528259,0.3228757083415985,0.3569791913032532
test_Seq_471,0,2,"benchmark=nucleotide_transformer_downstream_tasks;dataset=splice_sites_all;matching=kmer_balanced;matching_signature=(6, 'TTT');border_estimator=center_window_kmer_jsd;estimator=center_jsd;window=48;search_radius=24;kmer=2;top_ratio=0.25;score_scale=4.0;motif_weight=0.0;motif_radius=12;score_normalization=train_quantile;raw_border_score=0.192998;border_score=0.952067",0.2699474096298218,0.2622227370738983,0.4678298830986023
test_Seq_754,0,2,"benchmark=nucleotide_transformer_downstream_tasks;dataset=splice_sites_all;matching=kmer_balanced;matching_signature=(10, 'CAG');border_estimator=center_window_kmer_jsd;estimator=center_jsd;window=48;search_radius=24;kmer=2;top_ratio=0.25;score_scale=4.0;motif_weight=0.0;motif_radius=12;score_normalization=train_quantile;raw_border_score=0.307427;border_score=1.151711",0.3288167119026184,0.3352656066417694,0.3359176516532898
test_Seq_556,0,1,"benchmark=nucleotide_transformer_downstream_tasks;dataset=splice_sites_all;matching=kmer_balanced;matching_signature=(7, 'AAA');border_estimator=center_window_kmer_jsd;estimator=center_jsd;window=48;search_radius=24;kmer=2;top_ratio=0.25;score_scale=4.0;motif_weight=0.0;motif_radius=12;score_normalization=train_quantile;raw_border_score=0.310750;border_score=1.154822",0.35283520817756653,0.3584628105163574,0.28870198130607605
test_Seq_1899,1,2,"benchmark=nucleotide_transformer_downstream_tasks;dataset=splice_sites_all;matching=kmer_balanced;matching_signature=(7, 'TTT');border_estimator=center_window_kmer_jsd;estimator=center_jsd;window=48;search_radius=24;kmer=2;top_ratio=0.25;score_scale=4.0;motif_weight=0.0;motif_radius=12;score_normalization=train_quantile;raw_border_score=0.216822;border_score=1.011044",0.3173525929450989,0.30507946014404297,0.37756797671318054
test_Seq_2612,2,1,"benchmark=nucleotide_transformer_downstream_tasks;dataset=splice_sites_all;matching=kmer_balanced;matching_signature=(8, 'GAA');border_estimator=center_window_kmer_jsd;estimator=center_jsd;window=48;search_radius=24;kmer=2;top_ratio=0.25;score_scale=4.0;motif_weight=0.0;motif_radius=12;score_normalization=train_quantile;raw_border_score=0.139101;border_score=0.830689",0.3474162220954895,0.3549714684486389,0.29761233925819397
test_Seq_2623,2,2,"benchmark=nucleotide_transformer_downstream_tasks;dataset=splice_sites_all;matching=kmer_balanced;matching_signature=(7, 'AAA');border_estimator=center_window_kmer_jsd;estimator=center_jsd;window=48;search_radius=24;kmer=2;top_ratio=0.25;score_scale=4.0;motif_weight=0.0;motif_radius=12;score_normalization=train_quantile;raw_border_score=0.234800;border_score=1.049089",0.14899422228336334,0.13590016961097717,0.7151055335998535
test_Seq_1842,1,2,"benchmark=nucleotide_transformer_downstream_tasks;dataset=splice_sites_all;matching=kmer_balanced;matching_signature=(6, 'TTT');border_estimator=center_window_kmer_jsd;estimator=center_jsd;window=48;search_radius=24;kmer=2;top_ratio=0.25;score_scale=4.0;motif_weight=0.0;motif_radius=12;score_normalization=train_quantile;raw_border_score=0.179415;border_score=0.916422",0.24068468809127808,0.22414956986904144,0.5351657271385193
test_Seq_2455,2,2,"benchmark=nucleotide_transformer_downstream_tasks;dataset=splice_sites_all;matching=kmer_balanced;matching_signature=(8, 'TTT');border_estimator=center_window_kmer_jsd;estimator=center_jsd;window=48;search_radius=24;kmer=2;top_ratio=0.25;score_scale=4.0;motif_weight=0.0;motif_radius=12;score_normalization=train_quantile;raw_border_score=0.204898;border_score=0.984022",0.13312330842018127,0.12240053713321686,0.7444761395454407
test_Seq_1860,1,2,"benchmark=nucleotide_transformer_downstream_tasks;dataset=splice_sites_all;matching=kmer_balanced;matching_signature=(10, 'TCC');border_estimator=center_window_kmer_jsd;estimator=center_jsd;window=48;search_radius=24;kmer=2;top_ratio=0.25;score_scale=4.0;motif_weight=0.0;motif_radius=12;score_normalization=train_quantile;raw_border_score=0.243479;border_score=1.066689",0.26101306080818176,0.25730040669441223,0.4816865026950836
test_Seq_171,0,2,"benchmark=nucleotide_transformer_downstream_tasks;dataset=splice_sites_all;matching=kmer_balanced;matching_signature=(12, 'CTG');border_estimator=center_window_kmer_jsd;estimator=center_jsd;window=48;search_radius=24;kmer=2;top_ratio=0.25;score_scale=4.0;motif_weight=0.0;motif_radius=12;score_normalization=train_quantile;raw_border_score=0.229709;border_score=1.039178",0.3069746792316437,0.3003140985965729,0.39271122217178345
test_Seq_742,0,2,"benchmark=nucleotide_transformer_downstream_tasks;dataset=splice_sites_all;matching=kmer_balanced;matching_signature=(10, 'GGG');border_estimator=center_window_kmer_jsd;estimator=center_jsd;window=48;search_radius=24;kmer=2;top_ratio=0.25;score_scale=4.0;motif_weight=0.0;motif_radius=12;score_normalization=train_quantile;raw_border_score=0.170399;border_score=0.891578",0.27058568596839905,0.26163727045059204,0.4677770733833313
test_Seq_2019,2,2,"benchmark=nucleotide_transformer_downstream_tasks;dataset=splice_sites_all;matching=kmer_balanced;matching_signature=(10, 'CAG');border_estimator=center_window_kmer_jsd;estimator=center_jsd;window=48;search_radius=24;kmer=2;top_ratio=0.25;score_scale=4.0;motif_weight=0.0;motif_radius=12;score_normalization=train_quantile;raw_border_score=0.116657;border_score=0.809089",0.1294902116060257,0.1188511922955513,0.75165855884552
test_Seq_2824,2,2,"benchmark=nucleotide_transformer_downstream_tasks;dataset=splice_sites_all;matching=kmer_balanced;matching_signature=(10, 'CCA');border_estimator=center_window_kmer_jsd;estimator=center_jsd;window=48;search_radius=24;kmer=2;top_ratio=0.25;score_scale=4.0;motif_weight=0.0;motif_radius=12;score_normalization=train_quantile;raw_border_score=0.208785;border_score=0.992067",0.24008089303970337,0.23608770966529846,0.5238314270973206
test_Seq_1236,1,2,"benchmark=nucleotide_transformer_downstream_tasks;dataset=splice_sites_all;matching=kmer_balanced;matching_signature=(10, 'CTG');border_estimator=center_window_kmer_jsd;estimator=center_jsd;window=48;search_radius=24;kmer=2;top_ratio=0.25;score_scale=4.0;motif_weight=0.0;motif_radius=12;score_normalization=train_quantile;raw_border_score=0.119928;border_score=0.810956",0.3225029408931732,0.32769790291786194,0.34979918599128723
test_Seq_1478,1,2,"benchmark=nucleotide_transformer_downstream_tasks;dataset=splice_sites_all;matching=kmer_balanced;matching_signature=(9, 'TTT');border_estimator=center_window_kmer_jsd;estimator=center_jsd;window=48;search_radius=24;kmer=2;top_ratio=0.25;score_scale=4.0;motif_weight=0.0;motif_radius=12;score_normalization=train_quantile;raw_border_score=0.170863;border_score=0.892778",0.24460449814796448,0.24809566140174866,0.5072998404502869
test_Seq_1892,1,2,"benchmark=nucleotide_transformer_downstream_tasks;dataset=splice_sites_all;matching=kmer_balanced;matching_signature=(8, 'TGT');border_estimator=center_window_kmer_jsd;estimator=center_jsd;window=48;search_radius=24;kmer=2;top_ratio=0.25;score_scale=4.0;motif_weight=0.0;motif_radius=12;score_normalization=train_quantile;raw_border_score=0.263835;border_score=1.102067",0.33149757981300354,0.3307560980319977,0.3377462923526764
test_Seq_1833,1,1,"benchmark=nucleotide_transformer_downstream_tasks;dataset=splice_sites_all;matching=kmer_balanced;matching_signature=(6, 'AAA');border_estimator=center_window_kmer_jsd;estimator=center_jsd;window=48;search_radius=24;kmer=2;top_ratio=0.25;score_scale=4.0;motif_weight=0.0;motif_radius=12;score_normalization=train_quantile;raw_border_score=0.251950;border_score=1.082200",0.3434324860572815,0.3438301086425781,0.3127374053001404
test_Seq_2295,2,2,"benchmark=nucleotide_transformer_downstream_tasks;dataset=splice_sites_all;matching=kmer_balanced;matching_signature=(9, 'TTT');border_estimator=center_window_kmer_jsd;estimator=center_jsd;window=48;search_radius=24;kmer=2;top_ratio=0.25;score_scale=4.0;motif_weight=0.0;motif_radius=12;score_normalization=train_quantile;raw_border_score=0.150891;border_score=0.848867",0.3299388289451599,0.3301858603954315,0.33987537026405334
test_Seq_597,0,2,"benchmark=nucleotide_transformer_downstream_tasks;dataset=splice_sites_all;matching=kmer_balanced;matching_signature=(6, 'TTT');border_estimator=center_window_kmer_jsd;estimator=center_jsd;window=48;search_radius=24;kmer=2;top_ratio=0.25;score_scale=4.0;motif_weight=0.0;motif_radius=12;score_normalization=train_quantile;raw_border_score=0.177440;border_score=0.912156",0.228847473859787,0.2221703976392746,0.5489821434020996
test_Seq_1551,1,2,"benchmark=nucleotide_transformer_downstream_tasks;dataset=splice_sites_all;matching=kmer_balanced;matching_signature=(9, 'AAA');border_estimator=center_window_kmer_jsd;estimator=center_jsd;window=48;search_radius=24;kmer=2;top_ratio=0.25;score_scale=4.0;motif_weight=0.0;motif_radius=12;score_normalization=train_quantile;raw_border_score=0.179406;border_score=0.916422",0.31072449684143066,0.3101135492324829,0.3791619539260864
test_Seq_1665,1,2,"benchmark=nucleotide_transformer_downstream_tasks;dataset=splice_sites_all;matching=kmer_balanced;matching_signature=(7, 'AAA');border_estimator=center_window_kmer_jsd;estimator=center_jsd;window=48;search_radius=24;kmer=2;top_ratio=0.25;score_scale=4.0;motif_weight=0.0;motif_radius=12;score_normalization=train_quantile;raw_border_score=0.183298;border_score=0.925667",0.2898098826408386,0.29405006766319275,0.41614001989364624
test_Seq_516,0,2,"benchmark=nucleotide_transformer_downstream_tasks;dataset=splice_sites_all;matching=kmer_balanced;matching_signature=(7, 'AAA');border_estimator=center_window_kmer_jsd;estimator=center_jsd;window=48;search_radius=24;kmer=2;top_ratio=0.25;score_scale=4.0;motif_weight=0.0;motif_radius=12;score_normalization=train_quantile;raw_border_score=0.260579;border_score=1.096822",0.23178601264953613,0.2230200618505478,0.5451939105987549
test_Seq_383,0,2,"benchmark=nucleotide_transformer_downstream_tasks;dataset=splice_sites_all;matching=kmer_balanced;matching_signature=(6, 'TTT');border_estimator=center_window_kmer_jsd;estimator=center_jsd;window=48;search_radius=24;kmer=2;top_ratio=0.25;score_scale=4.0;motif_weight=0.0;motif_radius=12;score_normalization=train_quantile;raw_border_score=0.340203;border_score=1.172022",0.2847943603992462,0.27773517370224,0.437470406293869
test_Seq_328,0,1,"benchmark=nucleotide_transformer_downstream_tasks;dataset=splice_sites_all;matching=kmer_balanced;matching_signature=(7, 'TTT');border_estimator=center_window_kmer_jsd;estimator=center_jsd;window=48;search_radius=24;kmer=2;top_ratio=0.25;score_scale=4.0;motif_weight=0.0;motif_radius=12;score_normalization=train_quantile;raw_border_score=0.274403;border_score=1.116467",0.33335426449775696,0.3458860218524933,0.320759654045105
test_Seq_23,0,2,"benchmark=nucleotide_transformer_downstream_tasks;dataset=splice_sites_all;matching=kmer_balanced;matching_signature=(7, 'TTT');border_estimator=center_window_kmer_jsd;estimator=center_jsd;window=48;search_radius=24;kmer=2;top_ratio=0.25;score_scale=4.0;motif_weight=0.0;motif_radius=12;score_normalization=train_quantile;raw_border_score=0.200507;border_score=0.972333",0.32451674342155457,0.3246151804924011,0.3508680760860443
test_Seq_825,0,2,"benchmark=nucleotide_transformer_downstream_tasks;dataset=splice_sites_all;matching=kmer_balanced;matching_signature=(13, 'GGG');border_estimator=center_window_kmer_jsd;estimator=center_jsd;window=48;search_radius=24;kmer=2;top_ratio=0.25;score_scale=4.0;motif_weight=0.0;motif_radius=12;score_normalization=train_quantile;raw_border_score=0.150767;border_score=0.848778",0.3246231973171234,0.33304157853126526,0.34233522415161133
test_Seq_1837,1,2,"benchmark=nucleotide_transformer_downstream_tasks;dataset=splice_sites_all;matching=kmer_balanced;matching_signature=(6, 'AAT');border_estimator=center_window_kmer_jsd;estimator=center_jsd;window=48;search_radius=24;kmer=2;top_ratio=0.25;score_scale=4.0;motif_weight=0.0;motif_radius=12;score_normalization=train_quantile;raw_border_score=0.220803;border_score=1.020644",0.30455735325813293,0.3228023946285248,0.3726402521133423
test_Seq_485,0,2,"benchmark=nucleotide_transformer_downstream_tasks;dataset=splice_sites_all;matching=kmer_balanced;matching_signature=(5, 'AAA');border_estimator=center_window_kmer_jsd;estimator=center_jsd;window=48;search_radius=24;kmer=2;top_ratio=0.25;score_scale=4.0;motif_weight=0.0;motif_radius=12;score_normalization=train_quantile;raw_border_score=0.195434;border_score=0.958378",0.23822614550590515,0.22033539414405823,0.5414384603500366
test_Seq_1827,1,2,"benchmark=nucleotide_transformer_downstream_tasks;dataset=splice_sites_all;matching=kmer_balanced;matching_signature=(7, 'TTT');border_estimator=center_window_kmer_jsd;estimator=center_jsd;window=48;search_radius=24;kmer=2;top_ratio=0.25;score_scale=4.0;motif_weight=0.0;motif_radius=12;score_normalization=train_quantile;raw_border_score=0.214077;border_score=1.004511",0.20656512677669525,0.19471660256385803,0.5987182855606079
test_Seq_1465,1,2,"benchmark=nucleotide_transformer_downstream_tasks;dataset=splice_sites_all;matching=kmer_balanced;matching_signature=(9, 'TTT');border_estimator=center_window_kmer_jsd;estimator=center_jsd;window=48;search_radius=24;kmer=2;top_ratio=0.25;score_scale=4.0;motif_weight=0.0;motif_radius=12;score_normalization=train_quantile;raw_border_score=0.267897;border_score=1.107044",0.3236891031265259,0.3175697326660156,0.3587411642074585
test_Seq_436,0,2,"benchmark=nucleotide_transformer_downstream_tasks;dataset=splice_sites_all;matching=kmer_balanced;matching_signature=(11, 'CCT');border_estimator=center_window_kmer_jsd;estimator=center_jsd;window=48;search_radius=24;kmer=2;top_ratio=0.25;score_scale=4.0;motif_weight=0.0;motif_radius=12;score_normalization=train_quantile;raw_border_score=0.119457;border_score=0.810556",0.31746038794517517,0.31381916999816895,0.3687204122543335
test_Seq_1189,1,2,"benchmark=nucleotide_transformer_downstream_tasks;dataset=splice_sites_all;matching=kmer_balanced;matching_signature=(10, 'CTC');border_estimator=center_window_kmer_jsd;estimator=center_jsd;window=48;search_radius=24;kmer=2;top_ratio=0.25;score_scale=4.0;motif_weight=0.0;motif_radius=12;score_normalization=train_quantile;raw_border_score=0.240060;border_score=1.058644",0.3153422474861145,0.31898051500320435,0.36567720770835876
test_Seq_1772,1,2,"benchmark=nucleotide_transformer_downstream_tasks;dataset=splice_sites_all;matching=kmer_balanced;matching_signature=(6, 'AAA');border_estimator=center_window_kmer_jsd;estimator=center_jsd;window=48;search_radius=24;kmer=2;top_ratio=0.25;score_scale=4.0;motif_weight=0.0;motif_radius=12;score_normalization=train_quantile;raw_border_score=0.183547;border_score=0.926200",0.29347947239875793,0.29664909839630127,0.4098714590072632
test_Seq_1313,1,2,"benchmark=nucleotide_transformer_downstream_tasks;dataset=splice_sites_all;matching=kmer_balanced;matching_signature=(9, 'AGG');border_estimator=center_window_kmer_jsd;estimator=center_jsd;window=48;search_radius=24;kmer=2;top_ratio=0.25;score_scale=4.0;motif_weight=0.0;motif_radius=12;score_normalization=train_quantile;raw_border_score=0.301798;border_score=1.147622",0.29003411531448364,0.29169055819511414,0.4182753264904022
test_Seq_1898,1,2,"benchmark=nucleotide_transformer_downstream_tasks;dataset=splice_sites_all;matching=kmer_balanced;matching_signature=(6, 'TTT');border_estimator=center_window_kmer_jsd;estimator=center_jsd;window=48;search_radius=24;kmer=2;top_ratio=0.25;score_scale=4.0;motif_weight=0.0;motif_radius=12;score_normalization=train_quantile;raw_border_score=0.201082;border_score=0.973622",0.29638564586639404,0.28468039631843567,0.4189339578151703
test_Seq_1681,1,1,"benchmark=nucleotide_transformer_downstream_tasks;dataset=splice_sites_all;matching=kmer_balanced;matching_signature=(10, 'TTT');border_estimator=center_window_kmer_jsd;estimator=center_jsd;window=48;search_radius=24;kmer=2;top_ratio=0.25;score_scale=4.0;motif_weight=0.0;motif_radius=12;score_normalization=train_quantile;raw_border_score=0.239817;border_score=1.057889",0.33011820912361145,0.34547892212867737,0.32440289855003357
test_Seq_266,0,2,"benchmark=nucleotide_transformer_downstream_tasks;dataset=splice_sites_all;matching=kmer_balanced;matching_signature=(9, 'TTT');border_estimator=center_window_kmer_jsd;estimator=center_jsd;window=48;search_radius=24;kmer=2;top_ratio=0.25;score_scale=4.0;motif_weight=0.0;motif_radius=12;score_normalization=train_quantile;raw_border_score=0.237254;border_score=1.053133",0.32489654421806335,0.3234024941921234,0.35170096158981323
test_Seq_160,0,2,"benchmark=nucleotide_transformer_downstream_tasks;dataset=splice_sites_all;matching=kmer_balanced;matching_signature=(9, 'TTT');border_estimator=center_window_kmer_jsd;estimator=center_jsd;window=48;search_radius=24;kmer=2;top_ratio=0.25;score_scale=4.0;motif_weight=0.0;motif_radius=12;score_normalization=train_quantile;raw_border_score=0.187843;border_score=0.938333",0.2037144899368286,0.19219286739826202,0.6040926575660706
test_Seq_1453,1,2,"benchmark=nucleotide_transformer_downstream_tasks;dataset=splice_sites_all;matching=kmer_balanced;matching_signature=(7, 'ATT');border_estimator=center_window_kmer_jsd;estimator=center_jsd;window=48;search_radius=24;kmer=2;top_ratio=0.25;score_scale=4.0;motif_weight=0.0;motif_radius=12;score_normalization=train_quantile;raw_border_score=0.094228;border_score=0.801489",0.31847381591796875,0.32304123044013977,0.35848498344421387
test_Seq_2007,2,2,"benchmark=nucleotide_transformer_downstream_tasks;dataset=splice_sites_all;matching=kmer_balanced;matching_signature=(9, 'AAA');border_estimator=center_window_kmer_jsd;estimator=center_jsd;window=48;search_radius=24;kmer=2;top_ratio=0.25;score_scale=4.0;motif_weight=0.0;motif_radius=12;score_normalization=train_quantile;raw_border_score=0.194235;border_score=0.955356",0.1678134948015213,0.16212329268455505,0.6700631976127625
test_Seq_1603,1,2,"benchmark=nucleotide_transformer_downstream_tasks;dataset=splice_sites_all;matching=kmer_balanced;matching_signature=(7, 'AAA');border_estimator=center_window_kmer_jsd;estimator=center_jsd;window=48;search_radius=24;kmer=2;top_ratio=0.25;score_scale=4.0;motif_weight=0.0;motif_radius=12;score_normalization=train_quantile;raw_border_score=0.159262;border_score=0.866022",0.3275603950023651,0.3191157877445221,0.3533238470554352
test_Seq_2028,2,2,"benchmark=nucleotide_transformer_downstream_tasks;dataset=splice_sites_all;matching=kmer_balanced;matching_signature=(9, 'GGG');border_estimator=center_window_kmer_jsd;estimator=center_jsd;window=48;search_radius=24;kmer=2;top_ratio=0.25;score_scale=4.0;motif_weight=0.0;motif_radius=12;score_normalization=train_quantile;raw_border_score=0.312400;border_score=1.155800",0.19864773750305176,0.18259091675281525,0.618761420249939
test_Seq_2334,2,2,"benchmark=nucleotide_transformer_downstream_tasks;dataset=splice_sites_all;matching=kmer_balanced;matching_signature=(9, 'AAA');border_estimator=center_window_kmer_jsd;estimator=center_jsd;window=48;search_radius=24;kmer=2;top_ratio=0.25;score_scale=4.0;motif_weight=0.0;motif_radius=12;score_normalization=train_quantile;raw_border_score=0.493129;border_score=1.198111",0.11554259806871414,0.10946498811244965,0.7749924063682556
test_Seq_2225,2,2,"benchmark=nucleotide_transformer_downstream_tasks;dataset=splice_sites_all;matching=kmer_balanced;matching_signature=(6, 'TTT');border_estimator=center_window_kmer_jsd;estimator=center_jsd;window=48;search_radius=24;kmer=2;top_ratio=0.25;score_scale=4.0;motif_weight=0.0;motif_radius=12;score_normalization=train_quantile;raw_border_score=0.349557;border_score=1.176822",0.2528856694698334,0.2363566756248474,0.5107576847076416
test_Seq_2343,2,2,"benchmark=nucleotide_transformer_downstream_tasks;dataset=splice_sites_all;matching=kmer_balanced;matching_signature=(11, 'GGG');border_estimator=center_window_kmer_jsd;estimator=center_jsd;window=48;search_radius=24;kmer=2;top_ratio=0.25;score_scale=4.0;motif_weight=0.0;motif_radius=12;score_normalization=train_quantile;raw_border_score=0.291167;border_score=1.137489",0.2766066789627075,0.27322375774383545,0.4501695930957794
test_Seq_944,0,2,"benchmark=nucleotide_transformer_downstream_tasks;dataset=splice_sites_all;matching=kmer_balanced;matching_signature=(8, 'TTT');border_estimator=center_window_kmer_jsd;estimator=center_jsd;window=48;search_radius=24;kmer=2;top_ratio=0.25;score_scale=4.0;motif_weight=0.0;motif_radius=12;score_normalization=train_quantile;raw_border_score=0.237937;border_score=1.054689",0.3192558288574219,0.31030410528182983,0.3704400956630707
test_Seq_126,0,2,"benchmark=nucleotide_transformer_downstream_tasks;dataset=splice_sites_all;matching=kmer_balanced;matching_signature=(10, 'CCC');border_estimator=center_window_kmer_jsd;estimator=center_jsd;window=48;search_radius=24;kmer=2;top_ratio=0.25;score_scale=4.0;motif_weight=0.0;motif_radius=12;score_normalization=train_quantile;raw_border_score=0.187981;border_score=0.938911",0.31743189692497253,0.313554584980011,0.3690134882926941
test_Seq_829,0,2,"benchmark=nucleotide_transformer_downstream_tasks;dataset=splice_sites_all;matching=kmer_balanced;matching_signature=(6, 'TTT');border_estimator=center_window_kmer_jsd;estimator=center_jsd;window=48;search_radius=24;kmer=2;top_ratio=0.25;score_scale=4.0;motif_weight=0.0;motif_radius=12;score_normalization=train_quantile;raw_border_score=0.189535;border_score=0.942733",0.3159070312976837,0.3204863965511322,0.3636065423488617
test_Seq_2977,2,2,"benchmark=nucleotide_transformer_downstream_tasks;dataset=splice_sites_all;matching=kmer_balanced;matching_signature=(6, 'TTT');border_estimator=center_window_kmer_jsd;estimator=center_jsd;window=48;search_radius=24;kmer=2;top_ratio=0.25;score_scale=4.0;motif_weight=0.0;motif_radius=12;score_normalization=train_quantile;raw_border_score=0.196352;border_score=0.961133",0.3059878647327423,0.29868289828300476,0.39532923698425293
test_Seq_2288,2,2,"benchmark=nucleotide_transformer_downstream_tasks;dataset=splice_sites_all;matching=kmer_balanced;matching_signature=(6, 'TTT');border_estimator=center_window_kmer_jsd;estimator=center_jsd;window=48;search_radius=24;kmer=2;top_ratio=0.25;score_scale=4.0;motif_weight=0.0;motif_radius=12;score_normalization=train_quantile;raw_border_score=0.166768;border_score=0.883533",0.23855024576187134,0.23034504055976868,0.5311046838760376
test_Seq_2473,2,2,"benchmark=nucleotide_transformer_downstream_tasks;dataset=splice_sites_all;matching=kmer_balanced;matching_signature=(7, 'TTA');border_estimator=center_window_kmer_jsd;estimator=center_jsd;window=48;search_radius=24;kmer=2;top_ratio=0.25;score_scale=4.0;motif_weight=0.0;motif_radius=12;score_normalization=train_quantile;raw_border_score=0.244487;border_score=1.068289",0.2634262442588806,0.25924092531204224,0.4773328900337219
test_Seq_760,0,2,"benchmark=nucleotide_transformer_downstream_tasks;dataset=splice_sites_all;matching=kmer_balanced;matching_signature=(7, 'AAA');border_estimator=center_window_kmer_jsd;estimator=center_jsd;window=48;search_radius=24;kmer=2;top_ratio=0.25;score_scale=4.0;motif_weight=0.0;motif_radius=12;score_normalization=train_quantile;raw_border_score=0.152748;border_score=0.852911",0.3154691159725189,0.3119785487651825,0.3725523352622986
test_Seq_2367,2,2,"benchmark=nucleotide_transformer_downstream_tasks;dataset=splice_sites_all;matching=kmer_balanced;matching_signature=(7, 'TTT');border_estimator=center_window_kmer_jsd;estimator=center_jsd;window=48;search_radius=24;kmer=2;top_ratio=0.25;score_scale=4.0;motif_weight=0.0;motif_radius=12;score_normalization=train_quantile;raw_border_score=0.121812;border_score=0.812067",0.3139664828777313,0.31402289867401123,0.37201061844825745
test_Seq_488,0,2,"benchmark=nucleotide_transformer_downstream_tasks;dataset=splice_sites_all;matching=kmer_balanced;matching_signature=(6, 'TTT');border_estimator=center_window_kmer_jsd;estimator=center_jsd;window=48;search_radius=24;kmer=2;top_ratio=0.25;score_scale=4.0;motif_weight=0.0;motif_radius=12;score_normalization=train_quantile;raw_border_score=0.213825;border_score=1.003889",0.29285091161727905,0.27620387077331543,0.43094515800476074
test_Seq_2013,2,2,"benchmark=nucleotide_transformer_downstream_tasks;dataset=splice_sites_all;matching=kmer_balanced;matching_signature=(7, 'TTT');border_estimator=center_window_kmer_jsd;estimator=center_jsd;window=48;search_radius=24;kmer=2;top_ratio=0.25;score_scale=4.0;motif_weight=0.0;motif_radius=12;score_normalization=train_quantile;raw_border_score=0.169820;border_score=0.890422",0.1946757584810257,0.19130626320838928,0.6140179634094238
test_Seq_1575,1,1,"benchmark=nucleotide_transformer_downstream_tasks;dataset=splice_sites_all;matching=kmer_balanced;matching_signature=(10, 'TTT');border_estimator=center_window_kmer_jsd;estimator=center_jsd;window=48;search_radius=24;kmer=2;top_ratio=0.25;score_scale=4.0;motif_weight=0.0;motif_radius=12;score_normalization=train_quantile;raw_border_score=0.365555;border_score=1.182733",0.36093997955322266,0.36489278078079224,0.2741672098636627
test_Seq_2399,2,2,"benchmark=nucleotide_transformer_downstream_tasks;dataset=splice_sites_all;matching=kmer_balanced;matching_signature=(8, 'AAA');border_estimator=center_window_kmer_jsd;estimator=center_jsd;window=48;search_radius=24;kmer=2;top_ratio=0.25;score_scale=4.0;motif_weight=0.0;motif_radius=12;score_normalization=train_quantile;raw_border_score=0.271960;border_score=1.113000",0.21370340883731842,0.19914931058883667,0.5871472954750061
test_Seq_2459,2,2,"benchmark=nucleotide_transformer_downstream_tasks;dataset=splice_sites_all;matching=kmer_balanced;matching_signature=(7, 'TTT');border_estimator=center_window_kmer_jsd;estimator=center_jsd;window=48;search_radius=24;kmer=2;top_ratio=0.25;score_scale=4.0;motif_weight=0.0;motif_radius=12;score_normalization=train_quantile;raw_border_score=0.166782;border_score=0.883578",0.20102854073047638,0.19759432971477509,0.6013771891593933
test_Seq_2275,2,0,"benchmark=nucleotide_transformer_downstream_tasks;dataset=splice_sites_all;matching=kmer_balanced;matching_signature=(10, 'CAG');border_estimator=center_window_kmer_jsd;estimator=center_jsd;window=48;search_radius=24;kmer=2;top_ratio=0.25;score_scale=4.0;motif_weight=0.0;motif_radius=12;score_normalization=train_quantile;raw_border_score=0.270860;border_score=1.111533",0.3652682602405548,0.35750624537467957,0.27722546458244324
test_Seq_2484,2,1,"benchmark=nucleotide_transformer_downstream_tasks;dataset=splice_sites_all;matching=kmer_balanced;matching_signature=(12, 'CCC');border_estimator=center_window_kmer_jsd;estimator=center_jsd;window=48;search_radius=24;kmer=2;top_ratio=0.25;score_scale=4.0;motif_weight=0.0;motif_radius=12;score_normalization=train_quantile;raw_border_score=0.214717;border_score=1.005444",0.33420702815055847,0.3382803201675415,0.3275126516819
test_Seq_293,0,1,"benchmark=nucleotide_transformer_downstream_tasks;dataset=splice_sites_all;matching=kmer_balanced;matching_signature=(8, 'AAA');border_estimator=center_window_kmer_jsd;estimator=center_jsd;window=48;search_radius=24;kmer=2;top_ratio=0.25;score_scale=4.0;motif_weight=0.0;motif_radius=12;score_normalization=train_quantile;raw_border_score=0.231502;border_score=1.042511",0.3421096205711365,0.3528127372264862,0.30507761240005493
test_Seq_1921,1,2,"benchmark=nucleotide_transformer_downstream_tasks;dataset=splice_sites_all;matching=kmer_balanced;matching_signature=(7, 'AAA');border_estimator=center_window_kmer_jsd;estimator=center_jsd;window=48;search_radius=24;kmer=2;top_ratio=0.25;score_scale=4.0;motif_weight=0.0;motif_radius=12;score_normalization=train_quantile;raw_border_score=0.317401;border_score=1.159267",0.2855318486690521,0.2827400267124176,0.4317281246185303
test_Seq_1443,1,1,"benchmark=nucleotide_transformer_downstream_tasks;dataset=splice_sites_all;matching=kmer_balanced;matching_signature=(7, 'TTT');border_estimator=center_window_kmer_jsd;estimator=center_jsd;window=48;search_radius=24;kmer=2;top_ratio=0.25;score_scale=4.0;motif_weight=0.0;motif_radius=12;score_normalization=train_quantile;raw_border_score=0.270082;border_score=1.110200",0.3356885015964508,0.3381238579750061,0.3261876404285431
test_Seq_921,0,2,"benchmark=nucleotide_transformer_downstream_tasks;dataset=splice_sites_all;matching=kmer_balanced;matching_signature=(11, 'CAG');border_estimator=center_window_kmer_jsd;estimator=center_jsd;window=48;search_radius=24;kmer=2;top_ratio=0.25;score_scale=4.0;motif_weight=0.0;motif_radius=12;score_normalization=train_quantile;raw_border_score=0.342641;border_score=1.173178",0.3026062846183777,0.30227985978126526,0.39511385560035706
test_Seq_1544,1,2,"benchmark=nucleotide_transformer_downstream_tasks;dataset=splice_sites_all;matching=kmer_balanced;matching_signature=(8, 'TGA');border_estimator=center_window_kmer_jsd;estimator=center_jsd;window=48;search_radius=24;kmer=2;top_ratio=0.25;score_scale=4.0;motif_weight=0.0;motif_radius=12;score_normalization=train_quantile;raw_border_score=0.265435;border_score=1.104244",0.2866581082344055,0.2795230746269226,0.4338188171386719
test_Seq_580,0,2,"benchmark=nucleotide_transformer_downstream_tasks;dataset=splice_sites_all;matching=kmer_balanced;matching_signature=(11, 'GGG');border_estimator=center_window_kmer_jsd;estimator=center_jsd;window=48;search_radius=24;kmer=2;top_ratio=0.25;score_scale=4.0;motif_weight=0.0;motif_radius=12;score_normalization=train_quantile;raw_border_score=0.262434;border_score=1.099933",0.3020403981208801,0.3117581307888031,0.386201411485672
test_Seq_1812,1,2,"benchmark=nucleotide_transformer_downstream_tasks;dataset=splice_sites_all;matching=kmer_balanced;matching_signature=(8, 'ATT');border_estimator=center_window_kmer_jsd;estimator=center_jsd;window=48;search_radius=24;kmer=2;top_ratio=0.25;score_scale=4.0;motif_weight=0.0;motif_radius=12;score_normalization=train_quantile;raw_border_score=0.232341;border_score=1.044378",0.3107629716396332,0.32252806425094604,0.36670899391174316
test_Seq_2882,2,1,"benchmark=nucleotide_transformer_downstream_tasks;dataset=splice_sites_all;matching=kmer_balanced;matching_signature=(12, 'CCC');border_estimator=center_window_kmer_jsd;estimator=center_jsd;window=48;search_radius=24;kmer=2;top_ratio=0.25;score_scale=4.0;motif_weight=0.0;motif_radius=12;score_normalization=train_quantile;raw_border_score=0.239681;border_score=1.057711",0.3291444778442383,0.3355463147163391,0.3353092670440674
test_Seq_1292,1,2,"benchmark=nucleotide_transformer_downstream_tasks;dataset=splice_sites_all;matching=kmer_balanced;matching_signature=(10, 'AGG');border_estimator=center_window_kmer_jsd;estimator=center_jsd;window=48;search_radius=24;kmer=2;top_ratio=0.25;score_scale=4.0;motif_weight=0.0;motif_radius=12;score_normalization=train_quantile;raw_border_score=0.250887;border_score=1.080778",0.2911354601383209,0.285165935754776,0.4236985743045807
test_Seq_397,0,2,"benchmark=nucleotide_transformer_downstream_tasks;dataset=splice_sites_all;matching=kmer_balanced;matching_signature=(6, 'AAA');border_estimator=center_window_kmer_jsd;estimator=center_jsd;window=48;search_radius=24;kmer=2;top_ratio=0.25;score_scale=4.0;motif_weight=0.0;motif_radius=12;score_normalization=train_quantile;raw_border_score=0.266872;border_score=1.105622",0.29578208923339844,0.2901824414730072,0.41403552889823914
test_Seq_2844,2,2,"benchmark=nucleotide_transformer_downstream_tasks;dataset=splice_sites_all;matching=kmer_balanced;matching_signature=(7, 'TTT');border_estimator=center_window_kmer_jsd;estimator=center_jsd;window=48;search_radius=24;kmer=2;top_ratio=0.25;score_scale=4.0;motif_weight=0.0;motif_radius=12;score_normalization=train_quantile;raw_border_score=0.133640;border_score=0.823533",0.29537299275398254,0.2801491618156433,0.42447778582572937
test_Seq_559,0,2,"benchmark=nucleotide_transformer_downstream_tasks;dataset=splice_sites_all;matching=kmer_balanced;matching_signature=(11, 'CCC');border_estimator=center_window_kmer_jsd;estimator=center_jsd;window=48;search_radius=24;kmer=2;top_ratio=0.25;score_scale=4.0;motif_weight=0.0;motif_radius=12;score_normalization=train_quantile;raw_border_score=0.120315;border_score=0.811222",0.2921753525733948,0.2869640290737152,0.4208606481552124
test_Seq_2709,2,2,"benchmark=nucleotide_transformer_downstream_tasks;dataset=splice_sites_all;matching=kmer_balanced;matching_signature=(13, 'GGG');border_estimator=center_window_kmer_jsd;estimator=center_jsd;window=48;search_radius=24;kmer=2;top_ratio=0.25;score_scale=4.0;motif_weight=0.0;motif_radius=12;score_normalization=train_quantile;raw_border_score=0.167399;border_score=0.885178",0.30856552720069885,0.31205058097839355,0.3793838918209076
test_Seq_1919,1,2,"benchmark=nucleotide_transformer_downstream_tasks;dataset=splice_sites_all;matching=kmer_balanced;matching_signature=(7, 'TTT');border_estimator=center_window_kmer_jsd;estimator=center_jsd;window=48;search_radius=24;kmer=2;top_ratio=0.25;score_scale=4.0;motif_weight=0.0;motif_radius=12;score_normalization=train_quantile;raw_border_score=0.176086;border_score=0.908200",0.32267022132873535,0.32669493556022644,0.3506348133087158
test_Seq_2450,2,2,"benchmark=nucleotide_transformer_downstream_tasks;dataset=splice_sites_all;matching=kmer_balanced;matching_signature=(9, 'AAA');border_estimator=center_window_kmer_jsd;estimator=center_jsd;window=48;search_radius=24;kmer=2;top_ratio=0.25;score_scale=4.0;motif_weight=0.0;motif_radius=12;score_normalization=train_quantile;raw_border_score=0.230400;border_score=1.040511",0.12138450890779495,0.11633049696683884,0.7622849941253662
test_Seq_2558,2,1,"benchmark=nucleotide_transformer_downstream_tasks;dataset=splice_sites_all;matching=kmer_balanced;matching_signature=(9, 'TTT');border_estimator=center_window_kmer_jsd;estimator=center_jsd;window=48;search_radius=24;kmer=2;top_ratio=0.25;score_scale=4.0;motif_weight=0.0;motif_radius=12;score_normalization=train_quantile;raw_border_score=0.143473;border_score=0.836467",0.3383241295814514,0.3518206775188446,0.309855192899704
test_Seq_1099,1,2,"benchmark=nucleotide_transformer_downstream_tasks;dataset=splice_sites_all;matching=kmer_balanced;matching_signature=(8, 'TTT');border_estimator=center_window_kmer_jsd;estimator=center_jsd;window=48;search_radius=24;kmer=2;top_ratio=0.25;score_scale=4.0;motif_weight=0.0;motif_radius=12;score_normalization=train_quantile;raw_border_score=0.192880;border_score=0.951622",0.26222243905067444,0.25824588537216187,0.4795316755771637
test_Seq_1945,1,2,"benchmark=nucleotide_transformer_downstream_tasks;dataset=splice_sites_all;matching=kmer_balanced;matching_signature=(7, 'TTT');border_estimator=center_window_kmer_jsd;estimator=center_jsd;window=48;search_radius=24;kmer=2;top_ratio=0.25;score_scale=4.0;motif_weight=0.0;motif_radius=12;score_normalization=train_quantile;raw_border_score=0.257526;border_score=1.091489",0.2326284497976303,0.23250503838062286,0.5348665118217468
test_Seq_1902,1,2,"benchmark=nucleotide_transformer_downstream_tasks;dataset=splice_sites_all;matching=kmer_balanced;matching_signature=(6, 'TTT');border_estimator=center_window_kmer_jsd;estimator=center_jsd;window=48;search_radius=24;kmer=2;top_ratio=0.25;score_scale=4.0;motif_weight=0.0;motif_radius=12;score_normalization=train_quantile;raw_border_score=0.254431;border_score=1.086333",0.3084765374660492,0.29639682173728943,0.39512667059898376
test_Seq_1437,1,2,"benchmark=nucleotide_transformer_downstream_tasks;dataset=splice_sites_all;matching=kmer_balanced;matching_signature=(10, 'GTG');border_estimator=center_window_kmer_jsd;estimator=center_jsd;window=48;search_radius=24;kmer=2;top_ratio=0.25;score_scale=4.0;motif_weight=0.0;motif_radius=12;score_normalization=train_quantile;raw_border_score=0.208901;border_score=0.992244",0.28665855526924133,0.28539207577705383,0.42794936895370483
test_Seq_202,0,2,"benchmark=nucleotide_transformer_downstream_tasks;dataset=splice_sites_all;matching=kmer_balanced;matching_signature=(8, 'TTT');border_estimator=center_window_kmer_jsd;estimator=center_jsd;window=48;search_radius=24;kmer=2;top_ratio=0.25;score_scale=4.0;motif_weight=0.0;motif_radius=12;score_normalization=train_quantile;raw_border_score=0.355109;border_score=1.178689",0.2590462565422058,0.2469276785850525,0.4940260648727417
test_Seq_1306,1,2,"benchmark=nucleotide_transformer_downstream_tasks;dataset=splice_sites_all;matching=kmer_balanced;matching_signature=(12, 'CTG');border_estimator=center_window_kmer_jsd;estimator=center_jsd;window=48;search_radius=24;kmer=2;top_ratio=0.25;score_scale=4.0;motif_weight=0.0;motif_radius=12;score_normalization=train_quantile;raw_border_score=0.135083;border_score=0.825267",0.31115612387657166,0.3173132836818695,0.37153056263923645
test_Seq_105,0,2,"benchmark=nucleotide_transformer_downstream_tasks;dataset=splice_sites_all;matching=kmer_balanced;matching_signature=(6, 'TTT');border_estimator=center_window_kmer_jsd;estimator=center_jsd;window=48;search_radius=24;kmer=2;top_ratio=0.25;score_scale=4.0;motif_weight=0.0;motif_radius=12;score_normalization=train_quantile;raw_border_score=0.298664;border_score=1.144956",0.26573607325553894,0.24990062415599823,0.48436325788497925
test_Seq_1582,1,0,"benchmark=nucleotide_transformer_downstream_tasks;dataset=splice_sites_all;matching=kmer_balanced;matching_signature=(5, 'TTT');border_estimator=center_window_kmer_jsd;estimator=center_jsd;window=48;search_radius=24;kmer=2;top_ratio=0.25;score_scale=4.0;motif_weight=0.0;motif_radius=12;score_normalization=train_quantile;raw_border_score=0.200660;border_score=0.972689",0.3494701087474823,0.32697340846061707,0.32355642318725586
test_Seq_712,0,1,"benchmark=nucleotide_transformer_downstream_tasks;dataset=splice_sites_all;matching=kmer_balanced;matching_signature=(7, 'TTA');border_estimator=center_window_kmer_jsd;estimator=center_jsd;window=48;search_radius=24;kmer=2;top_ratio=0.25;score_scale=4.0;motif_weight=0.0;motif_radius=12;score_normalization=train_quantile;raw_border_score=0.215966;border_score=1.008733",0.3372310400009155,0.3458755314350128,0.31689345836639404
test_Seq_993,0,2,"benchmark=nucleotide_transformer_downstream_tasks;dataset=splice_sites_all;matching=kmer_balanced;matching_signature=(8, 'TTT');border_estimator=center_window_kmer_jsd;estimator=center_jsd;window=48;search_radius=24;kmer=2;top_ratio=0.25;score_scale=4.0;motif_weight=0.0;motif_radius=12;score_normalization=train_quantile;raw_border_score=0.200270;border_score=0.971978",0.314634770154953,0.30483755469322205,0.38052767515182495
test_Seq_118,0,2,"benchmark=nucleotide_transformer_downstream_tasks;dataset=splice_sites_all;matching=kmer_balanced;matching_signature=(13, 'GCC');border_estimator=center_window_kmer_jsd;estimator=center_jsd;window=48;search_radius=24;kmer=2;top_ratio=0.25;score_scale=4.0;motif_weight=0.0;motif_radius=12;score_normalization=train_quantile;raw_border_score=0.236458;border_score=1.051844",0.2961132526397705,0.28299176692962646,0.42089495062828064
test_Seq_2374,2,2,"benchmark=nucleotide_transformer_downstream_tasks;dataset=splice_sites_all;matching=kmer_balanced;matching_signature=(11, 'CCC');border_estimator=center_window_kmer_jsd;estimator=center_jsd;window=48;search_radius=24;kmer=2;top_ratio=0.25;score_scale=4.0;motif_weight=0.0;motif_radius=12;score_normalization=train_quantile;raw_border_score=0.186084;border_score=0.933400",0.2905886173248291,0.27849453687667847,0.43091684579849243
test_Seq_782,0,1,"benchmark=nucleotide_transformer_downstream_tasks;dataset=splice_sites_all;matching=kmer_balanced;matching_signature=(8, 'TTT');border_estimator=center_window_kmer_jsd;estimator=center_jsd;window=48;search_radius=24;kmer=2;top_ratio=0.25;score_scale=4.0;motif_weight=0.0;motif_radius=12;score_normalization=train_quantile;raw_border_score=0.260364;border_score=1.096467",0.3356199562549591,0.33877891302108765,0.32560110092163086
test_Seq_1170,1,1,"benchmark=nucleotide_transformer_downstream_tasks;dataset=splice_sites_all;matching=kmer_balanced;matching_signature=(13, 'GGC');border_estimator=center_window_kmer_jsd;estimator=center_jsd;window=48;search_radius=24;kmer=2;top_ratio=0.25;score_scale=4.0;motif_weight=0.0;motif_radius=12;score_normalization=train_quantile;raw_border_score=0.148609;border_score=0.845267",0.35061410069465637,0.35442256927490234,0.2949633002281189
test_Seq_1,0,2,"benchmark=nucleotide_transformer_downstream_tasks;dataset=splice_sites_all;matching=kmer_balanced;matching_signature=(9, 'TTT');border_estimator=center_window_kmer_jsd;estimator=center_jsd;window=48;search_radius=24;kmer=2;top_ratio=0.25;score_scale=4.0;motif_weight=0.0;motif_radius=12;score_normalization=train_quantile;raw_border_score=0.314159;border_score=1.156778",0.3065548837184906,0.297404408454895,0.39604073762893677
test_Seq_2359,2,2,"benchmark=nucleotide_transformer_downstream_tasks;dataset=splice_sites_all;matching=kmer_balanced;matching_signature=(10, 'CCC');border_estimator=center_window_kmer_jsd;estimator=center_jsd;window=48;search_radius=24;kmer=2;top_ratio=0.25;score_scale=4.0;motif_weight=0.0;motif_radius=12;score_normalization=train_quantile;raw_border_score=0.280147;border_score=1.124244",0.2961919605731964,0.2957317531108856,0.4080762565135956
test_Seq_1815,1,2,"benchmark=nucleotide_transformer_downstream_tasks;dataset=splice_sites_all;matching=kmer_balanced;matching_signature=(7, 'TTT');border_estimator=center_window_kmer_jsd;estimator=center_jsd;window=48;search_radius=24;kmer=2;top_ratio=0.25;score_scale=4.0;motif_weight=0.0;motif_radius=12;score_normalization=train_quantile;raw_border_score=0.182277;border_score=0.922956",0.16377946734428406,0.15229062736034393,0.6839298605918884
test_Seq_314,0,1,"benchmark=nucleotide_transformer_downstream_tasks;dataset=splice_sites_all;matching=kmer_balanced;matching_signature=(7, 'TTT');border_estimator=center_window_kmer_jsd;estimator=center_jsd;window=48;search_radius=24;kmer=2;top_ratio=0.25;score_scale=4.0;motif_weight=0.0;motif_radius=12;score_normalization=train_quantile;raw_border_score=0.180100;border_score=0.917978",0.330354779958725,0.3421730697154999,0.3274722099304199
test_Seq_1150,1,2,"benchmark=nucleotide_transformer_downstream_tasks;dataset=splice_sites_all;matching=kmer_balanced;matching_signature=(7, 'TTT');border_estimator=center_window_kmer_jsd;estimator=center_jsd;window=48;search_radius=24;kmer=2;top_ratio=0.25;score_scale=4.0;motif_weight=0.0;motif_radius=12;score_normalization=train_quantile;raw_border_score=0.223849;border_score=1.027889",0.2375510334968567,0.23033927381038666,0.5321096777915955
test_Seq_1587,1,0,"benchmark=nucleotide_transformer_downstream_tasks;dataset=splice_sites_all;matching=kmer_balanced;matching_signature=(13, 'GGG');border_estimator=center_window_kmer_jsd;estimator=center_jsd;window=48;search_radius=24;kmer=2;top_ratio=0.25;score_scale=4.0;motif_weight=0.0;motif_radius=12;score_normalization=train_quantile;raw_border_score=0.232562;border_score=1.044600",0.36517471075057983,0.3584635257720947,0.27636176347732544
test_Seq_2168,2,2,"benchmark=nucleotide_transformer_downstream_tasks;dataset=splice_sites_all;matching=kmer_balanced;matching_signature=(9, 'CAG');border_estimator=center_window_kmer_jsd;estimator=center_jsd;window=48;search_radius=24;kmer=2;top_ratio=0.25;score_scale=4.0;motif_weight=0.0;motif_radius=12;score_normalization=train_quantile;raw_border_score=0.167094;border_score=0.884422",0.2461526095867157,0.23584982752799988,0.5179975628852844
test_Seq_750,0,1,"benchmark=nucleotide_transformer_downstream_tasks;dataset=splice_sites_all;matching=kmer_balanced;matching_signature=(6, 'AAA');border_estimator=center_window_kmer_jsd;estimator=center_jsd;window=48;search_radius=24;kmer=2;top_ratio=0.25;score_scale=4.0;motif_weight=0.0;motif_radius=12;score_normalization=train_quantile;raw_border_score=0.250288;border_score=1.079844",0.3361303210258484,0.34404051303863525,0.3198291063308716
test_Seq_2676,2,2,"benchmark=nucleotide_transformer_downstream_tasks;dataset=splice_sites_all;matching=kmer_balanced;matching_signature=(11, 'CTC');border_estimator=center_window_kmer_jsd;estimator=center_jsd;window=48;search_radius=24;kmer=2;top_ratio=0.25;score_scale=4.0;motif_weight=0.0;motif_radius=12;score_normalization=train_quantile;raw_border_score=0.308806;border_score=1.152956",0.3043588399887085,0.3096328675746918,0.3860083222389221
test_Seq_2256,2,2,"benchmark=nucleotide_transformer_downstream_tasks;dataset=splice_sites_all;matching=kmer_balanced;matching_signature=(9, 'TTT');border_estimator=center_window_kmer_jsd;estimator=center_jsd;window=48;search_radius=24;kmer=2;top_ratio=0.25;score_scale=4.0;motif_weight=0.0;motif_radius=12;score_normalization=train_quantile;raw_border_score=0.147695;border_score=0.843489",0.23622095584869385,0.23110775649547577,0.532671332359314
test_Seq_1357,1,0,"benchmark=nucleotide_transformer_downstream_tasks;dataset=splice_sites_all;matching=kmer_balanced;matching_signature=(6, 'TTT');border_estimator=center_window_kmer_jsd;estimator=center_jsd;window=48;search_radius=24;kmer=2;top_ratio=0.25;score_scale=4.0;motif_weight=0.0;motif_radius=12;score_normalization=train_quantile;raw_border_score=0.333805;border_score=1.168200",0.33518698811531067,0.33063918352127075,0.3341738283634186
test_Seq_2252,2,2,"benchmark=nucleotide_transformer_downstream_tasks;dataset=splice_sites_all;matching=kmer_balanced;matching_signature=(9, 'TTT');border_estimator=center_window_kmer_jsd;estimator=center_jsd;window=48;search_radius=24;kmer=2;top_ratio=0.25;score_scale=4.0;motif_weight=0.0;motif_radius=12;score_normalization=train_quantile;raw_border_score=0.170116;border_score=0.891089",0.08242151886224747,0.0768345296382904,0.8407439589500427
test_Seq_1409,1,2,"benchmark=nucleotide_transformer_downstream_tasks;dataset=splice_sites_all;matching=kmer_balanced;matching_signature=(12, 'CCC');border_estimator=center_window_kmer_jsd;estimator=center_jsd;window=48;search_radius=24;kmer=2;top_ratio=0.25;score_scale=4.0;motif_weight=0.0;motif_radius=12;score_normalization=train_quantile;raw_border_score=0.199756;border_score=0.970644",0.293218195438385,0.2870480418205261,0.41973379254341125
test_Seq_2688,2,2,"benchmark=nucleotide_transformer_downstream_tasks;dataset=splice_sites_all;matching=kmer_balanced;matching_signature=(11, 'CTG');border_estimator=center_window_kmer_jsd;estimator=center_jsd;window=48;search_radius=24;kmer=2;top_ratio=0.25;score_scale=4.0;motif_weight=0.0;motif_radius=12;score_normalization=train_quantile;raw_border_score=0.203207;border_score=0.979267",0.2915332019329071,0.2774761915206909,0.43099069595336914
test_Seq_2905,2,2,"benchmark=nucleotide_transformer_downstream_tasks;dataset=splice_sites_all;matching=kmer_balanced;matching_signature=(10, 'CTG');border_estimator=center_window_kmer_jsd;estimator=center_jsd;window=48;search_radius=24;kmer=2;top_ratio=0.25;score_scale=4.0;motif_weight=0.0;motif_radius=12;score_normalization=train_quantile;raw_border_score=0.259028;border_score=1.093933",0.3308562934398651,0.3317635655403137,0.3373801112174988
test_Seq_98,0,2,"benchmark=nucleotide_transformer_downstream_tasks;dataset=splice_sites_all;matching=kmer_balanced;matching_signature=(7, 'AAA');border_estimator=center_window_kmer_jsd;estimator=center_jsd;window=48;search_radius=24;kmer=2;top_ratio=0.25;score_scale=4.0;motif_weight=0.0;motif_radius=12;score_normalization=train_quantile;raw_border_score=0.182605;border_score=0.924244",0.2538388967514038,0.25148725509643555,0.49467384815216064
test_Seq_1003,1,2,"benchmark=nucleotide_transformer_downstream_tasks;dataset=splice_sites_all;matching=kmer_balanced;matching_signature=(6, 'TTT');border_estimator=center_window_kmer_jsd;estimator=center_jsd;window=48;search_radius=24;kmer=2;top_ratio=0.25;score_scale=4.0;motif_weight=0.0;motif_radius=12;score_normalization=train_quantile;raw_border_score=0.179608;border_score=0.916822",0.26583629846572876,0.25928106904029846,0.4748826324939728
test_Seq_2302,2,2,"benchmark=nucleotide_transformer_downstream_tasks;dataset=splice_sites_all;matching=kmer_balanced;matching_signature=(11, 'CAG');border_estimator=center_window_kmer_jsd;estimator=center_jsd;window=48;search_radius=24;kmer=2;top_ratio=0.25;score_scale=4.0;motif_weight=0.0;motif_radius=12;score_normalization=train_quantile;raw_border_score=0.188025;border_score=0.939044",0.166903555393219,0.15306492149829865,0.6800315380096436
test_Seq_959,0,2,"benchmark=nucleotide_transformer_downstream_tasks;dataset=splice_sites_all;matching=kmer_balanced;matching_signature=(6, 'TTT');border_estimator=center_window_kmer_jsd;estimator=center_jsd;window=48;search_radius=24;kmer=2;top_ratio=0.25;score_scale=4.0;motif_weight=0.0;motif_radius=12;score_normalization=train_quantile;raw_border_score=0.220574;border_score=1.019933",0.3248703181743622,0.33361995220184326,0.34150975942611694
test_Seq_1337,1,2,"benchmark=nucleotide_transformer_downstream_tasks;dataset=splice_sites_all;matching=kmer_balanced;matching_signature=(7, 'TTT');border_estimator=center_window_kmer_jsd;estimator=center_jsd;window=48;search_radius=24;kmer=2;top_ratio=0.25;score_scale=4.0;motif_weight=0.0;motif_radius=12;score_normalization=train_quantile;raw_border_score=0.186984;border_score=0.935978",0.3232083022594452,0.323488712310791,0.3533029556274414
test_Seq_114,0,2,"benchmark=nucleotide_transformer_downstream_tasks;dataset=splice_sites_all;matching=kmer_balanced;matching_signature=(10, 'CAG');border_estimator=center_window_kmer_jsd;estimator=center_jsd;window=48;search_radius=24;kmer=2;top_ratio=0.25;score_scale=4.0;motif_weight=0.0;motif_radius=12;score_normalization=train_quantile;raw_border_score=0.163630;border_score=0.875267",0.2958047389984131,0.287887841463089,0.41630738973617554
test_Seq_874,0,2,"benchmark=nucleotide_transformer_downstream_tasks;dataset=splice_sites_all;matching=kmer_balanced;matching_signature=(5, 'AAA');border_estimator=center_window_kmer_jsd;estimator=center_jsd;window=48;search_radius=24;kmer=2;top_ratio=0.25;score_scale=4.0;motif_weight=0.0;motif_radius=12;score_normalization=train_quantile;raw_border_score=0.305248;border_score=1.150467",0.33363401889801025,0.32771384716033936,0.338652104139328
test_Seq_2553,2,2,"benchmark=nucleotide_transformer_downstream_tasks;dataset=splice_sites_all;matching=kmer_balanced;matching_signature=(9, 'AAA');border_estimator=center_window_kmer_jsd;estimator=center_jsd;window=48;search_radius=24;kmer=2;top_ratio=0.25;score_scale=4.0;motif_weight=0.0;motif_radius=12;score_normalization=train_quantile;raw_border_score=0.232826;border_score=1.045311",0.3043793737888336,0.30065539479255676,0.3949652910232544
test_Seq_385,0,2,"benchmark=nucleotide_transformer_downstream_tasks;dataset=splice_sites_all;matching=kmer_balanced;matching_signature=(7, 'AAA');border_estimator=center_window_kmer_jsd;estimator=center_jsd;window=48;search_radius=24;kmer=2;top_ratio=0.25;score_scale=4.0;motif_weight=0.0;motif_radius=12;score_normalization=train_quantile;raw_border_score=0.193755;border_score=0.954022",0.22576920688152313,0.22028273344039917,0.5539481043815613
test_Seq_531,0,2,"benchmark=nucleotide_transformer_downstream_tasks;dataset=splice_sites_all;matching=kmer_balanced;matching_signature=(9, 'GTG');border_estimator=center_window_kmer_jsd;estimator=center_jsd;window=48;search_radius=24;kmer=2;top_ratio=0.25;score_scale=4.0;motif_weight=0.0;motif_radius=12;score_normalization=train_quantile;raw_border_score=0.272971;border_score=1.114467",0.25295212864875793,0.2531795799732208,0.49386826157569885
test_Seq_576,0,1,"benchmark=nucleotide_transformer_downstream_tasks;dataset=splice_sites_all;matching=kmer_balanced;matching_signature=(11, 'GTG');border_estimator=center_window_kmer_jsd;estimator=center_jsd;window=48;search_radius=24;kmer=2;top_ratio=0.25;score_scale=4.0;motif_weight=0.0;motif_radius=12;score_normalization=train_quantile;raw_border_score=0.314264;border_score=1.156911",0.35004493594169617,0.3513312041759491,0.29862385988235474
test_Seq_237,0,2,"benchmark=nucleotide_transformer_downstream_tasks;dataset=splice_sites_all;matching=kmer_balanced;matching_signature=(13, 'CTG');border_estimator=center_window_kmer_jsd;estimator=center_jsd;window=48;search_radius=24;kmer=2;top_ratio=0.25;score_scale=4.0;motif_weight=0.0;motif_radius=12;score_normalization=train_quantile;raw_border_score=0.183578;border_score=0.926200",0.3119649887084961,0.307942271232605,0.3800927698612213
test_Seq_2120,2,2,"benchmark=nucleotide_transformer_downstream_tasks;dataset=splice_sites_all;matching=kmer_balanced;matching_signature=(8, 'TGT');border_estimator=center_window_kmer_jsd;estimator=center_jsd;window=48;search_radius=24;kmer=2;top_ratio=0.25;score_scale=4.0;motif_weight=0.0;motif_radius=12;score_normalization=train_quantile;raw_border_score=0.262206;border_score=1.099444",0.11439663171768188,0.09923150390386581,0.7863718867301941
test_Seq_1120,1,0,"benchmark=nucleotide_transformer_downstream_tasks;dataset=splice_sites_all;matching=kmer_balanced;matching_signature=(8, 'GTG');border_estimator=center_window_kmer_jsd;estimator=center_jsd;window=48;search_radius=24;kmer=2;top_ratio=0.25;score_scale=4.0;motif_weight=0.0;motif_radius=12;score_normalization=train_quantile;raw_border_score=0.192960;border_score=0.951978",0.37802016735076904,0.37503671646118164,0.24694307148456573
test_Seq_2408,2,2,"benchmark=nucleotide_transformer_downstream_tasks;dataset=splice_sites_all;matching=kmer_balanced;matching_signature=(12, 'CCC');border_estimator=center_window_kmer_jsd;estimator=center_jsd;window=48;search_radius=24;kmer=2;top_ratio=0.25;score_scale=4.0;motif_weight=0.0;motif_radius=12;score_normalization=train_quantile;raw_border_score=0.139817;border_score=0.831400",0.28873109817504883,0.30375972390174866,0.40750911831855774
test_Seq_2088,2,2,"benchmark=nucleotide_transformer_downstream_tasks;dataset=splice_sites_all;matching=kmer_balanced;matching_signature=(8, 'TTT');border_estimator=center_window_kmer_jsd;estimator=center_jsd;window=48;search_radius=24;kmer=2;top_ratio=0.25;score_scale=4.0;motif_weight=0.0;motif_radius=12;score_normalization=train_quantile;raw_border_score=0.289464;border_score=1.135933",0.23940984904766083,0.23000554740428925,0.5305845737457275
test_Seq_2703,2,2,"benchmark=nucleotide_transformer_downstream_tasks;dataset=splice_sites_all;matching=kmer_balanced;matching_signature=(9, 'CTG');border_estimator=center_window_kmer_jsd;estimator=center_jsd;window=48;search_radius=24;kmer=2;top_ratio=0.25;score_scale=4.0;motif_weight=0.0;motif_radius=12;score_normalization=train_quantile;raw_border_score=0.273985;border_score=1.115933",0.28701937198638916,0.2785498797893524,0.4344307780265808
test_Seq_1368,1,2,"benchmark=nucleotide_transformer_downstream_tasks;dataset=splice_sites_all;matching=kmer_balanced;matching_signature=(8, 'TTT');border_estimator=center_window_kmer_jsd;estimator=center_jsd;window=48;search_radius=24;kmer=2;top_ratio=0.25;score_scale=4.0;motif_weight=0.0;motif_radius=12;score_normalization=train_quantile;raw_border_score=0.147594;border_score=0.843356",0.29253217577934265,0.2888428270816803,0.41862496733665466
test_Seq_1784,1,2,"benchmark=nucleotide_transformer_downstream_tasks;dataset=splice_sites_all;matching=kmer_balanced;matching_signature=(13, 'CCC');border_estimator=center_window_kmer_jsd;estimator=center_jsd;window=48;search_radius=24;kmer=2;top_ratio=0.25;score_scale=4.0;motif_weight=0.0;motif_radius=12;score_normalization=train_quantile;raw_border_score=0.273385;border_score=1.115133",0.2615559995174408,0.2516789436340332,0.4867649972438812
test_Seq_2043,2,2,"benchmark=nucleotide_transformer_downstream_tasks;dataset=splice_sites_all;matching=kmer_balanced;matching_signature=(10, 'CCC');border_estimator=center_window_kmer_jsd;estimator=center_jsd;window=48;search_radius=24;kmer=2;top_ratio=0.25;score_scale=4.0;motif_weight=0.0;motif_radius=12;score_normalization=train_quantile;raw_border_score=0.505878;border_score=1.198778",0.27060383558273315,0.268446683883667,0.4609493911266327
test_Seq_939,0,2,"benchmark=nucleotide_transformer_downstream_tasks;dataset=splice_sites_all;matching=kmer_balanced;matching_signature=(5, 'TTT');border_estimator=center_window_kmer_jsd;estimator=center_jsd;window=48;search_radius=24;kmer=2;top_ratio=0.25;score_scale=4.0;motif_weight=0.0;motif_radius=12;score_normalization=train_quantile;raw_border_score=0.162977;border_score=0.873800",0.2263796627521515,0.20392228662967682,0.5696980357170105
test_Seq_460,0,2,"benchmark=nucleotide_transformer_downstream_tasks;dataset=splice_sites_all;matching=kmer_balanced;matching_signature=(12, 'CCC');border_estimator=center_window_kmer_jsd;estimator=center_jsd;window=48;search_radius=24;kmer=2;top_ratio=0.25;score_scale=4.0;motif_weight=0.0;motif_radius=12;score_normalization=train_quantile;raw_border_score=0.447797;border_score=1.195133",0.2955965995788574,0.2918040454387665,0.4125993251800537
test_Seq_2210,2,2,"benchmark=nucleotide_transformer_downstream_tasks;dataset=splice_sites_all;matching=kmer_balanced;matching_signature=(7, 'AAA');border_estimator=center_window_kmer_jsd;estimator=center_jsd;window=48;search_radius=24;kmer=2;top_ratio=0.25;score_scale=4.0;motif_weight=0.0;motif_radius=12;score_normalization=train_quantile;raw_border_score=0.241679;border_score=1.062467",0.1634945422410965,0.15685568749904633,0.6796497106552124
test_Seq_1197,1,2,"benchmark=nucleotide_transformer_downstream_tasks;dataset=splice_sites_all;matching=kmer_balanced;matching_signature=(8, 'TTT');border_estimator=center_window_kmer_jsd;estimator=center_jsd;window=48;search_radius=24;kmer=2;top_ratio=0.25;score_scale=4.0;motif_weight=0.0;motif_radius=12;score_normalization=train_quantile;raw_border_score=0.229817;border_score=1.039356",0.26675525307655334,0.2516515552997589,0.48159319162368774
test_Seq_1901,1,2,"benchmark=nucleotide_transformer_downstream_tasks;dataset=splice_sites_all;matching=kmer_balanced;matching_signature=(11, 'CCT');border_estimator=center_window_kmer_jsd;estimator=center_jsd;window=48;search_radius=24;kmer=2;top_ratio=0.25;score_scale=4.0;motif_weight=0.0;motif_radius=12;score_normalization=train_quantile;raw_border_score=0.179953;border_score=0.917667",0.20342190563678741,0.1958465576171875,0.6007315516471863
test_Seq_2866,2,2,"benchmark=nucleotide_transformer_downstream_tasks;dataset=splice_sites_all;matching=kmer_balanced;matching_signature=(7, 'TTT');border_estimator=center_window_kmer_jsd;estimator=center_jsd;window=48;search_radius=24;kmer=2;top_ratio=0.25;score_scale=4.0;motif_weight=0.0;motif_radius=12;score_normalization=train_quantile;raw_border_score=0.202932;border_score=0.978778",0.27729615569114685,0.2666364908218384,0.4560673236846924
test_Seq_976,0,1,"benchmark=nucleotide_transformer_downstream_tasks;dataset=splice_sites_all;matching=kmer_balanced;matching_signature=(8, 'TTT');border_estimator=center_window_kmer_jsd;estimator=center_jsd;window=48;search_radius=24;kmer=2;top_ratio=0.25;score_scale=4.0;motif_weight=0.0;motif_radius=12;score_normalization=train_quantile;raw_border_score=0.208025;border_score=0.990200",0.3506748080253601,0.36461392045021057,0.2847113013267517
test_Seq_584,0,2,"benchmark=nucleotide_transformer_downstream_tasks;dataset=splice_sites_all;matching=kmer_balanced;matching_signature=(6, 'AAA');border_estimator=center_window_kmer_jsd;estimator=center_jsd;window=48;search_radius=24;kmer=2;top_ratio=0.25;score_scale=4.0;motif_weight=0.0;motif_radius=12;score_normalization=train_quantile;raw_border_score=0.256469;border_score=1.089844",0.33295437693595886,0.32224002480506897,0.34480562806129456
test_Seq_2196,2,2,"benchmark=nucleotide_transformer_downstream_tasks;dataset=splice_sites_all;matching=kmer_balanced;matching_signature=(8, 'TTT');border_estimator=center_window_kmer_jsd;estimator=center_jsd;window=48;search_radius=24;kmer=2;top_ratio=0.25;score_scale=4.0;motif_weight=0.0;motif_radius=12;score_normalization=train_quantile;raw_border_score=0.279828;border_score=1.123756",0.25027552247047424,0.23839348554611206,0.5113310813903809
test_Seq_1637,1,2,"benchmark=nucleotide_transformer_downstream_tasks;dataset=splice_sites_all;matching=kmer_balanced;matching_signature=(12, 'CCC');border_estimator=center_window_kmer_jsd;estimator=center_jsd;window=48;search_radius=24;kmer=2;top_ratio=0.25;score_scale=4.0;motif_weight=0.0;motif_radius=12;score_normalization=train_quantile;raw_border_score=0.304285;border_score=1.149933",0.3063509464263916,0.3152908682823181,0.3783581554889679
test_Seq_477,0,0,"benchmark=nucleotide_transformer_downstream_tasks;dataset=splice_sites_all;matching=kmer_balanced;matching_signature=(10, 'TGT');border_estimator=center_window_kmer_jsd;estimator=center_jsd;window=48;search_radius=24;kmer=2;top_ratio=0.25;score_scale=4.0;motif_weight=0.0;motif_radius=12;score_normalization=train_quantile;raw_border_score=0.308540;border_score=1.152689",0.3452959656715393,0.33781275153160095,0.31689131259918213
test_Seq_302,0,2,"benchmark=nucleotide_transformer_downstream_tasks;dataset=splice_sites_all;matching=kmer_balanced;matching_signature=(7, 'TTT');border_estimator=center_window_kmer_jsd;estimator=center_jsd;window=48;search_radius=24;kmer=2;top_ratio=0.25;score_scale=4.0;motif_weight=0.0;motif_radius=12;score_normalization=train_quantile;raw_border_score=0.286651;border_score=1.132200",0.2517671287059784,0.2438994199037552,0.50433349609375
test_Seq_2100,2,2,"benchmark=nucleotide_transformer_downstream_tasks;dataset=splice_sites_all;matching=kmer_balanced;matching_signature=(5, 'TTT');border_estimator=center_window_kmer_jsd;estimator=center_jsd;window=48;search_radius=24;kmer=2;top_ratio=0.25;score_scale=4.0;motif_weight=0.0;motif_radius=12;score_normalization=train_quantile;raw_border_score=0.139664;border_score=0.831222",0.3048197329044342,0.3021509349346161,0.39302927255630493
test_Seq_405,0,2,"benchmark=nucleotide_transformer_downstream_tasks;dataset=splice_sites_all;matching=kmer_balanced;matching_signature=(7, 'TTT');border_estimator=center_window_kmer_jsd;estimator=center_jsd;window=48;search_radius=24;kmer=2;top_ratio=0.25;score_scale=4.0;motif_weight=0.0;motif_radius=12;score_normalization=train_quantile;raw_border_score=0.155026;border_score=0.857489",0.30564960837364197,0.3010912537574768,0.393259197473526
test_Seq_1563,1,0,"benchmark=nucleotide_transformer_downstream_tasks;dataset=splice_sites_all;matching=kmer_balanced;matching_signature=(6, 'AAA');border_estimator=center_window_kmer_jsd;estimator=center_jsd;window=48;search_radius=24;kmer=2;top_ratio=0.25;score_scale=4.0;motif_weight=0.0;motif_radius=12;score_normalization=train_quantile;raw_border_score=0.292661;border_score=1.138911",0.34458404779434204,0.3383153975009918,0.31710052490234375
test_Seq_704,0,2,"benchmark=nucleotide_transformer_downstream_tasks;dataset=splice_sites_all;matching=kmer_balanced;matching_signature=(6, 'AAA');border_estimator=center_window_kmer_jsd;estimator=center_jsd;window=48;search_radius=24;kmer=2;top_ratio=0.25;score_scale=4.0;motif_weight=0.0;motif_radius=12;score_normalization=train_quantile;raw_border_score=0.356365;border_score=1.179311",0.32920145988464355,0.31580308079719543,0.3549954891204834
test_Seq_1580,1,2,"benchmark=nucleotide_transformer_downstream_tasks;dataset=splice_sites_all;matching=kmer_balanced;matching_signature=(8, 'TTT');border_estimator=center_window_kmer_jsd;estimator=center_jsd;window=48;search_radius=24;kmer=2;top_ratio=0.25;score_scale=4.0;motif_weight=0.0;motif_radius=12;score_normalization=train_quantile;raw_border_score=0.355131;border_score=1.178689",0.3285597860813141,0.3294389843940735,0.3420012295246124
test_Seq_341,0,2,"benchmark=nucleotide_transformer_downstream_tasks;dataset=splice_sites_all;matching=kmer_balanced;matching_signature=(10, 'CCT');border_estimator=center_window_kmer_jsd;estimator=center_jsd;window=48;search_radius=24;kmer=2;top_ratio=0.25;score_scale=4.0;motif_weight=0.0;motif_radius=12;score_normalization=train_quantile;raw_border_score=0.196921;border_score=0.962556",0.3160223066806793,0.31079885363578796,0.3731788992881775
test_Seq_182,0,2,"benchmark=nucleotide_transformer_downstream_tasks;dataset=splice_sites_all;matching=kmer_balanced;matching_signature=(7, 'AGA');border_estimator=center_window_kmer_jsd;estimator=center_jsd;window=48;search_radius=24;kmer=2;top_ratio=0.25;score_scale=4.0;motif_weight=0.0;motif_radius=12;score_normalization=train_quantile;raw_border_score=0.163679;border_score=0.875356",0.30174946784973145,0.2907212972640991,0.40752920508384705
test_Seq_322,0,2,"benchmark=nucleotide_transformer_downstream_tasks;dataset=splice_sites_all;matching=kmer_balanced;matching_signature=(5, 'TTT');border_estimator=center_window_kmer_jsd;estimator=center_jsd;window=48;search_radius=24;kmer=2;top_ratio=0.25;score_scale=4.0;motif_weight=0.0;motif_radius=12;score_normalization=train_quantile;raw_border_score=0.338827;border_score=1.171222",0.2931397259235382,0.2759712040424347,0.4308890402317047
test_Seq_945,0,2,"benchmark=nucleotide_transformer_downstream_tasks;dataset=splice_sites_all;matching=kmer_balanced;matching_signature=(10, 'GGA');border_estimator=center_window_kmer_jsd;estimator=center_jsd;window=48;search_radius=24;kmer=2;top_ratio=0.25;score_scale=4.0;motif_weight=0.0;motif_radius=12;score_normalization=train_quantile;raw_border_score=0.181592;border_score=0.921756",0.19318971037864685,0.18383662402629852,0.6229736804962158
test_Seq_135,0,2,"benchmark=nucleotide_transformer_downstream_tasks;dataset=splice_sites_all;matching=kmer_balanced;matching_signature=(6, 'TTT');border_estimator=center_window_kmer_jsd;estimator=center_jsd;window=48;search_radius=24;kmer=2;top_ratio=0.25;score_scale=4.0;motif_weight=0.0;motif_radius=12;score_normalization=train_quantile;raw_border_score=0.262035;border_score=1.099000",0.2993292212486267,0.28677618503570557,0.4138946533203125
test_Seq_377,0,0,"benchmark=nucleotide_transformer_downstream_tasks;dataset=splice_sites_all;matching=kmer_balanced;matching_signature=(6, 'AAA');border_estimator=center_window_kmer_jsd;estimator=center_jsd;window=48;search_radius=24;kmer=2;top_ratio=0.25;score_scale=4.0;motif_weight=0.0;motif_radius=12;score_normalization=train_quantile;raw_border_score=0.353821;border_score=1.178111",0.36016765236854553,0.3548983633518219,0.2849339544773102
test_Seq_2669,2,2,"benchmark=nucleotide_transformer_downstream_tasks;dataset=splice_sites_all;matching=kmer_balanced;matching_signature=(7, 'AAA');border_estimator=center_window_kmer_jsd;estimator=center_jsd;window=48;search_radius=24;kmer=2;top_ratio=0.25;score_scale=4.0;motif_weight=0.0;motif_radius=12;score_normalization=train_quantile;raw_border_score=0.165524;border_score=0.880111",0.25742849707603455,0.25687718391418457,0.4856943190097809
test_Seq_1978,1,2,"benchmark=nucleotide_transformer_downstream_tasks;dataset=splice_sites_all;matching=kmer_balanced;matching_signature=(7, 'TTT');border_estimator=center_window_kmer_jsd;estimator=center_jsd;window=48;search_radius=24;kmer=2;top_ratio=0.25;score_scale=4.0;motif_weight=0.0;motif_radius=12;score_normalization=train_quantile;raw_border_score=0.209800;border_score=0.994733",0.3109678626060486,0.29871729016304016,0.39031487703323364
test_Seq_2235,2,2,"benchmark=nucleotide_transformer_downstream_tasks;dataset=splice_sites_all;matching=kmer_balanced;matching_signature=(10, 'CAG');border_estimator=center_window_kmer_jsd;estimator=center_jsd;window=48;search_radius=24;kmer=2;top_ratio=0.25;score_scale=4.0;motif_weight=0.0;motif_radius=12;score_normalization=train_quantile;raw_border_score=0.157919;border_score=0.862822",0.2979450821876526,0.2870514988899231,0.4150034487247467
test_Seq_879,0,1,"benchmark=nucleotide_transformer_downstream_tasks;dataset=splice_sites_all;matching=kmer_balanced;matching_signature=(9, 'TCT');border_estimator=center_window_kmer_jsd;estimator=center_jsd;window=48;search_radius=24;kmer=2;top_ratio=0.25;score_scale=4.0;motif_weight=0.0;motif_radius=12;score_normalization=train_quantile;raw_border_score=0.261660;border_score=1.098378",0.34628456830978394,0.34807127714157104,0.3056442141532898
test_Seq_1433,1,2,"benchmark=nucleotide_transformer_downstream_tasks;dataset=splice_sites_all;matching=kmer_balanced;matching_signature=(9, 'TTT');border_estimator=center_window_kmer_jsd;estimator=center_jsd;window=48;search_radius=24;kmer=2;top_ratio=0.25;score_scale=4.0;motif_weight=0.0;motif_radius=12;score_normalization=train_quantile;raw_border_score=0.241480;border_score=1.061889",0.21494565904140472,0.21599045395851135,0.5690639019012451
test_Seq_2796,2,2,"benchmark=nucleotide_transformer_downstream_tasks;dataset=splice_sites_all;matching=kmer_balanced;matching_signature=(11, 'CAG');border_estimator=center_window_kmer_jsd;estimator=center_jsd;window=48;search_radius=24;kmer=2;top_ratio=0.25;score_scale=4.0;motif_weight=0.0;motif_radius=12;score_normalization=train_quantile;raw_border_score=0.251843;border_score=1.082067",0.33452892303466797,0.3302059769630432,0.3352651000022888
test_Seq_1982,1,2,"benchmark=nucleotide_transformer_downstream_tasks;dataset=splice_sites_all;matching=kmer_balanced;matching_signature=(10, 'CTG');border_estimator=center_window_kmer_jsd;estimator=center_jsd;window=48;search_radius=24;kmer=2;top_ratio=0.25;score_scale=4.0;motif_weight=0.0;motif_radius=12;score_normalization=train_quantile;raw_border_score=0.220829;border_score=1.020689",0.23757794499397278,0.2312215119600296,0.5312005877494812
test_Seq_2279,2,2,"benchmark=nucleotide_transformer_downstream_tasks;dataset=splice_sites_all;matching=kmer_balanced;matching_signature=(12, 'CCC');border_estimator=center_window_kmer_jsd;estimator=center_jsd;window=48;search_radius=24;kmer=2;top_ratio=0.25;score_scale=4.0;motif_weight=0.0;motif_radius=12;score_normalization=train_quantile;raw_border_score=0.220306;border_score=1.019356",0.2659315764904022,0.2641097605228424,0.46995866298675537
test_Seq_2542,2,2,"benchmark=nucleotide_transformer_downstream_tasks;dataset=splice_sites_all;matching=kmer_balanced;matching_signature=(7, 'AAA');border_estimator=center_window_kmer_jsd;estimator=center_jsd;window=48;search_radius=24;kmer=2;top_ratio=0.25;score_scale=4.0;motif_weight=0.0;motif_radius=12;score_normalization=train_quantile;raw_border_score=0.196878;border_score=0.962378",0.3164081871509552,0.3177030682563782,0.3658888041973114
test_Seq_1979,1,2,"benchmark=nucleotide_transformer_downstream_tasks;dataset=splice_sites_all;matching=kmer_balanced;matching_signature=(12, 'GGG');border_estimator=center_window_kmer_jsd;estimator=center_jsd;window=48;search_radius=24;kmer=2;top_ratio=0.25;score_scale=4.0;motif_weight=0.0;motif_radius=12;score_normalization=train_quantile;raw_border_score=0.185841;border_score=0.932733",0.24187156558036804,0.2300391048192978,0.5280893445014954
test_Seq_895,0,2,"benchmark=nucleotide_transformer_downstream_tasks;dataset=splice_sites_all;matching=kmer_balanced;matching_signature=(8, 'TTT');border_estimator=center_window_kmer_jsd;estimator=center_jsd;window=48;search_radius=24;kmer=2;top_ratio=0.25;score_scale=4.0;motif_weight=0.0;motif_radius=12;score_normalization=train_quantile;raw_border_score=0.154048;border_score=0.855489",0.2896070182323456,0.2781148850917816,0.4322781264781952
test_Seq_1995,1,0,"benchmark=nucleotide_transformer_downstream_tasks;dataset=splice_sites_all;matching=kmer_balanced;matching_signature=(12, 'GGG');border_estimator=center_window_kmer_jsd;estimator=center_jsd;window=48;search_radius=24;kmer=2;top_ratio=0.25;score_scale=4.0;motif_weight=0.0;motif_radius=12;score_normalization=train_quantile;raw_border_score=0.159370;border_score=0.866378",0.33977511525154114,0.3383427560329437,0.32188212871551514
test_Seq_2901,2,2,"benchmark=nucleotide_transformer_downstream_tasks;dataset=splice_sites_all;matching=kmer_balanced;matching_signature=(9, 'TTT');border_estimator=center_window_kmer_jsd;estimator=center_jsd;window=48;search_radius=24;kmer=2;top_ratio=0.25;score_scale=4.0;motif_weight=0.0;motif_radius=12;score_normalization=train_quantile;raw_border_score=0.282765;border_score=1.127400",0.2522803246974945,0.24436381459236145,0.5033559203147888
test_Seq_2910,2,2,"benchmark=nucleotide_transformer_downstream_tasks;dataset=splice_sites_all;matching=kmer_balanced;matching_signature=(5, 'TTT');border_estimator=center_window_kmer_jsd;estimator=center_jsd;window=48;search_radius=24;kmer=2;top_ratio=0.25;score_scale=4.0;motif_weight=0.0;motif_radius=12;score_normalization=train_quantile;raw_border_score=0.193574;border_score=0.953711",0.13611246645450592,0.12617313861846924,0.7377143502235413
test_Seq_2124,2,2,"benchmark=nucleotide_transformer_downstream_tasks;dataset=splice_sites_all;matching=kmer_balanced;matching_signature=(6, 'TTT');border_estimator=center_window_kmer_jsd;estimator=center_jsd;window=48;search_radius=24;kmer=2;top_ratio=0.25;score_scale=4.0;motif_weight=0.0;motif_radius=12;score_normalization=train_quantile;raw_border_score=0.228955;border_score=1.037978",0.29344597458839417,0.2813856303691864,0.42516839504241943
test_Seq_659,0,2,"benchmark=nucleotide_transformer_downstream_tasks;dataset=splice_sites_all;matching=kmer_balanced;matching_signature=(6, 'TTT');border_estimator=center_window_kmer_jsd;estimator=center_jsd;window=48;search_radius=24;kmer=2;top_ratio=0.25;score_scale=4.0;motif_weight=0.0;motif_radius=12;score_normalization=train_quantile;raw_border_score=0.231442;border_score=1.042378",0.3040339946746826,0.3000296950340271,0.3959362804889679
test_Seq_2195,2,2,"benchmark=nucleotide_transformer_downstream_tasks;dataset=splice_sites_all;matching=kmer_balanced;matching_signature=(6, 'TTT');border_estimator=center_window_kmer_jsd;estimator=center_jsd;window=48;search_radius=24;kmer=2;top_ratio=0.25;score_scale=4.0;motif_weight=0.0;motif_radius=12;score_normalization=train_quantile;raw_border_score=0.155550;border_score=0.858467",0.2554911673069,0.23242436349391937,0.5120845437049866
test_Seq_1753,1,2,"benchmark=nucleotide_transformer_downstream_tasks;dataset=splice_sites_all;matching=kmer_balanced;matching_signature=(8, 'TTT');border_estimator=center_window_kmer_jsd;estimator=center_jsd;window=48;search_radius=24;kmer=2;top_ratio=0.25;score_scale=4.0;motif_weight=0.0;motif_radius=12;score_normalization=train_quantile;raw_border_score=0.158252;border_score=0.863267",0.284564733505249,0.28360170125961304,0.43183353543281555
test_Seq_1380,1,2,"benchmark=nucleotide_transformer_downstream_tasks;dataset=splice_sites_all;matching=kmer_balanced;matching_signature=(10, 'CAG');border_estimator=center_window_kmer_jsd;estimator=center_jsd;window=48;search_radius=24;kmer=2;top_ratio=0.25;score_scale=4.0;motif_weight=0.0;motif_radius=12;score_normalization=train_quantile;raw_border_score=0.190882;border_score=0.946422",0.3180272877216339,0.3114168047904968,0.3705558478832245
test_Seq_2048,2,0,"benchmark=nucleotide_transformer_downstream_tasks;dataset=splice_sites_all;matching=kmer_balanced;matching_signature=(13, 'CCC');border_estimator=center_window_kmer_jsd;estimator=center_jsd;window=48;search_radius=24;kmer=2;top_ratio=0.25;score_scale=4.0;motif_weight=0.0;motif_radius=12;score_normalization=train_quantile;raw_border_score=0.099402;border_score=0.802733",0.3512815237045288,0.35067516565322876,0.29804328083992004
test_Seq_1275,1,2,"benchmark=nucleotide_transformer_downstream_tasks;dataset=splice_sites_all;matching=kmer_balanced;matching_signature=(7, 'AAA');border_estimator=center_window_kmer_jsd;estimator=center_jsd;window=48;search_radius=24;kmer=2;top_ratio=0.25;score_scale=4.0;motif_weight=0.0;motif_radius=12;score_normalization=train_quantile;raw_border_score=0.263974;border_score=1.102333",0.28604891896247864,0.2813064455986023,0.43264466524124146
test_Seq_2046,2,2,"benchmark=nucleotide_transformer_downstream_tasks;dataset=splice_sites_all;matching=kmer_balanced;matching_signature=(10, 'CAG');border_estimator=center_window_kmer_jsd;estimator=center_jsd;window=48;search_radius=24;kmer=2;top_ratio=0.25;score_scale=4.0;motif_weight=0.0;motif_radius=12;score_normalization=train_quantile;raw_border_score=0.194949;border_score=0.956822",0.2543782889842987,0.24294956028461456,0.5026721358299255
test_Seq_2823,2,2,"benchmark=nucleotide_transformer_downstream_tasks;dataset=splice_sites_all;matching=kmer_balanced;matching_signature=(6, 'TTT');border_estimator=center_window_kmer_jsd;estimator=center_jsd;window=48;search_radius=24;kmer=2;top_ratio=0.25;score_scale=4.0;motif_weight=0.0;motif_radius=12;score_normalization=train_quantile;raw_border_score=0.248381;border_score=1.075756",0.27470555901527405,0.259184330701828,0.4661100208759308
test_Seq_690,0,1,"benchmark=nucleotide_transformer_downstream_tasks;dataset=splice_sites_all;matching=kmer_balanced;matching_signature=(8, 'TTT');border_estimator=center_window_kmer_jsd;estimator=center_jsd;window=48;search_radius=24;kmer=2;top_ratio=0.25;score_scale=4.0;motif_weight=0.0;motif_radius=12;score_normalization=train_quantile;raw_border_score=0.325479;border_score=1.164067",0.33709052205085754,0.34523794054985046,0.317671537399292
test_Seq_1173,1,2,"benchmark=nucleotide_transformer_downstream_tasks;dataset=splice_sites_all;matching=kmer_balanced;matching_signature=(8, 'TGT');border_estimator=center_window_kmer_jsd;estimator=center_jsd;window=48;search_radius=24;kmer=2;top_ratio=0.25;score_scale=4.0;motif_weight=0.0;motif_radius=12;score_normalization=train_quantile;raw_border_score=0.187630;border_score=0.937489",0.31381285190582275,0.31411585211753845,0.3720712959766388
test_Seq_2707,2,2,"benchmark=nucleotide_transformer_downstream_tasks;dataset=splice_sites_all;matching=kmer_balanced;matching_signature=(13, 'GGG');border_estimator=center_window_kmer_jsd;estimator=center_jsd;window=48;search_radius=24;kmer=2;top_ratio=0.25;score_scale=4.0;motif_weight=0.0;motif_radius=12;score_normalization=train_quantile;raw_border_score=0.064251;border_score=0.800156",0.16803303360939026,0.15446871519088745,0.6774982213973999
test_Seq_151,0,2,"benchmark=nucleotide_transformer_downstream_tasks;dataset=splice_sites_all;matching=kmer_balanced;matching_signature=(7, 'TTT');border_estimator=center_window_kmer_jsd;estimator=center_jsd;window=48;search_radius=24;kmer=2;top_ratio=0.25;score_scale=4.0;motif_weight=0.0;motif_radius=12;score_normalization=train_quantile;raw_border_score=0.160025;border_score=0.867667",0.30310162901878357,0.29980143904685974,0.3970969021320343
test_Seq_892,0,2,"benchmark=nucleotide_transformer_downstream_tasks;dataset=splice_sites_all;matching=kmer_balanced;matching_signature=(8, 'TTT');border_estimator=center_window_kmer_jsd;estimator=center_jsd;window=48;search_radius=24;kmer=2;top_ratio=0.25;score_scale=4.0;motif_weight=0.0;motif_radius=12;score_normalization=train_quantile;raw_border_score=0.181775;border_score=0.922022",0.17166295647621155,0.1588772088289261,0.6694598197937012
test_Seq_2545,2,2,"benchmark=nucleotide_transformer_downstream_tasks;dataset=splice_sites_all;matching=kmer_balanced;matching_signature=(6, 'TTT');border_estimator=center_window_kmer_jsd;estimator=center_jsd;window=48;search_radius=24;kmer=2;top_ratio=0.25;score_scale=4.0;motif_weight=0.0;motif_radius=12;score_normalization=train_quantile;raw_border_score=0.133049;border_score=0.822733",0.21981820464134216,0.20631249248981476,0.5738692879676819
test_Seq_2870,2,2,"benchmark=nucleotide_transformer_downstream_tasks;dataset=splice_sites_all;matching=kmer_balanced;matching_signature=(7, 'TTT');border_estimator=center_window_kmer_jsd;estimator=center_jsd;window=48;search_radius=24;kmer=2;top_ratio=0.25;score_scale=4.0;motif_weight=0.0;motif_radius=12;score_normalization=train_quantile;raw_border_score=0.285355;border_score=1.130733",0.2969343364238739,0.29065412282943726,0.4124116003513336
test_Seq_734,0,2,"benchmark=nucleotide_transformer_downstream_tasks;dataset=splice_sites_all;matching=kmer_balanced;matching_signature=(12, 'CTG');border_estimator=center_window_kmer_jsd;estimator=center_jsd;window=48;search_radius=24;kmer=2;top_ratio=0.25;score_scale=4.0;motif_weight=0.0;motif_radius=12;score_normalization=train_quantile;raw_border_score=0.178904;border_score=0.915311",0.2901988625526428,0.28357577323913574,0.42622536420822144
test_Seq_2184,2,2,"benchmark=nucleotide_transformer_downstream_tasks;dataset=splice_sites_all;matching=kmer_balanced;matching_signature=(8, 'TTT');border_estimator=center_window_kmer_jsd;estimator=center_jsd;window=48;search_radius=24;kmer=2;top_ratio=0.25;score_scale=4.0;motif_weight=0.0;motif_radius=12;score_normalization=train_quantile;raw_border_score=0.388816;border_score=1.188067",0.11112722009420395,0.10326854139566422,0.7856042385101318
test_Seq_1186,1,2,"benchmark=nucleotide_transformer_downstream_tasks;dataset=splice_sites_all;matching=kmer_balanced;matching_signature=(6, 'TTT');border_estimator=center_window_kmer_jsd;estimator=center_jsd;window=48;search_radius=24;kmer=2;top_ratio=0.25;score_scale=4.0;motif_weight=0.0;motif_radius=12;score_normalization=train_quantile;raw_border_score=0.252033;border_score=1.082333",0.3016636371612549,0.2846430242061615,0.41369330883026123
test_Seq_2254,2,2,"benchmark=nucleotide_transformer_downstream_tasks;dataset=splice_sites_all;matching=kmer_balanced;matching_signature=(9, 'TCT');border_estimator=center_window_kmer_jsd;estimator=center_jsd;window=48;search_radius=24;kmer=2;top_ratio=0.25;score_scale=4.0;motif_weight=0.0;motif_radius=12;score_normalization=train_quantile;raw_border_score=0.243268;border_score=1.066244",0.2351013571023941,0.22782984375953674,0.537068784236908
test_Seq_1326,1,2,"benchmark=nucleotide_transformer_downstream_tasks;dataset=splice_sites_all;matching=kmer_balanced;matching_signature=(8, 'AAA');border_estimator=center_window_kmer_jsd;estimator=center_jsd;window=48;search_radius=24;kmer=2;top_ratio=0.25;score_scale=4.0;motif_weight=0.0;motif_radius=12;score_normalization=train_quantile;raw_border_score=0.225603;border_score=1.031267",0.2934574782848358,0.29783451557159424,0.40870794653892517
test_Seq_878,0,2,"benchmark=nucleotide_transformer_downstream_tasks;dataset=splice_sites_all;matching=kmer_balanced;matching_signature=(6, 'TTT');border_estimator=center_window_kmer_jsd;estimator=center_jsd;window=48;search_radius=24;kmer=2;top_ratio=0.25;score_scale=4.0;motif_weight=0.0;motif_radius=12;score_normalization=train_quantile;raw_border_score=0.323461;border_score=1.162956",0.3067982494831085,0.30742254853248596,0.3857792019844055
test_Seq_2754,2,2,"benchmark=nucleotide_transformer_downstream_tasks;dataset=splice_sites_all;matching=kmer_balanced;matching_signature=(11, 'CTG');border_estimator=center_window_kmer_jsd;estimator=center_jsd;window=48;search_radius=24;kmer=2;top_ratio=0.25;score_scale=4.0;motif_weight=0.0;motif_radius=12;score_normalization=train_quantile;raw_border_score=0.193950;border_score=0.954644",0.307321697473526,0.29963383078575134,0.39304447174072266
test_Seq_703,0,2,"benchmark=nucleotide_transformer_downstream_tasks;dataset=splice_sites_all;matching=kmer_balanced;matching_signature=(12, 'GGG');border_estimator=center_window_kmer_jsd;estimator=center_jsd;window=48;search_radius=24;kmer=2;top_ratio=0.25;score_scale=4.0;motif_weight=0.0;motif_radius=12;score_normalization=train_quantile;raw_border_score=0.477438;border_score=1.197267",0.31276291608810425,0.31710365414619446,0.3701333999633789
test_Seq_1007,1,2,"benchmark=nucleotide_transformer_downstream_tasks;dataset=splice_sites_all;matching=kmer_balanced;matching_signature=(8, 'TTT');border_estimator=center_window_kmer_jsd;estimator=center_jsd;window=48;search_radius=24;kmer=2;top_ratio=0.25;score_scale=4.0;motif_weight=0.0;motif_radius=12;score_normalization=train_quantile;raw_border_score=0.320189;border_score=1.161267",0.3075229227542877,0.3018706738948822,0.3906063735485077
test_Seq_2955,2,2,"benchmark=nucleotide_transformer_downstream_tasks;dataset=splice_sites_all;matching=kmer_balanced;matching_signature=(6, 'TTT');border_estimator=center_window_kmer_jsd;estimator=center_jsd;window=48;search_radius=24;kmer=2;top_ratio=0.25;score_scale=4.0;motif_weight=0.0;motif_radius=12;score_normalization=train_quantile;raw_border_score=0.171584;border_score=0.895178",0.3006109595298767,0.29937294125556946,0.40001609921455383
test_Seq_1823,1,2,"benchmark=nucleotide_transformer_downstream_tasks;dataset=splice_sites_all;matching=kmer_balanced;matching_signature=(9, 'GAA');border_estimator=center_window_kmer_jsd;estimator=center_jsd;window=48;search_radius=24;kmer=2;top_ratio=0.25;score_scale=4.0;motif_weight=0.0;motif_radius=12;score_normalization=train_quantile;raw_border_score=0.162663;border_score=0.873311",0.33079442381858826,0.3206774592399597,0.3485281467437744
test_Seq_2616,2,2,"benchmark=nucleotide_transformer_downstream_tasks;dataset=splice_sites_all;matching=kmer_balanced;matching_signature=(12, 'CCC');border_estimator=center_window_kmer_jsd;estimator=center_jsd;window=48;search_radius=24;kmer=2;top_ratio=0.25;score_scale=4.0;motif_weight=0.0;motif_radius=12;score_normalization=train_quantile;raw_border_score=0.153022;border_score=0.853489",0.31229856610298157,0.3020283579826355,0.38567307591438293
test_Seq_1253,1,1,"benchmark=nucleotide_transformer_downstream_tasks;dataset=splice_sites_all;matching=kmer_balanced;matching_signature=(13, 'GGG');border_estimator=center_window_kmer_jsd;estimator=center_jsd;window=48;search_radius=24;kmer=2;top_ratio=0.25;score_scale=4.0;motif_weight=0.0;motif_radius=12;score_normalization=train_quantile;raw_border_score=0.230790;border_score=1.041044",0.34636831283569336,0.3539994955062866,0.29963216185569763
test_Seq_2916,2,0,"benchmark=nucleotide_transformer_downstream_tasks;dataset=splice_sites_all;matching=kmer_balanced;matching_signature=(10, 'CTG');border_estimator=center_window_kmer_jsd;estimator=center_jsd;window=48;search_radius=24;kmer=2;top_ratio=0.25;score_scale=4.0;motif_weight=0.0;motif_radius=12;score_normalization=train_quantile;raw_border_score=0.209638;border_score=0.994289",0.3456915020942688,0.3453820049762726,0.3089264929294586
test_Seq_1382,1,0,"benchmark=nucleotide_transformer_downstream_tasks;dataset=splice_sites_all;matching=kmer_balanced;matching_signature=(9, 'CCT');border_estimator=center_window_kmer_jsd;estimator=center_jsd;window=48;search_radius=24;kmer=2;top_ratio=0.25;score_scale=4.0;motif_weight=0.0;motif_radius=12;score_normalization=train_quantile;raw_border_score=0.193390;border_score=0.953222",0.34018179774284363,0.3383200764656067,0.3214980959892273
test_Seq_2442,2,0,"benchmark=nucleotide_transformer_downstream_tasks;dataset=splice_sites_all;matching=kmer_balanced;matching_signature=(9, 'GAA');border_estimator=center_window_kmer_jsd;estimator=center_jsd;window=48;search_radius=24;kmer=2;top_ratio=0.25;score_scale=4.0;motif_weight=0.0;motif_radius=12;score_normalization=train_quantile;raw_border_score=0.205029;border_score=0.984244",0.3499721586704254,0.3496190309524536,0.30040881037712097
test_Seq_2773,2,2,"benchmark=nucleotide_transformer_downstream_tasks;dataset=splice_sites_all;matching=kmer_balanced;matching_signature=(6, 'TTT');border_estimator=center_window_kmer_jsd;estimator=center_jsd;window=48;search_radius=24;kmer=2;top_ratio=0.25;score_scale=4.0;motif_weight=0.0;motif_radius=12;score_normalization=train_quantile;raw_border_score=0.171686;border_score=0.895711",0.3013550937175751,0.2871722877025604,0.4114725887775421
test_Seq_2533,2,2,"benchmark=nucleotide_transformer_downstream_tasks;dataset=splice_sites_all;matching=kmer_balanced;matching_signature=(6, 'TTT');border_estimator=center_window_kmer_jsd;estimator=center_jsd;window=48;search_radius=24;kmer=2;top_ratio=0.25;score_scale=4.0;motif_weight=0.0;motif_radius=12;score_normalization=train_quantile;raw_border_score=0.232495;border_score=1.044511",0.22020696103572845,0.2104414850473404,0.5693515539169312
test_Seq_1980,1,2,"benchmark=nucleotide_transformer_downstream_tasks;dataset=splice_sites_all;matching=kmer_balanced;matching_signature=(11, 'CTG');border_estimator=center_window_kmer_jsd;estimator=center_jsd;window=48;search_radius=24;kmer=2;top_ratio=0.25;score_scale=4.0;motif_weight=0.0;motif_radius=12;score_normalization=train_quantile;raw_border_score=0.341254;border_score=1.172733",0.31000426411628723,0.3086433708667755,0.38135239481925964
test_Seq_506,0,2,"benchmark=nucleotide_transformer_downstream_tasks;dataset=splice_sites_all;matching=kmer_balanced;matching_signature=(8, 'TTT');border_estimator=center_window_kmer_jsd;estimator=center_jsd;window=48;search_radius=24;kmer=2;top_ratio=0.25;score_scale=4.0;motif_weight=0.0;motif_radius=12;score_normalization=train_quantile;raw_border_score=0.272069;border_score=1.113178",0.2318822592496872,0.22342979907989502,0.5446879267692566
test_Seq_2747,2,2,"benchmark=nucleotide_transformer_downstream_tasks;dataset=splice_sites_all;matching=kmer_balanced;matching_signature=(8, 'AAA');border_estimator=center_window_kmer_jsd;estimator=center_jsd;window=48;search_radius=24;kmer=2;top_ratio=0.25;score_scale=4.0;motif_weight=0.0;motif_radius=12;score_normalization=train_quantile;raw_border_score=0.155711;border_score=0.858733",0.32401081919670105,0.31807780265808105,0.3579113185405731
test_Seq_1925,1,2,"benchmark=nucleotide_transformer_downstream_tasks;dataset=splice_sites_all;matching=kmer_balanced;matching_signature=(11, 'CCT');border_estimator=center_window_kmer_jsd;estimator=center_jsd;window=48;search_radius=24;kmer=2;top_ratio=0.25;score_scale=4.0;motif_weight=0.0;motif_radius=12;score_normalization=train_quantile;raw_border_score=0.170875;border_score=0.892778",0.30943605303764343,0.31050318479537964,0.3800607919692993
test_Seq_553,0,2,"benchmark=nucleotide_transformer_downstream_tasks;dataset=splice_sites_all;matching=kmer_balanced;matching_signature=(11, 'TGG');border_estimator=center_window_kmer_jsd;estimator=center_jsd;window=48;search_radius=24;kmer=2;top_ratio=0.25;score_scale=4.0;motif_weight=0.0;motif_radius=12;score_normalization=train_quantile;raw_border_score=0.324711;border_score=1.163489",0.29060038924217224,0.28512877225875854,0.4242708086967468
test_Seq_1107,1,2,"benchmark=nucleotide_transformer_downstream_tasks;dataset=splice_sites_all;matching=kmer_balanced;matching_signature=(12, 'CTG');border_estimator=center_window_kmer_jsd;estimator=center_jsd;window=48;search_radius=24;kmer=2;top_ratio=0.25;score_scale=4.0;motif_weight=0.0;motif_radius=12;score_normalization=train_quantile;raw_border_score=0.153889;border_score=0.855267",0.29635968804359436,0.2977016568183899,0.40593865513801575
test_Seq_2848,2,2,"benchmark=nucleotide_transformer_downstream_tasks;dataset=splice_sites_all;matching=kmer_balanced;matching_signature=(7, 'TTT');border_estimator=center_window_kmer_jsd;estimator=center_jsd;window=48;search_radius=24;kmer=2;top_ratio=0.25;score_scale=4.0;motif_weight=0.0;motif_radius=12;score_normalization=train_quantile;raw_border_score=0.227161;border_score=1.034778",0.2208724468946457,0.20214930176734924,0.5769782662391663
test_Seq_1559,1,1,"benchmark=nucleotide_transformer_downstream_tasks;dataset=splice_sites_all;matching=kmer_balanced;matching_signature=(11, 'CCC');border_estimator=center_window_kmer_jsd;estimator=center_jsd;window=48;search_radius=24;kmer=2;top_ratio=0.25;score_scale=4.0;motif_weight=0.0;motif_radius=12;score_normalization=train_quantile;raw_border_score=0.322485;border_score=1.162467",0.33423417806625366,0.3432643711566925,0.3225015103816986
test_Seq_13,0,1,"benchmark=nucleotide_transformer_downstream_tasks;dataset=splice_sites_all;matching=kmer_balanced;matching_signature=(12, 'GGG');border_estimator=center_window_kmer_jsd;estimator=center_jsd;window=48;search_radius=24;kmer=2;top_ratio=0.25;score_scale=4.0;motif_weight=0.0;motif_radius=12;score_normalization=train_quantile;raw_border_score=0.137800;border_score=0.828956",0.3618184030056,0.37097615003585815,0.2672053873538971
test_Seq_1344,1,2,"benchmark=nucleotide_transformer_downstream_tasks;dataset=splice_sites_all;matching=kmer_balanced;matching_signature=(7, 'TTT');border_estimator=center_window_kmer_jsd;estimator=center_jsd;window=48;search_radius=24;kmer=2;top_ratio=0.25;score_scale=4.0;motif_weight=0.0;motif_radius=12;score_normalization=train_quantile;raw_border_score=0.207398;border_score=0.989133",0.2410474568605423,0.2195141315460205,0.5394384264945984
test_Seq_1064,1,2,"benchmark=nucleotide_transformer_downstream_tasks;dataset=splice_sites_all;matching=kmer_balanced;matching_signature=(10, 'CCC');border_estimator=center_window_kmer_jsd;estimator=center_jsd;window=48;search_radius=24;kmer=2;top_ratio=0.25;score_scale=4.0;motif_weight=0.0;motif_radius=12;score_normalization=train_quantile;raw_border_score=0.266645;border_score=1.105489",0.3315017521381378,0.32435789704322815,0.34414035081863403
test_Seq_2777,2,0,"benchmark=nucleotide_transformer_downstream_tasks;dataset=splice_sites_all;matching=kmer_balanced;matching_signature=(8, 'AAA');border_estimator=center_window_kmer_jsd;estimator=center_jsd;window=48;search_radius=24;kmer=2;top_ratio=0.25;score_scale=4.0;motif_weight=0.0;motif_radius=12;score_normalization=train_quantile;raw_border_score=0.231468;border_score=1.042422",0.3450668156147003,0.34021300077438354,0.3147202134132385
test_Seq_2695,2,2,"benchmark=nucleotide_transformer_downstream_tasks;dataset=splice_sites_all;matching=kmer_balanced;matching_signature=(9, 'CTG');border_estimator=center_window_kmer_jsd;estimator=center_jsd;window=48;search_radius=24;kmer=2;top_ratio=0.25;score_scale=4.0;motif_weight=0.0;motif_radius=12;score_normalization=train_quantile;raw_border_score=0.145778;border_score=0.840022",0.327840119600296,0.3330807089805603,0.3390791714191437
test_Seq_722,0,2,"benchmark=nucleotide_transformer_downstream_tasks;dataset=splice_sites_all;matching=kmer_balanced;matching_signature=(6, 'TTT');border_estimator=center_window_kmer_jsd;estimator=center_jsd;window=48;search_radius=24;kmer=2;top_ratio=0.25;score_scale=4.0;motif_weight=0.0;motif_radius=12;score_normalization=train_quantile;raw_border_score=0.212433;border_score=1.000511",0.3231598138809204,0.33026933670043945,0.3465708792209625
test_Seq_1955,1,2,"benchmark=nucleotide_transformer_downstream_tasks;dataset=splice_sites_all;matching=kmer_balanced;matching_signature=(9, 'CTT');border_estimator=center_window_kmer_jsd;estimator=center_jsd;window=48;search_radius=24;kmer=2;top_ratio=0.25;score_scale=4.0;motif_weight=0.0;motif_radius=12;score_normalization=train_quantile;raw_border_score=0.214812;border_score=1.005578",0.31913524866104126,0.30486103892326355,0.3760037124156952
test_Seq_495,0,2,"benchmark=nucleotide_transformer_downstream_tasks;dataset=splice_sites_all;matching=kmer_balanced;matching_signature=(6, 'TTT');border_estimator=center_window_kmer_jsd;estimator=center_jsd;window=48;search_radius=24;kmer=2;top_ratio=0.25;score_scale=4.0;motif_weight=0.0;motif_radius=12;score_normalization=train_quantile;raw_border_score=0.304143;border_score=1.149844",0.3297768533229828,0.32583826780319214,0.34438490867614746
test_Seq_1992,1,2,"benchmark=nucleotide_transformer_downstream_tasks;dataset=splice_sites_all;matching=kmer_balanced;matching_signature=(10, 'CCT');border_estimator=center_window_kmer_jsd;estimator=center_jsd;window=48;search_radius=24;kmer=2;top_ratio=0.25;score_scale=4.0;motif_weight=0.0;motif_radius=12;score_normalization=train_quantile;raw_border_score=0.171337;border_score=0.894378",0.3118811249732971,0.2980440557003021,0.39007478952407837
test_Seq_658,0,2,"benchmark=nucleotide_transformer_downstream_tasks;dataset=splice_sites_all;matching=kmer_balanced;matching_signature=(13, 'GGG');border_estimator=center_window_kmer_jsd;estimator=center_jsd;window=48;search_radius=24;kmer=2;top_ratio=0.25;score_scale=4.0;motif_weight=0.0;motif_radius=12;score_normalization=train_quantile;raw_border_score=0.176745;border_score=0.910378",0.2525310814380646,0.24431593716144562,0.5031530261039734
test_Seq_686,0,2,"benchmark=nucleotide_transformer_downstream_tasks;dataset=splice_sites_all;matching=kmer_balanced;matching_signature=(6, 'TTT');border_estimator=center_window_kmer_jsd;estimator=center_jsd;window=48;search_radius=24;kmer=2;top_ratio=0.25;score_scale=4.0;motif_weight=0.0;motif_radius=12;score_normalization=train_quantile;raw_border_score=0.347600;border_score=1.176022",0.21119245886802673,0.20352864265441895,0.5852789282798767
test_Seq_2412,2,2,"benchmark=nucleotide_transformer_downstream_tasks;dataset=splice_sites_all;matching=kmer_balanced;matching_signature=(7, 'AAA');border_estimator=center_window_kmer_jsd;estimator=center_jsd;window=48;search_radius=24;kmer=2;top_ratio=0.25;score_scale=4.0;motif_weight=0.0;motif_radius=12;score_normalization=train_quantile;raw_border_score=0.257458;border_score=1.091356",0.31280243396759033,0.3087644577026367,0.37843310832977295
