id,true_label,pred_label,metadata,prob_0,prob_1,prob_2
test_Seq_2979,2,2,"benchmark=nucleotide_transformer_downstream_tasks;dataset=splice_sites_all;matching=kmer_balanced;matching_signature=(11, 'CAG');border_estimator=center_window_kmer_jsd;estimator=center_jsd;window=48;search_radius=24;kmer=2;top_ratio=0.25;score_scale=4.0;motif_weight=0.0;motif_radius=12;score_normalization=train_quantile;raw_border_score=0.317606;border_score=1.159356",0.31329092383384705,0.3228631317615509,0.3638460040092468
test_Seq_2853,2,2,"benchmark=nucleotide_transformer_downstream_tasks;dataset=splice_sites_all;matching=kmer_balanced;matching_signature=(8, 'TTC');border_estimator=center_window_kmer_jsd;estimator=center_jsd;window=48;search_radius=24;kmer=2;top_ratio=0.25;score_scale=4.0;motif_weight=0.0;motif_radius=12;score_normalization=train_quantile;raw_border_score=0.209544;border_score=0.994156",0.15862208604812622,0.1842965930700302,0.6570813655853271
test_Seq_2520,2,2,"benchmark=nucleotide_transformer_downstream_tasks;dataset=splice_sites_all;matching=kmer_balanced;matching_signature=(12, 'GGG');border_estimator=center_window_kmer_jsd;estimator=center_jsd;window=48;search_radius=24;kmer=2;top_ratio=0.25;score_scale=4.0;motif_weight=0.0;motif_radius=12;score_normalization=train_quantile;raw_border_score=0.205414;border_score=0.985267",0.31113988161087036,0.3172793388366699,0.3715808093547821
test_Seq_2632,2,0,"benchmark=nucleotide_transformer_downstream_tasks;dataset=splice_sites_all;matching=kmer_balanced;matching_signature=(14, 'CGG');border_estimator=center_window_kmer_jsd;estimator=center_jsd;window=48;search_radius=24;kmer=2;top_ratio=0.25;score_scale=4.0;motif_weight=0.0;motif_radius=12;score_normalization=train_quantile;raw_border_score=0.181279;border_score=0.921178",0.36647599935531616,0.35650986433029175,0.2770140767097473
test_Seq_465,0,2,"benchmark=nucleotide_transformer_downstream_tasks;dataset=splice_sites_all;matching=kmer_balanced;matching_signature=(7, 'TTT');border_estimator=center_window_kmer_jsd;estimator=center_jsd;window=48;search_radius=24;kmer=2;top_ratio=0.25;score_scale=4.0;motif_weight=0.0;motif_radius=12;score_normalization=train_quantile;raw_border_score=0.246821;border_score=1.072689",0.23278987407684326,0.2507176399230957,0.516492486000061
test_Seq_136,0,2,"benchmark=nucleotide_transformer_downstream_tasks;dataset=splice_sites_all;matching=kmer_balanced;matching_signature=(7, 'AAA');border_estimator=center_window_kmer_jsd;estimator=center_jsd;window=48;search_radius=24;kmer=2;top_ratio=0.25;score_scale=4.0;motif_weight=0.0;motif_radius=12;score_normalization=train_quantile;raw_border_score=0.251707;border_score=1.081889",0.26313140988349915,0.2768521010875702,0.46001651883125305
test_Seq_2365,2,1,"benchmark=nucleotide_transformer_downstream_tasks;dataset=splice_sites_all;matching=kmer_balanced;matching_signature=(8, 'GTG');border_estimator=center_window_kmer_jsd;estimator=center_jsd;window=48;search_radius=24;kmer=2;top_ratio=0.25;score_scale=4.0;motif_weight=0.0;motif_radius=12;score_normalization=train_quantile;raw_border_score=0.214478;border_score=1.005044",0.33122846484184265,0.3404916822910309,0.32827988266944885
test_Seq_667,0,2,"benchmark=nucleotide_transformer_downstream_tasks;dataset=splice_sites_all;matching=kmer_balanced;matching_signature=(8, 'TTT');border_estimator=center_window_kmer_jsd;estimator=center_jsd;window=48;search_radius=24;kmer=2;top_ratio=0.25;score_scale=4.0;motif_weight=0.0;motif_radius=12;score_normalization=train_quantile;raw_border_score=0.238838;border_score=1.056111",0.32620498538017273,0.3331584334373474,0.34063661098480225
test_Seq_2704,2,2,"benchmark=nucleotide_transformer_downstream_tasks;dataset=splice_sites_all;matching=kmer_balanced;matching_signature=(7, 'AAA');border_estimator=center_window_kmer_jsd;estimator=center_jsd;window=48;search_radius=24;kmer=2;top_ratio=0.25;score_scale=4.0;motif_weight=0.0;motif_radius=12;score_normalization=train_quantile;raw_border_score=0.169525;border_score=0.889667",0.2716365158557892,0.2944369614124298,0.4339264929294586
test_Seq_2921,2,2,"benchmark=nucleotide_transformer_downstream_tasks;dataset=splice_sites_all;matching=kmer_balanced;matching_signature=(7, 'TTT');border_estimator=center_window_kmer_jsd;estimator=center_jsd;window=48;search_radius=24;kmer=2;top_ratio=0.25;score_scale=4.0;motif_weight=0.0;motif_radius=12;score_normalization=train_quantile;raw_border_score=0.180431;border_score=0.918956",0.21872997283935547,0.24417513608932495,0.5370949506759644
test_Seq_1896,1,1,"benchmark=nucleotide_transformer_downstream_tasks;dataset=splice_sites_all;matching=kmer_balanced;matching_signature=(7, 'TAT');border_estimator=center_window_kmer_jsd;estimator=center_jsd;window=48;search_radius=24;kmer=2;top_ratio=0.25;score_scale=4.0;motif_weight=0.0;motif_radius=12;score_normalization=train_quantile;raw_border_score=0.165309;border_score=0.879800",0.33258023858070374,0.3480605483055115,0.3193591833114624
test_Seq_2417,2,2,"benchmark=nucleotide_transformer_downstream_tasks;dataset=splice_sites_all;matching=kmer_balanced;matching_signature=(8, 'TTT');border_estimator=center_window_kmer_jsd;estimator=center_jsd;window=48;search_radius=24;kmer=2;top_ratio=0.25;score_scale=4.0;motif_weight=0.0;motif_radius=12;score_normalization=train_quantile;raw_border_score=0.159951;border_score=0.867444",0.23419231176376343,0.26241832971572876,0.5033893585205078
test_Seq_1691,1,2,"benchmark=nucleotide_transformer_downstream_tasks;dataset=splice_sites_all;matching=kmer_balanced;matching_signature=(8, 'AAA');border_estimator=center_window_kmer_jsd;estimator=center_jsd;window=48;search_radius=24;kmer=2;top_ratio=0.25;score_scale=4.0;motif_weight=0.0;motif_radius=12;score_normalization=train_quantile;raw_border_score=0.174504;border_score=0.903622",0.17922773957252502,0.19967694580554962,0.6210953593254089
test_Seq_1909,1,2,"benchmark=nucleotide_transformer_downstream_tasks;dataset=splice_sites_all;matching=kmer_balanced;matching_signature=(10, 'CCA');border_estimator=center_window_kmer_jsd;estimator=center_jsd;window=48;search_radius=24;kmer=2;top_ratio=0.25;score_scale=4.0;motif_weight=0.0;motif_radius=12;score_normalization=train_quantile;raw_border_score=0.138644;border_score=0.829889",0.2683680057525635,0.29983165860176086,0.43180036544799805
test_Seq_1472,1,2,"benchmark=nucleotide_transformer_downstream_tasks;dataset=splice_sites_all;matching=kmer_balanced;matching_signature=(12, 'CTG');border_estimator=center_window_kmer_jsd;estimator=center_jsd;window=48;search_radius=24;kmer=2;top_ratio=0.25;score_scale=4.0;motif_weight=0.0;motif_radius=12;score_normalization=train_quantile;raw_border_score=0.156291;border_score=0.859800",0.29304805397987366,0.31683096289634705,0.3901209533214569
test_Seq_1839,1,2,"benchmark=nucleotide_transformer_downstream_tasks;dataset=splice_sites_all;matching=kmer_balanced;matching_signature=(5, 'TTT');border_estimator=center_window_kmer_jsd;estimator=center_jsd;window=48;search_radius=24;kmer=2;top_ratio=0.25;score_scale=4.0;motif_weight=0.0;motif_radius=12;score_normalization=train_quantile;raw_border_score=0.221860;border_score=1.023222",0.2839377522468567,0.3009558916091919,0.41510632634162903
test_Seq_1350,1,2,"benchmark=nucleotide_transformer_downstream_tasks;dataset=splice_sites_all;matching=kmer_balanced;matching_signature=(8, 'AAA');border_estimator=center_window_kmer_jsd;estimator=center_jsd;window=48;search_radius=24;kmer=2;top_ratio=0.25;score_scale=4.0;motif_weight=0.0;motif_radius=12;score_normalization=train_quantile;raw_border_score=0.205385;border_score=0.985178",0.29376181960105896,0.3140648305416107,0.3921733796596527
test_Seq_633,0,2,"benchmark=nucleotide_transformer_downstream_tasks;dataset=splice_sites_all;matching=kmer_balanced;matching_signature=(8, 'AAA');border_estimator=center_window_kmer_jsd;estimator=center_jsd;window=48;search_radius=24;kmer=2;top_ratio=0.25;score_scale=4.0;motif_weight=0.0;motif_radius=12;score_normalization=train_quantile;raw_border_score=0.269802;border_score=1.109889",0.32130032777786255,0.33667775988578796,0.3420218825340271
test_Seq_2419,2,1,"benchmark=nucleotide_transformer_downstream_tasks;dataset=splice_sites_all;matching=kmer_balanced;matching_signature=(13, 'GGG');border_estimator=center_window_kmer_jsd;estimator=center_jsd;window=48;search_radius=24;kmer=2;top_ratio=0.25;score_scale=4.0;motif_weight=0.0;motif_radius=12;score_normalization=train_quantile;raw_border_score=0.197733;border_score=0.965000",0.3314375579357147,0.34101659059524536,0.3275458514690399
test_Seq_2273,2,1,"benchmark=nucleotide_transformer_downstream_tasks;dataset=splice_sites_all;matching=kmer_balanced;matching_signature=(12, 'GGG');border_estimator=center_window_kmer_jsd;estimator=center_jsd;window=48;search_radius=24;kmer=2;top_ratio=0.25;score_scale=4.0;motif_weight=0.0;motif_radius=12;score_normalization=train_quantile;raw_border_score=0.166918;border_score=0.883933",0.332139790058136,0.34119755029678345,0.32666268944740295
test_Seq_140,0,2,"benchmark=nucleotide_transformer_downstream_tasks;dataset=splice_sites_all;matching=kmer_balanced;matching_signature=(8, 'AAA');border_estimator=center_window_kmer_jsd;estimator=center_jsd;window=48;search_radius=24;kmer=2;top_ratio=0.25;score_scale=4.0;motif_weight=0.0;motif_radius=12;score_normalization=train_quantile;raw_border_score=0.395331;border_score=1.189000",0.31185439229011536,0.3199552297592163,0.3681904077529907
test_Seq_2560,2,1,"benchmark=nucleotide_transformer_downstream_tasks;dataset=splice_sites_all;matching=kmer_balanced;matching_signature=(7, 'TTT');border_estimator=center_window_kmer_jsd;estimator=center_jsd;window=48;search_radius=24;kmer=2;top_ratio=0.25;score_scale=4.0;motif_weight=0.0;motif_radius=12;score_normalization=train_quantile;raw_border_score=0.154750;border_score=0.856733",0.32553043961524963,0.3384881019592285,0.33598142862319946
test_Seq_1667,1,2,"benchmark=nucleotide_transformer_downstream_tasks;dataset=splice_sites_all;matching=kmer_balanced;matching_signature=(8, 'AAA');border_estimator=center_window_kmer_jsd;estimator=center_jsd;window=48;search_radius=24;kmer=2;top_ratio=0.25;score_scale=4.0;motif_weight=0.0;motif_radius=12;score_normalization=train_quantile;raw_border_score=0.176269;border_score=0.908867",0.2676481604576111,0.28429192304611206,0.44805994629859924
test_Seq_2729,2,2,"benchmark=nucleotide_transformer_downstream_tasks;dataset=splice_sites_all;matching=kmer_balanced;matching_signature=(6, 'AAA');border_estimator=center_window_kmer_jsd;estimator=center_jsd;window=48;search_radius=24;kmer=2;top_ratio=0.25;score_scale=4.0;motif_weight=0.0;motif_radius=12;score_normalization=train_quantile;raw_border_score=0.229686;border_score=1.039133",0.22491244971752167,0.2493082582950592,0.5257793068885803
test_Seq_1169,1,2,"benchmark=nucleotide_transformer_downstream_tasks;dataset=splice_sites_all;matching=kmer_balanced;matching_signature=(9, 'TCT');border_estimator=center_window_kmer_jsd;estimator=center_jsd;window=48;search_radius=24;kmer=2;top_ratio=0.25;score_scale=4.0;motif_weight=0.0;motif_radius=12;score_normalization=train_quantile;raw_border_score=0.200967;border_score=0.973178",0.2805553376674652,0.3086446523666382,0.4107999801635742
test_Seq_30,0,2,"benchmark=nucleotide_transformer_downstream_tasks;dataset=splice_sites_all;matching=kmer_balanced;matching_signature=(11, 'GGG');border_estimator=center_window_kmer_jsd;estimator=center_jsd;window=48;search_radius=24;kmer=2;top_ratio=0.25;score_scale=4.0;motif_weight=0.0;motif_radius=12;score_normalization=train_quantile;raw_border_score=0.149944;border_score=0.847667",0.3189193606376648,0.3254174292087555,0.3556631803512573
test_Seq_1473,1,2,"benchmark=nucleotide_transformer_downstream_tasks;dataset=splice_sites_all;matching=kmer_balanced;matching_signature=(9, 'AAA');border_estimator=center_window_kmer_jsd;estimator=center_jsd;window=48;search_radius=24;kmer=2;top_ratio=0.25;score_scale=4.0;motif_weight=0.0;motif_radius=12;score_normalization=train_quantile;raw_border_score=0.118431;border_score=0.810022",0.1938200443983078,0.22009626030921936,0.5860836505889893
test_Seq_2803,2,2,"benchmark=nucleotide_transformer_downstream_tasks;dataset=splice_sites_all;matching=kmer_balanced;matching_signature=(8, 'TTT');border_estimator=center_window_kmer_jsd;estimator=center_jsd;window=48;search_radius=24;kmer=2;top_ratio=0.25;score_scale=4.0;motif_weight=0.0;motif_radius=12;score_normalization=train_quantile;raw_border_score=0.216444;border_score=1.010067",0.31976860761642456,0.33752530813217163,0.3427060544490814
test_Seq_2930,2,2,"benchmark=nucleotide_transformer_downstream_tasks;dataset=splice_sites_all;matching=kmer_balanced;matching_signature=(6, 'TTT');border_estimator=center_window_kmer_jsd;estimator=center_jsd;window=48;search_radius=24;kmer=2;top_ratio=0.25;score_scale=4.0;motif_weight=0.0;motif_radius=12;score_normalization=train_quantile;raw_border_score=0.164815;border_score=0.878556",0.2623947262763977,0.2919315993785858,0.4456736743450165
test_Seq_2106,2,2,"benchmark=nucleotide_transformer_downstream_tasks;dataset=splice_sites_all;matching=kmer_balanced;matching_signature=(9, 'CAG');border_estimator=center_window_kmer_jsd;estimator=center_jsd;window=48;search_radius=24;kmer=2;top_ratio=0.25;score_scale=4.0;motif_weight=0.0;motif_radius=12;score_normalization=train_quantile;raw_border_score=0.349729;border_score=1.176822",0.2422661930322647,0.25913727283477783,0.49859651923179626
test_Seq_1104,1,2,"benchmark=nucleotide_transformer_downstream_tasks;dataset=splice_sites_all;matching=kmer_balanced;matching_signature=(8, 'TTT');border_estimator=center_window_kmer_jsd;estimator=center_jsd;window=48;search_radius=24;kmer=2;top_ratio=0.25;score_scale=4.0;motif_weight=0.0;motif_radius=12;score_normalization=train_quantile;raw_border_score=0.184519;border_score=0.928956",0.2995580732822418,0.32175570726394653,0.37868618965148926
test_Seq_1406,1,2,"benchmark=nucleotide_transformer_downstream_tasks;dataset=splice_sites_all;matching=kmer_balanced;matching_signature=(7, 'TTT');border_estimator=center_window_kmer_jsd;estimator=center_jsd;window=48;search_radius=24;kmer=2;top_ratio=0.25;score_scale=4.0;motif_weight=0.0;motif_radius=12;score_normalization=train_quantile;raw_border_score=0.290399;border_score=1.136556",0.18217255175113678,0.20444610714912415,0.6133812665939331
test_Seq_1677,1,2,"benchmark=nucleotide_transformer_downstream_tasks;dataset=splice_sites_all;matching=kmer_balanced;matching_signature=(8, 'TTT');border_estimator=center_window_kmer_jsd;estimator=center_jsd;window=48;search_radius=24;kmer=2;top_ratio=0.25;score_scale=4.0;motif_weight=0.0;motif_radius=12;score_normalization=train_quantile;raw_border_score=0.192714;border_score=0.951444",0.18898482620716095,0.2176479697227478,0.5933672189712524
test_Seq_1264,1,2,"benchmark=nucleotide_transformer_downstream_tasks;dataset=splice_sites_all;matching=kmer_balanced;matching_signature=(9, 'CTG');border_estimator=center_window_kmer_jsd;estimator=center_jsd;window=48;search_radius=24;kmer=2;top_ratio=0.25;score_scale=4.0;motif_weight=0.0;motif_radius=12;score_normalization=train_quantile;raw_border_score=0.157283;border_score=0.861711",0.31149932742118835,0.3203248679637909,0.36817577481269836
test_Seq_1778,1,2,"benchmark=nucleotide_transformer_downstream_tasks;dataset=splice_sites_all;matching=kmer_balanced;matching_signature=(6, 'AAA');border_estimator=center_window_kmer_jsd;estimator=center_jsd;window=48;search_radius=24;kmer=2;top_ratio=0.25;score_scale=4.0;motif_weight=0.0;motif_radius=12;score_normalization=train_quantile;raw_border_score=0.314207;border_score=1.156867",0.30714452266693115,0.320951908826828,0.37190356850624084
test_Seq_2166,2,2,"benchmark=nucleotide_transformer_downstream_tasks;dataset=splice_sites_all;matching=kmer_balanced;matching_signature=(12, 'CCC');border_estimator=center_window_kmer_jsd;estimator=center_jsd;window=48;search_radius=24;kmer=2;top_ratio=0.25;score_scale=4.0;motif_weight=0.0;motif_radius=12;score_normalization=train_quantile;raw_border_score=0.228521;border_score=1.037044",0.3236348032951355,0.33021920919418335,0.34614601731300354
test_Seq_638,0,1,"benchmark=nucleotide_transformer_downstream_tasks;dataset=splice_sites_all;matching=kmer_balanced;matching_signature=(11, 'CTG');border_estimator=center_window_kmer_jsd;estimator=center_jsd;window=48;search_radius=24;kmer=2;top_ratio=0.25;score_scale=4.0;motif_weight=0.0;motif_radius=12;score_normalization=train_quantile;raw_border_score=0.134643;border_score=0.824778",0.33931705355644226,0.3560039699077606,0.30467894673347473
test_Seq_2238,2,2,"benchmark=nucleotide_transformer_downstream_tasks;dataset=splice_sites_all;matching=kmer_balanced;matching_signature=(13, 'GGG');border_estimator=center_window_kmer_jsd;estimator=center_jsd;window=48;search_radius=24;kmer=2;top_ratio=0.25;score_scale=4.0;motif_weight=0.0;motif_radius=12;score_normalization=train_quantile;raw_border_score=0.225393;border_score=1.030867",0.2875080406665802,0.29924923181533813,0.41324275732040405
test_Seq_1346,1,2,"benchmark=nucleotide_transformer_downstream_tasks;dataset=splice_sites_all;matching=kmer_balanced;matching_signature=(9, 'CTG');border_estimator=center_window_kmer_jsd;estimator=center_jsd;window=48;search_radius=24;kmer=2;top_ratio=0.25;score_scale=4.0;motif_weight=0.0;motif_radius=12;score_normalization=train_quantile;raw_border_score=0.242915;border_score=1.065356",0.2095063328742981,0.23559769988059998,0.5548959970474243
test_Seq_1365,1,1,"benchmark=nucleotide_transformer_downstream_tasks;dataset=splice_sites_all;matching=kmer_balanced;matching_signature=(7, 'TTT');border_estimator=center_window_kmer_jsd;estimator=center_jsd;window=48;search_radius=24;kmer=2;top_ratio=0.25;score_scale=4.0;motif_weight=0.0;motif_radius=12;score_normalization=train_quantile;raw_border_score=0.282451;border_score=1.127000",0.33683034777641296,0.3579579293727875,0.30521175265312195
test_Seq_1234,1,2,"benchmark=nucleotide_transformer_downstream_tasks;dataset=splice_sites_all;matching=kmer_balanced;matching_signature=(7, 'TTT');border_estimator=center_window_kmer_jsd;estimator=center_jsd;window=48;search_radius=24;kmer=2;top_ratio=0.25;score_scale=4.0;motif_weight=0.0;motif_radius=12;score_normalization=train_quantile;raw_border_score=0.210312;border_score=0.996022",0.30465880036354065,0.3258379101753235,0.36950331926345825
test_Seq_2456,2,2,"benchmark=nucleotide_transformer_downstream_tasks;dataset=splice_sites_all;matching=kmer_balanced;matching_signature=(9, 'TTT');border_estimator=center_window_kmer_jsd;estimator=center_jsd;window=48;search_radius=24;kmer=2;top_ratio=0.25;score_scale=4.0;motif_weight=0.0;motif_radius=12;score_normalization=train_quantile;raw_border_score=0.255845;border_score=1.088956",0.3145466148853302,0.32259252667427063,0.3628608286380768
test_Seq_481,0,0,"benchmark=nucleotide_transformer_downstream_tasks;dataset=splice_sites_all;matching=kmer_balanced;matching_signature=(10, 'CAG');border_estimator=center_window_kmer_jsd;estimator=center_jsd;window=48;search_radius=24;kmer=2;top_ratio=0.25;score_scale=4.0;motif_weight=0.0;motif_radius=12;score_normalization=train_quantile;raw_border_score=0.210384;border_score=0.996156",0.3836788237094879,0.3735520839691162,0.24276913702487946
test_Seq_1012,1,1,"benchmark=nucleotide_transformer_downstream_tasks;dataset=splice_sites_all;matching=kmer_balanced;matching_signature=(7, 'TTT');border_estimator=center_window_kmer_jsd;estimator=center_jsd;window=48;search_radius=24;kmer=2;top_ratio=0.25;score_scale=4.0;motif_weight=0.0;motif_radius=12;score_normalization=train_quantile;raw_border_score=0.215790;border_score=1.008156",0.32566267251968384,0.340317964553833,0.33401933312416077
test_Seq_1439,1,1,"benchmark=nucleotide_transformer_downstream_tasks;dataset=splice_sites_all;matching=kmer_balanced;matching_signature=(9, 'CTG');border_estimator=center_window_kmer_jsd;estimator=center_jsd;window=48;search_radius=24;kmer=2;top_ratio=0.25;score_scale=4.0;motif_weight=0.0;motif_radius=12;score_normalization=train_quantile;raw_border_score=0.194698;border_score=0.956244",0.3366992771625519,0.35178473591804504,0.3115159571170807
test_Seq_910,0,2,"benchmark=nucleotide_transformer_downstream_tasks;dataset=splice_sites_all;matching=kmer_balanced;matching_signature=(11, 'CCA');border_estimator=center_window_kmer_jsd;estimator=center_jsd;window=48;search_radius=24;kmer=2;top_ratio=0.25;score_scale=4.0;motif_weight=0.0;motif_radius=12;score_normalization=train_quantile;raw_border_score=0.300198;border_score=1.146378",0.1894170641899109,0.21704305708408356,0.5935398936271667
test_Seq_2105,2,2,"benchmark=nucleotide_transformer_downstream_tasks;dataset=splice_sites_all;matching=kmer_balanced;matching_signature=(8, 'AAA');border_estimator=center_window_kmer_jsd;estimator=center_jsd;window=48;search_radius=24;kmer=2;top_ratio=0.25;score_scale=4.0;motif_weight=0.0;motif_radius=12;score_normalization=train_quantile;raw_border_score=0.274746;border_score=1.116956",0.2099803388118744,0.23298422992229462,0.5570353865623474
test_Seq_2945,2,2,"benchmark=nucleotide_transformer_downstream_tasks;dataset=splice_sites_all;matching=kmer_balanced;matching_signature=(10, 'CCA');border_estimator=center_window_kmer_jsd;estimator=center_jsd;window=48;search_radius=24;kmer=2;top_ratio=0.25;score_scale=4.0;motif_weight=0.0;motif_radius=12;score_normalization=train_quantile;raw_border_score=0.261890;border_score=1.098733",0.307517945766449,0.314042329788208,0.378439724445343
test_Seq_1989,1,2,"benchmark=nucleotide_transformer_downstream_tasks;dataset=splice_sites_all;matching=kmer_balanced;matching_signature=(6, 'TTT');border_estimator=center_window_kmer_jsd;estimator=center_jsd;window=48;search_radius=24;kmer=2;top_ratio=0.25;score_scale=4.0;motif_weight=0.0;motif_radius=12;score_normalization=train_quantile;raw_border_score=0.247959;border_score=1.075089",0.3136400878429413,0.32438674569129944,0.3619731664657593
test_Seq_1090,1,2,"benchmark=nucleotide_transformer_downstream_tasks;dataset=splice_sites_all;matching=kmer_balanced;matching_signature=(8, 'TTT');border_estimator=center_window_kmer_jsd;estimator=center_jsd;window=48;search_radius=24;kmer=2;top_ratio=0.25;score_scale=4.0;motif_weight=0.0;motif_radius=12;score_normalization=train_quantile;raw_border_score=0.239577;border_score=1.057489",0.11341508477926254,0.13156658411026,0.7550182938575745
test_Seq_785,0,2,"benchmark=nucleotide_transformer_downstream_tasks;dataset=splice_sites_all;matching=kmer_balanced;matching_signature=(8, 'TTT');border_estimator=center_window_kmer_jsd;estimator=center_jsd;window=48;search_radius=24;kmer=2;top_ratio=0.25;score_scale=4.0;motif_weight=0.0;motif_radius=12;score_normalization=train_quantile;raw_border_score=0.211729;border_score=0.999222",0.30268967151641846,0.31859472393989563,0.3787156045436859
test_Seq_1981,1,2,"benchmark=nucleotide_transformer_downstream_tasks;dataset=splice_sites_all;matching=kmer_balanced;matching_signature=(11, 'GGG');border_estimator=center_window_kmer_jsd;estimator=center_jsd;window=48;search_radius=24;kmer=2;top_ratio=0.25;score_scale=4.0;motif_weight=0.0;motif_radius=12;score_normalization=train_quantile;raw_border_score=0.180717;border_score=0.919667",0.2913007140159607,0.3094101846218109,0.399289071559906
test_Seq_1804,1,2,"benchmark=nucleotide_transformer_downstream_tasks;dataset=splice_sites_all;matching=kmer_balanced;matching_signature=(6, 'TTT');border_estimator=center_window_kmer_jsd;estimator=center_jsd;window=48;search_radius=24;kmer=2;top_ratio=0.25;score_scale=4.0;motif_weight=0.0;motif_radius=12;score_normalization=train_quantile;raw_border_score=0.191568;border_score=0.948556",0.2776065766811371,0.30117475986480713,0.4212186336517334
test_Seq_2380,2,2,"benchmark=nucleotide_transformer_downstream_tasks;dataset=splice_sites_all;matching=kmer_balanced;matching_signature=(8, 'TTT');border_estimator=center_window_kmer_jsd;estimator=center_jsd;window=48;search_radius=24;kmer=2;top_ratio=0.25;score_scale=4.0;motif_weight=0.0;motif_radius=12;score_normalization=train_quantile;raw_border_score=0.187303;border_score=0.936822",0.29448044300079346,0.31461039185523987,0.39090919494628906
test_Seq_2423,2,2,"benchmark=nucleotide_transformer_downstream_tasks;dataset=splice_sites_all;matching=kmer_balanced;matching_signature=(7, 'TTT');border_estimator=center_window_kmer_jsd;estimator=center_jsd;window=48;search_radius=24;kmer=2;top_ratio=0.25;score_scale=4.0;motif_weight=0.0;motif_radius=12;score_normalization=train_quantile;raw_border_score=0.128517;border_score=0.817711",0.2401656210422516,0.27306053042411804,0.48677390813827515
test_Seq_777,0,2,"benchmark=nucleotide_transformer_downstream_tasks;dataset=splice_sites_all;matching=kmer_balanced;matching_signature=(7, 'ATT');border_estimator=center_window_kmer_jsd;estimator=center_jsd;window=48;search_radius=24;kmer=2;top_ratio=0.25;score_scale=4.0;motif_weight=0.0;motif_radius=12;score_normalization=train_quantile;raw_border_score=0.247575;border_score=1.074111",0.16768306493759155,0.19373583793640137,0.6385810971260071
test_Seq_2186,2,2,"benchmark=nucleotide_transformer_downstream_tasks;dataset=splice_sites_all;matching=kmer_balanced;matching_signature=(7, 'AAA');border_estimator=center_window_kmer_jsd;estimator=center_jsd;window=48;search_radius=24;kmer=2;top_ratio=0.25;score_scale=4.0;motif_weight=0.0;motif_radius=12;score_normalization=train_quantile;raw_border_score=0.136040;border_score=0.826733",0.22160260379314423,0.2476372867822647,0.5307601094245911
test_Seq_1116,1,2,"benchmark=nucleotide_transformer_downstream_tasks;dataset=splice_sites_all;matching=kmer_balanced;matching_signature=(6, 'AAA');border_estimator=center_window_kmer_jsd;estimator=center_jsd;window=48;search_radius=24;kmer=2;top_ratio=0.25;score_scale=4.0;motif_weight=0.0;motif_radius=12;score_normalization=train_quantile;raw_border_score=0.208159;border_score=0.990600",0.24823088943958282,0.26483240723609924,0.48693665862083435
test_Seq_967,0,1,"benchmark=nucleotide_transformer_downstream_tasks;dataset=splice_sites_all;matching=kmer_balanced;matching_signature=(8, 'TTT');border_estimator=center_window_kmer_jsd;estimator=center_jsd;window=48;search_radius=24;kmer=2;top_ratio=0.25;score_scale=4.0;motif_weight=0.0;motif_radius=12;score_normalization=train_quantile;raw_border_score=0.290994;border_score=1.137267",0.37009671330451965,0.37219753861427307,0.2577057480812073
test_Seq_656,0,2,"benchmark=nucleotide_transformer_downstream_tasks;dataset=splice_sites_all;matching=kmer_balanced;matching_signature=(13, 'GGC');border_estimator=center_window_kmer_jsd;estimator=center_jsd;window=48;search_radius=24;kmer=2;top_ratio=0.25;score_scale=4.0;motif_weight=0.0;motif_radius=12;score_normalization=train_quantile;raw_border_score=0.256349;border_score=1.089756",0.2822617292404175,0.2855626344680786,0.4321756362915039
test_Seq_1889,1,2,"benchmark=nucleotide_transformer_downstream_tasks;dataset=splice_sites_all;matching=kmer_balanced;matching_signature=(8, 'AGA');border_estimator=center_window_kmer_jsd;estimator=center_jsd;window=48;search_radius=24;kmer=2;top_ratio=0.25;score_scale=4.0;motif_weight=0.0;motif_radius=12;score_normalization=train_quantile;raw_border_score=0.291583;border_score=1.137978",0.2796355187892914,0.29560136795043945,0.42476314306259155
test_Seq_190,0,2,"benchmark=nucleotide_transformer_downstream_tasks;dataset=splice_sites_all;matching=kmer_balanced;matching_signature=(8, 'TTT');border_estimator=center_window_kmer_jsd;estimator=center_jsd;window=48;search_radius=24;kmer=2;top_ratio=0.25;score_scale=4.0;motif_weight=0.0;motif_radius=12;score_normalization=train_quantile;raw_border_score=0.491455;border_score=1.198022",0.1380290389060974,0.1544504016637802,0.7075205445289612
test_Seq_1732,1,2,"benchmark=nucleotide_transformer_downstream_tasks;dataset=splice_sites_all;matching=kmer_balanced;matching_signature=(6, 'TTT');border_estimator=center_window_kmer_jsd;estimator=center_jsd;window=48;search_radius=24;kmer=2;top_ratio=0.25;score_scale=4.0;motif_weight=0.0;motif_radius=12;score_normalization=train_quantile;raw_border_score=0.171222;border_score=0.893667",0.3045700490474701,0.3223115801811218,0.37311843037605286
test_Seq_1821,1,1,"benchmark=nucleotide_transformer_downstream_tasks;dataset=splice_sites_all;matching=kmer_balanced;matching_signature=(10, 'CTG');border_estimator=center_window_kmer_jsd;estimator=center_jsd;window=48;search_radius=24;kmer=2;top_ratio=0.25;score_scale=4.0;motif_weight=0.0;motif_radius=12;score_normalization=train_quantile;raw_border_score=0.183856;border_score=0.927044",0.3347351849079132,0.3380192220211029,0.3272455930709839
test_Seq_206,0,2,"benchmark=nucleotide_transformer_downstream_tasks;dataset=splice_sites_all;matching=kmer_balanced;matching_signature=(9, 'TTT');border_estimator=center_window_kmer_jsd;estimator=center_jsd;window=48;search_radius=24;kmer=2;top_ratio=0.25;score_scale=4.0;motif_weight=0.0;motif_radius=12;score_normalization=train_quantile;raw_border_score=0.240687;border_score=1.060467",0.3223032057285309,0.3362584412097931,0.34143832325935364
test_Seq_2087,2,2,"benchmark=nucleotide_transformer_downstream_tasks;dataset=splice_sites_all;matching=kmer_balanced;matching_signature=(10, 'TTT');border_estimator=center_window_kmer_jsd;estimator=center_jsd;window=48;search_radius=24;kmer=2;top_ratio=0.25;score_scale=4.0;motif_weight=0.0;motif_radius=12;score_normalization=train_quantile;raw_border_score=0.385226;border_score=1.187667",0.15596702694892883,0.17776544392108917,0.6662675142288208
test_Seq_853,0,2,"benchmark=nucleotide_transformer_downstream_tasks;dataset=splice_sites_all;matching=kmer_balanced;matching_signature=(8, 'TCT');border_estimator=center_window_kmer_jsd;estimator=center_jsd;window=48;search_radius=24;kmer=2;top_ratio=0.25;score_scale=4.0;motif_weight=0.0;motif_radius=12;score_normalization=train_quantile;raw_border_score=0.198794;border_score=0.968111",0.31537774205207825,0.3355292081832886,0.34909307956695557
test_Seq_977,0,2,"benchmark=nucleotide_transformer_downstream_tasks;dataset=splice_sites_all;matching=kmer_balanced;matching_signature=(7, 'TTT');border_estimator=center_window_kmer_jsd;estimator=center_jsd;window=48;search_radius=24;kmer=2;top_ratio=0.25;score_scale=4.0;motif_weight=0.0;motif_radius=12;score_normalization=train_quantile;raw_border_score=0.276634;border_score=1.119489",0.2902827858924866,0.3035838305950165,0.40613335371017456
test_Seq_2260,2,2,"benchmark=nucleotide_transformer_downstream_tasks;dataset=splice_sites_all;matching=kmer_balanced;matching_signature=(7, 'TTT');border_estimator=center_window_kmer_jsd;estimator=center_jsd;window=48;search_radius=24;kmer=2;top_ratio=0.25;score_scale=4.0;motif_weight=0.0;motif_radius=12;score_normalization=train_quantile;raw_border_score=0.148632;border_score=0.845356",0.3057198226451874,0.32477083802223206,0.36950939893722534
test_Seq_2151,2,1,"benchmark=nucleotide_transformer_downstream_tasks;dataset=splice_sites_all;matching=kmer_balanced;matching_signature=(6, 'TTA');border_estimator=center_window_kmer_jsd;estimator=center_jsd;window=48;search_radius=24;kmer=2;top_ratio=0.25;score_scale=4.0;motif_weight=0.0;motif_radius=12;score_normalization=train_quantile;raw_border_score=0.250746;border_score=1.080556",0.3285529315471649,0.3426457345485687,0.32880133390426636
test_Seq_1594,1,2,"benchmark=nucleotide_transformer_downstream_tasks;dataset=splice_sites_all;matching=kmer_balanced;matching_signature=(8, 'TTT');border_estimator=center_window_kmer_jsd;estimator=center_jsd;window=48;search_radius=24;kmer=2;top_ratio=0.25;score_scale=4.0;motif_weight=0.0;motif_radius=12;score_normalization=train_quantile;raw_border_score=0.214437;border_score=1.005000",0.2716037631034851,0.2935049533843994,0.4348912239074707
test_Seq_273,0,2,"benchmark=nucleotide_transformer_downstream_tasks;dataset=splice_sites_all;matching=kmer_balanced;matching_signature=(5, 'TTT');border_estimator=center_window_kmer_jsd;estimator=center_jsd;window=48;search_radius=24;kmer=2;top_ratio=0.25;score_scale=4.0;motif_weight=0.0;motif_radius=12;score_normalization=train_quantile;raw_border_score=0.200804;border_score=0.972911",0.23508089780807495,0.2582683563232422,0.5066507458686829
test_Seq_1927,1,2,"benchmark=nucleotide_transformer_downstream_tasks;dataset=splice_sites_all;matching=kmer_balanced;matching_signature=(12, 'CAG');border_estimator=center_window_kmer_jsd;estimator=center_jsd;window=48;search_radius=24;kmer=2;top_ratio=0.25;score_scale=4.0;motif_weight=0.0;motif_radius=12;score_normalization=train_quantile;raw_border_score=0.257381;border_score=1.091222",0.3246145248413086,0.3177792429924011,0.3576062321662903
test_Seq_2244,2,2,"benchmark=nucleotide_transformer_downstream_tasks;dataset=splice_sites_all;matching=kmer_balanced;matching_signature=(11, 'CTG');border_estimator=center_window_kmer_jsd;estimator=center_jsd;window=48;search_radius=24;kmer=2;top_ratio=0.25;score_scale=4.0;motif_weight=0.0;motif_radius=12;score_normalization=train_quantile;raw_border_score=0.188668;border_score=0.940378",0.27311912178993225,0.2867853343486786,0.4400954842567444
test_Seq_113,0,2,"benchmark=nucleotide_transformer_downstream_tasks;dataset=splice_sites_all;matching=kmer_balanced;matching_signature=(8, 'TTT');border_estimator=center_window_kmer_jsd;estimator=center_jsd;window=48;search_radius=24;kmer=2;top_ratio=0.25;score_scale=4.0;motif_weight=0.0;motif_radius=12;score_normalization=train_quantile;raw_border_score=0.326924;border_score=1.164822",0.3105361759662628,0.32734665274620056,0.3621171712875366
test_Seq_2099,2,2,"benchmark=nucleotide_transformer_downstream_tasks;dataset=splice_sites_all;matching=kmer_balanced;matching_signature=(6, 'AAA');border_estimator=center_window_kmer_jsd;estimator=center_jsd;window=48;search_radius=24;kmer=2;top_ratio=0.25;score_scale=4.0;motif_weight=0.0;motif_radius=12;score_normalization=train_quantile;raw_border_score=0.251171;border_score=1.081089",0.2879484295845032,0.31182152032852173,0.4002300798892975
test_Seq_1238,1,2,"benchmark=nucleotide_transformer_downstream_tasks;dataset=splice_sites_all;matching=kmer_balanced;matching_signature=(6, 'AAA');border_estimator=center_window_kmer_jsd;estimator=center_jsd;window=48;search_radius=24;kmer=2;top_ratio=0.25;score_scale=4.0;motif_weight=0.0;motif_radius=12;score_normalization=train_quantile;raw_border_score=0.389653;border_score=1.188244",0.2654232382774353,0.28779923915863037,0.4467775523662567
test_Seq_224,0,2,"benchmark=nucleotide_transformer_downstream_tasks;dataset=splice_sites_all;matching=kmer_balanced;matching_signature=(6, 'TTT');border_estimator=center_window_kmer_jsd;estimator=center_jsd;window=48;search_radius=24;kmer=2;top_ratio=0.25;score_scale=4.0;motif_weight=0.0;motif_radius=12;score_normalization=train_quantile;raw_border_score=0.324594;border_score=1.163400",0.2930077910423279,0.31243637204170227,0.39455586671829224
test_Seq_1171,1,1,"benchmark=nucleotide_transformer_downstream_tasks;dataset=splice_sites_all;matching=kmer_balanced;matching_signature=(6, 'AAA');border_estimator=center_window_kmer_jsd;estimator=center_jsd;window=48;search_radius=24;kmer=2;top_ratio=0.25;score_scale=4.0;motif_weight=0.0;motif_radius=12;score_normalization=train_quantile;raw_border_score=0.139552;border_score=0.831178",0.333578884601593,0.34015128016471863,0.32626986503601074
test_Seq_1321,1,2,"benchmark=nucleotide_transformer_downstream_tasks;dataset=splice_sites_all;matching=kmer_balanced;matching_signature=(9, 'CTG');border_estimator=center_window_kmer_jsd;estimator=center_jsd;window=48;search_radius=24;kmer=2;top_ratio=0.25;score_scale=4.0;motif_weight=0.0;motif_radius=12;score_normalization=train_quantile;raw_border_score=0.213204;border_score=1.002378",0.31378498673439026,0.33215075731277466,0.3540641963481903
test_Seq_1657,1,2,"benchmark=nucleotide_transformer_downstream_tasks;dataset=splice_sites_all;matching=kmer_balanced;matching_signature=(9, 'TGT');border_estimator=center_window_kmer_jsd;estimator=center_jsd;window=48;search_radius=24;kmer=2;top_ratio=0.25;score_scale=4.0;motif_weight=0.0;motif_radius=12;score_normalization=train_quantile;raw_border_score=0.194596;border_score=0.955889",0.28967520594596863,0.3149329721927643,0.3953917920589447
test_Seq_2969,2,2,"benchmark=nucleotide_transformer_downstream_tasks;dataset=splice_sites_all;matching=kmer_balanced;matching_signature=(8, 'AAA');border_estimator=center_window_kmer_jsd;estimator=center_jsd;window=48;search_radius=24;kmer=2;top_ratio=0.25;score_scale=4.0;motif_weight=0.0;motif_radius=12;score_normalization=train_quantile;raw_border_score=0.115001;border_score=0.808156",0.29696738719940186,0.31890377402305603,0.3841288685798645
test_Seq_390,0,2,"benchmark=nucleotide_transformer_downstream_tasks;dataset=splice_sites_all;matching=kmer_balanced;matching_signature=(12, 'CCC');border_estimator=center_window_kmer_jsd;estimator=center_jsd;window=48;search_radius=24;kmer=2;top_ratio=0.25;score_scale=4.0;motif_weight=0.0;motif_radius=12;score_normalization=train_quantile;raw_border_score=0.275160;border_score=1.117489",0.2572932243347168,0.2750246822834015,0.4676820933818817
test_Seq_529,0,2,"benchmark=nucleotide_transformer_downstream_tasks;dataset=splice_sites_all;matching=kmer_balanced;matching_signature=(12, 'CCC');border_estimator=center_window_kmer_jsd;estimator=center_jsd;window=48;search_radius=24;kmer=2;top_ratio=0.25;score_scale=4.0;motif_weight=0.0;motif_radius=12;score_normalization=train_quantile;raw_border_score=0.252939;border_score=1.083889",0.29424166679382324,0.2987843453884125,0.40697401762008667
test_Seq_2805,2,2,"benchmark=nucleotide_transformer_downstream_tasks;dataset=splice_sites_all;matching=kmer_balanced;matching_signature=(6, 'TTT');border_estimator=center_window_kmer_jsd;estimator=center_jsd;window=48;search_radius=24;kmer=2;top_ratio=0.25;score_scale=4.0;motif_weight=0.0;motif_radius=12;score_normalization=train_quantile;raw_border_score=0.144769;border_score=0.838333",0.19727644324302673,0.22071777284145355,0.5820057392120361
test_Seq_2386,2,2,"benchmark=nucleotide_transformer_downstream_tasks;dataset=splice_sites_all;matching=kmer_balanced;matching_signature=(6, 'TTT');border_estimator=center_window_kmer_jsd;estimator=center_jsd;window=48;search_radius=24;kmer=2;top_ratio=0.25;score_scale=4.0;motif_weight=0.0;motif_radius=12;score_normalization=train_quantile;raw_border_score=0.112300;border_score=0.806644",0.24081063270568848,0.2614646255970001,0.4977248013019562
test_Seq_792,0,2,"benchmark=nucleotide_transformer_downstream_tasks;dataset=splice_sites_all;matching=kmer_balanced;matching_signature=(7, 'TTT');border_estimator=center_window_kmer_jsd;estimator=center_jsd;window=48;search_radius=24;kmer=2;top_ratio=0.25;score_scale=4.0;motif_weight=0.0;motif_radius=12;score_normalization=train_quantile;raw_border_score=0.250814;border_score=1.080556",0.25281158089637756,0.2830404043197632,0.46414804458618164
test_Seq_807,0,2,"benchmark=nucleotide_transformer_downstream_tasks;dataset=splice_sites_all;matching=kmer_balanced;matching_signature=(10, 'CTG');border_estimator=center_window_kmer_jsd;estimator=center_jsd;window=48;search_radius=24;kmer=2;top_ratio=0.25;score_scale=4.0;motif_weight=0.0;motif_radius=12;score_normalization=train_quantile;raw_border_score=0.171064;border_score=0.893311",0.1653091162443161,0.19249315559864044,0.6421977281570435
test_Seq_35,0,2,"benchmark=nucleotide_transformer_downstream_tasks;dataset=splice_sites_all;matching=kmer_balanced;matching_signature=(7, 'TTT');border_estimator=center_window_kmer_jsd;estimator=center_jsd;window=48;search_radius=24;kmer=2;top_ratio=0.25;score_scale=4.0;motif_weight=0.0;motif_radius=12;score_normalization=train_quantile;raw_border_score=0.176308;border_score=0.909133",0.2514926493167877,0.27479562163352966,0.473711758852005
test_Seq_1516,1,2,"benchmark=nucleotide_transformer_downstream_tasks;dataset=splice_sites_all;matching=kmer_balanced;matching_signature=(5, 'TTT');border_estimator=center_window_kmer_jsd;estimator=center_jsd;window=48;search_radius=24;kmer=2;top_ratio=0.25;score_scale=4.0;motif_weight=0.0;motif_radius=12;score_normalization=train_quantile;raw_border_score=0.203719;border_score=0.980689",0.24929340183734894,0.27178922295570374,0.47891730070114136
test_Seq_1724,1,2,"benchmark=nucleotide_transformer_downstream_tasks;dataset=splice_sites_all;matching=kmer_balanced;matching_signature=(9, 'TGT');border_estimator=center_window_kmer_jsd;estimator=center_jsd;window=48;search_radius=24;kmer=2;top_ratio=0.25;score_scale=4.0;motif_weight=0.0;motif_radius=12;score_normalization=train_quantile;raw_border_score=0.144880;border_score=0.838511",0.30092111229896545,0.3130747079849243,0.3860042095184326
test_Seq_227,0,2,"benchmark=nucleotide_transformer_downstream_tasks;dataset=splice_sites_all;matching=kmer_balanced;matching_signature=(12, 'GGG');border_estimator=center_window_kmer_jsd;estimator=center_jsd;window=48;search_radius=24;kmer=2;top_ratio=0.25;score_scale=4.0;motif_weight=0.0;motif_radius=12;score_normalization=train_quantile;raw_border_score=0.246511;border_score=1.072244",0.2827393114566803,0.30048906803131104,0.4167715907096863
test_Seq_2249,2,2,"benchmark=nucleotide_transformer_downstream_tasks;dataset=splice_sites_all;matching=kmer_balanced;matching_signature=(9, 'TGT');border_estimator=center_window_kmer_jsd;estimator=center_jsd;window=48;search_radius=24;kmer=2;top_ratio=0.25;score_scale=4.0;motif_weight=0.0;motif_radius=12;score_normalization=train_quantile;raw_border_score=0.177953;border_score=0.913222",0.2580832839012146,0.2702646851539612,0.47165200114250183
test_Seq_2674,2,2,"benchmark=nucleotide_transformer_downstream_tasks;dataset=splice_sites_all;matching=kmer_balanced;matching_signature=(6, 'TTT');border_estimator=center_window_kmer_jsd;estimator=center_jsd;window=48;search_radius=24;kmer=2;top_ratio=0.25;score_scale=4.0;motif_weight=0.0;motif_radius=12;score_normalization=train_quantile;raw_border_score=0.149415;border_score=0.846689",0.3051464557647705,0.32005220651626587,0.374801367521286
test_Seq_499,0,1,"benchmark=nucleotide_transformer_downstream_tasks;dataset=splice_sites_all;matching=kmer_balanced;matching_signature=(6, 'TTT');border_estimator=center_window_kmer_jsd;estimator=center_jsd;window=48;search_radius=24;kmer=2;top_ratio=0.25;score_scale=4.0;motif_weight=0.0;motif_radius=12;score_normalization=train_quantile;raw_border_score=0.331537;border_score=1.167089",0.32962465286254883,0.3452411890029907,0.32513418793678284
test_Seq_2847,2,1,"benchmark=nucleotide_transformer_downstream_tasks;dataset=splice_sites_all;matching=kmer_balanced;matching_signature=(8, 'TTT');border_estimator=center_window_kmer_jsd;estimator=center_jsd;window=48;search_radius=24;kmer=2;top_ratio=0.25;score_scale=4.0;motif_weight=0.0;motif_radius=12;score_normalization=train_quantile;raw_border_score=0.422681;border_score=1.192600",0.3421889543533325,0.3597744107246399,0.29803666472435
test_Seq_2892,2,2,"benchmark=nucleotide_transformer_downstream_tasks;dataset=splice_sites_all;matching=kmer_balanced;matching_signature=(9, 'CCT');border_estimator=center_window_kmer_jsd;estimator=center_jsd;window=48;search_radius=24;kmer=2;top_ratio=0.25;score_scale=4.0;motif_weight=0.0;motif_radius=12;score_normalization=train_quantile;raw_border_score=0.157594;border_score=0.862156",0.23051655292510986,0.2542235553264618,0.5152599215507507
test_Seq_568,0,2,"benchmark=nucleotide_transformer_downstream_tasks;dataset=splice_sites_all;matching=kmer_balanced;matching_signature=(9, 'TCT');border_estimator=center_window_kmer_jsd;estimator=center_jsd;window=48;search_radius=24;kmer=2;top_ratio=0.25;score_scale=4.0;motif_weight=0.0;motif_radius=12;score_normalization=train_quantile;raw_border_score=0.232853;border_score=1.045356",0.1833663284778595,0.20987027883529663,0.6067633628845215
test_Seq_843,0,2,"benchmark=nucleotide_transformer_downstream_tasks;dataset=splice_sites_all;matching=kmer_balanced;matching_signature=(7, 'AAA');border_estimator=center_window_kmer_jsd;estimator=center_jsd;window=48;search_radius=24;kmer=2;top_ratio=0.25;score_scale=4.0;motif_weight=0.0;motif_radius=12;score_normalization=train_quantile;raw_border_score=0.229766;border_score=1.039311",0.28034985065460205,0.2999017834663391,0.41974836587905884
test_Seq_2086,2,2,"benchmark=nucleotide_transformer_downstream_tasks;dataset=splice_sites_all;matching=kmer_balanced;matching_signature=(7, 'AAA');border_estimator=center_window_kmer_jsd;estimator=center_jsd;window=48;search_radius=24;kmer=2;top_ratio=0.25;score_scale=4.0;motif_weight=0.0;motif_radius=12;score_normalization=train_quantile;raw_border_score=0.271106;border_score=1.111711",0.28950580954551697,0.3048081696033478,0.40568599104881287
test_Seq_2940,2,2,"benchmark=nucleotide_transformer_downstream_tasks;dataset=splice_sites_all;matching=kmer_balanced;matching_signature=(13, 'GCC');border_estimator=center_window_kmer_jsd;estimator=center_jsd;window=48;search_radius=24;kmer=2;top_ratio=0.25;score_scale=4.0;motif_weight=0.0;motif_radius=12;score_normalization=train_quantile;raw_border_score=0.222148;border_score=1.023533",0.30361393094062805,0.30230456590652466,0.3940815031528473
test_Seq_1455,1,0,"benchmark=nucleotide_transformer_downstream_tasks;dataset=splice_sites_all;matching=kmer_balanced;matching_signature=(7, 'TTT');border_estimator=center_window_kmer_jsd;estimator=center_jsd;window=48;search_radius=24;kmer=2;top_ratio=0.25;score_scale=4.0;motif_weight=0.0;motif_radius=12;score_normalization=train_quantile;raw_border_score=0.278895;border_score=1.122778",0.3496585786342621,0.3442070186138153,0.3061344027519226
test_Seq_373,0,2,"benchmark=nucleotide_transformer_downstream_tasks;dataset=splice_sites_all;matching=kmer_balanced;matching_signature=(10, 'TGG');border_estimator=center_window_kmer_jsd;estimator=center_jsd;window=48;search_radius=24;kmer=2;top_ratio=0.25;score_scale=4.0;motif_weight=0.0;motif_radius=12;score_normalization=train_quantile;raw_border_score=0.286421;border_score=1.131844",0.27719762921333313,0.294033020734787,0.42876937985420227
test_Seq_2063,2,2,"benchmark=nucleotide_transformer_downstream_tasks;dataset=splice_sites_all;matching=kmer_balanced;matching_signature=(7, 'AAA');border_estimator=center_window_kmer_jsd;estimator=center_jsd;window=48;search_radius=24;kmer=2;top_ratio=0.25;score_scale=4.0;motif_weight=0.0;motif_radius=12;score_normalization=train_quantile;raw_border_score=0.208550;border_score=0.991444",0.3086671531200409,0.3220733404159546,0.3692595362663269
test_Seq_369,0,1,"benchmark=nucleotide_transformer_downstream_tasks;dataset=splice_sites_all;matching=kmer_balanced;matching_signature=(8, 'AAA');border_estimator=center_window_kmer_jsd;estimator=center_jsd;window=48;search_radius=24;kmer=2;top_ratio=0.25;score_scale=4.0;motif_weight=0.0;motif_radius=12;score_normalization=train_quantile;raw_border_score=0.285830;border_score=1.131267",0.3573395013809204,0.36796754598617554,0.2746928930282593
test_Seq_1661,1,2,"benchmark=nucleotide_transformer_downstream_tasks;dataset=splice_sites_all;matching=kmer_balanced;matching_signature=(7, 'AAA');border_estimator=center_window_kmer_jsd;estimator=center_jsd;window=48;search_radius=24;kmer=2;top_ratio=0.25;score_scale=4.0;motif_weight=0.0;motif_radius=12;score_normalization=train_quantile;raw_border_score=0.300417;border_score=1.146689",0.1986091583967209,0.22370120882987976,0.5776896476745605
test_Seq_1487,1,2,"benchmark=nucleotide_transformer_downstream_tasks;dataset=splice_sites_all;matching=kmer_balanced;matching_signature=(6, 'TTT');border_estimator=center_window_kmer_jsd;estimator=center_jsd;window=48;search_radius=24;kmer=2;top_ratio=0.25;score_scale=4.0;motif_weight=0.0;motif_radius=12;score_normalization=train_quantile;raw_border_score=0.247983;border_score=1.075089",0.22539734840393066,0.2480229139328003,0.526579737663269
test_Seq_2340,2,2,"benchmark=nucleotide_transformer_downstream_tasks;dataset=splice_sites_all;matching=kmer_balanced;matching_signature=(8, 'TCT');border_estimator=center_window_kmer_jsd;estimator=center_jsd;window=48;search_radius=24;kmer=2;top_ratio=0.25;score_scale=4.0;motif_weight=0.0;motif_radius=12;score_normalization=train_quantile;raw_border_score=0.178590;border_score=0.914778",0.18390415608882904,0.20026318728923798,0.6158326864242554
test_Seq_1444,1,2,"benchmark=nucleotide_transformer_downstream_tasks;dataset=splice_sites_all;matching=kmer_balanced;matching_signature=(13, 'CCC');border_estimator=center_window_kmer_jsd;estimator=center_jsd;window=48;search_radius=24;kmer=2;top_ratio=0.25;score_scale=4.0;motif_weight=0.0;motif_radius=12;score_normalization=train_quantile;raw_border_score=0.216359;border_score=1.009756",0.3023206293582916,0.3087782859802246,0.38890108466148376
test_Seq_336,0,2,"benchmark=nucleotide_transformer_downstream_tasks;dataset=splice_sites_all;matching=kmer_balanced;matching_signature=(8, 'TCT');border_estimator=center_window_kmer_jsd;estimator=center_jsd;window=48;search_radius=24;kmer=2;top_ratio=0.25;score_scale=4.0;motif_weight=0.0;motif_radius=12;score_normalization=train_quantile;raw_border_score=0.243151;border_score=1.065933",0.2671060562133789,0.2873634397983551,0.445530503988266
test_Seq_507,0,2,"benchmark=nucleotide_transformer_downstream_tasks;dataset=splice_sites_all;matching=kmer_balanced;matching_signature=(10, 'CTG');border_estimator=center_window_kmer_jsd;estimator=center_jsd;window=48;search_radius=24;kmer=2;top_ratio=0.25;score_scale=4.0;motif_weight=0.0;motif_radius=12;score_normalization=train_quantile;raw_border_score=0.260858;border_score=1.097089",0.31412363052368164,0.3238665759563446,0.36200979351997375
test_Seq_1630,1,2,"benchmark=nucleotide_transformer_downstream_tasks;dataset=splice_sites_all;matching=kmer_balanced;matching_signature=(11, 'GTG');border_estimator=center_window_kmer_jsd;estimator=center_jsd;window=48;search_radius=24;kmer=2;top_ratio=0.25;score_scale=4.0;motif_weight=0.0;motif_radius=12;score_normalization=train_quantile;raw_border_score=0.223904;border_score=1.028022",0.3117823600769043,0.3278900384902954,0.3603276014328003
test_Seq_1330,1,2,"benchmark=nucleotide_transformer_downstream_tasks;dataset=splice_sites_all;matching=kmer_balanced;matching_signature=(8, 'TTT');border_estimator=center_window_kmer_jsd;estimator=center_jsd;window=48;search_radius=24;kmer=2;top_ratio=0.25;score_scale=4.0;motif_weight=0.0;motif_radius=12;score_normalization=train_quantile;raw_border_score=0.180698;border_score=0.919667",0.22684843838214874,0.25321850180625916,0.5199330449104309
test_Seq_1565,1,2,"benchmark=nucleotide_transformer_downstream_tasks;dataset=splice_sites_all;matching=kmer_balanced;matching_signature=(6, 'TTT');border_estimator=center_window_kmer_jsd;estimator=center_jsd;window=48;search_radius=24;kmer=2;top_ratio=0.25;score_scale=4.0;motif_weight=0.0;motif_radius=12;score_normalization=train_quantile;raw_border_score=0.086484;border_score=0.800778",0.17404451966285706,0.20010849833488464,0.6258469820022583
test_Seq_2306,2,2,"benchmark=nucleotide_transformer_downstream_tasks;dataset=splice_sites_all;matching=kmer_balanced;matching_signature=(6, 'TTT');border_estimator=center_window_kmer_jsd;estimator=center_jsd;window=48;search_radius=24;kmer=2;top_ratio=0.25;score_scale=4.0;motif_weight=0.0;motif_radius=12;score_normalization=train_quantile;raw_border_score=0.201795;border_score=0.975578",0.1923816204071045,0.21111343801021576,0.5965049266815186
test_Seq_2605,2,2,"benchmark=nucleotide_transformer_downstream_tasks;dataset=splice_sites_all;matching=kmer_balanced;matching_signature=(6, 'AAA');border_estimator=center_window_kmer_jsd;estimator=center_jsd;window=48;search_radius=24;kmer=2;top_ratio=0.25;score_scale=4.0;motif_weight=0.0;motif_radius=12;score_normalization=train_quantile;raw_border_score=0.190738;border_score=0.945889",0.22421106696128845,0.2560412883758545,0.5197476744651794
test_Seq_1098,1,2,"benchmark=nucleotide_transformer_downstream_tasks;dataset=splice_sites_all;matching=kmer_balanced;matching_signature=(11, 'CTG');border_estimator=center_window_kmer_jsd;estimator=center_jsd;window=48;search_radius=24;kmer=2;top_ratio=0.25;score_scale=4.0;motif_weight=0.0;motif_radius=12;score_normalization=train_quantile;raw_border_score=0.315749;border_score=1.158289",0.31966590881347656,0.3266555666923523,0.35367852449417114
test_Seq_2239,2,2,"benchmark=nucleotide_transformer_downstream_tasks;dataset=splice_sites_all;matching=kmer_balanced;matching_signature=(8, 'TTT');border_estimator=center_window_kmer_jsd;estimator=center_jsd;window=48;search_radius=24;kmer=2;top_ratio=0.25;score_scale=4.0;motif_weight=0.0;motif_radius=12;score_normalization=train_quantile;raw_border_score=0.191342;border_score=0.948111",0.2137736678123474,0.2240985780954361,0.5621277689933777
test_Seq_2361,2,2,"benchmark=nucleotide_transformer_downstream_tasks;dataset=splice_sites_all;matching=kmer_balanced;matching_signature=(12, 'CCC');border_estimator=center_window_kmer_jsd;estimator=center_jsd;window=48;search_radius=24;kmer=2;top_ratio=0.25;score_scale=4.0;motif_weight=0.0;motif_radius=12;score_normalization=train_quantile;raw_border_score=0.099370;border_score=0.802733",0.2264764904975891,0.23987790942192078,0.5336455702781677
test_Seq_2653,2,2,"benchmark=nucleotide_transformer_downstream_tasks;dataset=splice_sites_all;matching=kmer_balanced;matching_signature=(7, 'AAA');border_estimator=center_window_kmer_jsd;estimator=center_jsd;window=48;search_radius=24;kmer=2;top_ratio=0.25;score_scale=4.0;motif_weight=0.0;motif_radius=12;score_normalization=train_quantile;raw_border_score=0.274353;border_score=1.116422",0.26469680666923523,0.2785617411136627,0.45674142241477966
test_Seq_2414,2,2,"benchmark=nucleotide_transformer_downstream_tasks;dataset=splice_sites_all;matching=kmer_balanced;matching_signature=(11, 'CAG');border_estimator=center_window_kmer_jsd;estimator=center_jsd;window=48;search_radius=24;kmer=2;top_ratio=0.25;score_scale=4.0;motif_weight=0.0;motif_radius=12;score_normalization=train_quantile;raw_border_score=0.319675;border_score=1.160956",0.148514986038208,0.16894081234931946,0.6825441718101501
test_Seq_130,0,2,"benchmark=nucleotide_transformer_downstream_tasks;dataset=splice_sites_all;matching=kmer_balanced;matching_signature=(6, 'AAA');border_estimator=center_window_kmer_jsd;estimator=center_jsd;window=48;search_radius=24;kmer=2;top_ratio=0.25;score_scale=4.0;motif_weight=0.0;motif_radius=12;score_normalization=train_quantile;raw_border_score=0.189059;border_score=0.941578",0.2832489013671875,0.2965461313724518,0.4202049672603607
test_Seq_2294,2,2,"benchmark=nucleotide_transformer_downstream_tasks;dataset=splice_sites_all;matching=kmer_balanced;matching_signature=(12, 'CCC');border_estimator=center_window_kmer_jsd;estimator=center_jsd;window=48;search_radius=24;kmer=2;top_ratio=0.25;score_scale=4.0;motif_weight=0.0;motif_radius=12;score_normalization=train_quantile;raw_border_score=0.128827;border_score=0.818244",0.19169622659683228,0.2146485149860382,0.5936552286148071
test_Seq_281,0,1,"benchmark=nucleotide_transformer_downstream_tasks;dataset=splice_sites_all;matching=kmer_balanced;matching_signature=(10, 'CTG');border_estimator=center_window_kmer_jsd;estimator=center_jsd;window=48;search_radius=24;kmer=2;top_ratio=0.25;score_scale=4.0;motif_weight=0.0;motif_radius=12;score_normalization=train_quantile;raw_border_score=0.246658;border_score=1.072467",0.33205080032348633,0.3347003161907196,0.33324888348579407
test_Seq_1216,1,1,"benchmark=nucleotide_transformer_downstream_tasks;dataset=splice_sites_all;matching=kmer_balanced;matching_signature=(9, 'TTT');border_estimator=center_window_kmer_jsd;estimator=center_jsd;window=48;search_radius=24;kmer=2;top_ratio=0.25;score_scale=4.0;motif_weight=0.0;motif_radius=12;score_normalization=train_quantile;raw_border_score=0.216632;border_score=1.010733",0.3302060663700104,0.34117114543914795,0.32862281799316406
test_Seq_940,0,2,"benchmark=nucleotide_transformer_downstream_tasks;dataset=splice_sites_all;matching=kmer_balanced;matching_signature=(10, 'CCC');border_estimator=center_window_kmer_jsd;estimator=center_jsd;window=48;search_radius=24;kmer=2;top_ratio=0.25;score_scale=4.0;motif_weight=0.0;motif_radius=12;score_normalization=train_quantile;raw_border_score=0.275519;border_score=1.117800",0.2716298997402191,0.2859637439250946,0.44240641593933105
test_Seq_743,0,2,"benchmark=nucleotide_transformer_downstream_tasks;dataset=splice_sites_all;matching=kmer_balanced;matching_signature=(11, 'CTG');border_estimator=center_window_kmer_jsd;estimator=center_jsd;window=48;search_radius=24;kmer=2;top_ratio=0.25;score_scale=4.0;motif_weight=0.0;motif_radius=12;score_normalization=train_quantile;raw_border_score=0.171446;border_score=0.894822",0.3170247972011566,0.3282552659511566,0.3547199070453644
test_Seq_147,0,2,"benchmark=nucleotide_transformer_downstream_tasks;dataset=splice_sites_all;matching=kmer_balanced;matching_signature=(9, 'CTG');border_estimator=center_window_kmer_jsd;estimator=center_jsd;window=48;search_radius=24;kmer=2;top_ratio=0.25;score_scale=4.0;motif_weight=0.0;motif_radius=12;score_normalization=train_quantile;raw_border_score=0.151992;border_score=0.850867",0.29701656103134155,0.3089926838874817,0.39399072527885437
test_Seq_2829,2,0,"benchmark=nucleotide_transformer_downstream_tasks;dataset=splice_sites_all;matching=kmer_balanced;matching_signature=(13, 'GGG');border_estimator=center_window_kmer_jsd;estimator=center_jsd;window=48;search_radius=24;kmer=2;top_ratio=0.25;score_scale=4.0;motif_weight=0.0;motif_radius=12;score_normalization=train_quantile;raw_border_score=0.145272;border_score=0.839311",0.366875022649765,0.3540875315666199,0.2790374159812927
test_Seq_2628,2,0,"benchmark=nucleotide_transformer_downstream_tasks;dataset=splice_sites_all;matching=kmer_balanced;matching_signature=(9, 'TTT');border_estimator=center_window_kmer_jsd;estimator=center_jsd;window=48;search_radius=24;kmer=2;top_ratio=0.25;score_scale=4.0;motif_weight=0.0;motif_radius=12;score_normalization=train_quantile;raw_border_score=0.150405;border_score=0.848200",0.36533206701278687,0.36320221424102783,0.2714656889438629
test_Seq_2626,2,2,"benchmark=nucleotide_transformer_downstream_tasks;dataset=splice_sites_all;matching=kmer_balanced;matching_signature=(12, 'CTG');border_estimator=center_window_kmer_jsd;estimator=center_jsd;window=48;search_radius=24;kmer=2;top_ratio=0.25;score_scale=4.0;motif_weight=0.0;motif_radius=12;score_normalization=train_quantile;raw_border_score=0.140128;border_score=0.831667",0.3056744635105133,0.32332566380500793,0.37099993228912354
test_Seq_363,0,2,"benchmark=nucleotide_transformer_downstream_tasks;dataset=splice_sites_all;matching=kmer_balanced;matching_signature=(11, 'CTC');border_estimator=center_window_kmer_jsd;estimator=center_jsd;window=48;search_radius=24;kmer=2;top_ratio=0.25;score_scale=4.0;motif_weight=0.0;motif_radius=12;score_normalization=train_quantile;raw_border_score=0.188525;border_score=0.940111",0.2835696041584015,0.3034347593784332,0.4129956066608429
test_Seq_2039,2,1,"benchmark=nucleotide_transformer_downstream_tasks;dataset=splice_sites_all;matching=kmer_balanced;matching_signature=(12, 'CTG');border_estimator=center_window_kmer_jsd;estimator=center_jsd;window=48;search_radius=24;kmer=2;top_ratio=0.25;score_scale=4.0;motif_weight=0.0;motif_radius=12;score_normalization=train_quantile;raw_border_score=0.175218;border_score=0.905489",0.35442423820495605,0.3636050820350647,0.28197070956230164
test_Seq_1315,1,2,"benchmark=nucleotide_transformer_downstream_tasks;dataset=splice_sites_all;matching=kmer_balanced;matching_signature=(6, 'AAA');border_estimator=center_window_kmer_jsd;estimator=center_jsd;window=48;search_radius=24;kmer=2;top_ratio=0.25;score_scale=4.0;motif_weight=0.0;motif_radius=12;score_normalization=train_quantile;raw_border_score=0.217765;border_score=1.013133",0.2511562705039978,0.2713056802749634,0.47753798961639404
test_Seq_2424,2,2,"benchmark=nucleotide_transformer_downstream_tasks;dataset=splice_sites_all;matching=kmer_balanced;matching_signature=(6, 'TTT');border_estimator=center_window_kmer_jsd;estimator=center_jsd;window=48;search_radius=24;kmer=2;top_ratio=0.25;score_scale=4.0;motif_weight=0.0;motif_radius=12;score_normalization=train_quantile;raw_border_score=0.143338;border_score=0.836156",0.19308257102966309,0.21211358904838562,0.5948038101196289
test_Seq_267,0,2,"benchmark=nucleotide_transformer_downstream_tasks;dataset=splice_sites_all;matching=kmer_balanced;matching_signature=(8, 'TTT');border_estimator=center_window_kmer_jsd;estimator=center_jsd;window=48;search_radius=24;kmer=2;top_ratio=0.25;score_scale=4.0;motif_weight=0.0;motif_radius=12;score_normalization=train_quantile;raw_border_score=0.222162;border_score=1.023533",0.2045363038778305,0.2171282172203064,0.5783354640007019
test_Seq_1272,1,2,"benchmark=nucleotide_transformer_downstream_tasks;dataset=splice_sites_all;matching=kmer_balanced;matching_signature=(13, 'GGG');border_estimator=center_window_kmer_jsd;estimator=center_jsd;window=48;search_radius=24;kmer=2;top_ratio=0.25;score_scale=4.0;motif_weight=0.0;motif_radius=12;score_normalization=train_quantile;raw_border_score=0.418610;border_score=1.192333",0.3158758878707886,0.32858389616012573,0.3555402457714081
test_Seq_1747,1,2,"benchmark=nucleotide_transformer_downstream_tasks;dataset=splice_sites_all;matching=kmer_balanced;matching_signature=(9, 'TTT');border_estimator=center_window_kmer_jsd;estimator=center_jsd;window=48;search_radius=24;kmer=2;top_ratio=0.25;score_scale=4.0;motif_weight=0.0;motif_radius=12;score_normalization=train_quantile;raw_border_score=0.325619;border_score=1.164156",0.2890361249446869,0.31003430485725403,0.4009295701980591
test_Seq_1366,1,2,"benchmark=nucleotide_transformer_downstream_tasks;dataset=splice_sites_all;matching=kmer_balanced;matching_signature=(12, 'CTG');border_estimator=center_window_kmer_jsd;estimator=center_jsd;window=48;search_radius=24;kmer=2;top_ratio=0.25;score_scale=4.0;motif_weight=0.0;motif_radius=12;score_normalization=train_quantile;raw_border_score=0.088299;border_score=0.800911",0.2734784483909607,0.28673020005226135,0.43979138135910034
test_Seq_1634,1,2,"benchmark=nucleotide_transformer_downstream_tasks;dataset=splice_sites_all;matching=kmer_balanced;matching_signature=(6, 'TTT');border_estimator=center_window_kmer_jsd;estimator=center_jsd;window=48;search_radius=24;kmer=2;top_ratio=0.25;score_scale=4.0;motif_weight=0.0;motif_radius=12;score_normalization=train_quantile;raw_border_score=0.244108;border_score=1.067711",0.30523380637168884,0.3251412510871887,0.36962491273880005
test_Seq_1464,1,2,"benchmark=nucleotide_transformer_downstream_tasks;dataset=splice_sites_all;matching=kmer_balanced;matching_signature=(6, 'TTT');border_estimator=center_window_kmer_jsd;estimator=center_jsd;window=48;search_radius=24;kmer=2;top_ratio=0.25;score_scale=4.0;motif_weight=0.0;motif_radius=12;score_normalization=train_quantile;raw_border_score=0.275525;border_score=1.117889",0.31039950251579285,0.31713226437568665,0.3724682629108429
test_Seq_1962,1,2,"benchmark=nucleotide_transformer_downstream_tasks;dataset=splice_sites_all;matching=kmer_balanced;matching_signature=(6, 'TTT');border_estimator=center_window_kmer_jsd;estimator=center_jsd;window=48;search_radius=24;kmer=2;top_ratio=0.25;score_scale=4.0;motif_weight=0.0;motif_radius=12;score_normalization=train_quantile;raw_border_score=0.179109;border_score=0.915711",0.21350860595703125,0.24412797391414642,0.5423634052276611
test_Seq_797,0,2,"benchmark=nucleotide_transformer_downstream_tasks;dataset=splice_sites_all;matching=kmer_balanced;matching_signature=(9, 'CAG');border_estimator=center_window_kmer_jsd;estimator=center_jsd;window=48;search_radius=24;kmer=2;top_ratio=0.25;score_scale=4.0;motif_weight=0.0;motif_radius=12;score_normalization=train_quantile;raw_border_score=0.233891;border_score=1.047400",0.29001691937446594,0.3050743043422699,0.4049087464809418
test_Seq_2582,2,2,"benchmark=nucleotide_transformer_downstream_tasks;dataset=splice_sites_all;matching=kmer_balanced;matching_signature=(11, 'CCC');border_estimator=center_window_kmer_jsd;estimator=center_jsd;window=48;search_radius=24;kmer=2;top_ratio=0.25;score_scale=4.0;motif_weight=0.0;motif_radius=12;score_normalization=train_quantile;raw_border_score=0.212938;border_score=1.001800",0.2886398434638977,0.2991953492164612,0.41216474771499634
test_Seq_2317,2,2,"benchmark=nucleotide_transformer_downstream_tasks;dataset=splice_sites_all;matching=kmer_balanced;matching_signature=(7, 'TTT');border_estimator=center_window_kmer_jsd;estimator=center_jsd;window=48;search_radius=24;kmer=2;top_ratio=0.25;score_scale=4.0;motif_weight=0.0;motif_radius=12;score_normalization=train_quantile;raw_border_score=0.164331;border_score=0.877089",0.21341194212436676,0.23648005723953247,0.5501079559326172
test_Seq_1588,1,1,"benchmark=nucleotide_transformer_downstream_tasks;dataset=splice_sites_all;matching=kmer_balanced;matching_signature=(9, 'TGT');border_estimator=center_window_kmer_jsd;estimator=center_jsd;window=48;search_radius=24;kmer=2;top_ratio=0.25;score_scale=4.0;motif_weight=0.0;motif_radius=12;score_normalization=train_quantile;raw_border_score=0.217118;border_score=1.011578",0.3299199640750885,0.34634727239608765,0.32373273372650146
test_Seq_2341,2,2,"benchmark=nucleotide_transformer_downstream_tasks;dataset=splice_sites_all;matching=kmer_balanced;matching_signature=(9, 'AAG');border_estimator=center_window_kmer_jsd;estimator=center_jsd;window=48;search_radius=24;kmer=2;top_ratio=0.25;score_scale=4.0;motif_weight=0.0;motif_radius=12;score_normalization=train_quantile;raw_border_score=0.155140;border_score=0.857756",0.2631831467151642,0.27635911107063293,0.4604577422142029
test_Seq_1527,1,1,"benchmark=nucleotide_transformer_downstream_tasks;dataset=splice_sites_all;matching=kmer_balanced;matching_signature=(8, 'TTT');border_estimator=center_window_kmer_jsd;estimator=center_jsd;window=48;search_radius=24;kmer=2;top_ratio=0.25;score_scale=4.0;motif_weight=0.0;motif_radius=12;score_normalization=train_quantile;raw_border_score=0.224507;border_score=1.028867",0.32133081555366516,0.34277087450027466,0.33589833974838257
test_Seq_431,0,1,"benchmark=nucleotide_transformer_downstream_tasks;dataset=splice_sites_all;matching=kmer_balanced;matching_signature=(10, 'CCT');border_estimator=center_window_kmer_jsd;estimator=center_jsd;window=48;search_radius=24;kmer=2;top_ratio=0.25;score_scale=4.0;motif_weight=0.0;motif_radius=12;score_normalization=train_quantile;raw_border_score=0.231828;border_score=1.043267",0.32087528705596924,0.34093448519706726,0.3381902277469635
test_Seq_2444,2,2,"benchmark=nucleotide_transformer_downstream_tasks;dataset=splice_sites_all;matching=kmer_balanced;matching_signature=(9, 'TTT');border_estimator=center_window_kmer_jsd;estimator=center_jsd;window=48;search_radius=24;kmer=2;top_ratio=0.25;score_scale=4.0;motif_weight=0.0;motif_radius=12;score_normalization=train_quantile;raw_border_score=0.143910;border_score=0.837222",0.24789707362651825,0.2685011029243469,0.48360174894332886
test_Seq_517,0,1,"benchmark=nucleotide_transformer_downstream_tasks;dataset=splice_sites_all;matching=kmer_balanced;matching_signature=(9, 'TTT');border_estimator=center_window_kmer_jsd;estimator=center_jsd;window=48;search_radius=24;kmer=2;top_ratio=0.25;score_scale=4.0;motif_weight=0.0;motif_radius=12;score_normalization=train_quantile;raw_border_score=0.123930;border_score=0.813356",0.345926433801651,0.3550296425819397,0.2990439236164093
test_Seq_1764,1,1,"benchmark=nucleotide_transformer_downstream_tasks;dataset=splice_sites_all;matching=kmer_balanced;matching_signature=(9, 'TTT');border_estimator=center_window_kmer_jsd;estimator=center_jsd;window=48;search_radius=24;kmer=2;top_ratio=0.25;score_scale=4.0;motif_weight=0.0;motif_radius=12;score_normalization=train_quantile;raw_border_score=0.188020;border_score=0.939044",0.3415641188621521,0.34860801696777344,0.3098278343677521
test_Seq_1226,1,0,"benchmark=nucleotide_transformer_downstream_tasks;dataset=splice_sites_all;matching=kmer_balanced;matching_signature=(7, 'AAA');border_estimator=center_window_kmer_jsd;estimator=center_jsd;window=48;search_radius=24;kmer=2;top_ratio=0.25;score_scale=4.0;motif_weight=0.0;motif_radius=12;score_normalization=train_quantile;raw_border_score=0.265190;border_score=1.103978",0.3772825300693512,0.3669602572917938,0.2557571530342102
test_Seq_308,0,0,"benchmark=nucleotide_transformer_downstream_tasks;dataset=splice_sites_all;matching=kmer_balanced;matching_signature=(13, 'GGG');border_estimator=center_window_kmer_jsd;estimator=center_jsd;window=48;search_radius=24;kmer=2;top_ratio=0.25;score_scale=4.0;motif_weight=0.0;motif_radius=12;score_normalization=train_quantile;raw_border_score=0.231114;border_score=1.041622",0.35900115966796875,0.3520955443382263,0.28890326619148254
test_Seq_1613,1,1,"benchmark=nucleotide_transformer_downstream_tasks;dataset=splice_sites_all;matching=kmer_balanced;matching_signature=(6, 'TTT');border_estimator=center_window_kmer_jsd;estimator=center_jsd;window=48;search_radius=24;kmer=2;top_ratio=0.25;score_scale=4.0;motif_weight=0.0;motif_radius=12;score_normalization=train_quantile;raw_border_score=0.211167;border_score=0.998111",0.32691332697868347,0.33974358439445496,0.3333430886268616
test_Seq_641,0,2,"benchmark=nucleotide_transformer_downstream_tasks;dataset=splice_sites_all;matching=kmer_balanced;matching_signature=(13, 'GGG');border_estimator=center_window_kmer_jsd;estimator=center_jsd;window=48;search_radius=24;kmer=2;top_ratio=0.25;score_scale=4.0;motif_weight=0.0;motif_radius=12;score_normalization=train_quantile;raw_border_score=0.277295;border_score=1.120467",0.3305845856666565,0.3321134150028229,0.33730196952819824
test_Seq_2460,2,2,"benchmark=nucleotide_transformer_downstream_tasks;dataset=splice_sites_all;matching=kmer_balanced;matching_signature=(8, 'TTT');border_estimator=center_window_kmer_jsd;estimator=center_jsd;window=48;search_radius=24;kmer=2;top_ratio=0.25;score_scale=4.0;motif_weight=0.0;motif_radius=12;score_normalization=train_quantile;raw_border_score=0.252758;border_score=1.083667",0.16039173305034637,0.18048879504203796,0.6591194272041321
test_Seq_1765,1,2,"benchmark=nucleotide_transformer_downstream_tasks;dataset=splice_sites_all;matching=kmer_balanced;matching_signature=(11, 'CCC');border_estimator=center_window_kmer_jsd;estimator=center_jsd;window=48;search_radius=24;kmer=2;top_ratio=0.25;score_scale=4.0;motif_weight=0.0;motif_radius=12;score_normalization=train_quantile;raw_border_score=0.150511;border_score=0.848422",0.3015604615211487,0.3196311891078949,0.3788083493709564
test_Seq_1289,1,2,"benchmark=nucleotide_transformer_downstream_tasks;dataset=splice_sites_all;matching=kmer_balanced;matching_signature=(12, 'CAG');border_estimator=center_window_kmer_jsd;estimator=center_jsd;window=48;search_radius=24;kmer=2;top_ratio=0.25;score_scale=4.0;motif_weight=0.0;motif_radius=12;score_normalization=train_quantile;raw_border_score=0.140272;border_score=0.831978",0.31530341506004333,0.3323049247264862,0.35239166021347046
test_Seq_226,0,2,"benchmark=nucleotide_transformer_downstream_tasks;dataset=splice_sites_all;matching=kmer_balanced;matching_signature=(12, 'CCC');border_estimator=center_window_kmer_jsd;estimator=center_jsd;window=48;search_radius=24;kmer=2;top_ratio=0.25;score_scale=4.0;motif_weight=0.0;motif_radius=12;score_normalization=train_quantile;raw_border_score=0.241306;border_score=1.061489",0.2549067437648773,0.28112173080444336,0.4639715254306793
test_Seq_2573,2,0,"benchmark=nucleotide_transformer_downstream_tasks;dataset=splice_sites_all;matching=kmer_balanced;matching_signature=(14, 'GGG');border_estimator=center_window_kmer_jsd;estimator=center_jsd;window=48;search_radius=24;kmer=2;top_ratio=0.25;score_scale=4.0;motif_weight=0.0;motif_radius=12;score_normalization=train_quantile;raw_border_score=0.187255;border_score=0.936689",0.33894437551498413,0.33579742908477783,0.3252582252025604
test_Seq_2246,2,2,"benchmark=nucleotide_transformer_downstream_tasks;dataset=splice_sites_all;matching=kmer_balanced;matching_signature=(10, 'TGC');border_estimator=center_window_kmer_jsd;estimator=center_jsd;window=48;search_radius=24;kmer=2;top_ratio=0.25;score_scale=4.0;motif_weight=0.0;motif_radius=12;score_normalization=train_quantile;raw_border_score=0.132014;border_score=0.821578",0.31914961338043213,0.33586353063583374,0.34498679637908936
test_Seq_2752,2,2,"benchmark=nucleotide_transformer_downstream_tasks;dataset=splice_sites_all;matching=kmer_balanced;matching_signature=(6, 'TTT');border_estimator=center_window_kmer_jsd;estimator=center_jsd;window=48;search_radius=24;kmer=2;top_ratio=0.25;score_scale=4.0;motif_weight=0.0;motif_radius=12;score_normalization=train_quantile;raw_border_score=0.162742;border_score=0.873356",0.24335899949073792,0.26522350311279297,0.4914175271987915
test_Seq_2154,2,2,"benchmark=nucleotide_transformer_downstream_tasks;dataset=splice_sites_all;matching=kmer_balanced;matching_signature=(7, 'AAA');border_estimator=center_window_kmer_jsd;estimator=center_jsd;window=48;search_radius=24;kmer=2;top_ratio=0.25;score_scale=4.0;motif_weight=0.0;motif_radius=12;score_normalization=train_quantile;raw_border_score=0.173444;border_score=0.900378",0.25925764441490173,0.2770220935344696,0.4637202322483063
test_Seq_868,0,2,"benchmark=nucleotide_transformer_downstream_tasks;dataset=splice_sites_all;matching=kmer_balanced;matching_signature=(7, 'AAA');border_estimator=center_window_kmer_jsd;estimator=center_jsd;window=48;search_radius=24;kmer=2;top_ratio=0.25;score_scale=4.0;motif_weight=0.0;motif_radius=12;score_normalization=train_quantile;raw_border_score=0.153496;border_score=0.854422",0.24700842797756195,0.27207207679748535,0.4809195101261139
test_Seq_245,0,2,"benchmark=nucleotide_transformer_downstream_tasks;dataset=splice_sites_all;matching=kmer_balanced;matching_signature=(6, 'AAA');border_estimator=center_window_kmer_jsd;estimator=center_jsd;window=48;search_radius=24;kmer=2;top_ratio=0.25;score_scale=4.0;motif_weight=0.0;motif_radius=12;score_normalization=train_quantile;raw_border_score=0.228923;border_score=1.037933",0.2413942664861679,0.2630728483200073,0.49553295969963074
test_Seq_2966,2,0,"benchmark=nucleotide_transformer_downstream_tasks;dataset=splice_sites_all;matching=kmer_balanced;matching_signature=(12, 'CTG');border_estimator=center_window_kmer_jsd;estimator=center_jsd;window=48;search_radius=24;kmer=2;top_ratio=0.25;score_scale=4.0;motif_weight=0.0;motif_radius=12;score_normalization=train_quantile;raw_border_score=0.103134;border_score=0.803489",0.3432367742061615,0.3404630124568939,0.31630024313926697
test_Seq_2815,2,1,"benchmark=nucleotide_transformer_downstream_tasks;dataset=splice_sites_all;matching=kmer_balanced;matching_signature=(6, 'TTT');border_estimator=center_window_kmer_jsd;estimator=center_jsd;window=48;search_radius=24;kmer=2;top_ratio=0.25;score_scale=4.0;motif_weight=0.0;motif_radius=12;score_normalization=train_quantile;raw_border_score=0.194568;border_score=0.955844",0.3338814079761505,0.34649258852005005,0.31962597370147705
test_Seq_1770,1,2,"benchmark=nucleotide_transformer_downstream_tasks;dataset=splice_sites_all;matching=kmer_balanced;matching_signature=(6, 'TTT');border_estimator=center_window_kmer_jsd;estimator=center_jsd;window=48;search_radius=24;kmer=2;top_ratio=0.25;score_scale=4.0;motif_weight=0.0;motif_radius=12;score_normalization=train_quantile;raw_border_score=0.282675;border_score=1.127311",0.23133732378482819,0.254827618598938,0.5138351321220398
test_Seq_752,0,2,"benchmark=nucleotide_transformer_downstream_tasks;dataset=splice_sites_all;matching=kmer_balanced;matching_signature=(8, 'TTT');border_estimator=center_window_kmer_jsd;estimator=center_jsd;window=48;search_radius=24;kmer=2;top_ratio=0.25;score_scale=4.0;motif_weight=0.0;motif_radius=12;score_normalization=train_quantile;raw_border_score=0.348671;border_score=1.176333",0.27808403968811035,0.29689374566078186,0.4250222146511078
test_Seq_169,0,2,"benchmark=nucleotide_transformer_downstream_tasks;dataset=splice_sites_all;matching=kmer_balanced;matching_signature=(7, 'TTT');border_estimator=center_window_kmer_jsd;estimator=center_jsd;window=48;search_radius=24;kmer=2;top_ratio=0.25;score_scale=4.0;motif_weight=0.0;motif_radius=12;score_normalization=train_quantile;raw_border_score=0.183667;border_score=0.926511",0.2750893533229828,0.29242920875549316,0.43248143792152405
test_Seq_601,0,2,"benchmark=nucleotide_transformer_downstream_tasks;dataset=splice_sites_all;matching=kmer_balanced;matching_signature=(7, 'AAA');border_estimator=center_window_kmer_jsd;estimator=center_jsd;window=48;search_radius=24;kmer=2;top_ratio=0.25;score_scale=4.0;motif_weight=0.0;motif_radius=12;score_normalization=train_quantile;raw_border_score=0.236901;border_score=1.052422",0.2825583517551422,0.29979297518730164,0.41764870285987854
test_Seq_2714,2,2,"benchmark=nucleotide_transformer_downstream_tasks;dataset=splice_sites_all;matching=kmer_balanced;matching_signature=(10, 'CTG');border_estimator=center_window_kmer_jsd;estimator=center_jsd;window=48;search_radius=24;kmer=2;top_ratio=0.25;score_scale=4.0;motif_weight=0.0;motif_radius=12;score_normalization=train_quantile;raw_border_score=0.101979;border_score=0.803222",0.1094028502702713,0.12569659948349,0.7649005651473999
test_Seq_2831,2,2,"benchmark=nucleotide_transformer_downstream_tasks;dataset=splice_sites_all;matching=kmer_balanced;matching_signature=(9, 'TTT');border_estimator=center_window_kmer_jsd;estimator=center_jsd;window=48;search_radius=24;kmer=2;top_ratio=0.25;score_scale=4.0;motif_weight=0.0;motif_radius=12;score_normalization=train_quantile;raw_border_score=0.538496;border_score=1.199311",0.1308320164680481,0.15414993464946747,0.715018093585968
test_Seq_1436,1,2,"benchmark=nucleotide_transformer_downstream_tasks;dataset=splice_sites_all;matching=kmer_balanced;matching_signature=(14, 'CGG');border_estimator=center_window_kmer_jsd;estimator=center_jsd;window=48;search_radius=24;kmer=2;top_ratio=0.25;score_scale=4.0;motif_weight=0.0;motif_radius=12;score_normalization=train_quantile;raw_border_score=0.255745;border_score=1.088822",0.3286082446575165,0.3345949053764343,0.33679690957069397
test_Seq_2571,2,0,"benchmark=nucleotide_transformer_downstream_tasks;dataset=splice_sites_all;matching=kmer_balanced;matching_signature=(13, 'GGG');border_estimator=center_window_kmer_jsd;estimator=center_jsd;window=48;search_radius=24;kmer=2;top_ratio=0.25;score_scale=4.0;motif_weight=0.0;motif_radius=12;score_normalization=train_quantile;raw_border_score=0.274581;border_score=1.116600",0.34214767813682556,0.33439046144485474,0.3234618902206421
test_Seq_1348,1,2,"benchmark=nucleotide_transformer_downstream_tasks;dataset=splice_sites_all;matching=kmer_balanced;matching_signature=(7, 'TTT');border_estimator=center_window_kmer_jsd;estimator=center_jsd;window=48;search_radius=24;kmer=2;top_ratio=0.25;score_scale=4.0;motif_weight=0.0;motif_radius=12;score_normalization=train_quantile;raw_border_score=0.231973;border_score=1.043800",0.24909022450447083,0.274995893239975,0.4759139120578766
test_Seq_1013,1,1,"benchmark=nucleotide_transformer_downstream_tasks;dataset=splice_sites_all;matching=kmer_balanced;matching_signature=(5, 'TTT');border_estimator=center_window_kmer_jsd;estimator=center_jsd;window=48;search_radius=24;kmer=2;top_ratio=0.25;score_scale=4.0;motif_weight=0.0;motif_radius=12;score_normalization=train_quantile;raw_border_score=0.247839;border_score=1.074867",0.35529759526252747,0.3686005771160126,0.27610185742378235
test_Seq_1511,1,2,"benchmark=nucleotide_transformer_downstream_tasks;dataset=splice_sites_all;matching=kmer_balanced;matching_signature=(10, 'CCC');border_estimator=center_window_kmer_jsd;estimator=center_jsd;window=48;search_radius=24;kmer=2;top_ratio=0.25;score_scale=4.0;motif_weight=0.0;motif_radius=12;score_normalization=train_quantile;raw_border_score=0.202431;border_score=0.977178",0.2656404376029968,0.2727104723453522,0.4616491496562958
test_Seq_642,0,2,"benchmark=nucleotide_transformer_downstream_tasks;dataset=splice_sites_all;matching=kmer_balanced;matching_signature=(8, 'AAA');border_estimator=center_window_kmer_jsd;estimator=center_jsd;window=48;search_radius=24;kmer=2;top_ratio=0.25;score_scale=4.0;motif_weight=0.0;motif_radius=12;score_normalization=train_quantile;raw_border_score=0.132972;border_score=0.822733",0.25509580969810486,0.28193315863609314,0.4629710614681244
test_Seq_101,0,1,"benchmark=nucleotide_transformer_downstream_tasks;dataset=splice_sites_all;matching=kmer_balanced;matching_signature=(12, 'GGG');border_estimator=center_window_kmer_jsd;estimator=center_jsd;window=48;search_radius=24;kmer=2;top_ratio=0.25;score_scale=4.0;motif_weight=0.0;motif_radius=12;score_normalization=train_quantile;raw_border_score=0.217903;border_score=1.013489",0.36094459891319275,0.3650742769241333,0.2739811837673187
test_Seq_1730,1,2,"benchmark=nucleotide_transformer_downstream_tasks;dataset=splice_sites_all;matching=kmer_balanced;matching_signature=(10, 'CTG');border_estimator=center_window_kmer_jsd;estimator=center_jsd;window=48;search_radius=24;kmer=2;top_ratio=0.25;score_scale=4.0;motif_weight=0.0;motif_radius=12;score_normalization=train_quantile;raw_border_score=0.215127;border_score=1.006200",0.24557901918888092,0.2621263265609741,0.49229463934898376
test_Seq_2952,2,2,"benchmark=nucleotide_transformer_downstream_tasks;dataset=splice_sites_all;matching=kmer_balanced;matching_signature=(12, 'CCC');border_estimator=center_window_kmer_jsd;estimator=center_jsd;window=48;search_radius=24;kmer=2;top_ratio=0.25;score_scale=4.0;motif_weight=0.0;motif_radius=12;score_normalization=train_quantile;raw_border_score=0.322798;border_score=1.162644",0.2797292172908783,0.29118287563323975,0.42908787727355957
test_Seq_486,0,2,"benchmark=nucleotide_transformer_downstream_tasks;dataset=splice_sites_all;matching=kmer_balanced;matching_signature=(11, 'CCT');border_estimator=center_window_kmer_jsd;estimator=center_jsd;window=48;search_radius=24;kmer=2;top_ratio=0.25;score_scale=4.0;motif_weight=0.0;motif_radius=12;score_normalization=train_quantile;raw_border_score=0.257775;border_score=1.091756",0.2825023829936981,0.29794150590896606,0.41955605149269104
test_Seq_1529,1,2,"benchmark=nucleotide_transformer_downstream_tasks;dataset=splice_sites_all;matching=kmer_balanced;matching_signature=(11, 'CTG');border_estimator=center_window_kmer_jsd;estimator=center_jsd;window=48;search_radius=24;kmer=2;top_ratio=0.25;score_scale=4.0;motif_weight=0.0;motif_radius=12;score_normalization=train_quantile;raw_border_score=0.159310;border_score=0.866200",0.3065291941165924,0.3241439163684845,0.3693268895149231
test_Seq_1512,1,2,"benchmark=nucleotide_transformer_downstream_tasks;dataset=splice_sites_all;matching=kmer_balanced;matching_signature=(7, 'TTT');border_estimator=center_window_kmer_jsd;estimator=center_jsd;window=48;search_radius=24;kmer=2;top_ratio=0.25;score_scale=4.0;motif_weight=0.0;motif_radius=12;score_normalization=train_quantile;raw_border_score=0.148834;border_score=0.845711",0.14568586647510529,0.16716736555099487,0.687146782875061
test_Seq_2972,2,2,"benchmark=nucleotide_transformer_downstream_tasks;dataset=splice_sites_all;matching=kmer_balanced;matching_signature=(13, 'GGG');border_estimator=center_window_kmer_jsd;estimator=center_jsd;window=48;search_radius=24;kmer=2;top_ratio=0.25;score_scale=4.0;motif_weight=0.0;motif_radius=12;score_normalization=train_quantile;raw_border_score=0.241456;border_score=1.061889",0.2827577292919159,0.28980714082717896,0.42743510007858276
test_Seq_2372,2,2,"benchmark=nucleotide_transformer_downstream_tasks;dataset=splice_sites_all;matching=kmer_balanced;matching_signature=(7, 'TTT');border_estimator=center_window_kmer_jsd;estimator=center_jsd;window=48;search_radius=24;kmer=2;top_ratio=0.25;score_scale=4.0;motif_weight=0.0;motif_radius=12;score_normalization=train_quantile;raw_border_score=0.267370;border_score=1.106156",0.30860579013824463,0.3176112771034241,0.3737829625606537
test_Seq_1773,1,1,"benchmark=nucleotide_transformer_downstream_tasks;dataset=splice_sites_all;matching=kmer_balanced;matching_signature=(7, 'AAA');border_estimator=center_window_kmer_jsd;estimator=center_jsd;window=48;search_radius=24;kmer=2;top_ratio=0.25;score_scale=4.0;motif_weight=0.0;motif_radius=12;score_normalization=train_quantile;raw_border_score=0.139039;border_score=0.830511",0.3566058874130249,0.3646804690361023,0.278713583946228
test_Seq_1206,1,2,"benchmark=nucleotide_transformer_downstream_tasks;dataset=splice_sites_all;matching=kmer_balanced;matching_signature=(12, 'CAG');border_estimator=center_window_kmer_jsd;estimator=center_jsd;window=48;search_radius=24;kmer=2;top_ratio=0.25;score_scale=4.0;motif_weight=0.0;motif_radius=12;score_normalization=train_quantile;raw_border_score=0.244823;border_score=1.069000",0.23158395290374756,0.24664060771465302,0.5217754244804382
test_Seq_1404,1,2,"benchmark=nucleotide_transformer_downstream_tasks;dataset=splice_sites_all;matching=kmer_balanced;matching_signature=(6, 'AAA');border_estimator=center_window_kmer_jsd;estimator=center_jsd;window=48;search_radius=24;kmer=2;top_ratio=0.25;score_scale=4.0;motif_weight=0.0;motif_radius=12;score_normalization=train_quantile;raw_border_score=0.164477;border_score=0.877667",0.2686804234981537,0.2924773097038269,0.4388422667980194
test_Seq_1567,1,2,"benchmark=nucleotide_transformer_downstream_tasks;dataset=splice_sites_all;matching=kmer_balanced;matching_signature=(6, 'TTT');border_estimator=center_window_kmer_jsd;estimator=center_jsd;window=48;search_radius=24;kmer=2;top_ratio=0.25;score_scale=4.0;motif_weight=0.0;motif_radius=12;score_normalization=train_quantile;raw_border_score=0.291140;border_score=1.137444",0.2967771291732788,0.31349170207977295,0.38973119854927063
test_Seq_1254,1,2,"benchmark=nucleotide_transformer_downstream_tasks;dataset=splice_sites_all;matching=kmer_balanced;matching_signature=(6, 'TTT');border_estimator=center_window_kmer_jsd;estimator=center_jsd;window=48;search_radius=24;kmer=2;top_ratio=0.25;score_scale=4.0;motif_weight=0.0;motif_radius=12;score_normalization=train_quantile;raw_border_score=0.162770;border_score=0.873444",0.31860673427581787,0.3364180624485016,0.34497523307800293
test_Seq_2051,2,1,"benchmark=nucleotide_transformer_downstream_tasks;dataset=splice_sites_all;matching=kmer_balanced;matching_signature=(9, 'CAG');border_estimator=center_window_kmer_jsd;estimator=center_jsd;window=48;search_radius=24;kmer=2;top_ratio=0.25;score_scale=4.0;motif_weight=0.0;motif_radius=12;score_normalization=train_quantile;raw_border_score=0.198146;border_score=0.966244",0.322844535112381,0.34258607029914856,0.33456939458847046
test_Seq_2219,2,2,"benchmark=nucleotide_transformer_downstream_tasks;dataset=splice_sites_all;matching=kmer_balanced;matching_signature=(6, 'AAA');border_estimator=center_window_kmer_jsd;estimator=center_jsd;window=48;search_radius=24;kmer=2;top_ratio=0.25;score_scale=4.0;motif_weight=0.0;motif_radius=12;score_normalization=train_quantile;raw_border_score=0.197435;border_score=0.964067",0.17965807020664215,0.20098280906677246,0.6193591952323914
test_Seq_164,0,2,"benchmark=nucleotide_transformer_downstream_tasks;dataset=splice_sites_all;matching=kmer_balanced;matching_signature=(11, 'CCC');border_estimator=center_window_kmer_jsd;estimator=center_jsd;window=48;search_radius=24;kmer=2;top_ratio=0.25;score_scale=4.0;motif_weight=0.0;motif_radius=12;score_normalization=train_quantile;raw_border_score=0.307977;border_score=1.152111",0.25722450017929077,0.2801731526851654,0.4626023471355438
test_Seq_560,0,2,"benchmark=nucleotide_transformer_downstream_tasks;dataset=splice_sites_all;matching=kmer_balanced;matching_signature=(13, 'GGG');border_estimator=center_window_kmer_jsd;estimator=center_jsd;window=48;search_radius=24;kmer=2;top_ratio=0.25;score_scale=4.0;motif_weight=0.0;motif_radius=12;score_normalization=train_quantile;raw_border_score=0.225714;border_score=1.031400",0.2911963164806366,0.2966144382953644,0.4121892750263214
test_Seq_427,0,2,"benchmark=nucleotide_transformer_downstream_tasks;dataset=splice_sites_all;matching=kmer_balanced;matching_signature=(7, 'TGA');border_estimator=center_window_kmer_jsd;estimator=center_jsd;window=48;search_radius=24;kmer=2;top_ratio=0.25;score_scale=4.0;motif_weight=0.0;motif_radius=12;score_normalization=train_quantile;raw_border_score=0.190940;border_score=0.946556",0.29493218660354614,0.31220269203186035,0.3928650915622711
test_Seq_2092,2,2,"benchmark=nucleotide_transformer_downstream_tasks;dataset=splice_sites_all;matching=kmer_balanced;matching_signature=(11, 'CCT');border_estimator=center_window_kmer_jsd;estimator=center_jsd;window=48;search_radius=24;kmer=2;top_ratio=0.25;score_scale=4.0;motif_weight=0.0;motif_radius=12;score_normalization=train_quantile;raw_border_score=0.153124;border_score=0.853622",0.2708072364330292,0.2824062407016754,0.4467866122722626
test_Seq_2240,2,2,"benchmark=nucleotide_transformer_downstream_tasks;dataset=splice_sites_all;matching=kmer_balanced;matching_signature=(9, 'CTG');border_estimator=center_window_kmer_jsd;estimator=center_jsd;window=48;search_radius=24;kmer=2;top_ratio=0.25;score_scale=4.0;motif_weight=0.0;motif_radius=12;score_normalization=train_quantile;raw_border_score=0.141432;border_score=0.833133",0.3130236268043518,0.332030326128006,0.3549460172653198
test_Seq_1843,1,2,"benchmark=nucleotide_transformer_downstream_tasks;dataset=splice_sites_all;matching=kmer_balanced;matching_signature=(10, 'CTC');border_estimator=center_window_kmer_jsd;estimator=center_jsd;window=48;search_radius=24;kmer=2;top_ratio=0.25;score_scale=4.0;motif_weight=0.0;motif_radius=12;score_normalization=train_quantile;raw_border_score=0.293874;border_score=1.140022",0.2315339297056198,0.2472081333398819,0.5212579369544983
test_Seq_1854,1,0,"benchmark=nucleotide_transformer_downstream_tasks;dataset=splice_sites_all;matching=kmer_balanced;matching_signature=(9, 'CAG');border_estimator=center_window_kmer_jsd;estimator=center_jsd;window=48;search_radius=24;kmer=2;top_ratio=0.25;score_scale=4.0;motif_weight=0.0;motif_radius=12;score_normalization=train_quantile;raw_border_score=0.214473;border_score=1.005044",0.3476347029209137,0.34351974725723267,0.308845579624176
test_Seq_2040,2,2,"benchmark=nucleotide_transformer_downstream_tasks;dataset=splice_sites_all;matching=kmer_balanced;matching_signature=(5, 'TTT');border_estimator=center_window_kmer_jsd;estimator=center_jsd;window=48;search_radius=24;kmer=2;top_ratio=0.25;score_scale=4.0;motif_weight=0.0;motif_radius=12;score_normalization=train_quantile;raw_border_score=0.168992;border_score=0.888600",0.27285146713256836,0.2944919466972351,0.43265652656555176
test_Seq_2030,2,2,"benchmark=nucleotide_transformer_downstream_tasks;dataset=splice_sites_all;matching=kmer_balanced;matching_signature=(13, 'GGG');border_estimator=center_window_kmer_jsd;estimator=center_jsd;window=48;search_radius=24;kmer=2;top_ratio=0.25;score_scale=4.0;motif_weight=0.0;motif_radius=12;score_normalization=train_quantile;raw_border_score=0.230916;border_score=1.041222",0.27462688088417053,0.28320467472076416,0.4421684145927429
test_Seq_2032,2,2,"benchmark=nucleotide_transformer_downstream_tasks;dataset=splice_sites_all;matching=kmer_balanced;matching_signature=(9, 'TGG');border_estimator=center_window_kmer_jsd;estimator=center_jsd;window=48;search_radius=24;kmer=2;top_ratio=0.25;score_scale=4.0;motif_weight=0.0;motif_radius=12;score_normalization=train_quantile;raw_border_score=0.195918;border_score=0.959667",0.26624712347984314,0.27297529578208923,0.4607775807380676
test_Seq_2988,2,2,"benchmark=nucleotide_transformer_downstream_tasks;dataset=splice_sites_all;matching=kmer_balanced;matching_signature=(6, 'TTT');border_estimator=center_window_kmer_jsd;estimator=center_jsd;window=48;search_radius=24;kmer=2;top_ratio=0.25;score_scale=4.0;motif_weight=0.0;motif_radius=12;score_normalization=train_quantile;raw_border_score=0.124620;border_score=0.814156",0.29321885108947754,0.3157404959201813,0.3910406529903412
test_Seq_2293,2,2,"benchmark=nucleotide_transformer_downstream_tasks;dataset=splice_sites_all;matching=kmer_balanced;matching_signature=(5, 'TTT');border_estimator=center_window_kmer_jsd;estimator=center_jsd;window=48;search_radius=24;kmer=2;top_ratio=0.25;score_scale=4.0;motif_weight=0.0;motif_radius=12;score_normalization=train_quantile;raw_border_score=0.179768;border_score=0.917089",0.22512413561344147,0.2484944462776184,0.5263813734054565
test_Seq_660,0,2,"benchmark=nucleotide_transformer_downstream_tasks;dataset=splice_sites_all;matching=kmer_balanced;matching_signature=(8, 'TTT');border_estimator=center_window_kmer_jsd;estimator=center_jsd;window=48;search_radius=24;kmer=2;top_ratio=0.25;score_scale=4.0;motif_weight=0.0;motif_radius=12;score_normalization=train_quantile;raw_border_score=0.314880;border_score=1.157311",0.2849617004394531,0.30633994936943054,0.40869835019111633
test_Seq_2917,2,2,"benchmark=nucleotide_transformer_downstream_tasks;dataset=splice_sites_all;matching=kmer_balanced;matching_signature=(6, 'TTT');border_estimator=center_window_kmer_jsd;estimator=center_jsd;window=48;search_radius=24;kmer=2;top_ratio=0.25;score_scale=4.0;motif_weight=0.0;motif_radius=12;score_normalization=train_quantile;raw_border_score=0.193320;border_score=0.952911",0.19213823974132538,0.21968944370746613,0.5881722569465637
test_Seq_219,0,2,"benchmark=nucleotide_transformer_downstream_tasks;dataset=splice_sites_all;matching=kmer_balanced;matching_signature=(14, 'CCC');border_estimator=center_window_kmer_jsd;estimator=center_jsd;window=48;search_radius=24;kmer=2;top_ratio=0.25;score_scale=4.0;motif_weight=0.0;motif_radius=12;score_normalization=train_quantile;raw_border_score=0.217508;border_score=1.012511",0.18883368372917175,0.20265932381153107,0.6085070371627808
test_Seq_2152,2,2,"benchmark=nucleotide_transformer_downstream_tasks;dataset=splice_sites_all;matching=kmer_balanced;matching_signature=(6, 'TTT');border_estimator=center_window_kmer_jsd;estimator=center_jsd;window=48;search_radius=24;kmer=2;top_ratio=0.25;score_scale=4.0;motif_weight=0.0;motif_radius=12;score_normalization=train_quantile;raw_border_score=0.195411;border_score=0.958289",0.26993849873542786,0.2948293387889862,0.43523210287094116
test_Seq_639,0,2,"benchmark=nucleotide_transformer_downstream_tasks;dataset=splice_sites_all;matching=kmer_balanced;matching_signature=(11, 'TGG');border_estimator=center_window_kmer_jsd;estimator=center_jsd;window=48;search_radius=24;kmer=2;top_ratio=0.25;score_scale=4.0;motif_weight=0.0;motif_radius=12;score_normalization=train_quantile;raw_border_score=0.201251;border_score=0.974022",0.21191544830799103,0.23158469796180725,0.5564998984336853
test_Seq_2603,2,2,"benchmark=nucleotide_transformer_downstream_tasks;dataset=splice_sites_all;matching=kmer_balanced;matching_signature=(13, 'GGG');border_estimator=center_window_kmer_jsd;estimator=center_jsd;window=48;search_radius=24;kmer=2;top_ratio=0.25;score_scale=4.0;motif_weight=0.0;motif_radius=12;score_normalization=train_quantile;raw_border_score=0.354543;border_score=1.178378",0.312914103269577,0.32297226786613464,0.36411359906196594
test_Seq_2718,2,2,"benchmark=nucleotide_transformer_downstream_tasks;dataset=splice_sites_all;matching=kmer_balanced;matching_signature=(6, 'AAA');border_estimator=center_window_kmer_jsd;estimator=center_jsd;window=48;search_radius=24;kmer=2;top_ratio=0.25;score_scale=4.0;motif_weight=0.0;motif_radius=12;score_normalization=train_quantile;raw_border_score=0.267774;border_score=1.106867",0.18412376940250397,0.2103436291217804,0.6055325865745544
test_Seq_626,0,2,"benchmark=nucleotide_transformer_downstream_tasks;dataset=splice_sites_all;matching=kmer_balanced;matching_signature=(11, 'CCC');border_estimator=center_window_kmer_jsd;estimator=center_jsd;window=48;search_radius=24;kmer=2;top_ratio=0.25;score_scale=4.0;motif_weight=0.0;motif_radius=12;score_normalization=train_quantile;raw_border_score=0.240039;border_score=1.058422",0.27925828099250793,0.2846970856189728,0.4360445737838745
test_Seq_2627,2,1,"benchmark=nucleotide_transformer_downstream_tasks;dataset=splice_sites_all;matching=kmer_balanced;matching_signature=(7, 'TTT');border_estimator=center_window_kmer_jsd;estimator=center_jsd;window=48;search_radius=24;kmer=2;top_ratio=0.25;score_scale=4.0;motif_weight=0.0;motif_radius=12;score_normalization=train_quantile;raw_border_score=0.334319;border_score=1.168733",0.34067440032958984,0.35638973116874695,0.3029358983039856
test_Seq_1589,1,2,"benchmark=nucleotide_transformer_downstream_tasks;dataset=splice_sites_all;matching=kmer_balanced;matching_signature=(6, 'AAA');border_estimator=center_window_kmer_jsd;estimator=center_jsd;window=48;search_radius=24;kmer=2;top_ratio=0.25;score_scale=4.0;motif_weight=0.0;motif_radius=12;score_normalization=train_quantile;raw_border_score=0.353638;border_score=1.178022",0.29418832063674927,0.3178911805152893,0.38792046904563904
test_Seq_474,0,2,"benchmark=nucleotide_transformer_downstream_tasks;dataset=splice_sites_all;matching=kmer_balanced;matching_signature=(13, 'CTG');border_estimator=center_window_kmer_jsd;estimator=center_jsd;window=48;search_radius=24;kmer=2;top_ratio=0.25;score_scale=4.0;motif_weight=0.0;motif_radius=12;score_normalization=train_quantile;raw_border_score=0.126898;border_score=0.816378",0.28287172317504883,0.2944674789905548,0.42266079783439636
test_Seq_888,0,2,"benchmark=nucleotide_transformer_downstream_tasks;dataset=splice_sites_all;matching=kmer_balanced;matching_signature=(6, 'TTT');border_estimator=center_window_kmer_jsd;estimator=center_jsd;window=48;search_radius=24;kmer=2;top_ratio=0.25;score_scale=4.0;motif_weight=0.0;motif_radius=12;score_normalization=train_quantile;raw_border_score=0.249469;border_score=1.078067",0.3112882077693939,0.3266877830028534,0.3620240092277527
test_Seq_833,0,2,"benchmark=nucleotide_transformer_downstream_tasks;dataset=splice_sites_all;matching=kmer_balanced;matching_signature=(9, 'GAA');border_estimator=center_window_kmer_jsd;estimator=center_jsd;window=48;search_radius=24;kmer=2;top_ratio=0.25;score_scale=4.0;motif_weight=0.0;motif_radius=12;score_normalization=train_quantile;raw_border_score=0.193772;border_score=0.954111",0.2633284628391266,0.2849714457988739,0.4517000913619995
test_Seq_2253,2,2,"benchmark=nucleotide_transformer_downstream_tasks;dataset=splice_sites_all;matching=kmer_balanced;matching_signature=(7, 'TTT');border_estimator=center_window_kmer_jsd;estimator=center_jsd;window=48;search_radius=24;kmer=2;top_ratio=0.25;score_scale=4.0;motif_weight=0.0;motif_radius=12;score_normalization=train_quantile;raw_border_score=0.111795;border_score=0.806333",0.19559940695762634,0.21869324147701263,0.5857073068618774
test_Seq_2426,2,2,"benchmark=nucleotide_transformer_downstream_tasks;dataset=splice_sites_all;matching=kmer_balanced;matching_signature=(8, 'TTT');border_estimator=center_window_kmer_jsd;estimator=center_jsd;window=48;search_radius=24;kmer=2;top_ratio=0.25;score_scale=4.0;motif_weight=0.0;motif_radius=12;score_normalization=train_quantile;raw_border_score=0.198881;border_score=0.968200",0.31344035267829895,0.3343364894390106,0.3522231876850128
test_Seq_2346,2,2,"benchmark=nucleotide_transformer_downstream_tasks;dataset=splice_sites_all;matching=kmer_balanced;matching_signature=(9, 'AAA');border_estimator=center_window_kmer_jsd;estimator=center_jsd;window=48;search_radius=24;kmer=2;top_ratio=0.25;score_scale=4.0;motif_weight=0.0;motif_radius=12;score_normalization=train_quantile;raw_border_score=0.307210;border_score=1.151578",0.1422141194343567,0.15425986051559448,0.7035260200500488
test_Seq_1996,1,2,"benchmark=nucleotide_transformer_downstream_tasks;dataset=splice_sites_all;matching=kmer_balanced;matching_signature=(7, 'TTT');border_estimator=center_window_kmer_jsd;estimator=center_jsd;window=48;search_radius=24;kmer=2;top_ratio=0.25;score_scale=4.0;motif_weight=0.0;motif_radius=12;score_normalization=train_quantile;raw_border_score=0.196323;border_score=0.960911",0.3190079927444458,0.3312046527862549,0.3497873544692993
test_Seq_1026,1,2,"benchmark=nucleotide_transformer_downstream_tasks;dataset=splice_sites_all;matching=kmer_balanced;matching_signature=(10, 'CCT');border_estimator=center_window_kmer_jsd;estimator=center_jsd;window=48;search_radius=24;kmer=2;top_ratio=0.25;score_scale=4.0;motif_weight=0.0;motif_radius=12;score_normalization=train_quantile;raw_border_score=0.151099;border_score=0.849133",0.3127022683620453,0.3306065499782562,0.35669124126434326
test_Seq_2863,2,2,"benchmark=nucleotide_transformer_downstream_tasks;dataset=splice_sites_all;matching=kmer_balanced;matching_signature=(8, 'AAA');border_estimator=center_window_kmer_jsd;estimator=center_jsd;window=48;search_radius=24;kmer=2;top_ratio=0.25;score_scale=4.0;motif_weight=0.0;motif_radius=12;score_normalization=train_quantile;raw_border_score=0.171935;border_score=0.896156",0.29619377851486206,0.3022194802761078,0.40158677101135254
test_Seq_68,0,1,"benchmark=nucleotide_transformer_downstream_tasks;dataset=splice_sites_all;matching=kmer_balanced;matching_signature=(6, 'TTT');border_estimator=center_window_kmer_jsd;estimator=center_jsd;window=48;search_radius=24;kmer=2;top_ratio=0.25;score_scale=4.0;motif_weight=0.0;motif_radius=12;score_normalization=train_quantile;raw_border_score=0.180041;border_score=0.917844",0.3471994400024414,0.349609375,0.303191214799881
test_Seq_2096,2,2,"benchmark=nucleotide_transformer_downstream_tasks;dataset=splice_sites_all;matching=kmer_balanced;matching_signature=(10, 'GGG');border_estimator=center_window_kmer_jsd;estimator=center_jsd;window=48;search_radius=24;kmer=2;top_ratio=0.25;score_scale=4.0;motif_weight=0.0;motif_radius=12;score_normalization=train_quantile;raw_border_score=0.354988;border_score=1.178600",0.24801352620124817,0.2707013487815857,0.48128512501716614
test_Seq_170,0,2,"benchmark=nucleotide_transformer_downstream_tasks;dataset=splice_sites_all;matching=kmer_balanced;matching_signature=(8, 'AAA');border_estimator=center_window_kmer_jsd;estimator=center_jsd;window=48;search_radius=24;kmer=2;top_ratio=0.25;score_scale=4.0;motif_weight=0.0;motif_radius=12;score_normalization=train_quantile;raw_border_score=0.248634;border_score=1.076378",0.30970844626426697,0.3240225911140442,0.36626896262168884
test_Seq_2950,2,2,"benchmark=nucleotide_transformer_downstream_tasks;dataset=splice_sites_all;matching=kmer_balanced;matching_signature=(12, 'GGG');border_estimator=center_window_kmer_jsd;estimator=center_jsd;window=48;search_radius=24;kmer=2;top_ratio=0.25;score_scale=4.0;motif_weight=0.0;motif_radius=12;score_normalization=train_quantile;raw_border_score=0.166496;border_score=0.882778",0.3278049826622009,0.3334304690361023,0.3387645483016968
test_Seq_2974,2,2,"benchmark=nucleotide_transformer_downstream_tasks;dataset=splice_sites_all;matching=kmer_balanced;matching_signature=(8, 'TTT');border_estimator=center_window_kmer_jsd;estimator=center_jsd;window=48;search_radius=24;kmer=2;top_ratio=0.25;score_scale=4.0;motif_weight=0.0;motif_radius=12;score_normalization=train_quantile;raw_border_score=0.207181;border_score=0.988733",0.16579921543598175,0.17856064438819885,0.6556401252746582
test_Seq_2726,2,2,"benchmark=nucleotide_transformer_downstream_tasks;dataset=splice_sites_all;matching=kmer_balanced;matching_signature=(6, 'TTT');border_estimator=center_window_kmer_jsd;estimator=center_jsd;window=48;search_radius=24;kmer=2;top_ratio=0.25;score_scale=4.0;motif_weight=0.0;motif_radius=12;score_normalization=train_quantile;raw_border_score=0.194901;border_score=0.956689",0.17972426116466522,0.20173099637031555,0.6185446977615356
test_Seq_1298,1,2,"benchmark=nucleotide_transformer_downstream_tasks;dataset=splice_sites_all;matching=kmer_balanced;matching_signature=(13, 'GGG');border_estimator=center_window_kmer_jsd;estimator=center_jsd;window=48;search_radius=24;kmer=2;top_ratio=0.25;score_scale=4.0;motif_weight=0.0;motif_radius=12;score_normalization=train_quantile;raw_border_score=0.206459;border_score=0.987044",0.2956378161907196,0.31148695945739746,0.3928752541542053
test_Seq_570,0,2,"benchmark=nucleotide_transformer_downstream_tasks;dataset=splice_sites_all;matching=kmer_balanced;matching_signature=(7, 'TTT');border_estimator=center_window_kmer_jsd;estimator=center_jsd;window=48;search_radius=24;kmer=2;top_ratio=0.25;score_scale=4.0;motif_weight=0.0;motif_radius=12;score_normalization=train_quantile;raw_border_score=0.252045;border_score=1.082333",0.31501320004463196,0.33886003494262695,0.3461267650127411
test_Seq_2716,2,2,"benchmark=nucleotide_transformer_downstream_tasks;dataset=splice_sites_all;matching=kmer_balanced;matching_signature=(7, 'TTT');border_estimator=center_window_kmer_jsd;estimator=center_jsd;window=48;search_radius=24;kmer=2;top_ratio=0.25;score_scale=4.0;motif_weight=0.0;motif_radius=12;score_normalization=train_quantile;raw_border_score=0.182397;border_score=0.923222",0.14727430045604706,0.16901031136512756,0.6837154030799866
test_Seq_1528,1,1,"benchmark=nucleotide_transformer_downstream_tasks;dataset=splice_sites_all;matching=kmer_balanced;matching_signature=(8, 'TTT');border_estimator=center_window_kmer_jsd;estimator=center_jsd;window=48;search_radius=24;kmer=2;top_ratio=0.25;score_scale=4.0;motif_weight=0.0;motif_radius=12;score_normalization=train_quantile;raw_border_score=0.288559;border_score=1.134867",0.3401775062084198,0.36087048053741455,0.29895204305648804
test_Seq_2207,2,2,"benchmark=nucleotide_transformer_downstream_tasks;dataset=splice_sites_all;matching=kmer_balanced;matching_signature=(7, 'AAA');border_estimator=center_window_kmer_jsd;estimator=center_jsd;window=48;search_radius=24;kmer=2;top_ratio=0.25;score_scale=4.0;motif_weight=0.0;motif_radius=12;score_normalization=train_quantile;raw_border_score=0.242084;border_score=1.063533",0.24832618236541748,0.2641737163066864,0.4875001311302185
test_Seq_937,0,2,"benchmark=nucleotide_transformer_downstream_tasks;dataset=splice_sites_all;matching=kmer_balanced;matching_signature=(6, 'AAA');border_estimator=center_window_kmer_jsd;estimator=center_jsd;window=48;search_radius=24;kmer=2;top_ratio=0.25;score_scale=4.0;motif_weight=0.0;motif_radius=12;score_normalization=train_quantile;raw_border_score=0.174677;border_score=0.903978",0.297391802072525,0.32498013973236084,0.37762805819511414
test_Seq_2313,2,2,"benchmark=nucleotide_transformer_downstream_tasks;dataset=splice_sites_all;matching=kmer_balanced;matching_signature=(9, 'TTT');border_estimator=center_window_kmer_jsd;estimator=center_jsd;window=48;search_radius=24;kmer=2;top_ratio=0.25;score_scale=4.0;motif_weight=0.0;motif_radius=12;score_normalization=train_quantile;raw_border_score=0.299140;border_score=1.145489",0.16403469443321228,0.19214366376399994,0.643821656703949
test_Seq_948,0,2,"benchmark=nucleotide_transformer_downstream_tasks;dataset=splice_sites_all;matching=kmer_balanced;matching_signature=(10, 'CCC');border_estimator=center_window_kmer_jsd;estimator=center_jsd;window=48;search_radius=24;kmer=2;top_ratio=0.25;score_scale=4.0;motif_weight=0.0;motif_radius=12;score_normalization=train_quantile;raw_border_score=0.215592;border_score=1.007622",0.30766522884368896,0.32010772824287415,0.37222710251808167
test_Seq_406,0,2,"benchmark=nucleotide_transformer_downstream_tasks;dataset=splice_sites_all;matching=kmer_balanced;matching_signature=(7, 'TTT');border_estimator=center_window_kmer_jsd;estimator=center_jsd;window=48;search_radius=24;kmer=2;top_ratio=0.25;score_scale=4.0;motif_weight=0.0;motif_radius=12;score_normalization=train_quantile;raw_border_score=0.370225;border_score=1.184244",0.31626883149147034,0.3183601200580597,0.36537104845046997
test_Seq_1281,1,1,"benchmark=nucleotide_transformer_downstream_tasks;dataset=splice_sites_all;matching=kmer_balanced;matching_signature=(8, 'AAA');border_estimator=center_window_kmer_jsd;estimator=center_jsd;window=48;search_radius=24;kmer=2;top_ratio=0.25;score_scale=4.0;motif_weight=0.0;motif_radius=12;score_normalization=train_quantile;raw_border_score=0.197421;border_score=0.964067",0.32965368032455444,0.34248292446136475,0.3278633654117584
test_Seq_2834,2,2,"benchmark=nucleotide_transformer_downstream_tasks;dataset=splice_sites_all;matching=kmer_balanced;matching_signature=(7, 'TTT');border_estimator=center_window_kmer_jsd;estimator=center_jsd;window=48;search_radius=24;kmer=2;top_ratio=0.25;score_scale=4.0;motif_weight=0.0;motif_radius=12;score_normalization=train_quantile;raw_border_score=0.134471;border_score=0.824511",0.1521855741739273,0.16419076919555664,0.6836236715316772
test_Seq_1886,1,2,"benchmark=nucleotide_transformer_downstream_tasks;dataset=splice_sites_all;matching=kmer_balanced;matching_signature=(8, 'AAA');border_estimator=center_window_kmer_jsd;estimator=center_jsd;window=48;search_radius=24;kmer=2;top_ratio=0.25;score_scale=4.0;motif_weight=0.0;motif_radius=12;score_normalization=train_quantile;raw_border_score=0.380935;border_score=1.186644",0.28764578700065613,0.2971821129322052,0.41517215967178345
test_Seq_578,0,2,"benchmark=nucleotide_transformer_downstream_tasks;dataset=splice_sites_all;matching=kmer_balanced;matching_signature=(13, 'GGG');border_estimator=center_window_kmer_jsd;estimator=center_jsd;window=48;search_radius=24;kmer=2;top_ratio=0.25;score_scale=4.0;motif_weight=0.0;motif_radius=12;score_normalization=train_quantile;raw_border_score=0.209942;border_score=0.994911",0.2484351247549057,0.26276981830596924,0.48879513144493103
test_Seq_2958,2,2,"benchmark=nucleotide_transformer_downstream_tasks;dataset=splice_sites_all;matching=kmer_balanced;matching_signature=(10, 'TCT');border_estimator=center_window_kmer_jsd;estimator=center_jsd;window=48;search_radius=24;kmer=2;top_ratio=0.25;score_scale=4.0;motif_weight=0.0;motif_radius=12;score_normalization=train_quantile;raw_border_score=0.310353;border_score=1.154467",0.2867409288883209,0.3025193512439728,0.4107397198677063
test_Seq_1721,1,2,"benchmark=nucleotide_transformer_downstream_tasks;dataset=splice_sites_all;matching=kmer_balanced;matching_signature=(7, 'AAA');border_estimator=center_window_kmer_jsd;estimator=center_jsd;window=48;search_radius=24;kmer=2;top_ratio=0.25;score_scale=4.0;motif_weight=0.0;motif_radius=12;score_normalization=train_quantile;raw_border_score=0.357073;border_score=1.179400",0.31206071376800537,0.3307003080844879,0.3572389483451843
test_Seq_389,0,2,"benchmark=nucleotide_transformer_downstream_tasks;dataset=splice_sites_all;matching=kmer_balanced;matching_signature=(12, 'CCT');border_estimator=center_window_kmer_jsd;estimator=center_jsd;window=48;search_radius=24;kmer=2;top_ratio=0.25;score_scale=4.0;motif_weight=0.0;motif_radius=12;score_normalization=train_quantile;raw_border_score=0.171229;border_score=0.893711",0.2877849340438843,0.29718250036239624,0.41503259539604187
test_Seq_1260,1,2,"benchmark=nucleotide_transformer_downstream_tasks;dataset=splice_sites_all;matching=kmer_balanced;matching_signature=(12, 'GGG');border_estimator=center_window_kmer_jsd;estimator=center_jsd;window=48;search_radius=24;kmer=2;top_ratio=0.25;score_scale=4.0;motif_weight=0.0;motif_radius=12;score_normalization=train_quantile;raw_border_score=0.376092;border_score=1.185756",0.3157707452774048,0.32045120000839233,0.3637780249118805
test_Seq_1524,1,1,"benchmark=nucleotide_transformer_downstream_tasks;dataset=splice_sites_all;matching=kmer_balanced;matching_signature=(10, 'AGG');border_estimator=center_window_kmer_jsd;estimator=center_jsd;window=48;search_radius=24;kmer=2;top_ratio=0.25;score_scale=4.0;motif_weight=0.0;motif_radius=12;score_normalization=train_quantile;raw_border_score=0.276914;border_score=1.119800",0.32643041014671326,0.3368075489997864,0.33676210045814514
test_Seq_112,0,2,"benchmark=nucleotide_transformer_downstream_tasks;dataset=splice_sites_all;matching=kmer_balanced;matching_signature=(6, 'TTT');border_estimator=center_window_kmer_jsd;estimator=center_jsd;window=48;search_radius=24;kmer=2;top_ratio=0.25;score_scale=4.0;motif_weight=0.0;motif_radius=12;score_normalization=train_quantile;raw_border_score=0.235586;border_score=1.050244",0.3197944164276123,0.3375127911567688,0.3426927924156189
test_Seq_1606,1,2,"benchmark=nucleotide_transformer_downstream_tasks;dataset=splice_sites_all;matching=kmer_balanced;matching_signature=(6, 'TTT');border_estimator=center_window_kmer_jsd;estimator=center_jsd;window=48;search_radius=24;kmer=2;top_ratio=0.25;score_scale=4.0;motif_weight=0.0;motif_radius=12;score_normalization=train_quantile;raw_border_score=0.254878;border_score=1.087178",0.26387253403663635,0.28228551149368286,0.4538419246673584
test_Seq_85,0,2,"benchmark=nucleotide_transformer_downstream_tasks;dataset=splice_sites_all;matching=kmer_balanced;matching_signature=(6, 'TTT');border_estimator=center_window_kmer_jsd;estimator=center_jsd;window=48;search_radius=24;kmer=2;top_ratio=0.25;score_scale=4.0;motif_weight=0.0;motif_radius=12;score_normalization=train_quantile;raw_border_score=0.374072;border_score=1.185222",0.29519233107566833,0.31261199712753296,0.3921956717967987
test_Seq_1359,1,2,"benchmark=nucleotide_transformer_downstream_tasks;dataset=splice_sites_all;matching=kmer_balanced;matching_signature=(6, 'TTT');border_estimator=center_window_kmer_jsd;estimator=center_jsd;window=48;search_radius=24;kmer=2;top_ratio=0.25;score_scale=4.0;motif_weight=0.0;motif_radius=12;score_normalization=train_quantile;raw_border_score=0.102117;border_score=0.803267",0.2943566143512726,0.30546972155570984,0.40017369389533997
test_Seq_2188,2,2,"benchmark=nucleotide_transformer_downstream_tasks;dataset=splice_sites_all;matching=kmer_balanced;matching_signature=(11, 'CCA');border_estimator=center_window_kmer_jsd;estimator=center_jsd;window=48;search_radius=24;kmer=2;top_ratio=0.25;score_scale=4.0;motif_weight=0.0;motif_radius=12;score_normalization=train_quantile;raw_border_score=0.172857;border_score=0.898556",0.3317679464817047,0.32937461137771606,0.33885738253593445
test_Seq_2673,2,2,"benchmark=nucleotide_transformer_downstream_tasks;dataset=splice_sites_all;matching=kmer_balanced;matching_signature=(7, 'TTT');border_estimator=center_window_kmer_jsd;estimator=center_jsd;window=48;search_radius=24;kmer=2;top_ratio=0.25;score_scale=4.0;motif_weight=0.0;motif_radius=12;score_normalization=train_quantile;raw_border_score=0.156671;border_score=0.860822",0.22518984973430634,0.24947968125343323,0.5253304243087769
test_Seq_14,0,2,"benchmark=nucleotide_transformer_downstream_tasks;dataset=splice_sites_all;matching=kmer_balanced;matching_signature=(10, 'CTG');border_estimator=center_window_kmer_jsd;estimator=center_jsd;window=48;search_radius=24;kmer=2;top_ratio=0.25;score_scale=4.0;motif_weight=0.0;motif_radius=12;score_normalization=train_quantile;raw_border_score=0.269421;border_score=1.109222",0.2561355233192444,0.27177169919013977,0.47209271788597107
test_Seq_109,0,2,"benchmark=nucleotide_transformer_downstream_tasks;dataset=splice_sites_all;matching=kmer_balanced;matching_signature=(13, 'CCC');border_estimator=center_window_kmer_jsd;estimator=center_jsd;window=48;search_radius=24;kmer=2;top_ratio=0.25;score_scale=4.0;motif_weight=0.0;motif_radius=12;score_normalization=train_quantile;raw_border_score=0.282753;border_score=1.127400",0.2723095118999481,0.281546413898468,0.44614407420158386
test_Seq_1885,1,1,"benchmark=nucleotide_transformer_downstream_tasks;dataset=splice_sites_all;matching=kmer_balanced;matching_signature=(8, 'TTT');border_estimator=center_window_kmer_jsd;estimator=center_jsd;window=48;search_radius=24;kmer=2;top_ratio=0.25;score_scale=4.0;motif_weight=0.0;motif_radius=12;score_normalization=train_quantile;raw_border_score=0.204447;border_score=0.982822",0.3567618727684021,0.36982598900794983,0.27341213822364807
test_Seq_1485,1,2,"benchmark=nucleotide_transformer_downstream_tasks;dataset=splice_sites_all;matching=kmer_balanced;matching_signature=(7, 'AAA');border_estimator=center_window_kmer_jsd;estimator=center_jsd;window=48;search_radius=24;kmer=2;top_ratio=0.25;score_scale=4.0;motif_weight=0.0;motif_radius=12;score_normalization=train_quantile;raw_border_score=0.269020;border_score=1.108644",0.3211987614631653,0.33418068289756775,0.34462058544158936
test_Seq_2858,2,1,"benchmark=nucleotide_transformer_downstream_tasks;dataset=splice_sites_all;matching=kmer_balanced;matching_signature=(7, 'TTT');border_estimator=center_window_kmer_jsd;estimator=center_jsd;window=48;search_radius=24;kmer=2;top_ratio=0.25;score_scale=4.0;motif_weight=0.0;motif_radius=12;score_normalization=train_quantile;raw_border_score=0.189481;border_score=0.942511",0.32388660311698914,0.34236255288124084,0.33375084400177
test_Seq_1415,1,2,"benchmark=nucleotide_transformer_downstream_tasks;dataset=splice_sites_all;matching=kmer_balanced;matching_signature=(7, 'TTT');border_estimator=center_window_kmer_jsd;estimator=center_jsd;window=48;search_radius=24;kmer=2;top_ratio=0.25;score_scale=4.0;motif_weight=0.0;motif_radius=12;score_normalization=train_quantile;raw_border_score=0.183227;border_score=0.925578",0.1755145639181137,0.1927090585231781,0.6317763328552246
test_Seq_2932,2,2,"benchmark=nucleotide_transformer_downstream_tasks;dataset=splice_sites_all;matching=kmer_balanced;matching_signature=(5, 'TTT');border_estimator=center_window_kmer_jsd;estimator=center_jsd;window=48;search_radius=24;kmer=2;top_ratio=0.25;score_scale=4.0;motif_weight=0.0;motif_radius=12;score_normalization=train_quantile;raw_border_score=0.181933;border_score=0.922422",0.2625429928302765,0.2836986184120178,0.4537582993507385
test_Seq_2956,2,2,"benchmark=nucleotide_transformer_downstream_tasks;dataset=splice_sites_all;matching=kmer_balanced;matching_signature=(11, 'GGG');border_estimator=center_window_kmer_jsd;estimator=center_jsd;window=48;search_radius=24;kmer=2;top_ratio=0.25;score_scale=4.0;motif_weight=0.0;motif_radius=12;score_normalization=train_quantile;raw_border_score=0.151336;border_score=0.849667",0.2283482849597931,0.24506115913391113,0.5265905857086182
test_Seq_2779,2,2,"benchmark=nucleotide_transformer_downstream_tasks;dataset=splice_sites_all;matching=kmer_balanced;matching_signature=(9, 'CAG');border_estimator=center_window_kmer_jsd;estimator=center_jsd;window=48;search_radius=24;kmer=2;top_ratio=0.25;score_scale=4.0;motif_weight=0.0;motif_radius=12;score_normalization=train_quantile;raw_border_score=0.184729;border_score=0.929622",0.278414249420166,0.2960364520549774,0.42554929852485657
test_Seq_437,0,2,"benchmark=nucleotide_transformer_downstream_tasks;dataset=splice_sites_all;matching=kmer_balanced;matching_signature=(6, 'TTT');border_estimator=center_window_kmer_jsd;estimator=center_jsd;window=48;search_radius=24;kmer=2;top_ratio=0.25;score_scale=4.0;motif_weight=0.0;motif_radius=12;score_normalization=train_quantile;raw_border_score=0.282829;border_score=1.127533",0.2878943383693695,0.3063516616821289,0.40575405955314636
test_Seq_926,0,2,"benchmark=nucleotide_transformer_downstream_tasks;dataset=splice_sites_all;matching=kmer_balanced;matching_signature=(6, 'TTT');border_estimator=center_window_kmer_jsd;estimator=center_jsd;window=48;search_radius=24;kmer=2;top_ratio=0.25;score_scale=4.0;motif_weight=0.0;motif_radius=12;score_normalization=train_quantile;raw_border_score=0.285868;border_score=1.131267",0.2932722866535187,0.31053146719932556,0.39619630575180054
test_Seq_834,0,2,"benchmark=nucleotide_transformer_downstream_tasks;dataset=splice_sites_all;matching=kmer_balanced;matching_signature=(12, 'CTG');border_estimator=center_window_kmer_jsd;estimator=center_jsd;window=48;search_radius=24;kmer=2;top_ratio=0.25;score_scale=4.0;motif_weight=0.0;motif_radius=12;score_normalization=train_quantile;raw_border_score=0.170761;border_score=0.892556",0.314441442489624,0.3143444359302521,0.3712140917778015
test_Seq_2893,2,2,"benchmark=nucleotide_transformer_downstream_tasks;dataset=splice_sites_all;matching=kmer_balanced;matching_signature=(8, 'TTT');border_estimator=center_window_kmer_jsd;estimator=center_jsd;window=48;search_radius=24;kmer=2;top_ratio=0.25;score_scale=4.0;motif_weight=0.0;motif_radius=12;score_normalization=train_quantile;raw_border_score=0.327267;border_score=1.164956",0.14660146832466125,0.16574180126190186,0.6876567602157593
test_Seq_2310,2,2,"benchmark=nucleotide_transformer_downstream_tasks;dataset=splice_sites_all;matching=kmer_balanced;matching_signature=(8, 'AAA');border_estimator=center_window_kmer_jsd;estimator=center_jsd;window=48;search_radius=24;kmer=2;top_ratio=0.25;score_scale=4.0;motif_weight=0.0;motif_radius=12;score_normalization=train_quantile;raw_border_score=0.293894;border_score=1.140022",0.2594951093196869,0.28736910223960876,0.45313581824302673
test_Seq_300,0,2,"benchmark=nucleotide_transformer_downstream_tasks;dataset=splice_sites_all;matching=kmer_balanced;matching_signature=(10, 'CCC');border_estimator=center_window_kmer_jsd;estimator=center_jsd;window=48;search_radius=24;kmer=2;top_ratio=0.25;score_scale=4.0;motif_weight=0.0;motif_radius=12;score_normalization=train_quantile;raw_border_score=0.286788;border_score=1.132689",0.27603089809417725,0.2987600564956665,0.4252089858055115
test_Seq_1257,1,2,"benchmark=nucleotide_transformer_downstream_tasks;dataset=splice_sites_all;matching=kmer_balanced;matching_signature=(12, 'CTG');border_estimator=center_window_kmer_jsd;estimator=center_jsd;window=48;search_radius=24;kmer=2;top_ratio=0.25;score_scale=4.0;motif_weight=0.0;motif_radius=12;score_normalization=train_quantile;raw_border_score=0.105510;border_score=0.803933",0.32055965065956116,0.32349443435668945,0.355945885181427
test_Seq_2403,2,2,"benchmark=nucleotide_transformer_downstream_tasks;dataset=splice_sites_all;matching=kmer_balanced;matching_signature=(6, 'AAA');border_estimator=center_window_kmer_jsd;estimator=center_jsd;window=48;search_radius=24;kmer=2;top_ratio=0.25;score_scale=4.0;motif_weight=0.0;motif_radius=12;score_normalization=train_quantile;raw_border_score=0.192894;border_score=0.951667",0.22887666523456573,0.25335782766342163,0.5177655220031738
test_Seq_2123,2,2,"benchmark=nucleotide_transformer_downstream_tasks;dataset=splice_sites_all;matching=kmer_balanced;matching_signature=(10, 'CAG');border_estimator=center_window_kmer_jsd;estimator=center_jsd;window=48;search_radius=24;kmer=2;top_ratio=0.25;score_scale=4.0;motif_weight=0.0;motif_radius=12;score_normalization=train_quantile;raw_border_score=0.201741;border_score=0.975267",0.19953352212905884,0.22648417949676514,0.573982298374176
test_Seq_563,0,1,"benchmark=nucleotide_transformer_downstream_tasks;dataset=splice_sites_all;matching=kmer_balanced;matching_signature=(6, 'AAA');border_estimator=center_window_kmer_jsd;estimator=center_jsd;window=48;search_radius=24;kmer=2;top_ratio=0.25;score_scale=4.0;motif_weight=0.0;motif_radius=12;score_normalization=train_quantile;raw_border_score=0.221037;border_score=1.021267",0.3546326458454132,0.3614794611930847,0.2838878333568573
test_Seq_290,0,2,"benchmark=nucleotide_transformer_downstream_tasks;dataset=splice_sites_all;matching=kmer_balanced;matching_signature=(13, 'CCC');border_estimator=center_window_kmer_jsd;estimator=center_jsd;window=48;search_radius=24;kmer=2;top_ratio=0.25;score_scale=4.0;motif_weight=0.0;motif_radius=12;score_normalization=train_quantile;raw_border_score=0.146456;border_score=0.841622",0.2745169401168823,0.2915612459182739,0.43392178416252136
test_Seq_2145,2,2,"benchmark=nucleotide_transformer_downstream_tasks;dataset=splice_sites_all;matching=kmer_balanced;matching_signature=(11, 'GGG');border_estimator=center_window_kmer_jsd;estimator=center_jsd;window=48;search_radius=24;kmer=2;top_ratio=0.25;score_scale=4.0;motif_weight=0.0;motif_radius=12;score_normalization=train_quantile;raw_border_score=0.193614;border_score=0.953711",0.3114473223686218,0.33286523818969727,0.35568737983703613
test_Seq_489,0,2,"benchmark=nucleotide_transformer_downstream_tasks;dataset=splice_sites_all;matching=kmer_balanced;matching_signature=(6, 'TTT');border_estimator=center_window_kmer_jsd;estimator=center_jsd;window=48;search_radius=24;kmer=2;top_ratio=0.25;score_scale=4.0;motif_weight=0.0;motif_radius=12;score_normalization=train_quantile;raw_border_score=0.224092;border_score=1.028111",0.2946839928627014,0.3201162815093994,0.38519975543022156
test_Seq_315,0,2,"benchmark=nucleotide_transformer_downstream_tasks;dataset=splice_sites_all;matching=kmer_balanced;matching_signature=(8, 'TTT');border_estimator=center_window_kmer_jsd;estimator=center_jsd;window=48;search_radius=24;kmer=2;top_ratio=0.25;score_scale=4.0;motif_weight=0.0;motif_radius=12;score_normalization=train_quantile;raw_border_score=0.204497;border_score=0.982911",0.3062334656715393,0.32717037200927734,0.36659616231918335
test_Seq_1050,1,2,"benchmark=nucleotide_transformer_downstream_tasks;dataset=splice_sites_all;matching=kmer_balanced;matching_signature=(8, 'TTT');border_estimator=center_window_kmer_jsd;estimator=center_jsd;window=48;search_radius=24;kmer=2;top_ratio=0.25;score_scale=4.0;motif_weight=0.0;motif_radius=12;score_normalization=train_quantile;raw_border_score=0.269592;border_score=1.109533",0.23844729363918304,0.26617732644081116,0.4953753650188446
test_Seq_2134,2,2,"benchmark=nucleotide_transformer_downstream_tasks;dataset=splice_sites_all;matching=kmer_balanced;matching_signature=(7, 'TTT');border_estimator=center_window_kmer_jsd;estimator=center_jsd;window=48;search_radius=24;kmer=2;top_ratio=0.25;score_scale=4.0;motif_weight=0.0;motif_radius=12;score_normalization=train_quantile;raw_border_score=0.180780;border_score=0.919800",0.21314629912376404,0.23326481878757477,0.5535889267921448
test_Seq_1894,1,2,"benchmark=nucleotide_transformer_downstream_tasks;dataset=splice_sites_all;matching=kmer_balanced;matching_signature=(6, 'TTT');border_estimator=center_window_kmer_jsd;estimator=center_jsd;window=48;search_radius=24;kmer=2;top_ratio=0.25;score_scale=4.0;motif_weight=0.0;motif_radius=12;score_normalization=train_quantile;raw_border_score=0.187893;border_score=0.938644",0.24357084929943085,0.2702120542526245,0.48621708154678345
test_Seq_58,0,1,"benchmark=nucleotide_transformer_downstream_tasks;dataset=splice_sites_all;matching=kmer_balanced;matching_signature=(7, 'TTT');border_estimator=center_window_kmer_jsd;estimator=center_jsd;window=48;search_radius=24;kmer=2;top_ratio=0.25;score_scale=4.0;motif_weight=0.0;motif_radius=12;score_normalization=train_quantile;raw_border_score=0.466666;border_score=1.196778",0.341777503490448,0.35933971405029297,0.2988828122615814
test_Seq_2769,2,2,"benchmark=nucleotide_transformer_downstream_tasks;dataset=splice_sites_all;matching=kmer_balanced;matching_signature=(7, 'TTT');border_estimator=center_window_kmer_jsd;estimator=center_jsd;window=48;search_radius=24;kmer=2;top_ratio=0.25;score_scale=4.0;motif_weight=0.0;motif_radius=12;score_normalization=train_quantile;raw_border_score=0.281493;border_score=1.125667",0.2749960422515869,0.2953895032405853,0.42961448431015015
test_Seq_2398,2,2,"benchmark=nucleotide_transformer_downstream_tasks;dataset=splice_sites_all;matching=kmer_balanced;matching_signature=(13, 'CCC');border_estimator=center_window_kmer_jsd;estimator=center_jsd;window=48;search_radius=24;kmer=2;top_ratio=0.25;score_scale=4.0;motif_weight=0.0;motif_radius=12;score_normalization=train_quantile;raw_border_score=0.197201;border_score=0.963489",0.26559457182884216,0.2840622663497925,0.45034322142601013
test_Seq_1822,1,1,"benchmark=nucleotide_transformer_downstream_tasks;dataset=splice_sites_all;matching=kmer_balanced;matching_signature=(8, 'TTT');border_estimator=center_window_kmer_jsd;estimator=center_jsd;window=48;search_radius=24;kmer=2;top_ratio=0.25;score_scale=4.0;motif_weight=0.0;motif_radius=12;score_normalization=train_quantile;raw_border_score=0.187558;border_score=0.937356",0.3580845892429352,0.3689219355583191,0.2729935050010681
test_Seq_2877,2,2,"benchmark=nucleotide_transformer_downstream_tasks;dataset=splice_sites_all;matching=kmer_balanced;matching_signature=(8, 'TTT');border_estimator=center_window_kmer_jsd;estimator=center_jsd;window=48;search_radius=24;kmer=2;top_ratio=0.25;score_scale=4.0;motif_weight=0.0;motif_radius=12;score_normalization=train_quantile;raw_border_score=0.285665;border_score=1.131089",0.3084067404270172,0.3225644528865814,0.3690287470817566
test_Seq_1317,1,1,"benchmark=nucleotide_transformer_downstream_tasks;dataset=splice_sites_all;matching=kmer_balanced;matching_signature=(9, 'CTG');border_estimator=center_window_kmer_jsd;estimator=center_jsd;window=48;search_radius=24;kmer=2;top_ratio=0.25;score_scale=4.0;motif_weight=0.0;motif_radius=12;score_normalization=train_quantile;raw_border_score=0.363949;border_score=1.182111",0.34411972761154175,0.34964099526405334,0.30623921751976013
test_Seq_2375,2,2,"benchmark=nucleotide_transformer_downstream_tasks;dataset=splice_sites_all;matching=kmer_balanced;matching_signature=(7, 'TGT');border_estimator=center_window_kmer_jsd;estimator=center_jsd;window=48;search_radius=24;kmer=2;top_ratio=0.25;score_scale=4.0;motif_weight=0.0;motif_radius=12;score_normalization=train_quantile;raw_border_score=0.240625;border_score=1.060422",0.31485071778297424,0.32765501737594604,0.3574942350387573
test_Seq_1866,1,2,"benchmark=nucleotide_transformer_downstream_tasks;dataset=splice_sites_all;matching=kmer_balanced;matching_signature=(9, 'TTT');border_estimator=center_window_kmer_jsd;estimator=center_jsd;window=48;search_radius=24;kmer=2;top_ratio=0.25;score_scale=4.0;motif_weight=0.0;motif_radius=12;score_normalization=train_quantile;raw_border_score=0.275695;border_score=1.118067",0.3090822398662567,0.3238014578819275,0.3671163022518158
test_Seq_549,0,2,"benchmark=nucleotide_transformer_downstream_tasks;dataset=splice_sites_all;matching=kmer_balanced;matching_signature=(7, 'AAA');border_estimator=center_window_kmer_jsd;estimator=center_jsd;window=48;search_radius=24;kmer=2;top_ratio=0.25;score_scale=4.0;motif_weight=0.0;motif_radius=12;score_normalization=train_quantile;raw_border_score=0.373083;border_score=1.185133",0.29490551352500916,0.31128573417663574,0.3938087821006775
test_Seq_400,0,2,"benchmark=nucleotide_transformer_downstream_tasks;dataset=splice_sites_all;matching=kmer_balanced;matching_signature=(8, 'TGT');border_estimator=center_window_kmer_jsd;estimator=center_jsd;window=48;search_radius=24;kmer=2;top_ratio=0.25;score_scale=4.0;motif_weight=0.0;motif_radius=12;score_normalization=train_quantile;raw_border_score=0.187762;border_score=0.938111",0.2824210524559021,0.29333752393722534,0.42424142360687256
test_Seq_2369,2,0,"benchmark=nucleotide_transformer_downstream_tasks;dataset=splice_sites_all;matching=kmer_balanced;matching_signature=(11, 'CTG');border_estimator=center_window_kmer_jsd;estimator=center_jsd;window=48;search_radius=24;kmer=2;top_ratio=0.25;score_scale=4.0;motif_weight=0.0;motif_radius=12;score_normalization=train_quantile;raw_border_score=0.168291;border_score=0.887178",0.3577788770198822,0.346729576587677,0.2954915761947632
test_Seq_2284,2,2,"benchmark=nucleotide_transformer_downstream_tasks;dataset=splice_sites_all;matching=kmer_balanced;matching_signature=(11, 'CCT');border_estimator=center_window_kmer_jsd;estimator=center_jsd;window=48;search_radius=24;kmer=2;top_ratio=0.25;score_scale=4.0;motif_weight=0.0;motif_radius=12;score_normalization=train_quantile;raw_border_score=0.116618;border_score=0.809089",0.22988924384117126,0.24379582703113556,0.526314914226532
test_Seq_599,0,2,"benchmark=nucleotide_transformer_downstream_tasks;dataset=splice_sites_all;matching=kmer_balanced;matching_signature=(10, 'AAA');border_estimator=center_window_kmer_jsd;estimator=center_jsd;window=48;search_radius=24;kmer=2;top_ratio=0.25;score_scale=4.0;motif_weight=0.0;motif_radius=12;score_normalization=train_quantile;raw_border_score=0.301146;border_score=1.147400",0.14403237402439117,0.16427923738956451,0.6916884183883667
test_Seq_802,0,2,"benchmark=nucleotide_transformer_downstream_tasks;dataset=splice_sites_all;matching=kmer_balanced;matching_signature=(9, 'CAG');border_estimator=center_window_kmer_jsd;estimator=center_jsd;window=48;search_radius=24;kmer=2;top_ratio=0.25;score_scale=4.0;motif_weight=0.0;motif_radius=12;score_normalization=train_quantile;raw_border_score=0.182857;border_score=0.924467",0.3190563917160034,0.33801567554473877,0.3429279625415802
test_Seq_1690,1,2,"benchmark=nucleotide_transformer_downstream_tasks;dataset=splice_sites_all;matching=kmer_balanced;matching_signature=(8, 'TTT');border_estimator=center_window_kmer_jsd;estimator=center_jsd;window=48;search_radius=24;kmer=2;top_ratio=0.25;score_scale=4.0;motif_weight=0.0;motif_radius=12;score_normalization=train_quantile;raw_border_score=0.368019;border_score=1.183489",0.22516214847564697,0.2434234619140625,0.5314143896102905
test_Seq_2370,2,2,"benchmark=nucleotide_transformer_downstream_tasks;dataset=splice_sites_all;matching=kmer_balanced;matching_signature=(10, 'CTC');border_estimator=center_window_kmer_jsd;estimator=center_jsd;window=48;search_radius=24;kmer=2;top_ratio=0.25;score_scale=4.0;motif_weight=0.0;motif_radius=12;score_normalization=train_quantile;raw_border_score=0.240681;border_score=1.060467",0.14665575325489044,0.16144737601280212,0.6918968558311462
test_Seq_1024,1,0,"benchmark=nucleotide_transformer_downstream_tasks;dataset=splice_sites_all;matching=kmer_balanced;matching_signature=(13, 'GGG');border_estimator=center_window_kmer_jsd;estimator=center_jsd;window=48;search_radius=24;kmer=2;top_ratio=0.25;score_scale=4.0;motif_weight=0.0;motif_radius=12;score_normalization=train_quantile;raw_border_score=0.237797;border_score=1.054600",0.3458922505378723,0.34103789925575256,0.3130698502063751
test_Seq_1615,1,2,"benchmark=nucleotide_transformer_downstream_tasks;dataset=splice_sites_all;matching=kmer_balanced;matching_signature=(11, 'CAG');border_estimator=center_window_kmer_jsd;estimator=center_jsd;window=48;search_radius=24;kmer=2;top_ratio=0.25;score_scale=4.0;motif_weight=0.0;motif_radius=12;score_normalization=train_quantile;raw_border_score=0.190939;border_score=0.946556",0.28982245922088623,0.2982410490512848,0.41193652153015137
test_Seq_1760,1,2,"benchmark=nucleotide_transformer_downstream_tasks;dataset=splice_sites_all;matching=kmer_balanced;matching_signature=(8, 'TTT');border_estimator=center_window_kmer_jsd;estimator=center_jsd;window=48;search_radius=24;kmer=2;top_ratio=0.25;score_scale=4.0;motif_weight=0.0;motif_radius=12;score_normalization=train_quantile;raw_border_score=0.239219;border_score=1.056556",0.2742667496204376,0.30284470319747925,0.4228885769844055
test_Seq_2677,2,2,"benchmark=nucleotide_transformer_downstream_tasks;dataset=splice_sites_all;matching=kmer_balanced;matching_signature=(10, 'CAG');border_estimator=center_window_kmer_jsd;estimator=center_jsd;window=48;search_radius=24;kmer=2;top_ratio=0.25;score_scale=4.0;motif_weight=0.0;motif_radius=12;score_normalization=train_quantile;raw_border_score=0.269267;border_score=1.109044",0.292313814163208,0.3074018061161041,0.4002843499183655
test_Seq_1041,1,2,"benchmark=nucleotide_transformer_downstream_tasks;dataset=splice_sites_all;matching=kmer_balanced;matching_signature=(7, 'AAA');border_estimator=center_window_kmer_jsd;estimator=center_jsd;window=48;search_radius=24;kmer=2;top_ratio=0.25;score_scale=4.0;motif_weight=0.0;motif_radius=12;score_normalization=train_quantile;raw_border_score=0.177727;border_score=0.912778",0.24961239099502563,0.27264395356178284,0.47774359583854675
test_Seq_537,0,2,"benchmark=nucleotide_transformer_downstream_tasks;dataset=splice_sites_all;matching=kmer_balanced;matching_signature=(7, 'TTT');border_estimator=center_window_kmer_jsd;estimator=center_jsd;window=48;search_radius=24;kmer=2;top_ratio=0.25;score_scale=4.0;motif_weight=0.0;motif_radius=12;score_normalization=train_quantile;raw_border_score=0.267194;border_score=1.105933",0.2646198570728302,0.28886133432388306,0.44651880860328674
test_Seq_2311,2,2,"benchmark=nucleotide_transformer_downstream_tasks;dataset=splice_sites_all;matching=kmer_balanced;matching_signature=(9, 'TTT');border_estimator=center_window_kmer_jsd;estimator=center_jsd;window=48;search_radius=24;kmer=2;top_ratio=0.25;score_scale=4.0;motif_weight=0.0;motif_radius=12;score_normalization=train_quantile;raw_border_score=0.261958;border_score=1.098822",0.28948456048965454,0.3105632960796356,0.39995214343070984
test_Seq_1807,1,2,"benchmark=nucleotide_transformer_downstream_tasks;dataset=splice_sites_all;matching=kmer_balanced;matching_signature=(7, 'TTT');border_estimator=center_window_kmer_jsd;estimator=center_jsd;window=48;search_radius=24;kmer=2;top_ratio=0.25;score_scale=4.0;motif_weight=0.0;motif_radius=12;score_normalization=train_quantile;raw_border_score=0.185186;border_score=0.931044",0.23434536159038544,0.26123538613319397,0.5044192671775818
test_Seq_964,0,1,"benchmark=nucleotide_transformer_downstream_tasks;dataset=splice_sites_all;matching=kmer_balanced;matching_signature=(7, 'TTT');border_estimator=center_window_kmer_jsd;estimator=center_jsd;window=48;search_radius=24;kmer=2;top_ratio=0.25;score_scale=4.0;motif_weight=0.0;motif_radius=12;score_normalization=train_quantile;raw_border_score=0.255250;border_score=1.087756",0.3371966779232025,0.36080965399742126,0.30199363827705383
test_Seq_1188,1,2,"benchmark=nucleotide_transformer_downstream_tasks;dataset=splice_sites_all;matching=kmer_balanced;matching_signature=(6, 'TTT');border_estimator=center_window_kmer_jsd;estimator=center_jsd;window=48;search_radius=24;kmer=2;top_ratio=0.25;score_scale=4.0;motif_weight=0.0;motif_radius=12;score_normalization=train_quantile;raw_border_score=0.253618;border_score=1.085178",0.2439490407705307,0.26915737986564636,0.4868936538696289
test_Seq_2711,2,2,"benchmark=nucleotide_transformer_downstream_tasks;dataset=splice_sites_all;matching=kmer_balanced;matching_signature=(11, 'CCT');border_estimator=center_window_kmer_jsd;estimator=center_jsd;window=48;search_radius=24;kmer=2;top_ratio=0.25;score_scale=4.0;motif_weight=0.0;motif_radius=12;score_normalization=train_quantile;raw_border_score=0.307747;border_score=1.151933",0.3021179735660553,0.3134651482105255,0.3844169080257416
test_Seq_364,0,1,"benchmark=nucleotide_transformer_downstream_tasks;dataset=splice_sites_all;matching=kmer_balanced;matching_signature=(10, 'GTG');border_estimator=center_window_kmer_jsd;estimator=center_jsd;window=48;search_radius=24;kmer=2;top_ratio=0.25;score_scale=4.0;motif_weight=0.0;motif_radius=12;score_normalization=train_quantile;raw_border_score=0.212607;border_score=1.001000",0.3653862476348877,0.37350448966026306,0.26110929250717163
test_Seq_2780,2,2,"benchmark=nucleotide_transformer_downstream_tasks;dataset=splice_sites_all;matching=kmer_balanced;matching_signature=(11, 'CAG');border_estimator=center_window_kmer_jsd;estimator=center_jsd;window=48;search_radius=24;kmer=2;top_ratio=0.25;score_scale=4.0;motif_weight=0.0;motif_radius=12;score_normalization=train_quantile;raw_border_score=0.240528;border_score=1.060022",0.24417831003665924,0.2588195502758026,0.49700215458869934
test_Seq_2353,2,1,"benchmark=nucleotide_transformer_downstream_tasks;dataset=splice_sites_all;matching=kmer_balanced;matching_signature=(12, 'GGG');border_estimator=center_window_kmer_jsd;estimator=center_jsd;window=48;search_radius=24;kmer=2;top_ratio=0.25;score_scale=4.0;motif_weight=0.0;motif_radius=12;score_normalization=train_quantile;raw_border_score=0.126377;border_score=0.816022",0.339294970035553,0.34265851974487305,0.3180464804172516
test_Seq_44,0,2,"benchmark=nucleotide_transformer_downstream_tasks;dataset=splice_sites_all;matching=kmer_balanced;matching_signature=(7, 'TTT');border_estimator=center_window_kmer_jsd;estimator=center_jsd;window=48;search_radius=24;kmer=2;top_ratio=0.25;score_scale=4.0;motif_weight=0.0;motif_radius=12;score_normalization=train_quantile;raw_border_score=0.222246;border_score=1.023711",0.20025081932544708,0.2270180881023407,0.572731077671051
test_Seq_211,0,2,"benchmark=nucleotide_transformer_downstream_tasks;dataset=splice_sites_all;matching=kmer_balanced;matching_signature=(10, 'TTT');border_estimator=center_window_kmer_jsd;estimator=center_jsd;window=48;search_radius=24;kmer=2;top_ratio=0.25;score_scale=4.0;motif_weight=0.0;motif_radius=12;score_normalization=train_quantile;raw_border_score=0.279051;border_score=1.122956",0.1266072690486908,0.14526969194412231,0.7281230688095093
test_Seq_2355,2,2,"benchmark=nucleotide_transformer_downstream_tasks;dataset=splice_sites_all;matching=kmer_balanced;matching_signature=(7, 'TTT');border_estimator=center_window_kmer_jsd;estimator=center_jsd;window=48;search_radius=24;kmer=2;top_ratio=0.25;score_scale=4.0;motif_weight=0.0;motif_radius=12;score_normalization=train_quantile;raw_border_score=0.182140;border_score=0.922600",0.16335782408714294,0.18487407267093658,0.6517680287361145
test_Seq_438,0,1,"benchmark=nucleotide_transformer_downstream_tasks;dataset=splice_sites_all;matching=kmer_balanced;matching_signature=(7, 'TTT');border_estimator=center_window_kmer_jsd;estimator=center_jsd;window=48;search_radius=24;kmer=2;top_ratio=0.25;score_scale=4.0;motif_weight=0.0;motif_radius=12;score_normalization=train_quantile;raw_border_score=0.167228;border_score=0.884733",0.32755517959594727,0.3443533182144165,0.32809147238731384
test_Seq_1926,1,2,"benchmark=nucleotide_transformer_downstream_tasks;dataset=splice_sites_all;matching=kmer_balanced;matching_signature=(5, 'TTT');border_estimator=center_window_kmer_jsd;estimator=center_jsd;window=48;search_radius=24;kmer=2;top_ratio=0.25;score_scale=4.0;motif_weight=0.0;motif_radius=12;score_normalization=train_quantile;raw_border_score=0.197715;border_score=0.964822",0.2794836461544037,0.2962900996208191,0.42422622442245483
test_Seq_1162,1,2,"benchmark=nucleotide_transformer_downstream_tasks;dataset=splice_sites_all;matching=kmer_balanced;matching_signature=(8, 'TTT');border_estimator=center_window_kmer_jsd;estimator=center_jsd;window=48;search_radius=24;kmer=2;top_ratio=0.25;score_scale=4.0;motif_weight=0.0;motif_radius=12;score_normalization=train_quantile;raw_border_score=0.394832;border_score=1.188956",0.27170854806900024,0.2948116362094879,0.4334798753261566
test_Seq_2615,2,2,"benchmark=nucleotide_transformer_downstream_tasks;dataset=splice_sites_all;matching=kmer_balanced;matching_signature=(6, 'TTT');border_estimator=center_window_kmer_jsd;estimator=center_jsd;window=48;search_radius=24;kmer=2;top_ratio=0.25;score_scale=4.0;motif_weight=0.0;motif_radius=12;score_normalization=train_quantile;raw_border_score=0.252823;border_score=1.083756",0.17055846750736237,0.1947959065437317,0.6346456408500671
test_Seq_1816,1,2,"benchmark=nucleotide_transformer_downstream_tasks;dataset=splice_sites_all;matching=kmer_balanced;matching_signature=(11, 'CCA');border_estimator=center_window_kmer_jsd;estimator=center_jsd;window=48;search_radius=24;kmer=2;top_ratio=0.25;score_scale=4.0;motif_weight=0.0;motif_radius=12;score_normalization=train_quantile;raw_border_score=0.198446;border_score=0.966911",0.2908352017402649,0.29604586958885193,0.41311898827552795
test_Seq_647,0,2,"benchmark=nucleotide_transformer_downstream_tasks;dataset=splice_sites_all;matching=kmer_balanced;matching_signature=(6, 'TTT');border_estimator=center_window_kmer_jsd;estimator=center_jsd;window=48;search_radius=24;kmer=2;top_ratio=0.25;score_scale=4.0;motif_weight=0.0;motif_radius=12;score_normalization=train_quantile;raw_border_score=0.270533;border_score=1.111000",0.3156338930130005,0.33303138613700867,0.35133469104766846
test_Seq_1639,1,1,"benchmark=nucleotide_transformer_downstream_tasks;dataset=splice_sites_all;matching=kmer_balanced;matching_signature=(11, 'GGG');border_estimator=center_window_kmer_jsd;estimator=center_jsd;window=48;search_radius=24;kmer=2;top_ratio=0.25;score_scale=4.0;motif_weight=0.0;motif_radius=12;score_normalization=train_quantile;raw_border_score=0.224032;border_score=1.028067",0.3278917968273163,0.33677902817726135,0.3353291451931
test_Seq_815,0,2,"benchmark=nucleotide_transformer_downstream_tasks;dataset=splice_sites_all;matching=kmer_balanced;matching_signature=(8, 'TTT');border_estimator=center_window_kmer_jsd;estimator=center_jsd;window=48;search_radius=24;kmer=2;top_ratio=0.25;score_scale=4.0;motif_weight=0.0;motif_radius=12;score_normalization=train_quantile;raw_border_score=0.341287;border_score=1.172778",0.2897130846977234,0.30897390842437744,0.40131300687789917
test_Seq_1794,1,2,"benchmark=nucleotide_transformer_downstream_tasks;dataset=splice_sites_all;matching=kmer_balanced;matching_signature=(8, 'TTT');border_estimator=center_window_kmer_jsd;estimator=center_jsd;window=48;search_radius=24;kmer=2;top_ratio=0.25;score_scale=4.0;motif_weight=0.0;motif_radius=12;score_normalization=train_quantile;raw_border_score=0.408640;border_score=1.191267",0.253923624753952,0.2670731544494629,0.4790032207965851
test_Seq_1177,1,2,"benchmark=nucleotide_transformer_downstream_tasks;dataset=splice_sites_all;matching=kmer_balanced;matching_signature=(10, 'GGG');border_estimator=center_window_kmer_jsd;estimator=center_jsd;window=48;search_radius=24;kmer=2;top_ratio=0.25;score_scale=4.0;motif_weight=0.0;motif_radius=12;score_normalization=train_quantile;raw_border_score=0.222472;border_score=1.024244",0.15936164557933807,0.17840008437633514,0.6622382402420044
test_Seq_2907,2,2,"benchmark=nucleotide_transformer_downstream_tasks;dataset=splice_sites_all;matching=kmer_balanced;matching_signature=(9, 'TGG');border_estimator=center_window_kmer_jsd;estimator=center_jsd;window=48;search_radius=24;kmer=2;top_ratio=0.25;score_scale=4.0;motif_weight=0.0;motif_radius=12;score_normalization=train_quantile;raw_border_score=0.158971;border_score=0.865222",0.28371453285217285,0.29168930649757385,0.4245961308479309
test_Seq_1755,1,2,"benchmark=nucleotide_transformer_downstream_tasks;dataset=splice_sites_all;matching=kmer_balanced;matching_signature=(9, 'TCA');border_estimator=center_window_kmer_jsd;estimator=center_jsd;window=48;search_radius=24;kmer=2;top_ratio=0.25;score_scale=4.0;motif_weight=0.0;motif_radius=12;score_normalization=train_quantile;raw_border_score=0.173966;border_score=0.902022",0.2133951187133789,0.2344920039176941,0.552112877368927
test_Seq_1731,1,1,"benchmark=nucleotide_transformer_downstream_tasks;dataset=splice_sites_all;matching=kmer_balanced;matching_signature=(9, 'TTT');border_estimator=center_window_kmer_jsd;estimator=center_jsd;window=48;search_radius=24;kmer=2;top_ratio=0.25;score_scale=4.0;motif_weight=0.0;motif_radius=12;score_normalization=train_quantile;raw_border_score=0.236064;border_score=1.050956",0.329801470041275,0.3353714346885681,0.33482709527015686
test_Seq_2633,2,2,"benchmark=nucleotide_transformer_downstream_tasks;dataset=splice_sites_all;matching=kmer_balanced;matching_signature=(10, 'TTT');border_estimator=center_window_kmer_jsd;estimator=center_jsd;window=48;search_radius=24;kmer=2;top_ratio=0.25;score_scale=4.0;motif_weight=0.0;motif_radius=12;score_normalization=train_quantile;raw_border_score=0.391136;border_score=1.188467",0.2253960371017456,0.24101898074150085,0.5335850119590759
test_Seq_249,0,2,"benchmark=nucleotide_transformer_downstream_tasks;dataset=splice_sites_all;matching=kmer_balanced;matching_signature=(8, 'TTT');border_estimator=center_window_kmer_jsd;estimator=center_jsd;window=48;search_radius=24;kmer=2;top_ratio=0.25;score_scale=4.0;motif_weight=0.0;motif_radius=12;score_normalization=train_quantile;raw_border_score=0.501324;border_score=1.198644",0.2954375147819519,0.3165183663368225,0.388044148683548
test_Seq_342,0,2,"benchmark=nucleotide_transformer_downstream_tasks;dataset=splice_sites_all;matching=kmer_balanced;matching_signature=(10, 'CCT');border_estimator=center_window_kmer_jsd;estimator=center_jsd;window=48;search_radius=24;kmer=2;top_ratio=0.25;score_scale=4.0;motif_weight=0.0;motif_radius=12;score_normalization=train_quantile;raw_border_score=0.222435;border_score=1.024156",0.19467438757419586,0.22235293686389923,0.5829727053642273
test_Seq_2546,2,1,"benchmark=nucleotide_transformer_downstream_tasks;dataset=splice_sites_all;matching=kmer_balanced;matching_signature=(10, 'CTG');border_estimator=center_window_kmer_jsd;estimator=center_jsd;window=48;search_radius=24;kmer=2;top_ratio=0.25;score_scale=4.0;motif_weight=0.0;motif_radius=12;score_normalization=train_quantile;raw_border_score=0.170567;border_score=0.892022",0.33939501643180847,0.3540312647819519,0.3065737187862396
test_Seq_494,0,1,"benchmark=nucleotide_transformer_downstream_tasks;dataset=splice_sites_all;matching=kmer_balanced;matching_signature=(9, 'TTT');border_estimator=center_window_kmer_jsd;estimator=center_jsd;window=48;search_radius=24;kmer=2;top_ratio=0.25;score_scale=4.0;motif_weight=0.0;motif_radius=12;score_normalization=train_quantile;raw_border_score=0.222360;border_score=1.024022",0.35980260372161865,0.36425864696502686,0.2759387195110321
test_Seq_678,0,2,"benchmark=nucleotide_transformer_downstream_tasks;dataset=splice_sites_all;matching=kmer_balanced;matching_signature=(6, 'AAA');border_estimator=center_window_kmer_jsd;estimator=center_jsd;window=48;search_radius=24;kmer=2;top_ratio=0.25;score_scale=4.0;motif_weight=0.0;motif_radius=12;score_normalization=train_quantile;raw_border_score=0.190035;border_score=0.944378",0.18181706964969635,0.2062675505876541,0.6119153499603271
test_Seq_947,0,2,"benchmark=nucleotide_transformer_downstream_tasks;dataset=splice_sites_all;matching=kmer_balanced;matching_signature=(6, 'AAA');border_estimator=center_window_kmer_jsd;estimator=center_jsd;window=48;search_radius=24;kmer=2;top_ratio=0.25;score_scale=4.0;motif_weight=0.0;motif_radius=12;score_normalization=train_quantile;raw_border_score=0.338060;border_score=1.170911",0.29647302627563477,0.3096047639846802,0.39392217993736267
test_Seq_33,0,2,"benchmark=nucleotide_transformer_downstream_tasks;dataset=splice_sites_all;matching=kmer_balanced;matching_signature=(11, 'CAG');border_estimator=center_window_kmer_jsd;estimator=center_jsd;window=48;search_radius=24;kmer=2;top_ratio=0.25;score_scale=4.0;motif_weight=0.0;motif_radius=12;score_normalization=train_quantile;raw_border_score=0.276510;border_score=1.119267",0.3145064413547516,0.3238236606121063,0.3616698384284973
test_Seq_80,0,2,"benchmark=nucleotide_transformer_downstream_tasks;dataset=splice_sites_all;matching=kmer_balanced;matching_signature=(9, 'AAG');border_estimator=center_window_kmer_jsd;estimator=center_jsd;window=48;search_radius=24;kmer=2;top_ratio=0.25;score_scale=4.0;motif_weight=0.0;motif_radius=12;score_normalization=train_quantile;raw_border_score=0.186138;border_score=0.933578",0.29147329926490784,0.30464228987693787,0.4038844108581543
test_Seq_851,0,2,"benchmark=nucleotide_transformer_downstream_tasks;dataset=splice_sites_all;matching=kmer_balanced;matching_signature=(9, 'CTC');border_estimator=center_window_kmer_jsd;estimator=center_jsd;window=48;search_radius=24;kmer=2;top_ratio=0.25;score_scale=4.0;motif_weight=0.0;motif_radius=12;score_normalization=train_quantile;raw_border_score=0.295658;border_score=1.141311",0.165630042552948,0.18446658551692963,0.6499033570289612
test_Seq_508,0,2,"benchmark=nucleotide_transformer_downstream_tasks;dataset=splice_sites_all;matching=kmer_balanced;matching_signature=(7, 'TTT');border_estimator=center_window_kmer_jsd;estimator=center_jsd;window=48;search_radius=24;kmer=2;top_ratio=0.25;score_scale=4.0;motif_weight=0.0;motif_radius=12;score_normalization=train_quantile;raw_border_score=0.211146;border_score=0.998111",0.2810608446598053,0.2990787625312805,0.4198603332042694
test_Seq_1689,1,2,"benchmark=nucleotide_transformer_downstream_tasks;dataset=splice_sites_all;matching=kmer_balanced;matching_signature=(14, 'GGC');border_estimator=center_window_kmer_jsd;estimator=center_jsd;window=48;search_radius=24;kmer=2;top_ratio=0.25;score_scale=4.0;motif_weight=0.0;motif_radius=12;score_normalization=train_quantile;raw_border_score=0.199272;border_score=0.969222",0.2922166585922241,0.29507285356521606,0.4127105176448822
test_Seq_1562,1,1,"benchmark=nucleotide_transformer_downstream_tasks;dataset=splice_sites_all;matching=kmer_balanced;matching_signature=(6, 'TTT');border_estimator=center_window_kmer_jsd;estimator=center_jsd;window=48;search_radius=24;kmer=2;top_ratio=0.25;score_scale=4.0;motif_weight=0.0;motif_radius=12;score_normalization=train_quantile;raw_border_score=0.228402;border_score=1.036822",0.3206740617752075,0.34063807129859924,0.3386878967285156
test_Seq_2189,2,2,"benchmark=nucleotide_transformer_downstream_tasks;dataset=splice_sites_all;matching=kmer_balanced;matching_signature=(7, 'TGT');border_estimator=center_window_kmer_jsd;estimator=center_jsd;window=48;search_radius=24;kmer=2;top_ratio=0.25;score_scale=4.0;motif_weight=0.0;motif_radius=12;score_normalization=train_quantile;raw_border_score=0.183074;border_score=0.925133",0.21866187453269958,0.2344662994146347,0.5468718409538269
test_Seq_1521,1,1,"benchmark=nucleotide_transformer_downstream_tasks;dataset=splice_sites_all;matching=kmer_balanced;matching_signature=(6, 'TTT');border_estimator=center_window_kmer_jsd;estimator=center_jsd;window=48;search_radius=24;kmer=2;top_ratio=0.25;score_scale=4.0;motif_weight=0.0;motif_radius=12;score_normalization=train_quantile;raw_border_score=0.326836;border_score=1.164778",0.3413483202457428,0.35708853602409363,0.30156317353248596
test_Seq_2742,2,2,"benchmark=nucleotide_transformer_downstream_tasks;dataset=splice_sites_all;matching=kmer_balanced;matching_signature=(9, 'TGT');border_estimator=center_window_kmer_jsd;estimator=center_jsd;window=48;search_radius=24;kmer=2;top_ratio=0.25;score_scale=4.0;motif_weight=0.0;motif_radius=12;score_normalization=train_quantile;raw_border_score=0.188002;border_score=0.939000",0.25199437141418457,0.2682150900363922,0.47979047894477844
test_Seq_1263,1,2,"benchmark=nucleotide_transformer_downstream_tasks;dataset=splice_sites_all;matching=kmer_balanced;matching_signature=(10, 'GGG');border_estimator=center_window_kmer_jsd;estimator=center_jsd;window=48;search_radius=24;kmer=2;top_ratio=0.25;score_scale=4.0;motif_weight=0.0;motif_radius=12;score_normalization=train_quantile;raw_border_score=0.166125;border_score=0.881444",0.30397123098373413,0.3208158314228058,0.3752129375934601
test_Seq_2315,2,2,"benchmark=nucleotide_transformer_downstream_tasks;dataset=splice_sites_all;matching=kmer_balanced;matching_signature=(9, 'GGG');border_estimator=center_window_kmer_jsd;estimator=center_jsd;window=48;search_radius=24;kmer=2;top_ratio=0.25;score_scale=4.0;motif_weight=0.0;motif_radius=12;score_normalization=train_quantile;raw_border_score=0.399589;border_score=1.190067",0.14880679547786713,0.16492688655853271,0.6862663626670837
test_Seq_230,0,2,"benchmark=nucleotide_transformer_downstream_tasks;dataset=splice_sites_all;matching=kmer_balanced;matching_signature=(7, 'TTT');border_estimator=center_window_kmer_jsd;estimator=center_jsd;window=48;search_radius=24;kmer=2;top_ratio=0.25;score_scale=4.0;motif_weight=0.0;motif_radius=12;score_normalization=train_quantile;raw_border_score=0.170650;border_score=0.892289",0.2962566614151001,0.3041550815105438,0.3995881974697113
test_Seq_2620,2,2,"benchmark=nucleotide_transformer_downstream_tasks;dataset=splice_sites_all;matching=kmer_balanced;matching_signature=(10, 'GGG');border_estimator=center_window_kmer_jsd;estimator=center_jsd;window=48;search_radius=24;kmer=2;top_ratio=0.25;score_scale=4.0;motif_weight=0.0;motif_radius=12;score_normalization=train_quantile;raw_border_score=0.237597;border_score=1.054022",0.19710437953472137,0.21872030198574066,0.5841753482818604
test_Seq_2082,2,2,"benchmark=nucleotide_transformer_downstream_tasks;dataset=splice_sites_all;matching=kmer_balanced;matching_signature=(8, 'TTT');border_estimator=center_window_kmer_jsd;estimator=center_jsd;window=48;search_radius=24;kmer=2;top_ratio=0.25;score_scale=4.0;motif_weight=0.0;motif_radius=12;score_normalization=train_quantile;raw_border_score=0.210392;border_score=0.996156",0.20332318544387817,0.2196865826845169,0.5769903063774109
test_Seq_2536,2,1,"benchmark=nucleotide_transformer_downstream_tasks;dataset=splice_sites_all;matching=kmer_balanced;matching_signature=(8, 'AAA');border_estimator=center_window_kmer_jsd;estimator=center_jsd;window=48;search_radius=24;kmer=2;top_ratio=0.25;score_scale=4.0;motif_weight=0.0;motif_radius=12;score_normalization=train_quantile;raw_border_score=0.178325;border_score=0.913978",0.3339962959289551,0.3472852408885956,0.31871843338012695
test_Seq_1438,1,2,"benchmark=nucleotide_transformer_downstream_tasks;dataset=splice_sites_all;matching=kmer_balanced;matching_signature=(9, 'TGG');border_estimator=center_window_kmer_jsd;estimator=center_jsd;window=48;search_radius=24;kmer=2;top_ratio=0.25;score_scale=4.0;motif_weight=0.0;motif_radius=12;score_normalization=train_quantile;raw_border_score=0.222870;border_score=1.025622",0.29827210307121277,0.3152787387371063,0.3864491283893585
test_Seq_1646,1,1,"benchmark=nucleotide_transformer_downstream_tasks;dataset=splice_sites_all;matching=kmer_balanced;matching_signature=(11, 'TGG');border_estimator=center_window_kmer_jsd;estimator=center_jsd;window=48;search_radius=24;kmer=2;top_ratio=0.25;score_scale=4.0;motif_weight=0.0;motif_radius=12;score_normalization=train_quantile;raw_border_score=0.276898;border_score=1.119756",0.36377066373825073,0.3646319806575775,0.27159735560417175
test_Seq_2760,2,2,"benchmark=nucleotide_transformer_downstream_tasks;dataset=splice_sites_all;matching=kmer_balanced;matching_signature=(12, 'CAG');border_estimator=center_window_kmer_jsd;estimator=center_jsd;window=48;search_radius=24;kmer=2;top_ratio=0.25;score_scale=4.0;motif_weight=0.0;motif_radius=12;score_normalization=train_quantile;raw_border_score=0.188189;border_score=0.939311",0.32416608929634094,0.3356601893901825,0.3401736915111542
test_Seq_972,0,2,"benchmark=nucleotide_transformer_downstream_tasks;dataset=splice_sites_all;matching=kmer_balanced;matching_signature=(8, 'TTT');border_estimator=center_window_kmer_jsd;estimator=center_jsd;window=48;search_radius=24;kmer=2;top_ratio=0.25;score_scale=4.0;motif_weight=0.0;motif_radius=12;score_normalization=train_quantile;raw_border_score=0.112208;border_score=0.806644",0.2789774239063263,0.3018401265144348,0.4191824495792389
test_Seq_2358,2,2,"benchmark=nucleotide_transformer_downstream_tasks;dataset=splice_sites_all;matching=kmer_balanced;matching_signature=(10, 'TCT');border_estimator=center_window_kmer_jsd;estimator=center_jsd;window=48;search_radius=24;kmer=2;top_ratio=0.25;score_scale=4.0;motif_weight=0.0;motif_radius=12;score_normalization=train_quantile;raw_border_score=0.127763;border_score=0.817089",0.2358822524547577,0.2587083578109741,0.5054093599319458
test_Seq_883,0,2,"benchmark=nucleotide_transformer_downstream_tasks;dataset=splice_sites_all;matching=kmer_balanced;matching_signature=(7, 'TTT');border_estimator=center_window_kmer_jsd;estimator=center_jsd;window=48;search_radius=24;kmer=2;top_ratio=0.25;score_scale=4.0;motif_weight=0.0;motif_radius=12;score_normalization=train_quantile;raw_border_score=0.298557;border_score=1.144778",0.2758185863494873,0.2951144278049469,0.42906704545021057
test_Seq_1781,1,2,"benchmark=nucleotide_transformer_downstream_tasks;dataset=splice_sites_all;matching=kmer_balanced;matching_signature=(8, 'TTT');border_estimator=center_window_kmer_jsd;estimator=center_jsd;window=48;search_radius=24;kmer=2;top_ratio=0.25;score_scale=4.0;motif_weight=0.0;motif_radius=12;score_normalization=train_quantile;raw_border_score=0.342676;border_score=1.173178",0.23731374740600586,0.2499457150697708,0.5127404928207397
test_Seq_2525,2,1,"benchmark=nucleotide_transformer_downstream_tasks;dataset=splice_sites_all;matching=kmer_balanced;matching_signature=(10, 'CTC');border_estimator=center_window_kmer_jsd;estimator=center_jsd;window=48;search_radius=24;kmer=2;top_ratio=0.25;score_scale=4.0;motif_weight=0.0;motif_radius=12;score_normalization=train_quantile;raw_border_score=0.165972;border_score=0.881222",0.3236020505428314,0.33866918087005615,0.3377287983894348
test_Seq_414,0,2,"benchmark=nucleotide_transformer_downstream_tasks;dataset=splice_sites_all;matching=kmer_balanced;matching_signature=(6, 'TTT');border_estimator=center_window_kmer_jsd;estimator=center_jsd;window=48;search_radius=24;kmer=2;top_ratio=0.25;score_scale=4.0;motif_weight=0.0;motif_radius=12;score_normalization=train_quantile;raw_border_score=0.293005;border_score=1.139311",0.30293023586273193,0.31743207573890686,0.3796377182006836
test_Seq_816,0,2,"benchmark=nucleotide_transformer_downstream_tasks;dataset=splice_sites_all;matching=kmer_balanced;matching_signature=(10, 'CAG');border_estimator=center_window_kmer_jsd;estimator=center_jsd;window=48;search_radius=24;kmer=2;top_ratio=0.25;score_scale=4.0;motif_weight=0.0;motif_radius=12;score_normalization=train_quantile;raw_border_score=0.469079;border_score=1.197000",0.2802850306034088,0.2885420620441437,0.4311729669570923
test_Seq_1884,1,2,"benchmark=nucleotide_transformer_downstream_tasks;dataset=splice_sites_all;matching=kmer_balanced;matching_signature=(10, 'CCT');border_estimator=center_window_kmer_jsd;estimator=center_jsd;window=48;search_radius=24;kmer=2;top_ratio=0.25;score_scale=4.0;motif_weight=0.0;motif_radius=12;score_normalization=train_quantile;raw_border_score=0.208684;border_score=0.991844",0.3122231066226959,0.3214710056781769,0.3663058578968048
test_Seq_2054,2,2,"benchmark=nucleotide_transformer_downstream_tasks;dataset=splice_sites_all;matching=kmer_balanced;matching_signature=(9, 'TGT');border_estimator=center_window_kmer_jsd;estimator=center_jsd;window=48;search_radius=24;kmer=2;top_ratio=0.25;score_scale=4.0;motif_weight=0.0;motif_radius=12;score_normalization=train_quantile;raw_border_score=0.263173;border_score=1.101133",0.27965959906578064,0.30688366293907166,0.4134567379951477
test_Seq_2942,2,2,"benchmark=nucleotide_transformer_downstream_tasks;dataset=splice_sites_all;matching=kmer_balanced;matching_signature=(13, 'CCC');border_estimator=center_window_kmer_jsd;estimator=center_jsd;window=48;search_radius=24;kmer=2;top_ratio=0.25;score_scale=4.0;motif_weight=0.0;motif_radius=12;score_normalization=train_quantile;raw_border_score=0.159297;border_score=0.866200",0.3090621829032898,0.31408944725990295,0.37684839963912964
test_Seq_2540,2,2,"benchmark=nucleotide_transformer_downstream_tasks;dataset=splice_sites_all;matching=kmer_balanced;matching_signature=(6, 'TTT');border_estimator=center_window_kmer_jsd;estimator=center_jsd;window=48;search_radius=24;kmer=2;top_ratio=0.25;score_scale=4.0;motif_weight=0.0;motif_radius=12;score_normalization=train_quantile;raw_border_score=0.158186;border_score=0.863222",0.2172812521457672,0.23195236921310425,0.5507664084434509
test_Seq_2026,2,2,"benchmark=nucleotide_transformer_downstream_tasks;dataset=splice_sites_all;matching=kmer_balanced;matching_signature=(11, 'CCT');border_estimator=center_window_kmer_jsd;estimator=center_jsd;window=48;search_radius=24;kmer=2;top_ratio=0.25;score_scale=4.0;motif_weight=0.0;motif_radius=12;score_normalization=train_quantile;raw_border_score=0.154477;border_score=0.856333",0.25154727697372437,0.2759728729724884,0.4724798798561096
test_Seq_1280,1,2,"benchmark=nucleotide_transformer_downstream_tasks;dataset=splice_sites_all;matching=kmer_balanced;matching_signature=(12, 'CCC');border_estimator=center_window_kmer_jsd;estimator=center_jsd;window=48;search_radius=24;kmer=2;top_ratio=0.25;score_scale=4.0;motif_weight=0.0;motif_radius=12;score_normalization=train_quantile;raw_border_score=0.232709;border_score=1.044867",0.3016875982284546,0.3065573275089264,0.3917551040649414
test_Seq_730,0,2,"benchmark=nucleotide_transformer_downstream_tasks;dataset=splice_sites_all;matching=kmer_balanced;matching_signature=(6, 'AAA');border_estimator=center_window_kmer_jsd;estimator=center_jsd;window=48;search_radius=24;kmer=2;top_ratio=0.25;score_scale=4.0;motif_weight=0.0;motif_radius=12;score_normalization=train_quantile;raw_border_score=0.155658;border_score=0.858689",0.2523390054702759,0.2754074037075043,0.47225362062454224
test_Seq_2970,2,2,"benchmark=nucleotide_transformer_downstream_tasks;dataset=splice_sites_all;matching=kmer_balanced;matching_signature=(6, 'TTT');border_estimator=center_window_kmer_jsd;estimator=center_jsd;window=48;search_radius=24;kmer=2;top_ratio=0.25;score_scale=4.0;motif_weight=0.0;motif_radius=12;score_normalization=train_quantile;raw_border_score=0.216829;border_score=1.011089",0.25006991624832153,0.2748871147632599,0.4750429689884186
test_Seq_2452,2,2,"benchmark=nucleotide_transformer_downstream_tasks;dataset=splice_sites_all;matching=kmer_balanced;matching_signature=(10, 'CAG');border_estimator=center_window_kmer_jsd;estimator=center_jsd;window=48;search_radius=24;kmer=2;top_ratio=0.25;score_scale=4.0;motif_weight=0.0;motif_radius=12;score_normalization=train_quantile;raw_border_score=0.221585;border_score=1.022644",0.23760682344436646,0.2607693076133728,0.5016238689422607
test_Seq_1394,1,2,"benchmark=nucleotide_transformer_downstream_tasks;dataset=splice_sites_all;matching=kmer_balanced;matching_signature=(10, 'CCA');border_estimator=center_window_kmer_jsd;estimator=center_jsd;window=48;search_radius=24;kmer=2;top_ratio=0.25;score_scale=4.0;motif_weight=0.0;motif_radius=12;score_normalization=train_quantile;raw_border_score=0.233780;border_score=1.047044",0.3053000867366791,0.3243440091609955,0.37035587430000305
test_Seq_1371,1,2,"benchmark=nucleotide_transformer_downstream_tasks;dataset=splice_sites_all;matching=kmer_balanced;matching_signature=(9, 'GAG');border_estimator=center_window_kmer_jsd;estimator=center_jsd;window=48;search_radius=24;kmer=2;top_ratio=0.25;score_scale=4.0;motif_weight=0.0;motif_radius=12;score_normalization=train_quantile;raw_border_score=0.204797;border_score=0.983622",0.3184291124343872,0.3396886885166168,0.34188222885131836
test_Seq_1351,1,1,"benchmark=nucleotide_transformer_downstream_tasks;dataset=splice_sites_all;matching=kmer_balanced;matching_signature=(10, 'TCT');border_estimator=center_window_kmer_jsd;estimator=center_jsd;window=48;search_radius=24;kmer=2;top_ratio=0.25;score_scale=4.0;motif_weight=0.0;motif_radius=12;score_normalization=train_quantile;raw_border_score=0.226240;border_score=1.032289",0.35255172848701477,0.35672637820243835,0.29072192311286926
test_Seq_1061,1,2,"benchmark=nucleotide_transformer_downstream_tasks;dataset=splice_sites_all;matching=kmer_balanced;matching_signature=(12, 'GGG');border_estimator=center_window_kmer_jsd;estimator=center_jsd;window=48;search_radius=24;kmer=2;top_ratio=0.25;score_scale=4.0;motif_weight=0.0;motif_radius=12;score_normalization=train_quantile;raw_border_score=0.165563;border_score=0.880200",0.2717530429363251,0.28359514474868774,0.4446517527103424
test_Seq_891,0,1,"benchmark=nucleotide_transformer_downstream_tasks;dataset=splice_sites_all;matching=kmer_balanced;matching_signature=(8, 'TTT');border_estimator=center_window_kmer_jsd;estimator=center_jsd;window=48;search_radius=24;kmer=2;top_ratio=0.25;score_scale=4.0;motif_weight=0.0;motif_radius=12;score_normalization=train_quantile;raw_border_score=0.190644;border_score=0.945711",0.3492014706134796,0.35253623127937317,0.29826226830482483
test_Seq_1692,1,2,"benchmark=nucleotide_transformer_downstream_tasks;dataset=splice_sites_all;matching=kmer_balanced;matching_signature=(6, 'AAA');border_estimator=center_window_kmer_jsd;estimator=center_jsd;window=48;search_radius=24;kmer=2;top_ratio=0.25;score_scale=4.0;motif_weight=0.0;motif_radius=12;score_normalization=train_quantile;raw_border_score=0.321968;border_score=1.162111",0.2651917040348053,0.2925910949707031,0.44221723079681396
test_Seq_588,0,2,"benchmark=nucleotide_transformer_downstream_tasks;dataset=splice_sites_all;matching=kmer_balanced;matching_signature=(7, 'TTT');border_estimator=center_window_kmer_jsd;estimator=center_jsd;window=48;search_radius=24;kmer=2;top_ratio=0.25;score_scale=4.0;motif_weight=0.0;motif_radius=12;score_normalization=train_quantile;raw_border_score=0.197758;border_score=0.965178",0.17396163940429688,0.20456288754940033,0.6214753985404968
test_Seq_518,0,2,"benchmark=nucleotide_transformer_downstream_tasks;dataset=splice_sites_all;matching=kmer_balanced;matching_signature=(6, 'AAA');border_estimator=center_window_kmer_jsd;estimator=center_jsd;window=48;search_radius=24;kmer=2;top_ratio=0.25;score_scale=4.0;motif_weight=0.0;motif_radius=12;score_normalization=train_quantile;raw_border_score=0.189716;border_score=0.943356",0.25138533115386963,0.27587461471557617,0.4727400243282318
test_Seq_231,0,2,"benchmark=nucleotide_transformer_downstream_tasks;dataset=splice_sites_all;matching=kmer_balanced;matching_signature=(12, 'CCC');border_estimator=center_window_kmer_jsd;estimator=center_jsd;window=48;search_radius=24;kmer=2;top_ratio=0.25;score_scale=4.0;motif_weight=0.0;motif_radius=12;score_normalization=train_quantile;raw_border_score=0.256133;border_score=1.089311",0.27235668897628784,0.2720731198787689,0.45557013154029846
test_Seq_1062,1,2,"benchmark=nucleotide_transformer_downstream_tasks;dataset=splice_sites_all;matching=kmer_balanced;matching_signature=(11, 'CCT');border_estimator=center_window_kmer_jsd;estimator=center_jsd;window=48;search_radius=24;kmer=2;top_ratio=0.25;score_scale=4.0;motif_weight=0.0;motif_radius=12;score_normalization=train_quantile;raw_border_score=0.169968;border_score=0.890867",0.26825910806655884,0.2906723618507385,0.441068559885025
test_Seq_2625,2,2,"benchmark=nucleotide_transformer_downstream_tasks;dataset=splice_sites_all;matching=kmer_balanced;matching_signature=(10, 'CCT');border_estimator=center_window_kmer_jsd;estimator=center_jsd;window=48;search_radius=24;kmer=2;top_ratio=0.25;score_scale=4.0;motif_weight=0.0;motif_radius=12;score_normalization=train_quantile;raw_border_score=0.170934;border_score=0.892911",0.1587962657213211,0.17570461332798004,0.6654990911483765
test_Seq_356,0,2,"benchmark=nucleotide_transformer_downstream_tasks;dataset=splice_sites_all;matching=kmer_balanced;matching_signature=(7, 'TTT');border_estimator=center_window_kmer_jsd;estimator=center_jsd;window=48;search_radius=24;kmer=2;top_ratio=0.25;score_scale=4.0;motif_weight=0.0;motif_radius=12;score_normalization=train_quantile;raw_border_score=0.326829;border_score=1.164778",0.24840110540390015,0.2797582447528839,0.47184062004089355
test_Seq_1614,1,2,"benchmark=nucleotide_transformer_downstream_tasks;dataset=splice_sites_all;matching=kmer_balanced;matching_signature=(10, 'CCC');border_estimator=center_window_kmer_jsd;estimator=center_jsd;window=48;search_radius=24;kmer=2;top_ratio=0.25;score_scale=4.0;motif_weight=0.0;motif_radius=12;score_normalization=train_quantile;raw_border_score=0.135160;border_score=0.825400",0.26048368215560913,0.27367621660232544,0.4658401310443878
test_Seq_1638,1,2,"benchmark=nucleotide_transformer_downstream_tasks;dataset=splice_sites_all;matching=kmer_balanced;matching_signature=(13, 'GGG');border_estimator=center_window_kmer_jsd;estimator=center_jsd;window=48;search_radius=24;kmer=2;top_ratio=0.25;score_scale=4.0;motif_weight=0.0;motif_radius=12;score_normalization=train_quantile;raw_border_score=0.189406;border_score=0.942333",0.31958940625190735,0.3207702338695526,0.35964033007621765
test_Seq_2574,2,2,"benchmark=nucleotide_transformer_downstream_tasks;dataset=splice_sites_all;matching=kmer_balanced;matching_signature=(10, 'TCC');border_estimator=center_window_kmer_jsd;estimator=center_jsd;window=48;search_radius=24;kmer=2;top_ratio=0.25;score_scale=4.0;motif_weight=0.0;motif_radius=12;score_normalization=train_quantile;raw_border_score=0.202592;border_score=0.977800",0.30529090762138367,0.3240197002887726,0.37068942189216614
test_Seq_716,0,2,"benchmark=nucleotide_transformer_downstream_tasks;dataset=splice_sites_all;matching=kmer_balanced;matching_signature=(12, 'CTG');border_estimator=center_window_kmer_jsd;estimator=center_jsd;window=48;search_radius=24;kmer=2;top_ratio=0.25;score_scale=4.0;motif_weight=0.0;motif_radius=12;score_normalization=train_quantile;raw_border_score=0.159400;border_score=0.866556",0.2210264652967453,0.24033771455287933,0.538635790348053
test_Seq_974,0,2,"benchmark=nucleotide_transformer_downstream_tasks;dataset=splice_sites_all;matching=kmer_balanced;matching_signature=(7, 'TTT');border_estimator=center_window_kmer_jsd;estimator=center_jsd;window=48;search_radius=24;kmer=2;top_ratio=0.25;score_scale=4.0;motif_weight=0.0;motif_radius=12;score_normalization=train_quantile;raw_border_score=0.282269;border_score=1.126778",0.22743704915046692,0.24732385575771332,0.525239109992981
test_Seq_2242,2,2,"benchmark=nucleotide_transformer_downstream_tasks;dataset=splice_sites_all;matching=kmer_balanced;matching_signature=(10, 'GGG');border_estimator=center_window_kmer_jsd;estimator=center_jsd;window=48;search_radius=24;kmer=2;top_ratio=0.25;score_scale=4.0;motif_weight=0.0;motif_radius=12;score_normalization=train_quantile;raw_border_score=0.267626;border_score=1.106600",0.31364431977272034,0.334499716758728,0.35185593366622925
test_Seq_2172,2,2,"benchmark=nucleotide_transformer_downstream_tasks;dataset=splice_sites_all;matching=kmer_balanced;matching_signature=(8, 'AAA');border_estimator=center_window_kmer_jsd;estimator=center_jsd;window=48;search_radius=24;kmer=2;top_ratio=0.25;score_scale=4.0;motif_weight=0.0;motif_radius=12;score_normalization=train_quantile;raw_border_score=0.226648;border_score=1.033400",0.17712315917015076,0.19339516758918762,0.6294816136360168
test_Seq_2544,2,2,"benchmark=nucleotide_transformer_downstream_tasks;dataset=splice_sites_all;matching=kmer_balanced;matching_signature=(7, 'TTT');border_estimator=center_window_kmer_jsd;estimator=center_jsd;window=48;search_radius=24;kmer=2;top_ratio=0.25;score_scale=4.0;motif_weight=0.0;motif_radius=12;score_normalization=train_quantile;raw_border_score=0.241239;border_score=1.061400",0.2717701494693756,0.29235902428627014,0.43587079644203186
test_Seq_1795,1,2,"benchmark=nucleotide_transformer_downstream_tasks;dataset=splice_sites_all;matching=kmer_balanced;matching_signature=(11, 'CTG');border_estimator=center_window_kmer_jsd;estimator=center_jsd;window=48;search_radius=24;kmer=2;top_ratio=0.25;score_scale=4.0;motif_weight=0.0;motif_radius=12;score_normalization=train_quantile;raw_border_score=0.339217;border_score=1.171489",0.2444392889738083,0.2622823417186737,0.4932783544063568
test_Seq_1897,1,2,"benchmark=nucleotide_transformer_downstream_tasks;dataset=splice_sites_all;matching=kmer_balanced;matching_signature=(12, 'CCC');border_estimator=center_window_kmer_jsd;estimator=center_jsd;window=48;search_radius=24;kmer=2;top_ratio=0.25;score_scale=4.0;motif_weight=0.0;motif_radius=12;score_normalization=train_quantile;raw_border_score=0.256186;border_score=1.089400",0.28053775429725647,0.2989515960216522,0.4205106794834137
test_Seq_168,0,2,"benchmark=nucleotide_transformer_downstream_tasks;dataset=splice_sites_all;matching=kmer_balanced;matching_signature=(7, 'AAA');border_estimator=center_window_kmer_jsd;estimator=center_jsd;window=48;search_radius=24;kmer=2;top_ratio=0.25;score_scale=4.0;motif_weight=0.0;motif_radius=12;score_normalization=train_quantile;raw_border_score=0.178881;border_score=0.915267",0.30842676758766174,0.323437362909317,0.36813586950302124
test_Seq_1713,1,2,"benchmark=nucleotide_transformer_downstream_tasks;dataset=splice_sites_all;matching=kmer_balanced;matching_signature=(7, 'TTT');border_estimator=center_window_kmer_jsd;estimator=center_jsd;window=48;search_radius=24;kmer=2;top_ratio=0.25;score_scale=4.0;motif_weight=0.0;motif_radius=12;score_normalization=train_quantile;raw_border_score=0.230599;border_score=1.040822",0.24798256158828735,0.27098211646080017,0.48103535175323486
test_Seq_594,0,2,"benchmark=nucleotide_transformer_downstream_tasks;dataset=splice_sites_all;matching=kmer_balanced;matching_signature=(8, 'TTT');border_estimator=center_window_kmer_jsd;estimator=center_jsd;window=48;search_radius=24;kmer=2;top_ratio=0.25;score_scale=4.0;motif_weight=0.0;motif_radius=12;score_normalization=train_quantile;raw_border_score=0.121935;border_score=0.812067",0.30162492394447327,0.3155896067619324,0.38278546929359436
test_Seq_1451,1,2,"benchmark=nucleotide_transformer_downstream_tasks;dataset=splice_sites_all;matching=kmer_balanced;matching_signature=(6, 'AAA');border_estimator=center_window_kmer_jsd;estimator=center_jsd;window=48;search_radius=24;kmer=2;top_ratio=0.25;score_scale=4.0;motif_weight=0.0;motif_radius=12;score_normalization=train_quantile;raw_border_score=0.211023;border_score=0.997667",0.19104360044002533,0.2122054398059845,0.5967509746551514
test_Seq_963,0,2,"benchmark=nucleotide_transformer_downstream_tasks;dataset=splice_sites_all;matching=kmer_balanced;matching_signature=(6, 'AAA');border_estimator=center_window_kmer_jsd;estimator=center_jsd;window=48;search_radius=24;kmer=2;top_ratio=0.25;score_scale=4.0;motif_weight=0.0;motif_radius=12;score_normalization=train_quantile;raw_border_score=0.194439;border_score=0.955622",0.26236221194267273,0.2856634259223938,0.45197436213493347
test_Seq_1656,1,2,"benchmark=nucleotide_transformer_downstream_tasks;dataset=splice_sites_all;matching=kmer_balanced;matching_signature=(8, 'GAA');border_estimator=center_window_kmer_jsd;estimator=center_jsd;window=48;search_radius=24;kmer=2;top_ratio=0.25;score_scale=4.0;motif_weight=0.0;motif_radius=12;score_normalization=train_quantile;raw_border_score=0.169408;border_score=0.889400",0.315509557723999,0.3328343629837036,0.3516560196876526
test_Seq_239,0,1,"benchmark=nucleotide_transformer_downstream_tasks;dataset=splice_sites_all;matching=kmer_balanced;matching_signature=(9, 'GGG');border_estimator=center_window_kmer_jsd;estimator=center_jsd;window=48;search_radius=24;kmer=2;top_ratio=0.25;score_scale=4.0;motif_weight=0.0;motif_radius=12;score_normalization=train_quantile;raw_border_score=0.241156;border_score=1.061267",0.33222389221191406,0.3421418368816376,0.32563427090644836
test_Seq_1648,1,2,"benchmark=nucleotide_transformer_downstream_tasks;dataset=splice_sites_all;matching=kmer_balanced;matching_signature=(6, 'TTT');border_estimator=center_window_kmer_jsd;estimator=center_jsd;window=48;search_radius=24;kmer=2;top_ratio=0.25;score_scale=4.0;motif_weight=0.0;motif_radius=12;score_normalization=train_quantile;raw_border_score=0.215919;border_score=1.008467",0.2897683382034302,0.3122780919075012,0.3979535698890686
test_Seq_2215,2,2,"benchmark=nucleotide_transformer_downstream_tasks;dataset=splice_sites_all;matching=kmer_balanced;matching_signature=(8, 'AAA');border_estimator=center_window_kmer_jsd;estimator=center_jsd;window=48;search_radius=24;kmer=2;top_ratio=0.25;score_scale=4.0;motif_weight=0.0;motif_radius=12;score_normalization=train_quantile;raw_border_score=0.276490;border_score=1.119222",0.3050491213798523,0.3191068470478058,0.37584400177001953
test_Seq_838,0,2,"benchmark=nucleotide_transformer_downstream_tasks;dataset=splice_sites_all;matching=kmer_balanced;matching_signature=(8, 'TTT');border_estimator=center_window_kmer_jsd;estimator=center_jsd;window=48;search_radius=24;kmer=2;top_ratio=0.25;score_scale=4.0;motif_weight=0.0;motif_radius=12;score_normalization=train_quantile;raw_border_score=0.302983;border_score=1.148911",0.3066675662994385,0.3295334279537201,0.36379900574684143
test_Seq_128,0,2,"benchmark=nucleotide_transformer_downstream_tasks;dataset=splice_sites_all;matching=kmer_balanced;matching_signature=(10, 'GGG');border_estimator=center_window_kmer_jsd;estimator=center_jsd;window=48;search_radius=24;kmer=2;top_ratio=0.25;score_scale=4.0;motif_weight=0.0;motif_radius=12;score_normalization=train_quantile;raw_border_score=0.202618;border_score=0.977889",0.3011673390865326,0.3084220588207245,0.39041057229042053
test_Seq_1388,1,2,"benchmark=nucleotide_transformer_downstream_tasks;dataset=splice_sites_all;matching=kmer_balanced;matching_signature=(9, 'TTT');border_estimator=center_window_kmer_jsd;estimator=center_jsd;window=48;search_radius=24;kmer=2;top_ratio=0.25;score_scale=4.0;motif_weight=0.0;motif_radius=12;score_normalization=train_quantile;raw_border_score=0.316870;border_score=1.158822",0.24810029566287994,0.27251559495925903,0.4793842136859894
test_Seq_463,0,2,"benchmark=nucleotide_transformer_downstream_tasks;dataset=splice_sites_all;matching=kmer_balanced;matching_signature=(11, 'CCT');border_estimator=center_window_kmer_jsd;estimator=center_jsd;window=48;search_radius=24;kmer=2;top_ratio=0.25;score_scale=4.0;motif_weight=0.0;motif_radius=12;score_normalization=train_quantile;raw_border_score=0.211281;border_score=0.998289",0.2786511182785034,0.2956579923629761,0.4256909191608429
test_Seq_1641,1,2,"benchmark=nucleotide_transformer_downstream_tasks;dataset=splice_sites_all;matching=kmer_balanced;matching_signature=(7, 'AAA');border_estimator=center_window_kmer_jsd;estimator=center_jsd;window=48;search_radius=24;kmer=2;top_ratio=0.25;score_scale=4.0;motif_weight=0.0;motif_radius=12;score_normalization=train_quantile;raw_border_score=0.308266;border_score=1.152422",0.2896732687950134,0.3029566705226898,0.40737006068229675
test_Seq_1479,1,2,"benchmark=nucleotide_transformer_downstream_tasks;dataset=splice_sites_all;matching=kmer_balanced;matching_signature=(7, 'TTT');border_estimator=center_window_kmer_jsd;estimator=center_jsd;window=48;search_radius=24;kmer=2;top_ratio=0.25;score_scale=4.0;motif_weight=0.0;motif_radius=12;score_normalization=train_quantile;raw_border_score=0.224341;border_score=1.028644",0.28324177861213684,0.30520346760749817,0.411554753780365
test_Seq_542,0,2,"benchmark=nucleotide_transformer_downstream_tasks;dataset=splice_sites_all;matching=kmer_balanced;matching_signature=(6, 'TTT');border_estimator=center_window_kmer_jsd;estimator=center_jsd;window=48;search_radius=24;kmer=2;top_ratio=0.25;score_scale=4.0;motif_weight=0.0;motif_radius=12;score_normalization=train_quantile;raw_border_score=0.275936;border_score=1.118422",0.29395270347595215,0.3071582019329071,0.39888912439346313
test_Seq_396,0,2,"benchmark=nucleotide_transformer_downstream_tasks;dataset=splice_sites_all;matching=kmer_balanced;matching_signature=(6, 'AAA');border_estimator=center_window_kmer_jsd;estimator=center_jsd;window=48;search_radius=24;kmer=2;top_ratio=0.25;score_scale=4.0;motif_weight=0.0;motif_radius=12;score_normalization=train_quantile;raw_border_score=0.192559;border_score=0.951133",0.25246095657348633,0.27604860067367554,0.47149044275283813
test_Seq_585,0,2,"benchmark=nucleotide_transformer_downstream_tasks;dataset=splice_sites_all;matching=kmer_balanced;matching_signature=(7, 'TTT');border_estimator=center_window_kmer_jsd;estimator=center_jsd;window=48;search_radius=24;kmer=2;top_ratio=0.25;score_scale=4.0;motif_weight=0.0;motif_radius=12;score_normalization=train_quantile;raw_border_score=0.699390;border_score=1.199889",0.1421685814857483,0.15821699798107147,0.6996144652366638
test_Seq_2150,2,2,"benchmark=nucleotide_transformer_downstream_tasks;dataset=splice_sites_all;matching=kmer_balanced;matching_signature=(7, 'TTT');border_estimator=center_window_kmer_jsd;estimator=center_jsd;window=48;search_radius=24;kmer=2;top_ratio=0.25;score_scale=4.0;motif_weight=0.0;motif_radius=12;score_normalization=train_quantile;raw_border_score=0.174422;border_score=0.903222",0.14880020916461945,0.1720828264951706,0.6791170239448547
test_Seq_166,0,2,"benchmark=nucleotide_transformer_downstream_tasks;dataset=splice_sites_all;matching=kmer_balanced;matching_signature=(5, 'TTT');border_estimator=center_window_kmer_jsd;estimator=center_jsd;window=48;search_radius=24;kmer=2;top_ratio=0.25;score_scale=4.0;motif_weight=0.0;motif_radius=12;score_normalization=train_quantile;raw_border_score=0.241266;border_score=1.061444",0.3117559254169464,0.3236788213253021,0.36456528306007385
test_Seq_655,0,1,"benchmark=nucleotide_transformer_downstream_tasks;dataset=splice_sites_all;matching=kmer_balanced;matching_signature=(8, 'TTT');border_estimator=center_window_kmer_jsd;estimator=center_jsd;window=48;search_radius=24;kmer=2;top_ratio=0.25;score_scale=4.0;motif_weight=0.0;motif_radius=12;score_normalization=train_quantile;raw_border_score=0.202122;border_score=0.976378",0.3300899267196655,0.3372199535369873,0.3326900899410248
test_Seq_2648,2,2,"benchmark=nucleotide_transformer_downstream_tasks;dataset=splice_sites_all;matching=kmer_balanced;matching_signature=(7, 'AAA');border_estimator=center_window_kmer_jsd;estimator=center_jsd;window=48;search_radius=24;kmer=2;top_ratio=0.25;score_scale=4.0;motif_weight=0.0;motif_radius=12;score_normalization=train_quantile;raw_border_score=0.226225;border_score=1.032244",0.2695489525794983,0.2940687835216522,0.4363822937011719
test_Seq_1149,1,1,"benchmark=nucleotide_transformer_downstream_tasks;dataset=splice_sites_all;matching=kmer_balanced;matching_signature=(13, 'GGG');border_estimator=center_window_kmer_jsd;estimator=center_jsd;window=48;search_radius=24;kmer=2;top_ratio=0.25;score_scale=4.0;motif_weight=0.0;motif_radius=12;score_normalization=train_quantile;raw_border_score=0.247063;border_score=1.073089",0.3552789092063904,0.3615618348121643,0.2831592559814453
test_Seq_54,0,2,"benchmark=nucleotide_transformer_downstream_tasks;dataset=splice_sites_all;matching=kmer_balanced;matching_signature=(10, 'CCT');border_estimator=center_window_kmer_jsd;estimator=center_jsd;window=48;search_radius=24;kmer=2;top_ratio=0.25;score_scale=4.0;motif_weight=0.0;motif_radius=12;score_normalization=train_quantile;raw_border_score=0.108757;border_score=0.805044",0.25217562913894653,0.28038525581359863,0.4674391448497772
test_Seq_1295,1,2,"benchmark=nucleotide_transformer_downstream_tasks;dataset=splice_sites_all;matching=kmer_balanced;matching_signature=(7, 'TTT');border_estimator=center_window_kmer_jsd;estimator=center_jsd;window=48;search_radius=24;kmer=2;top_ratio=0.25;score_scale=4.0;motif_weight=0.0;motif_radius=12;score_normalization=train_quantile;raw_border_score=0.210041;border_score=0.995133",0.26955974102020264,0.29702308773994446,0.4334172010421753
test_Seq_2776,2,2,"benchmark=nucleotide_transformer_downstream_tasks;dataset=splice_sites_all;matching=kmer_balanced;matching_signature=(13, 'GGG');border_estimator=center_window_kmer_jsd;estimator=center_jsd;window=48;search_radius=24;kmer=2;top_ratio=0.25;score_scale=4.0;motif_weight=0.0;motif_radius=12;score_normalization=train_quantile;raw_border_score=0.320755;border_score=1.161400",0.2798580825328827,0.296924889087677,0.4232170581817627
test_Seq_801,0,2,"benchmark=nucleotide_transformer_downstream_tasks;dataset=splice_sites_all;matching=kmer_balanced;matching_signature=(12, 'CCC');border_estimator=center_window_kmer_jsd;estimator=center_jsd;window=48;search_radius=24;kmer=2;top_ratio=0.25;score_scale=4.0;motif_weight=0.0;motif_radius=12;score_normalization=train_quantile;raw_border_score=0.206987;border_score=0.988200",0.29964935779571533,0.3179418742656708,0.3824087977409363
test_Seq_713,0,0,"benchmark=nucleotide_transformer_downstream_tasks;dataset=splice_sites_all;matching=kmer_balanced;matching_signature=(11, 'CTG');border_estimator=center_window_kmer_jsd;estimator=center_jsd;window=48;search_radius=24;kmer=2;top_ratio=0.25;score_scale=4.0;motif_weight=0.0;motif_radius=12;score_normalization=train_quantile;raw_border_score=0.261213;border_score=1.097622",0.34633803367614746,0.33986449241638184,0.3137974143028259
test_Seq_749,0,1,"benchmark=nucleotide_transformer_downstream_tasks;dataset=splice_sites_all;matching=kmer_balanced;matching_signature=(8, 'TTT');border_estimator=center_window_kmer_jsd;estimator=center_jsd;window=48;search_radius=24;kmer=2;top_ratio=0.25;score_scale=4.0;motif_weight=0.0;motif_radius=12;score_normalization=train_quantile;raw_border_score=0.173109;border_score=0.899489",0.3204866349697113,0.341002881526947,0.3385104835033417
test_Seq_774,0,2,"benchmark=nucleotide_transformer_downstream_tasks;dataset=splice_sites_all;matching=kmer_balanced;matching_signature=(6, 'TTT');border_estimator=center_window_kmer_jsd;estimator=center_jsd;window=48;search_radius=24;kmer=2;top_ratio=0.25;score_scale=4.0;motif_weight=0.0;motif_radius=12;score_normalization=train_quantile;raw_border_score=0.217843;border_score=1.013400",0.27496784925460815,0.29735276103019714,0.4276793897151947
test_Seq_26,0,2,"benchmark=nucleotide_transformer_downstream_tasks;dataset=splice_sites_all;matching=kmer_balanced;matching_signature=(11, 'CCC');border_estimator=center_window_kmer_jsd;estimator=center_jsd;window=48;search_radius=24;kmer=2;top_ratio=0.25;score_scale=4.0;motif_weight=0.0;motif_radius=12;score_normalization=train_quantile;raw_border_score=0.259639;border_score=1.094867",0.2844577729701996,0.2990090250968933,0.4165332019329071
test_Seq_2385,2,2,"benchmark=nucleotide_transformer_downstream_tasks;dataset=splice_sites_all;matching=kmer_balanced;matching_signature=(7, 'TGA');border_estimator=center_window_kmer_jsd;estimator=center_jsd;window=48;search_radius=24;kmer=2;top_ratio=0.25;score_scale=4.0;motif_weight=0.0;motif_radius=12;score_normalization=train_quantile;raw_border_score=0.137771;border_score=0.828956",0.275424599647522,0.3007935583591461,0.4237818717956543
test_Seq_1797,1,2,"benchmark=nucleotide_transformer_downstream_tasks;dataset=splice_sites_all;matching=kmer_balanced;matching_signature=(6, 'AAA');border_estimator=center_window_kmer_jsd;estimator=center_jsd;window=48;search_radius=24;kmer=2;top_ratio=0.25;score_scale=4.0;motif_weight=0.0;motif_radius=12;score_normalization=train_quantile;raw_border_score=0.251913;border_score=1.082111",0.25222712755203247,0.2778797149658203,0.4698931574821472
test_Seq_1392,1,2,"benchmark=nucleotide_transformer_downstream_tasks;dataset=splice_sites_all;matching=kmer_balanced;matching_signature=(9, 'AAA');border_estimator=center_window_kmer_jsd;estimator=center_jsd;window=48;search_radius=24;kmer=2;top_ratio=0.25;score_scale=4.0;motif_weight=0.0;motif_radius=12;score_normalization=train_quantile;raw_border_score=0.158356;border_score=0.863444",0.30070140957832336,0.31768539547920227,0.3816131353378296
test_Seq_278,0,2,"benchmark=nucleotide_transformer_downstream_tasks;dataset=splice_sites_all;matching=kmer_balanced;matching_signature=(8, 'TGT');border_estimator=center_window_kmer_jsd;estimator=center_jsd;window=48;search_radius=24;kmer=2;top_ratio=0.25;score_scale=4.0;motif_weight=0.0;motif_radius=12;score_normalization=train_quantile;raw_border_score=0.288209;border_score=1.134378",0.2565648853778839,0.2796076536178589,0.4638274908065796
test_Seq_2965,2,2,"benchmark=nucleotide_transformer_downstream_tasks;dataset=splice_sites_all;matching=kmer_balanced;matching_signature=(6, 'TTT');border_estimator=center_window_kmer_jsd;estimator=center_jsd;window=48;search_radius=24;kmer=2;top_ratio=0.25;score_scale=4.0;motif_weight=0.0;motif_radius=12;score_normalization=train_quantile;raw_border_score=0.210226;border_score=0.995622",0.2595893442630768,0.2820545732975006,0.458356112241745
test_Seq_2702,2,2,"benchmark=nucleotide_transformer_downstream_tasks;dataset=splice_sites_all;matching=kmer_balanced;matching_signature=(6, 'AAA');border_estimator=center_window_kmer_jsd;estimator=center_jsd;window=48;search_radius=24;kmer=2;top_ratio=0.25;score_scale=4.0;motif_weight=0.0;motif_radius=12;score_normalization=train_quantile;raw_border_score=0.185177;border_score=0.931044",0.2758368253707886,0.2909986674785614,0.43316447734832764
test_Seq_737,0,2,"benchmark=nucleotide_transformer_downstream_tasks;dataset=splice_sites_all;matching=kmer_balanced;matching_signature=(13, 'CCC');border_estimator=center_window_kmer_jsd;estimator=center_jsd;window=48;search_radius=24;kmer=2;top_ratio=0.25;score_scale=4.0;motif_weight=0.0;motif_radius=12;score_normalization=train_quantile;raw_border_score=0.224295;border_score=1.028511",0.24829787015914917,0.2560507357120514,0.4956514239311218
test_Seq_1942,1,2,"benchmark=nucleotide_transformer_downstream_tasks;dataset=splice_sites_all;matching=kmer_balanced;matching_signature=(11, 'GTG');border_estimator=center_window_kmer_jsd;estimator=center_jsd;window=48;search_radius=24;kmer=2;top_ratio=0.25;score_scale=4.0;motif_weight=0.0;motif_radius=12;score_normalization=train_quantile;raw_border_score=0.238259;border_score=1.055000",0.3183004558086395,0.3267638087272644,0.35493573546409607
test_Seq_1106,1,2,"benchmark=nucleotide_transformer_downstream_tasks;dataset=splice_sites_all;matching=kmer_balanced;matching_signature=(5, 'TTT');border_estimator=center_window_kmer_jsd;estimator=center_jsd;window=48;search_radius=24;kmer=2;top_ratio=0.25;score_scale=4.0;motif_weight=0.0;motif_radius=12;score_normalization=train_quantile;raw_border_score=0.155462;border_score=0.858200",0.25498613715171814,0.27981671690940857,0.4651970863342285
test_Seq_2431,2,2,"benchmark=nucleotide_transformer_downstream_tasks;dataset=splice_sites_all;matching=kmer_balanced;matching_signature=(8, 'TTT');border_estimator=center_window_kmer_jsd;estimator=center_jsd;window=48;search_radius=24;kmer=2;top_ratio=0.25;score_scale=4.0;motif_weight=0.0;motif_radius=12;score_normalization=train_quantile;raw_border_score=0.132672;border_score=0.822378",0.23242029547691345,0.2523145079612732,0.5152652263641357
test_Seq_994,0,2,"benchmark=nucleotide_transformer_downstream_tasks;dataset=splice_sites_all;matching=kmer_balanced;matching_signature=(6, 'TTT');border_estimator=center_window_kmer_jsd;estimator=center_jsd;window=48;search_radius=24;kmer=2;top_ratio=0.25;score_scale=4.0;motif_weight=0.0;motif_radius=12;score_normalization=train_quantile;raw_border_score=0.227989;border_score=1.035933",0.17164462804794312,0.19683314859867096,0.6315222382545471
test_Seq_1938,1,2,"benchmark=nucleotide_transformer_downstream_tasks;dataset=splice_sites_all;matching=kmer_balanced;matching_signature=(10, 'CCT');border_estimator=center_window_kmer_jsd;estimator=center_jsd;window=48;search_radius=24;kmer=2;top_ratio=0.25;score_scale=4.0;motif_weight=0.0;motif_radius=12;score_normalization=train_quantile;raw_border_score=0.165867;border_score=0.881133",0.3152291476726532,0.32289451360702515,0.36187636852264404
test_Seq_705,0,1,"benchmark=nucleotide_transformer_downstream_tasks;dataset=splice_sites_all;matching=kmer_balanced;matching_signature=(11, 'GGG');border_estimator=center_window_kmer_jsd;estimator=center_jsd;window=48;search_radius=24;kmer=2;top_ratio=0.25;score_scale=4.0;motif_weight=0.0;motif_radius=12;score_normalization=train_quantile;raw_border_score=0.161374;border_score=0.870111",0.3344559669494629,0.3440089225769043,0.3215350806713104
test_Seq_1662,1,2,"benchmark=nucleotide_transformer_downstream_tasks;dataset=splice_sites_all;matching=kmer_balanced;matching_signature=(5, 'AAA');border_estimator=center_window_kmer_jsd;estimator=center_jsd;window=48;search_radius=24;kmer=2;top_ratio=0.25;score_scale=4.0;motif_weight=0.0;motif_radius=12;score_normalization=train_quantile;raw_border_score=0.264934;border_score=1.103489",0.2837155759334564,0.3075922727584839,0.4086921811103821
test_Seq_2944,2,2,"benchmark=nucleotide_transformer_downstream_tasks;dataset=splice_sites_all;matching=kmer_balanced;matching_signature=(10, 'TGT');border_estimator=center_window_kmer_jsd;estimator=center_jsd;window=48;search_radius=24;kmer=2;top_ratio=0.25;score_scale=4.0;motif_weight=0.0;motif_radius=12;score_normalization=train_quantile;raw_border_score=0.175201;border_score=0.905489",0.20454461872577667,0.2243727147579193,0.5710826516151428
test_Seq_1625,1,1,"benchmark=nucleotide_transformer_downstream_tasks;dataset=splice_sites_all;matching=kmer_balanced;matching_signature=(12, 'CTG');border_estimator=center_window_kmer_jsd;estimator=center_jsd;window=48;search_radius=24;kmer=2;top_ratio=0.25;score_scale=4.0;motif_weight=0.0;motif_radius=12;score_normalization=train_quantile;raw_border_score=0.251076;border_score=1.080956",0.32654303312301636,0.3447551429271698,0.32870182394981384
test_Seq_1687,1,1,"benchmark=nucleotide_transformer_downstream_tasks;dataset=splice_sites_all;matching=kmer_balanced;matching_signature=(8, 'TCT');border_estimator=center_window_kmer_jsd;estimator=center_jsd;window=48;search_radius=24;kmer=2;top_ratio=0.25;score_scale=4.0;motif_weight=0.0;motif_radius=12;score_normalization=train_quantile;raw_border_score=0.144028;border_score=0.837400",0.3594195246696472,0.37321701645851135,0.2673634886741638
test_Seq_2569,2,2,"benchmark=nucleotide_transformer_downstream_tasks;dataset=splice_sites_all;matching=kmer_balanced;matching_signature=(13, 'GGG');border_estimator=center_window_kmer_jsd;estimator=center_jsd;window=48;search_radius=24;kmer=2;top_ratio=0.25;score_scale=4.0;motif_weight=0.0;motif_radius=12;score_normalization=train_quantile;raw_border_score=0.208962;border_score=0.992511",0.31118911504745483,0.3119315803050995,0.3768792748451233
test_Seq_2850,2,1,"benchmark=nucleotide_transformer_downstream_tasks;dataset=splice_sites_all;matching=kmer_balanced;matching_signature=(13, 'GGC');border_estimator=center_window_kmer_jsd;estimator=center_jsd;window=48;search_radius=24;kmer=2;top_ratio=0.25;score_scale=4.0;motif_weight=0.0;motif_radius=12;score_normalization=train_quantile;raw_border_score=0.148815;border_score=0.845667",0.367468923330307,0.36756178736686707,0.2649692893028259
test_Seq_276,0,1,"benchmark=nucleotide_transformer_downstream_tasks;dataset=splice_sites_all;matching=kmer_balanced;matching_signature=(5, 'TTT');border_estimator=center_window_kmer_jsd;estimator=center_jsd;window=48;search_radius=24;kmer=2;top_ratio=0.25;score_scale=4.0;motif_weight=0.0;motif_radius=12;score_normalization=train_quantile;raw_border_score=0.208968;border_score=0.992511",0.32622286677360535,0.3415534198284149,0.33222371339797974
test_Seq_79,0,1,"benchmark=nucleotide_transformer_downstream_tasks;dataset=splice_sites_all;matching=kmer_balanced;matching_signature=(8, 'TTT');border_estimator=center_window_kmer_jsd;estimator=center_jsd;window=48;search_radius=24;kmer=2;top_ratio=0.25;score_scale=4.0;motif_weight=0.0;motif_radius=12;score_normalization=train_quantile;raw_border_score=0.160261;border_score=0.867978",0.34723198413848877,0.35604554414749146,0.2967224717140198
test_Seq_2149,2,1,"benchmark=nucleotide_transformer_downstream_tasks;dataset=splice_sites_all;matching=kmer_balanced;matching_signature=(9, 'TTT');border_estimator=center_window_kmer_jsd;estimator=center_jsd;window=48;search_radius=24;kmer=2;top_ratio=0.25;score_scale=4.0;motif_weight=0.0;motif_radius=12;score_normalization=train_quantile;raw_border_score=0.246839;border_score=1.072733",0.3361700475215912,0.3429993689060211,0.32083064317703247
test_Seq_2381,2,2,"benchmark=nucleotide_transformer_downstream_tasks;dataset=splice_sites_all;matching=kmer_balanced;matching_signature=(9, 'AAA');border_estimator=center_window_kmer_jsd;estimator=center_jsd;window=48;search_radius=24;kmer=2;top_ratio=0.25;score_scale=4.0;motif_weight=0.0;motif_radius=12;score_normalization=train_quantile;raw_border_score=0.158509;border_score=0.864022",0.15979532897472382,0.1786430925130844,0.6615615487098694
test_Seq_847,0,2,"benchmark=nucleotide_transformer_downstream_tasks;dataset=splice_sites_all;matching=kmer_balanced;matching_signature=(6, 'AAA');border_estimator=center_window_kmer_jsd;estimator=center_jsd;window=48;search_radius=24;kmer=2;top_ratio=0.25;score_scale=4.0;motif_weight=0.0;motif_radius=12;score_normalization=train_quantile;raw_border_score=0.298621;border_score=1.144822",0.3175126016139984,0.32950901985168457,0.35297834873199463
test_Seq_2643,2,2,"benchmark=nucleotide_transformer_downstream_tasks;dataset=splice_sites_all;matching=kmer_balanced;matching_signature=(12, 'CTG');border_estimator=center_window_kmer_jsd;estimator=center_jsd;window=48;search_radius=24;kmer=2;top_ratio=0.25;score_scale=4.0;motif_weight=0.0;motif_radius=12;score_normalization=train_quantile;raw_border_score=0.154580;border_score=0.856511",0.2151384949684143,0.23476536571979523,0.5500961542129517
test_Seq_2946,2,2,"benchmark=nucleotide_transformer_downstream_tasks;dataset=splice_sites_all;matching=kmer_balanced;matching_signature=(6, 'AAA');border_estimator=center_window_kmer_jsd;estimator=center_jsd;window=48;search_radius=24;kmer=2;top_ratio=0.25;score_scale=4.0;motif_weight=0.0;motif_radius=12;score_normalization=train_quantile;raw_border_score=0.132117;border_score=0.821667",0.291532427072525,0.30308476090431213,0.40538278222084045
test_Seq_2943,2,2,"benchmark=nucleotide_transformer_downstream_tasks;dataset=splice_sites_all;matching=kmer_balanced;matching_signature=(7, 'TTT');border_estimator=center_window_kmer_jsd;estimator=center_jsd;window=48;search_radius=24;kmer=2;top_ratio=0.25;score_scale=4.0;motif_weight=0.0;motif_radius=12;score_normalization=train_quantile;raw_border_score=0.252690;border_score=1.083489",0.31231656670570374,0.330942302942276,0.3567410707473755
test_Seq_2503,2,2,"benchmark=nucleotide_transformer_downstream_tasks;dataset=splice_sites_all;matching=kmer_balanced;matching_signature=(12, 'GGG');border_estimator=center_window_kmer_jsd;estimator=center_jsd;window=48;search_radius=24;kmer=2;top_ratio=0.25;score_scale=4.0;motif_weight=0.0;motif_radius=12;score_normalization=train_quantile;raw_border_score=0.196401;border_score=0.961222",0.3041881322860718,0.32287392020225525,0.372937947511673
test_Seq_426,0,1,"benchmark=nucleotide_transformer_downstream_tasks;dataset=splice_sites_all;matching=kmer_balanced;matching_signature=(9, 'CTG');border_estimator=center_window_kmer_jsd;estimator=center_jsd;window=48;search_radius=24;kmer=2;top_ratio=0.25;score_scale=4.0;motif_weight=0.0;motif_radius=12;score_normalization=train_quantile;raw_border_score=0.206298;border_score=0.986733",0.32576945424079895,0.3414596617221832,0.3327708840370178
test_Seq_1167,1,1,"benchmark=nucleotide_transformer_downstream_tasks;dataset=splice_sites_all;matching=kmer_balanced;matching_signature=(8, 'AAA');border_estimator=center_window_kmer_jsd;estimator=center_jsd;window=48;search_radius=24;kmer=2;top_ratio=0.25;score_scale=4.0;motif_weight=0.0;motif_radius=12;score_normalization=train_quantile;raw_border_score=0.208453;border_score=0.991222",0.34987694025039673,0.36208146810531616,0.2880415916442871
test_Seq_2821,2,1,"benchmark=nucleotide_transformer_downstream_tasks;dataset=splice_sites_all;matching=kmer_balanced;matching_signature=(11, 'CCT');border_estimator=center_window_kmer_jsd;estimator=center_jsd;window=48;search_radius=24;kmer=2;top_ratio=0.25;score_scale=4.0;motif_weight=0.0;motif_radius=12;score_normalization=train_quantile;raw_border_score=0.152383;border_score=0.851667",0.3277798593044281,0.3405565917491913,0.331663578748703
test_Seq_27,0,2,"benchmark=nucleotide_transformer_downstream_tasks;dataset=splice_sites_all;matching=kmer_balanced;matching_signature=(5, 'TTT');border_estimator=center_window_kmer_jsd;estimator=center_jsd;window=48;search_radius=24;kmer=2;top_ratio=0.25;score_scale=4.0;motif_weight=0.0;motif_radius=12;score_normalization=train_quantile;raw_border_score=0.185287;border_score=0.931267",0.2755037844181061,0.2956215441226959,0.4288746416568756
test_Seq_1722,1,2,"benchmark=nucleotide_transformer_downstream_tasks;dataset=splice_sites_all;matching=kmer_balanced;matching_signature=(7, 'TTT');border_estimator=center_window_kmer_jsd;estimator=center_jsd;window=48;search_radius=24;kmer=2;top_ratio=0.25;score_scale=4.0;motif_weight=0.0;motif_radius=12;score_normalization=train_quantile;raw_border_score=0.330723;border_score=1.166511",0.3100165128707886,0.3190781772136688,0.3709052503108978
test_Seq_62,0,2,"benchmark=nucleotide_transformer_downstream_tasks;dataset=splice_sites_all;matching=kmer_balanced;matching_signature=(10, 'CCA');border_estimator=center_window_kmer_jsd;estimator=center_jsd;window=48;search_radius=24;kmer=2;top_ratio=0.25;score_scale=4.0;motif_weight=0.0;motif_radius=12;score_normalization=train_quantile;raw_border_score=0.244544;border_score=1.068422",0.31271591782569885,0.32290011644363403,0.3643840253353119
test_Seq_1054,1,2,"benchmark=nucleotide_transformer_downstream_tasks;dataset=splice_sites_all;matching=kmer_balanced;matching_signature=(13, 'GCC');border_estimator=center_window_kmer_jsd;estimator=center_jsd;window=48;search_radius=24;kmer=2;top_ratio=0.25;score_scale=4.0;motif_weight=0.0;motif_radius=12;score_normalization=train_quantile;raw_border_score=0.218666;border_score=1.015667",0.2668111026287079,0.27789002656936646,0.45529884099960327
test_Seq_1716,1,2,"benchmark=nucleotide_transformer_downstream_tasks;dataset=splice_sites_all;matching=kmer_balanced;matching_signature=(12, 'CTG');border_estimator=center_window_kmer_jsd;estimator=center_jsd;window=48;search_radius=24;kmer=2;top_ratio=0.25;score_scale=4.0;motif_weight=0.0;motif_radius=12;score_normalization=train_quantile;raw_border_score=0.304868;border_score=1.150156",0.2993529438972473,0.294859379529953,0.40578770637512207
test_Seq_1250,1,1,"benchmark=nucleotide_transformer_downstream_tasks;dataset=splice_sites_all;matching=kmer_balanced;matching_signature=(8, 'TTT');border_estimator=center_window_kmer_jsd;estimator=center_jsd;window=48;search_radius=24;kmer=2;top_ratio=0.25;score_scale=4.0;motif_weight=0.0;motif_radius=12;score_normalization=train_quantile;raw_border_score=0.170431;border_score=0.891578",0.33307507634162903,0.33827510476112366,0.3286498486995697
test_Seq_250,0,2,"benchmark=nucleotide_transformer_downstream_tasks;dataset=splice_sites_all;matching=kmer_balanced;matching_signature=(10, 'AGG');border_estimator=center_window_kmer_jsd;estimator=center_jsd;window=48;search_radius=24;kmer=2;top_ratio=0.25;score_scale=4.0;motif_weight=0.0;motif_radius=12;score_normalization=train_quantile;raw_border_score=0.199670;border_score=0.970156",0.3198287785053253,0.32514962553977966,0.35502153635025024
test_Seq_2331,2,2,"benchmark=nucleotide_transformer_downstream_tasks;dataset=splice_sites_all;matching=kmer_balanced;matching_signature=(9, 'TTT');border_estimator=center_window_kmer_jsd;estimator=center_jsd;window=48;search_radius=24;kmer=2;top_ratio=0.25;score_scale=4.0;motif_weight=0.0;motif_radius=12;score_normalization=train_quantile;raw_border_score=0.517970;border_score=1.199089",0.1176028773188591,0.13183753192424774,0.7505596280097961
test_Seq_320,0,1,"benchmark=nucleotide_transformer_downstream_tasks;dataset=splice_sites_all;matching=kmer_balanced;matching_signature=(8, 'TTT');border_estimator=center_window_kmer_jsd;estimator=center_jsd;window=48;search_radius=24;kmer=2;top_ratio=0.25;score_scale=4.0;motif_weight=0.0;motif_radius=12;score_normalization=train_quantile;raw_border_score=0.222516;border_score=1.024378",0.326922208070755,0.34098517894744873,0.33209264278411865
test_Seq_651,0,2,"benchmark=nucleotide_transformer_downstream_tasks;dataset=splice_sites_all;matching=kmer_balanced;matching_signature=(7, 'TTT');border_estimator=center_window_kmer_jsd;estimator=center_jsd;window=48;search_radius=24;kmer=2;top_ratio=0.25;score_scale=4.0;motif_weight=0.0;motif_radius=12;score_normalization=train_quantile;raw_border_score=0.230910;border_score=1.041222",0.27375292778015137,0.29304489493370056,0.43320220708847046
test_Seq_198,0,1,"benchmark=nucleotide_transformer_downstream_tasks;dataset=splice_sites_all;matching=kmer_balanced;matching_signature=(10, 'CTG');border_estimator=center_window_kmer_jsd;estimator=center_jsd;window=48;search_radius=24;kmer=2;top_ratio=0.25;score_scale=4.0;motif_weight=0.0;motif_radius=12;score_normalization=train_quantile;raw_border_score=0.164355;border_score=0.877178",0.34534886479377747,0.3535374402999878,0.30111363530158997
test_Seq_873,0,2,"benchmark=nucleotide_transformer_downstream_tasks;dataset=splice_sites_all;matching=kmer_balanced;matching_signature=(8, 'TTT');border_estimator=center_window_kmer_jsd;estimator=center_jsd;window=48;search_radius=24;kmer=2;top_ratio=0.25;score_scale=4.0;motif_weight=0.0;motif_radius=12;score_normalization=train_quantile;raw_border_score=0.208814;border_score=0.992067",0.308078408241272,0.3165988028049469,0.37532275915145874
test_Seq_1004,1,2,"benchmark=nucleotide_transformer_downstream_tasks;dataset=splice_sites_all;matching=kmer_balanced;matching_signature=(6, 'AAA');border_estimator=center_window_kmer_jsd;estimator=center_jsd;window=48;search_radius=24;kmer=2;top_ratio=0.25;score_scale=4.0;motif_weight=0.0;motif_radius=12;score_normalization=train_quantile;raw_border_score=0.206500;border_score=0.987222",0.25431960821151733,0.2859397828578949,0.45974063873291016
test_Seq_1042,1,2,"benchmark=nucleotide_transformer_downstream_tasks;dataset=splice_sites_all;matching=kmer_balanced;matching_signature=(11, 'GGG');border_estimator=center_window_kmer_jsd;estimator=center_jsd;window=48;search_radius=24;kmer=2;top_ratio=0.25;score_scale=4.0;motif_weight=0.0;motif_radius=12;score_normalization=train_quantile;raw_border_score=0.202058;border_score=0.976156",0.321386456489563,0.32374271750450134,0.35487082600593567
test_Seq_10,0,2,"benchmark=nucleotide_transformer_downstream_tasks;dataset=splice_sites_all;matching=kmer_balanced;matching_signature=(9, 'TCT');border_estimator=center_window_kmer_jsd;estimator=center_jsd;window=48;search_radius=24;kmer=2;top_ratio=0.25;score_scale=4.0;motif_weight=0.0;motif_radius=12;score_normalization=train_quantile;raw_border_score=0.183035;border_score=0.925000",0.31306564807891846,0.33769193291664124,0.3492424488067627
test_Seq_1088,1,2,"benchmark=nucleotide_transformer_downstream_tasks;dataset=splice_sites_all;matching=kmer_balanced;matching_signature=(8, 'TTT');border_estimator=center_window_kmer_jsd;estimator=center_jsd;window=48;search_radius=24;kmer=2;top_ratio=0.25;score_scale=4.0;motif_weight=0.0;motif_radius=12;score_normalization=train_quantile;raw_border_score=0.342038;border_score=1.172911",0.3061671853065491,0.3178367018699646,0.37599611282348633
test_Seq_855,0,2,"benchmark=nucleotide_transformer_downstream_tasks;dataset=splice_sites_all;matching=kmer_balanced;matching_signature=(11, 'CCT');border_estimator=center_window_kmer_jsd;estimator=center_jsd;window=48;search_radius=24;kmer=2;top_ratio=0.25;score_scale=4.0;motif_weight=0.0;motif_radius=12;score_normalization=train_quantile;raw_border_score=0.229690;border_score=1.039133",0.2756403684616089,0.28650352358818054,0.43785616755485535
test_Seq_2791,2,2,"benchmark=nucleotide_transformer_downstream_tasks;dataset=splice_sites_all;matching=kmer_balanced;matching_signature=(11, 'GGG');border_estimator=center_window_kmer_jsd;estimator=center_jsd;window=48;search_radius=24;kmer=2;top_ratio=0.25;score_scale=4.0;motif_weight=0.0;motif_radius=12;score_normalization=train_quantile;raw_border_score=0.269673;border_score=1.109756",0.22522294521331787,0.24472878873348236,0.5300482511520386
test_Seq_2071,2,2,"benchmark=nucleotide_transformer_downstream_tasks;dataset=splice_sites_all;matching=kmer_balanced;matching_signature=(9, 'TTT');border_estimator=center_window_kmer_jsd;estimator=center_jsd;window=48;search_radius=24;kmer=2;top_ratio=0.25;score_scale=4.0;motif_weight=0.0;motif_radius=12;score_normalization=train_quantile;raw_border_score=0.145434;border_score=0.839489",0.22987480461597443,0.24729134142398834,0.5228338241577148
test_Seq_1490,1,1,"benchmark=nucleotide_transformer_downstream_tasks;dataset=splice_sites_all;matching=kmer_balanced;matching_signature=(9, 'CAG');border_estimator=center_window_kmer_jsd;estimator=center_jsd;window=48;search_radius=24;kmer=2;top_ratio=0.25;score_scale=4.0;motif_weight=0.0;motif_radius=12;score_normalization=train_quantile;raw_border_score=0.337508;border_score=1.170644",0.3323911726474762,0.3447304368019104,0.3228783905506134
test_Seq_1831,1,2,"benchmark=nucleotide_transformer_downstream_tasks;dataset=splice_sites_all;matching=kmer_balanced;matching_signature=(9, 'AAA');border_estimator=center_window_kmer_jsd;estimator=center_jsd;window=48;search_radius=24;kmer=2;top_ratio=0.25;score_scale=4.0;motif_weight=0.0;motif_radius=12;score_normalization=train_quantile;raw_border_score=0.405419;border_score=1.190867",0.3068661391735077,0.3160102069377899,0.3771236538887024
test_Seq_1345,1,2,"benchmark=nucleotide_transformer_downstream_tasks;dataset=splice_sites_all;matching=kmer_balanced;matching_signature=(10, 'TGC');border_estimator=center_window_kmer_jsd;estimator=center_jsd;window=48;search_radius=24;kmer=2;top_ratio=0.25;score_scale=4.0;motif_weight=0.0;motif_radius=12;score_normalization=train_quantile;raw_border_score=0.165808;border_score=0.881000",0.19598200917243958,0.21681366860866547,0.5872043371200562
test_Seq_1574,1,2,"benchmark=nucleotide_transformer_downstream_tasks;dataset=splice_sites_all;matching=kmer_balanced;matching_signature=(8, 'TTT');border_estimator=center_window_kmer_jsd;estimator=center_jsd;window=48;search_radius=24;kmer=2;top_ratio=0.25;score_scale=4.0;motif_weight=0.0;motif_radius=12;score_normalization=train_quantile;raw_border_score=0.194430;border_score=0.955533",0.31787487864494324,0.34098199009895325,0.34114310145378113
test_Seq_1917,1,2,"benchmark=nucleotide_transformer_downstream_tasks;dataset=splice_sites_all;matching=kmer_balanced;matching_signature=(7, 'TTT');border_estimator=center_window_kmer_jsd;estimator=center_jsd;window=48;search_radius=24;kmer=2;top_ratio=0.25;score_scale=4.0;motif_weight=0.0;motif_radius=12;score_normalization=train_quantile;raw_border_score=0.204258;border_score=0.982333",0.27837276458740234,0.30708983540534973,0.4145374000072479
test_Seq_1624,1,2,"benchmark=nucleotide_transformer_downstream_tasks;dataset=splice_sites_all;matching=kmer_balanced;matching_signature=(9, 'CTG');border_estimator=center_window_kmer_jsd;estimator=center_jsd;window=48;search_radius=24;kmer=2;top_ratio=0.25;score_scale=4.0;motif_weight=0.0;motif_radius=12;score_normalization=train_quantile;raw_border_score=0.224926;border_score=1.029844",0.2894972860813141,0.30391591787338257,0.40658676624298096
test_Seq_382,0,2,"benchmark=nucleotide_transformer_downstream_tasks;dataset=splice_sites_all;matching=kmer_balanced;matching_signature=(10, 'GAG');border_estimator=center_window_kmer_jsd;estimator=center_jsd;window=48;search_radius=24;kmer=2;top_ratio=0.25;score_scale=4.0;motif_weight=0.0;motif_radius=12;score_normalization=train_quantile;raw_border_score=0.371474;border_score=1.184733",0.3228141963481903,0.33726102113723755,0.3399248421192169
test_Seq_1703,1,2,"benchmark=nucleotide_transformer_downstream_tasks;dataset=splice_sites_all;matching=kmer_balanced;matching_signature=(6, 'TTT');border_estimator=center_window_kmer_jsd;estimator=center_jsd;window=48;search_radius=24;kmer=2;top_ratio=0.25;score_scale=4.0;motif_weight=0.0;motif_radius=12;score_normalization=train_quantile;raw_border_score=0.281220;border_score=1.125444",0.3050505518913269,0.327583372592926,0.36736610531806946
test_Seq_2996,2,2,"benchmark=nucleotide_transformer_downstream_tasks;dataset=splice_sites_all;matching=kmer_balanced;matching_signature=(8, 'TTT');border_estimator=center_window_kmer_jsd;estimator=center_jsd;window=48;search_radius=24;kmer=2;top_ratio=0.25;score_scale=4.0;motif_weight=0.0;motif_radius=12;score_normalization=train_quantile;raw_border_score=0.180846;border_score=0.920022",0.1799950748682022,0.1995646357536316,0.6204402446746826
test_Seq_453,0,2,"benchmark=nucleotide_transformer_downstream_tasks;dataset=splice_sites_all;matching=kmer_balanced;matching_signature=(11, 'CCC');border_estimator=center_window_kmer_jsd;estimator=center_jsd;window=48;search_radius=24;kmer=2;top_ratio=0.25;score_scale=4.0;motif_weight=0.0;motif_radius=12;score_normalization=train_quantile;raw_border_score=0.192933;border_score=0.951800",0.32151418924331665,0.3214206397533417,0.35706520080566406
test_Seq_2091,2,2,"benchmark=nucleotide_transformer_downstream_tasks;dataset=splice_sites_all;matching=kmer_balanced;matching_signature=(8, 'TTT');border_estimator=center_window_kmer_jsd;estimator=center_jsd;window=48;search_radius=24;kmer=2;top_ratio=0.25;score_scale=4.0;motif_weight=0.0;motif_radius=12;score_normalization=train_quantile;raw_border_score=0.226700;border_score=1.033667",0.2661673128604889,0.2796095609664917,0.45422306656837463
test_Seq_2811,2,2,"benchmark=nucleotide_transformer_downstream_tasks;dataset=splice_sites_all;matching=kmer_balanced;matching_signature=(6, 'AAA');border_estimator=center_window_kmer_jsd;estimator=center_jsd;window=48;search_radius=24;kmer=2;top_ratio=0.25;score_scale=4.0;motif_weight=0.0;motif_radius=12;score_normalization=train_quantile;raw_border_score=0.277287;border_score=1.120467",0.2081499695777893,0.23257328569889069,0.5592767596244812
test_Seq_55,0,2,"benchmark=nucleotide_transformer_downstream_tasks;dataset=splice_sites_all;matching=kmer_balanced;matching_signature=(6, 'TTT');border_estimator=center_window_kmer_jsd;estimator=center_jsd;window=48;search_radius=24;kmer=2;top_ratio=0.25;score_scale=4.0;motif_weight=0.0;motif_radius=12;score_normalization=train_quantile;raw_border_score=0.216109;border_score=1.009044",0.30065906047821045,0.3191036880016327,0.38023725152015686
test_Seq_1817,1,2,"benchmark=nucleotide_transformer_downstream_tasks;dataset=splice_sites_all;matching=kmer_balanced;matching_signature=(8, 'TTT');border_estimator=center_window_kmer_jsd;estimator=center_jsd;window=48;search_radius=24;kmer=2;top_ratio=0.25;score_scale=4.0;motif_weight=0.0;motif_radius=12;score_normalization=train_quantile;raw_border_score=0.271763;border_score=1.112778",0.25159817934036255,0.2749623954296112,0.47343942523002625
test_Seq_2366,2,2,"benchmark=nucleotide_transformer_downstream_tasks;dataset=splice_sites_all;matching=kmer_balanced;matching_signature=(8, 'TTT');border_estimator=center_window_kmer_jsd;estimator=center_jsd;window=48;search_radius=24;kmer=2;top_ratio=0.25;score_scale=4.0;motif_weight=0.0;motif_radius=12;score_normalization=train_quantile;raw_border_score=0.288919;border_score=1.135356",0.3138011395931244,0.32873138785362244,0.3574674129486084
test_Seq_2477,2,2,"benchmark=nucleotide_transformer_downstream_tasks;dataset=splice_sites_all;matching=kmer_balanced;matching_signature=(8, 'TTT');border_estimator=center_window_kmer_jsd;estimator=center_jsd;window=48;search_radius=24;kmer=2;top_ratio=0.25;score_scale=4.0;motif_weight=0.0;motif_radius=12;score_normalization=train_quantile;raw_border_score=0.154282;border_score=0.855933",0.1874140053987503,0.21202071011066437,0.6005652546882629
test_Seq_1426,1,2,"benchmark=nucleotide_transformer_downstream_tasks;dataset=splice_sites_all;matching=kmer_balanced;matching_signature=(6, 'TTT');border_estimator=center_window_kmer_jsd;estimator=center_jsd;window=48;search_radius=24;kmer=2;top_ratio=0.25;score_scale=4.0;motif_weight=0.0;motif_radius=12;score_normalization=train_quantile;raw_border_score=0.257080;border_score=1.090733",0.31061455607414246,0.32943594455718994,0.3599494993686676
test_Seq_335,0,2,"benchmark=nucleotide_transformer_downstream_tasks;dataset=splice_sites_all;matching=kmer_balanced;matching_signature=(9, 'CCT');border_estimator=center_window_kmer_jsd;estimator=center_jsd;window=48;search_radius=24;kmer=2;top_ratio=0.25;score_scale=4.0;motif_weight=0.0;motif_radius=12;score_normalization=train_quantile;raw_border_score=0.129675;border_score=0.819089",0.2716118097305298,0.29004180431365967,0.43834635615348816
test_Seq_1923,1,2,"benchmark=nucleotide_transformer_downstream_tasks;dataset=splice_sites_all;matching=kmer_balanced;matching_signature=(9, 'TCT');border_estimator=center_window_kmer_jsd;estimator=center_jsd;window=48;search_radius=24;kmer=2;top_ratio=0.25;score_scale=4.0;motif_weight=0.0;motif_radius=12;score_normalization=train_quantile;raw_border_score=0.345883;border_score=1.175311",0.3129388988018036,0.3378940224647522,0.3491671085357666
test_Seq_794,0,2,"benchmark=nucleotide_transformer_downstream_tasks;dataset=splice_sites_all;matching=kmer_balanced;matching_signature=(10, 'TGC');border_estimator=center_window_kmer_jsd;estimator=center_jsd;window=48;search_radius=24;kmer=2;top_ratio=0.25;score_scale=4.0;motif_weight=0.0;motif_radius=12;score_normalization=train_quantile;raw_border_score=0.204651;border_score=0.983178",0.2691758871078491,0.29141315817832947,0.4394109845161438
test_Seq_2782,2,2,"benchmark=nucleotide_transformer_downstream_tasks;dataset=splice_sites_all;matching=kmer_balanced;matching_signature=(11, 'CCC');border_estimator=center_window_kmer_jsd;estimator=center_jsd;window=48;search_radius=24;kmer=2;top_ratio=0.25;score_scale=4.0;motif_weight=0.0;motif_radius=12;score_normalization=train_quantile;raw_border_score=0.134277;border_score=0.824333",0.2548244595527649,0.2772042155265808,0.4679712951183319
test_Seq_371,0,2,"benchmark=nucleotide_transformer_downstream_tasks;dataset=splice_sites_all;matching=kmer_balanced;matching_signature=(11, 'GTG');border_estimator=center_window_kmer_jsd;estimator=center_jsd;window=48;search_radius=24;kmer=2;top_ratio=0.25;score_scale=4.0;motif_weight=0.0;motif_radius=12;score_normalization=train_quantile;raw_border_score=0.365744;border_score=1.182733",0.2698856294155121,0.276947945356369,0.4531663656234741
test_Seq_510,0,2,"benchmark=nucleotide_transformer_downstream_tasks;dataset=splice_sites_all;matching=kmer_balanced;matching_signature=(6, 'TTT');border_estimator=center_window_kmer_jsd;estimator=center_jsd;window=48;search_radius=24;kmer=2;top_ratio=0.25;score_scale=4.0;motif_weight=0.0;motif_radius=12;score_normalization=train_quantile;raw_border_score=0.205637;border_score=0.985489",0.23586732149124146,0.2648802399635315,0.4992524981498718
test_Seq_1734,1,2,"benchmark=nucleotide_transformer_downstream_tasks;dataset=splice_sites_all;matching=kmer_balanced;matching_signature=(7, 'TTT');border_estimator=center_window_kmer_jsd;estimator=center_jsd;window=48;search_radius=24;kmer=2;top_ratio=0.25;score_scale=4.0;motif_weight=0.0;motif_radius=12;score_normalization=train_quantile;raw_border_score=0.181983;border_score=0.922511",0.2512558102607727,0.26579007506370544,0.48295411467552185
test_Seq_1796,1,2,"benchmark=nucleotide_transformer_downstream_tasks;dataset=splice_sites_all;matching=kmer_balanced;matching_signature=(8, 'AAA');border_estimator=center_window_kmer_jsd;estimator=center_jsd;window=48;search_radius=24;kmer=2;top_ratio=0.25;score_scale=4.0;motif_weight=0.0;motif_radius=12;score_normalization=train_quantile;raw_border_score=0.268031;border_score=1.107178",0.2858535647392273,0.29961463809013367,0.41453176736831665
test_Seq_1299,1,2,"benchmark=nucleotide_transformer_downstream_tasks;dataset=splice_sites_all;matching=kmer_balanced;matching_signature=(6, 'TTT');border_estimator=center_window_kmer_jsd;estimator=center_jsd;window=48;search_radius=24;kmer=2;top_ratio=0.25;score_scale=4.0;motif_weight=0.0;motif_radius=12;score_normalization=train_quantile;raw_border_score=0.167994;border_score=0.886644",0.30122941732406616,0.3149474859237671,0.38382309675216675
test_Seq_1737,1,2,"benchmark=nucleotide_transformer_downstream_tasks;dataset=splice_sites_all;matching=kmer_balanced;matching_signature=(10, 'CTG');border_estimator=center_window_kmer_jsd;estimator=center_jsd;window=48;search_radius=24;kmer=2;top_ratio=0.25;score_scale=4.0;motif_weight=0.0;motif_radius=12;score_normalization=train_quantile;raw_border_score=0.189712;border_score=0.943356",0.31206369400024414,0.3260590732097626,0.3618772327899933
test_Seq_2451,2,2,"benchmark=nucleotide_transformer_downstream_tasks;dataset=splice_sites_all;matching=kmer_balanced;matching_signature=(10, 'CTG');border_estimator=center_window_kmer_jsd;estimator=center_jsd;window=48;search_radius=24;kmer=2;top_ratio=0.25;score_scale=4.0;motif_weight=0.0;motif_radius=12;score_normalization=train_quantile;raw_border_score=0.136920;border_score=0.827622",0.2135823518037796,0.23472042381763458,0.5516971945762634
test_Seq_1324,1,1,"benchmark=nucleotide_transformer_downstream_tasks;dataset=splice_sites_all;matching=kmer_balanced;matching_signature=(7, 'AAA');border_estimator=center_window_kmer_jsd;estimator=center_jsd;window=48;search_radius=24;kmer=2;top_ratio=0.25;score_scale=4.0;motif_weight=0.0;motif_radius=12;score_normalization=train_quantile;raw_border_score=0.326475;border_score=1.164600",0.3310098350048065,0.3423372507095337,0.3266529440879822
test_Seq_283,0,2,"benchmark=nucleotide_transformer_downstream_tasks;dataset=splice_sites_all;matching=kmer_balanced;matching_signature=(13, 'GGG');border_estimator=center_window_kmer_jsd;estimator=center_jsd;window=48;search_radius=24;kmer=2;top_ratio=0.25;score_scale=4.0;motif_weight=0.0;motif_radius=12;score_normalization=train_quantile;raw_border_score=0.146492;border_score=0.841667",0.3113148808479309,0.3048049807548523,0.3838801085948944
test_Seq_772,0,2,"benchmark=nucleotide_transformer_downstream_tasks;dataset=splice_sites_all;matching=kmer_balanced;matching_signature=(7, 'AAA');border_estimator=center_window_kmer_jsd;estimator=center_jsd;window=48;search_radius=24;kmer=2;top_ratio=0.25;score_scale=4.0;motif_weight=0.0;motif_radius=12;score_normalization=train_quantile;raw_border_score=0.172308;border_score=0.897044",0.30162161588668823,0.3152371346950531,0.3831412196159363
test_Seq_2298,2,2,"benchmark=nucleotide_transformer_downstream_tasks;dataset=splice_sites_all;matching=kmer_balanced;matching_signature=(8, 'TTT');border_estimator=center_window_kmer_jsd;estimator=center_jsd;window=48;search_radius=24;kmer=2;top_ratio=0.25;score_scale=4.0;motif_weight=0.0;motif_radius=12;score_normalization=train_quantile;raw_border_score=0.138366;border_score=0.829578",0.2814965546131134,0.30684423446655273,0.4116591811180115
test_Seq_2666,2,2,"benchmark=nucleotide_transformer_downstream_tasks;dataset=splice_sites_all;matching=kmer_balanced;matching_signature=(7, 'TTT');border_estimator=center_window_kmer_jsd;estimator=center_jsd;window=48;search_radius=24;kmer=2;top_ratio=0.25;score_scale=4.0;motif_weight=0.0;motif_radius=12;score_normalization=train_quantile;raw_border_score=0.235678;border_score=1.050333",0.26181527972221375,0.2796820402145386,0.4585026204586029
test_Seq_1779,1,2,"benchmark=nucleotide_transformer_downstream_tasks;dataset=splice_sites_all;matching=kmer_balanced;matching_signature=(11, 'GGG');border_estimator=center_window_kmer_jsd;estimator=center_jsd;window=48;search_radius=24;kmer=2;top_ratio=0.25;score_scale=4.0;motif_weight=0.0;motif_radius=12;score_normalization=train_quantile;raw_border_score=0.276499;border_score=1.119222",0.1992003619670868,0.22527757287025452,0.5755220651626587
test_Seq_674,0,2,"benchmark=nucleotide_transformer_downstream_tasks;dataset=splice_sites_all;matching=kmer_balanced;matching_signature=(6, 'TTT');border_estimator=center_window_kmer_jsd;estimator=center_jsd;window=48;search_radius=24;kmer=2;top_ratio=0.25;score_scale=4.0;motif_weight=0.0;motif_radius=12;score_normalization=train_quantile;raw_border_score=0.272986;border_score=1.114467",0.25911182165145874,0.2792827785015106,0.461605429649353
test_Seq_111,0,2,"benchmark=nucleotide_transformer_downstream_tasks;dataset=splice_sites_all;matching=kmer_balanced;matching_signature=(6, 'TTT');border_estimator=center_window_kmer_jsd;estimator=center_jsd;window=48;search_radius=24;kmer=2;top_ratio=0.25;score_scale=4.0;motif_weight=0.0;motif_radius=12;score_normalization=train_quantile;raw_border_score=0.321714;border_score=1.162067",0.2523173689842224,0.2815343141555786,0.4661482572555542
test_Seq_2478,2,2,"benchmark=nucleotide_transformer_downstream_tasks;dataset=splice_sites_all;matching=kmer_balanced;matching_signature=(6, 'AAA');border_estimator=center_window_kmer_jsd;estimator=center_jsd;window=48;search_radius=24;kmer=2;top_ratio=0.25;score_scale=4.0;motif_weight=0.0;motif_radius=12;score_normalization=train_quantile;raw_border_score=0.195205;border_score=0.957756",0.18805992603302002,0.20440876483917236,0.6075313091278076
test_Seq_2750,2,2,"benchmark=nucleotide_transformer_downstream_tasks;dataset=splice_sites_all;matching=kmer_balanced;matching_signature=(6, 'TTT');border_estimator=center_window_kmer_jsd;estimator=center_jsd;window=48;search_radius=24;kmer=2;top_ratio=0.25;score_scale=4.0;motif_weight=0.0;motif_radius=12;score_normalization=train_quantile;raw_border_score=0.229997;border_score=1.039667",0.31412750482559204,0.32880327105522156,0.357069194316864
test_Seq_2993,2,2,"benchmark=nucleotide_transformer_downstream_tasks;dataset=splice_sites_all;matching=kmer_balanced;matching_signature=(5, 'TTT');border_estimator=center_window_kmer_jsd;estimator=center_jsd;window=48;search_radius=24;kmer=2;top_ratio=0.25;score_scale=4.0;motif_weight=0.0;motif_radius=12;score_normalization=train_quantile;raw_border_score=0.171650;border_score=0.895533",0.16472361981868744,0.18840079009532928,0.6468755602836609
test_Seq_1128,1,2,"benchmark=nucleotide_transformer_downstream_tasks;dataset=splice_sites_all;matching=kmer_balanced;matching_signature=(6, 'TTT');border_estimator=center_window_kmer_jsd;estimator=center_jsd;window=48;search_radius=24;kmer=2;top_ratio=0.25;score_scale=4.0;motif_weight=0.0;motif_radius=12;score_normalization=train_quantile;raw_border_score=0.204329;border_score=0.982511",0.3220665752887726,0.3351525664329529,0.34278085827827454
test_Seq_1569,1,2,"benchmark=nucleotide_transformer_downstream_tasks;dataset=splice_sites_all;matching=kmer_balanced;matching_signature=(6, 'ATT');border_estimator=center_window_kmer_jsd;estimator=center_jsd;window=48;search_radius=24;kmer=2;top_ratio=0.25;score_scale=4.0;motif_weight=0.0;motif_radius=12;score_normalization=train_quantile;raw_border_score=0.264295;border_score=1.102644",0.272209107875824,0.3005295395851135,0.4272614121437073
test_Seq_995,0,2,"benchmark=nucleotide_transformer_downstream_tasks;dataset=splice_sites_all;matching=kmer_balanced;matching_signature=(10, 'TCC');border_estimator=center_window_kmer_jsd;estimator=center_jsd;window=48;search_radius=24;kmer=2;top_ratio=0.25;score_scale=4.0;motif_weight=0.0;motif_radius=12;score_normalization=train_quantile;raw_border_score=0.264144;border_score=1.102467",0.2891704738140106,0.30797436833381653,0.40285515785217285
test_Seq_48,0,2,"benchmark=nucleotide_transformer_downstream_tasks;dataset=splice_sites_all;matching=kmer_balanced;matching_signature=(9, 'TCT');border_estimator=center_window_kmer_jsd;estimator=center_jsd;window=48;search_radius=24;kmer=2;top_ratio=0.25;score_scale=4.0;motif_weight=0.0;motif_radius=12;score_normalization=train_quantile;raw_border_score=0.204149;border_score=0.982111",0.31778937578201294,0.33645325899124146,0.345757395029068
test_Seq_2596,2,2,"benchmark=nucleotide_transformer_downstream_tasks;dataset=splice_sites_all;matching=kmer_balanced;matching_signature=(8, 'AAA');border_estimator=center_window_kmer_jsd;estimator=center_jsd;window=48;search_radius=24;kmer=2;top_ratio=0.25;score_scale=4.0;motif_weight=0.0;motif_radius=12;score_normalization=train_quantile;raw_border_score=0.216399;border_score=1.009889",0.2109483927488327,0.2381354123353958,0.5509161949157715
test_Seq_1809,1,2,"benchmark=nucleotide_transformer_downstream_tasks;dataset=splice_sites_all;matching=kmer_balanced;matching_signature=(8, 'TTT');border_estimator=center_window_kmer_jsd;estimator=center_jsd;window=48;search_radius=24;kmer=2;top_ratio=0.25;score_scale=4.0;motif_weight=0.0;motif_radius=12;score_normalization=train_quantile;raw_border_score=0.193468;border_score=0.953489",0.2844415009021759,0.3009783923625946,0.4145801365375519
test_Seq_1920,1,2,"benchmark=nucleotide_transformer_downstream_tasks;dataset=splice_sites_all;matching=kmer_balanced;matching_signature=(10, 'AGG');border_estimator=center_window_kmer_jsd;estimator=center_jsd;window=48;search_radius=24;kmer=2;top_ratio=0.25;score_scale=4.0;motif_weight=0.0;motif_radius=12;score_normalization=train_quantile;raw_border_score=0.218448;border_score=1.015222",0.31834542751312256,0.33031466603279114,0.3513398766517639
test_Seq_40,0,2,"benchmark=nucleotide_transformer_downstream_tasks;dataset=splice_sites_all;matching=kmer_balanced;matching_signature=(9, 'CAG');border_estimator=center_window_kmer_jsd;estimator=center_jsd;window=48;search_radius=24;kmer=2;top_ratio=0.25;score_scale=4.0;motif_weight=0.0;motif_radius=12;score_normalization=train_quantile;raw_border_score=0.192655;border_score=0.951311",0.2916448414325714,0.30306458473205566,0.4052905738353729
test_Seq_2837,2,2,"benchmark=nucleotide_transformer_downstream_tasks;dataset=splice_sites_all;matching=kmer_balanced;matching_signature=(8, 'TTT');border_estimator=center_window_kmer_jsd;estimator=center_jsd;window=48;search_radius=24;kmer=2;top_ratio=0.25;score_scale=4.0;motif_weight=0.0;motif_radius=12;score_normalization=train_quantile;raw_border_score=0.219098;border_score=1.016556",0.12052963674068451,0.139017716050148,0.7404527068138123
test_Seq_811,0,1,"benchmark=nucleotide_transformer_downstream_tasks;dataset=splice_sites_all;matching=kmer_balanced;matching_signature=(11, 'GGC');border_estimator=center_window_kmer_jsd;estimator=center_jsd;window=48;search_radius=24;kmer=2;top_ratio=0.25;score_scale=4.0;motif_weight=0.0;motif_radius=12;score_normalization=train_quantile;raw_border_score=0.446844;border_score=1.195089",0.33202072978019714,0.34012019634246826,0.3278590738773346
test_Seq_2481,2,2,"benchmark=nucleotide_transformer_downstream_tasks;dataset=splice_sites_all;matching=kmer_balanced;matching_signature=(7, 'AAA');border_estimator=center_window_kmer_jsd;estimator=center_jsd;window=48;search_radius=24;kmer=2;top_ratio=0.25;score_scale=4.0;motif_weight=0.0;motif_radius=12;score_normalization=train_quantile;raw_border_score=0.179458;border_score=0.916467",0.24476799368858337,0.2658194303512573,0.4894125759601593
test_Seq_1482,1,2,"benchmark=nucleotide_transformer_downstream_tasks;dataset=splice_sites_all;matching=kmer_balanced;matching_signature=(6, 'TTT');border_estimator=center_window_kmer_jsd;estimator=center_jsd;window=48;search_radius=24;kmer=2;top_ratio=0.25;score_scale=4.0;motif_weight=0.0;motif_radius=12;score_normalization=train_quantile;raw_border_score=0.171942;border_score=0.896200",0.2994370460510254,0.32189616560935974,0.3786667585372925
test_Seq_1790,1,2,"benchmark=nucleotide_transformer_downstream_tasks;dataset=splice_sites_all;matching=kmer_balanced;matching_signature=(6, 'TTT');border_estimator=center_window_kmer_jsd;estimator=center_jsd;window=48;search_radius=24;kmer=2;top_ratio=0.25;score_scale=4.0;motif_weight=0.0;motif_radius=12;score_normalization=train_quantile;raw_border_score=0.234899;border_score=1.049133",0.235469251871109,0.2508434057235718,0.5136873722076416
test_Seq_2453,2,2,"benchmark=nucleotide_transformer_downstream_tasks;dataset=splice_sites_all;matching=kmer_balanced;matching_signature=(11, 'CCC');border_estimator=center_window_kmer_jsd;estimator=center_jsd;window=48;search_radius=24;kmer=2;top_ratio=0.25;score_scale=4.0;motif_weight=0.0;motif_radius=12;score_normalization=train_quantile;raw_border_score=0.186947;border_score=0.935800",0.28128159046173096,0.2937088906764984,0.42500948905944824
test_Seq_398,0,2,"benchmark=nucleotide_transformer_downstream_tasks;dataset=splice_sites_all;matching=kmer_balanced;matching_signature=(6, 'AAA');border_estimator=center_window_kmer_jsd;estimator=center_jsd;window=48;search_radius=24;kmer=2;top_ratio=0.25;score_scale=4.0;motif_weight=0.0;motif_radius=12;score_normalization=train_quantile;raw_border_score=0.148085;border_score=0.844111",0.317843496799469,0.33234500885009766,0.34981152415275574
test_Seq_2309,2,2,"benchmark=nucleotide_transformer_downstream_tasks;dataset=splice_sites_all;matching=kmer_balanced;matching_signature=(7, 'TTT');border_estimator=center_window_kmer_jsd;estimator=center_jsd;window=48;search_radius=24;kmer=2;top_ratio=0.25;score_scale=4.0;motif_weight=0.0;motif_radius=12;score_normalization=train_quantile;raw_border_score=0.253415;border_score=1.084822",0.31464943289756775,0.33229541778564453,0.3530551493167877
test_Seq_148,0,2,"benchmark=nucleotide_transformer_downstream_tasks;dataset=splice_sites_all;matching=kmer_balanced;matching_signature=(8, 'TTT');border_estimator=center_window_kmer_jsd;estimator=center_jsd;window=48;search_radius=24;kmer=2;top_ratio=0.25;score_scale=4.0;motif_weight=0.0;motif_radius=12;score_normalization=train_quantile;raw_border_score=0.377689;border_score=1.186333",0.2519456148147583,0.2664312422275543,0.48162317276000977
test_Seq_213,0,2,"benchmark=nucleotide_transformer_downstream_tasks;dataset=splice_sites_all;matching=kmer_balanced;matching_signature=(11, 'GGG');border_estimator=center_window_kmer_jsd;estimator=center_jsd;window=48;search_radius=24;kmer=2;top_ratio=0.25;score_scale=4.0;motif_weight=0.0;motif_radius=12;score_normalization=train_quantile;raw_border_score=0.173108;border_score=0.899489",0.24761366844177246,0.26144811511039734,0.4909381866455078
test_Seq_2173,2,2,"benchmark=nucleotide_transformer_downstream_tasks;dataset=splice_sites_all;matching=kmer_balanced;matching_signature=(8, 'TTT');border_estimator=center_window_kmer_jsd;estimator=center_jsd;window=48;search_radius=24;kmer=2;top_ratio=0.25;score_scale=4.0;motif_weight=0.0;motif_radius=12;score_normalization=train_quantile;raw_border_score=0.263536;border_score=1.101800",0.27794286608695984,0.2965155243873596,0.42554163932800293
test_Seq_142,0,2,"benchmark=nucleotide_transformer_downstream_tasks;dataset=splice_sites_all;matching=kmer_balanced;matching_signature=(10, 'TGT');border_estimator=center_window_kmer_jsd;estimator=center_jsd;window=48;search_radius=24;kmer=2;top_ratio=0.25;score_scale=4.0;motif_weight=0.0;motif_radius=12;score_normalization=train_quantile;raw_border_score=0.280389;border_score=1.124333",0.29988643527030945,0.31864091753959656,0.38147270679473877
test_Seq_1941,1,2,"benchmark=nucleotide_transformer_downstream_tasks;dataset=splice_sites_all;matching=kmer_balanced;matching_signature=(13, 'GGG');border_estimator=center_window_kmer_jsd;estimator=center_jsd;window=48;search_radius=24;kmer=2;top_ratio=0.25;score_scale=4.0;motif_weight=0.0;motif_radius=12;score_normalization=train_quantile;raw_border_score=0.394649;border_score=1.188911",0.32759711146354675,0.33456531167030334,0.3378376066684723
test_Seq_884,0,2,"benchmark=nucleotide_transformer_downstream_tasks;dataset=splice_sites_all;matching=kmer_balanced;matching_signature=(13, 'CCC');border_estimator=center_window_kmer_jsd;estimator=center_jsd;window=48;search_radius=24;kmer=2;top_ratio=0.25;score_scale=4.0;motif_weight=0.0;motif_radius=12;score_normalization=train_quantile;raw_border_score=0.211431;border_score=0.998511",0.30770376324653625,0.30232876539230347,0.3899674713611603
test_Seq_2067,2,2,"benchmark=nucleotide_transformer_downstream_tasks;dataset=splice_sites_all;matching=kmer_balanced;matching_signature=(7, 'TTT');border_estimator=center_window_kmer_jsd;estimator=center_jsd;window=48;search_radius=24;kmer=2;top_ratio=0.25;score_scale=4.0;motif_weight=0.0;motif_radius=12;score_normalization=train_quantile;raw_border_score=0.209761;border_score=0.994689",0.31355658173561096,0.32018908858299255,0.3662543296813965
test_Seq_441,0,1,"benchmark=nucleotide_transformer_downstream_tasks;dataset=splice_sites_all;matching=kmer_balanced;matching_signature=(10, 'CTG');border_estimator=center_window_kmer_jsd;estimator=center_jsd;window=48;search_radius=24;kmer=2;top_ratio=0.25;score_scale=4.0;motif_weight=0.0;motif_radius=12;score_normalization=train_quantile;raw_border_score=0.156712;border_score=0.860822",0.3293142020702362,0.34154000878334045,0.32914578914642334
test_Seq_2622,2,2,"benchmark=nucleotide_transformer_downstream_tasks;dataset=splice_sites_all;matching=kmer_balanced;matching_signature=(8, 'TTT');border_estimator=center_window_kmer_jsd;estimator=center_jsd;window=48;search_radius=24;kmer=2;top_ratio=0.25;score_scale=4.0;motif_weight=0.0;motif_radius=12;score_normalization=train_quantile;raw_border_score=0.458182;border_score=1.196200",0.2126311957836151,0.23124843835830688,0.5561203360557556
test_Seq_375,0,1,"benchmark=nucleotide_transformer_downstream_tasks;dataset=splice_sites_all;matching=kmer_balanced;matching_signature=(6, 'TTT');border_estimator=center_window_kmer_jsd;estimator=center_jsd;window=48;search_radius=24;kmer=2;top_ratio=0.25;score_scale=4.0;motif_weight=0.0;motif_radius=12;score_normalization=train_quantile;raw_border_score=0.258853;border_score=1.093533",0.3230840861797333,0.33863893151283264,0.3382769227027893
test_Seq_2428,2,0,"benchmark=nucleotide_transformer_downstream_tasks;dataset=splice_sites_all;matching=kmer_balanced;matching_signature=(13, 'GGC');border_estimator=center_window_kmer_jsd;estimator=center_jsd;window=48;search_radius=24;kmer=2;top_ratio=0.25;score_scale=4.0;motif_weight=0.0;motif_radius=12;score_normalization=train_quantile;raw_border_score=0.130372;border_score=0.819711",0.39670252799987793,0.3842652142047882,0.21903230249881744
test_Seq_289,0,2,"benchmark=nucleotide_transformer_downstream_tasks;dataset=splice_sites_all;matching=kmer_balanced;matching_signature=(11, 'AGG');border_estimator=center_window_kmer_jsd;estimator=center_jsd;window=48;search_radius=24;kmer=2;top_ratio=0.25;score_scale=4.0;motif_weight=0.0;motif_radius=12;score_normalization=train_quantile;raw_border_score=0.217927;border_score=1.013533",0.26426780223846436,0.28475162386894226,0.45098063349723816
test_Seq_2551,2,2,"benchmark=nucleotide_transformer_downstream_tasks;dataset=splice_sites_all;matching=kmer_balanced;matching_signature=(8, 'TTT');border_estimator=center_window_kmer_jsd;estimator=center_jsd;window=48;search_radius=24;kmer=2;top_ratio=0.25;score_scale=4.0;motif_weight=0.0;motif_radius=12;score_normalization=train_quantile;raw_border_score=0.252961;border_score=1.083978",0.2632736265659332,0.28420475125312805,0.4525216221809387
test_Seq_571,0,2,"benchmark=nucleotide_transformer_downstream_tasks;dataset=splice_sites_all;matching=kmer_balanced;matching_signature=(7, 'TTT');border_estimator=center_window_kmer_jsd;estimator=center_jsd;window=48;search_radius=24;kmer=2;top_ratio=0.25;score_scale=4.0;motif_weight=0.0;motif_radius=12;score_normalization=train_quantile;raw_border_score=0.151137;border_score=0.849178",0.23286603391170502,0.24871797859668732,0.5184159874916077
test_Seq_2190,2,2,"benchmark=nucleotide_transformer_downstream_tasks;dataset=splice_sites_all;matching=kmer_balanced;matching_signature=(8, 'AAA');border_estimator=center_window_kmer_jsd;estimator=center_jsd;window=48;search_radius=24;kmer=2;top_ratio=0.25;score_scale=4.0;motif_weight=0.0;motif_radius=12;score_normalization=train_quantile;raw_border_score=0.246858;border_score=1.072778",0.1821487545967102,0.19859899580478668,0.6192523241043091
test_Seq_1246,1,1,"benchmark=nucleotide_transformer_downstream_tasks;dataset=splice_sites_all;matching=kmer_balanced;matching_signature=(8, 'TTT');border_estimator=center_window_kmer_jsd;estimator=center_jsd;window=48;search_radius=24;kmer=2;top_ratio=0.25;score_scale=4.0;motif_weight=0.0;motif_radius=12;score_normalization=train_quantile;raw_border_score=0.154972;border_score=0.857444",0.3850126564502716,0.391082227230072,0.22390513122081757
test_Seq_345,0,2,"benchmark=nucleotide_transformer_downstream_tasks;dataset=splice_sites_all;matching=kmer_balanced;matching_signature=(10, 'CCT');border_estimator=center_window_kmer_jsd;estimator=center_jsd;window=48;search_radius=24;kmer=2;top_ratio=0.25;score_scale=4.0;motif_weight=0.0;motif_radius=12;score_normalization=train_quantile;raw_border_score=0.244400;border_score=1.068200",0.2880934774875641,0.3061409890651703,0.405765563249588
test_Seq_2119,2,2,"benchmark=nucleotide_transformer_downstream_tasks;dataset=splice_sites_all;matching=kmer_balanced;matching_signature=(8, 'TTT');border_estimator=center_window_kmer_jsd;estimator=center_jsd;window=48;search_radius=24;kmer=2;top_ratio=0.25;score_scale=4.0;motif_weight=0.0;motif_radius=12;score_normalization=train_quantile;raw_border_score=0.200331;border_score=0.972156",0.29231393337249756,0.30856606364250183,0.3991199731826782
test_Seq_87,0,1,"benchmark=nucleotide_transformer_downstream_tasks;dataset=splice_sites_all;matching=kmer_balanced;matching_signature=(6, 'AAA');border_estimator=center_window_kmer_jsd;estimator=center_jsd;window=48;search_radius=24;kmer=2;top_ratio=0.25;score_scale=4.0;motif_weight=0.0;motif_radius=12;score_normalization=train_quantile;raw_border_score=0.164131;border_score=0.876467",0.32735753059387207,0.3398109972476959,0.3328314423561096
test_Seq_1601,1,2,"benchmark=nucleotide_transformer_downstream_tasks;dataset=splice_sites_all;matching=kmer_balanced;matching_signature=(12, 'CCC');border_estimator=center_window_kmer_jsd;estimator=center_jsd;window=48;search_radius=24;kmer=2;top_ratio=0.25;score_scale=4.0;motif_weight=0.0;motif_radius=12;score_normalization=train_quantile;raw_border_score=0.201778;border_score=0.975533",0.29361656308174133,0.30337828397750854,0.4030052125453949
test_Seq_2463,2,2,"benchmark=nucleotide_transformer_downstream_tasks;dataset=splice_sites_all;matching=kmer_balanced;matching_signature=(7, 'TTT');border_estimator=center_window_kmer_jsd;estimator=center_jsd;window=48;search_radius=24;kmer=2;top_ratio=0.25;score_scale=4.0;motif_weight=0.0;motif_radius=12;score_normalization=train_quantile;raw_border_score=0.126980;border_score=0.816422",0.24575458467006683,0.2678905725479126,0.4863547682762146
test_Seq_2682,2,2,"benchmark=nucleotide_transformer_downstream_tasks;dataset=splice_sites_all;matching=kmer_balanced;matching_signature=(9, 'CTG');border_estimator=center_window_kmer_jsd;estimator=center_jsd;window=48;search_radius=24;kmer=2;top_ratio=0.25;score_scale=4.0;motif_weight=0.0;motif_radius=12;score_normalization=train_quantile;raw_border_score=0.122187;border_score=0.812200",0.28240007162094116,0.304981529712677,0.41261836886405945
test_Seq_1058,1,2,"benchmark=nucleotide_transformer_downstream_tasks;dataset=splice_sites_all;matching=kmer_balanced;matching_signature=(10, 'CTC');border_estimator=center_window_kmer_jsd;estimator=center_jsd;window=48;search_radius=24;kmer=2;top_ratio=0.25;score_scale=4.0;motif_weight=0.0;motif_radius=12;score_normalization=train_quantile;raw_border_score=0.124367;border_score=0.813800",0.2889157235622406,0.30383560061454773,0.4072486162185669
test_Seq_2420,2,2,"benchmark=nucleotide_transformer_downstream_tasks;dataset=splice_sites_all;matching=kmer_balanced;matching_signature=(6, 'AAA');border_estimator=center_window_kmer_jsd;estimator=center_jsd;window=48;search_radius=24;kmer=2;top_ratio=0.25;score_scale=4.0;motif_weight=0.0;motif_radius=12;score_normalization=train_quantile;raw_border_score=0.163517;border_score=0.875089",0.2792336046695709,0.30560973286628723,0.41515669226646423
test_Seq_2762,2,2,"benchmark=nucleotide_transformer_downstream_tasks;dataset=splice_sites_all;matching=kmer_balanced;matching_signature=(7, 'TTT');border_estimator=center_window_kmer_jsd;estimator=center_jsd;window=48;search_radius=24;kmer=2;top_ratio=0.25;score_scale=4.0;motif_weight=0.0;motif_radius=12;score_normalization=train_quantile;raw_border_score=0.214162;border_score=1.004644",0.23948067426681519,0.25847670435905457,0.5020425915718079
test_Seq_2158,2,2,"benchmark=nucleotide_transformer_downstream_tasks;dataset=splice_sites_all;matching=kmer_balanced;matching_signature=(6, 'AAA');border_estimator=center_window_kmer_jsd;estimator=center_jsd;window=48;search_radius=24;kmer=2;top_ratio=0.25;score_scale=4.0;motif_weight=0.0;motif_radius=12;score_normalization=train_quantile;raw_border_score=0.188429;border_score=0.939933",0.2050081193447113,0.2272714525461197,0.5677204728126526
test_Seq_2691,2,2,"benchmark=nucleotide_transformer_downstream_tasks;dataset=splice_sites_all;matching=kmer_balanced;matching_signature=(7, 'AAA');border_estimator=center_window_kmer_jsd;estimator=center_jsd;window=48;search_radius=24;kmer=2;top_ratio=0.25;score_scale=4.0;motif_weight=0.0;motif_radius=12;score_normalization=train_quantile;raw_border_score=0.192334;border_score=0.950556",0.2169433981180191,0.23847651481628418,0.5445801019668579
test_Seq_2792,2,2,"benchmark=nucleotide_transformer_downstream_tasks;dataset=splice_sites_all;matching=kmer_balanced;matching_signature=(11, 'CCC');border_estimator=center_window_kmer_jsd;estimator=center_jsd;window=48;search_radius=24;kmer=2;top_ratio=0.25;score_scale=4.0;motif_weight=0.0;motif_radius=12;score_normalization=train_quantile;raw_border_score=0.152985;border_score=0.853400",0.2946280837059021,0.3140237629413605,0.39134812355041504
test_Seq_721,0,2,"benchmark=nucleotide_transformer_downstream_tasks;dataset=splice_sites_all;matching=kmer_balanced;matching_signature=(6, 'AAA');border_estimator=center_window_kmer_jsd;estimator=center_jsd;window=48;search_radius=24;kmer=2;top_ratio=0.25;score_scale=4.0;motif_weight=0.0;motif_radius=12;score_normalization=train_quantile;raw_border_score=0.316209;border_score=1.158422",0.23134258389472961,0.2535165250301361,0.515140950679779
test_Seq_540,0,2,"benchmark=nucleotide_transformer_downstream_tasks;dataset=splice_sites_all;matching=kmer_balanced;matching_signature=(6, 'AAA');border_estimator=center_window_kmer_jsd;estimator=center_jsd;window=48;search_radius=24;kmer=2;top_ratio=0.25;score_scale=4.0;motif_weight=0.0;motif_radius=12;score_normalization=train_quantile;raw_border_score=0.280205;border_score=1.124244",0.23271748423576355,0.2530544102191925,0.5142281651496887
test_Seq_343,0,2,"benchmark=nucleotide_transformer_downstream_tasks;dataset=splice_sites_all;matching=kmer_balanced;matching_signature=(9, 'TCA');border_estimator=center_window_kmer_jsd;estimator=center_jsd;window=48;search_radius=24;kmer=2;top_ratio=0.25;score_scale=4.0;motif_weight=0.0;motif_radius=12;score_normalization=train_quantile;raw_border_score=0.206623;border_score=0.987533",0.3064360022544861,0.32601022720336914,0.3675537109375
test_Seq_1231,1,2,"benchmark=nucleotide_transformer_downstream_tasks;dataset=splice_sites_all;matching=kmer_balanced;matching_signature=(9, 'AAA');border_estimator=center_window_kmer_jsd;estimator=center_jsd;window=48;search_radius=24;kmer=2;top_ratio=0.25;score_scale=4.0;motif_weight=0.0;motif_radius=12;score_normalization=train_quantile;raw_border_score=0.227588;border_score=1.035533",0.19003929197788239,0.2175474613904953,0.5924132466316223
test_Seq_2559,2,2,"benchmark=nucleotide_transformer_downstream_tasks;dataset=splice_sites_all;matching=kmer_balanced;matching_signature=(10, 'AGG');border_estimator=center_window_kmer_jsd;estimator=center_jsd;window=48;search_radius=24;kmer=2;top_ratio=0.25;score_scale=4.0;motif_weight=0.0;motif_radius=12;score_normalization=train_quantile;raw_border_score=0.167126;border_score=0.884511",0.29159435629844666,0.31407660245895386,0.3943289816379547
test_Seq_2576,2,1,"benchmark=nucleotide_transformer_downstream_tasks;dataset=splice_sites_all;matching=kmer_balanced;matching_signature=(6, 'AAA');border_estimator=center_window_kmer_jsd;estimator=center_jsd;window=48;search_radius=24;kmer=2;top_ratio=0.25;score_scale=4.0;motif_weight=0.0;motif_radius=12;score_normalization=train_quantile;raw_border_score=0.248020;border_score=1.075311",0.34154146909713745,0.3536265790462494,0.30483198165893555
test_Seq_1653,1,1,"benchmark=nucleotide_transformer_downstream_tasks;dataset=splice_sites_all;matching=kmer_balanced;matching_signature=(10, 'TGG');border_estimator=center_window_kmer_jsd;estimator=center_jsd;window=48;search_radius=24;kmer=2;top_ratio=0.25;score_scale=4.0;motif_weight=0.0;motif_radius=12;score_normalization=train_quantile;raw_border_score=0.241850;border_score=1.062956",0.3324494957923889,0.3352695107460022,0.3322809636592865
test_Seq_1825,1,1,"benchmark=nucleotide_transformer_downstream_tasks;dataset=splice_sites_all;matching=kmer_balanced;matching_signature=(8, 'TTT');border_estimator=center_window_kmer_jsd;estimator=center_jsd;window=48;search_radius=24;kmer=2;top_ratio=0.25;score_scale=4.0;motif_weight=0.0;motif_radius=12;score_normalization=train_quantile;raw_border_score=0.188471;border_score=0.940067",0.337144672870636,0.3469263017177582,0.3159290552139282
test_Seq_2830,2,2,"benchmark=nucleotide_transformer_downstream_tasks;dataset=splice_sites_all;matching=kmer_balanced;matching_signature=(9, 'GAG');border_estimator=center_window_kmer_jsd;estimator=center_jsd;window=48;search_radius=24;kmer=2;top_ratio=0.25;score_scale=4.0;motif_weight=0.0;motif_radius=12;score_normalization=train_quantile;raw_border_score=0.181806;border_score=0.922022",0.2507682740688324,0.2745293080806732,0.4747023582458496
test_Seq_172,0,2,"benchmark=nucleotide_transformer_downstream_tasks;dataset=splice_sites_all;matching=kmer_balanced;matching_signature=(10, 'AGG');border_estimator=center_window_kmer_jsd;estimator=center_jsd;window=48;search_radius=24;kmer=2;top_ratio=0.25;score_scale=4.0;motif_weight=0.0;motif_radius=12;score_normalization=train_quantile;raw_border_score=0.224508;border_score=1.028867",0.2985532879829407,0.31606653332710266,0.38538017868995667
test_Seq_1405,1,2,"benchmark=nucleotide_transformer_downstream_tasks;dataset=splice_sites_all;matching=kmer_balanced;matching_signature=(8, 'TTT');border_estimator=center_window_kmer_jsd;estimator=center_jsd;window=48;search_radius=24;kmer=2;top_ratio=0.25;score_scale=4.0;motif_weight=0.0;motif_radius=12;score_normalization=train_quantile;raw_border_score=0.179602;border_score=0.916822",0.3014289140701294,0.31912267208099365,0.37944838404655457
test_Seq_1963,1,2,"benchmark=nucleotide_transformer_downstream_tasks;dataset=splice_sites_all;matching=kmer_balanced;matching_signature=(7, 'TTT');border_estimator=center_window_kmer_jsd;estimator=center_jsd;window=48;search_radius=24;kmer=2;top_ratio=0.25;score_scale=4.0;motif_weight=0.0;motif_radius=12;score_normalization=train_quantile;raw_border_score=0.145401;border_score=0.839444",0.27134081721305847,0.30363190174102783,0.4250272810459137
test_Seq_1999,1,2,"benchmark=nucleotide_transformer_downstream_tasks;dataset=splice_sites_all;matching=kmer_balanced;matching_signature=(7, 'TTA');border_estimator=center_window_kmer_jsd;estimator=center_jsd;window=48;search_radius=24;kmer=2;top_ratio=0.25;score_scale=4.0;motif_weight=0.0;motif_radius=12;score_normalization=train_quantile;raw_border_score=0.244941;border_score=1.069311",0.2630569040775299,0.27820247411727905,0.45874062180519104
test_Seq_1373,1,1,"benchmark=nucleotide_transformer_downstream_tasks;dataset=splice_sites_all;matching=kmer_balanced;matching_signature=(9, 'TGT');border_estimator=center_window_kmer_jsd;estimator=center_jsd;window=48;search_radius=24;kmer=2;top_ratio=0.25;score_scale=4.0;motif_weight=0.0;motif_radius=12;score_normalization=train_quantile;raw_border_score=0.273159;border_score=1.114600",0.3176051676273346,0.3423551023006439,0.34003975987434387
test_Seq_844,0,2,"benchmark=nucleotide_transformer_downstream_tasks;dataset=splice_sites_all;matching=kmer_balanced;matching_signature=(7, 'AAA');border_estimator=center_window_kmer_jsd;estimator=center_jsd;window=48;search_radius=24;kmer=2;top_ratio=0.25;score_scale=4.0;motif_weight=0.0;motif_radius=12;score_normalization=train_quantile;raw_border_score=0.299425;border_score=1.145622",0.17953307926654816,0.20567172765731812,0.6147951483726501
test_Seq_129,0,2,"benchmark=nucleotide_transformer_downstream_tasks;dataset=splice_sites_all;matching=kmer_balanced;matching_signature=(7, 'AAA');border_estimator=center_window_kmer_jsd;estimator=center_jsd;window=48;search_radius=24;kmer=2;top_ratio=0.25;score_scale=4.0;motif_weight=0.0;motif_radius=12;score_normalization=train_quantile;raw_border_score=0.150233;border_score=0.847978",0.19852811098098755,0.22803527116775513,0.5734366178512573
test_Seq_2482,2,2,"benchmark=nucleotide_transformer_downstream_tasks;dataset=splice_sites_all;matching=kmer_balanced;matching_signature=(11, 'CCC');border_estimator=center_window_kmer_jsd;estimator=center_jsd;window=48;search_radius=24;kmer=2;top_ratio=0.25;score_scale=4.0;motif_weight=0.0;motif_radius=12;score_normalization=train_quantile;raw_border_score=0.210283;border_score=0.995800",0.32539692521095276,0.3369022309780121,0.33770081400871277
test_Seq_416,0,2,"benchmark=nucleotide_transformer_downstream_tasks;dataset=splice_sites_all;matching=kmer_balanced;matching_signature=(9, 'CTG');border_estimator=center_window_kmer_jsd;estimator=center_jsd;window=48;search_radius=24;kmer=2;top_ratio=0.25;score_scale=4.0;motif_weight=0.0;motif_radius=12;score_normalization=train_quantile;raw_border_score=0.238111;border_score=1.054822",0.1825036108493805,0.20437432825565338,0.6131220459938049
test_Seq_2599,2,2,"benchmark=nucleotide_transformer_downstream_tasks;dataset=splice_sites_all;matching=kmer_balanced;matching_signature=(12, 'CCT');border_estimator=center_window_kmer_jsd;estimator=center_jsd;window=48;search_radius=24;kmer=2;top_ratio=0.25;score_scale=4.0;motif_weight=0.0;motif_radius=12;score_normalization=train_quantile;raw_border_score=0.161466;border_score=0.870156",0.29159602522850037,0.30994635820388794,0.3984576165676117
test_Seq_2731,2,2,"benchmark=nucleotide_transformer_downstream_tasks;dataset=splice_sites_all;matching=kmer_balanced;matching_signature=(12, 'GGG');border_estimator=center_window_kmer_jsd;estimator=center_jsd;window=48;search_radius=24;kmer=2;top_ratio=0.25;score_scale=4.0;motif_weight=0.0;motif_radius=12;score_normalization=train_quantile;raw_border_score=0.136350;border_score=0.827044",0.28802746534347534,0.29764947295188904,0.41432303190231323
test_Seq_2458,2,1,"benchmark=nucleotide_transformer_downstream_tasks;dataset=splice_sites_all;matching=kmer_balanced;matching_signature=(10, 'CTG');border_estimator=center_window_kmer_jsd;estimator=center_jsd;window=48;search_radius=24;kmer=2;top_ratio=0.25;score_scale=4.0;motif_weight=0.0;motif_radius=12;score_normalization=train_quantile;raw_border_score=0.167144;border_score=0.884511",0.3471374213695526,0.35434266924858093,0.29851990938186646
test_Seq_990,0,2,"benchmark=nucleotide_transformer_downstream_tasks;dataset=splice_sites_all;matching=kmer_balanced;matching_signature=(6, 'AAA');border_estimator=center_window_kmer_jsd;estimator=center_jsd;window=48;search_radius=24;kmer=2;top_ratio=0.25;score_scale=4.0;motif_weight=0.0;motif_radius=12;score_normalization=train_quantile;raw_border_score=0.198523;border_score=0.967222",0.24659903347492218,0.26947882771492004,0.48392224311828613
test_Seq_1262,1,2,"benchmark=nucleotide_transformer_downstream_tasks;dataset=splice_sites_all;matching=kmer_balanced;matching_signature=(8, 'TTT');border_estimator=center_window_kmer_jsd;estimator=center_jsd;window=48;search_radius=24;kmer=2;top_ratio=0.25;score_scale=4.0;motif_weight=0.0;motif_radius=12;score_normalization=train_quantile;raw_border_score=0.181555;border_score=0.921667",0.31876152753829956,0.33611956238746643,0.34511885046958923
test_Seq_2679,2,2,"benchmark=nucleotide_transformer_downstream_tasks;dataset=splice_sites_all;matching=kmer_balanced;matching_signature=(10, 'CCT');border_estimator=center_window_kmer_jsd;estimator=center_jsd;window=48;search_radius=24;kmer=2;top_ratio=0.25;score_scale=4.0;motif_weight=0.0;motif_radius=12;score_normalization=train_quantile;raw_border_score=0.245533;border_score=1.070156",0.13157910108566284,0.14436013996601105,0.7240607738494873
test_Seq_338,0,2,"benchmark=nucleotide_transformer_downstream_tasks;dataset=splice_sites_all;matching=kmer_balanced;matching_signature=(11, 'CCC');border_estimator=center_window_kmer_jsd;estimator=center_jsd;window=48;search_radius=24;kmer=2;top_ratio=0.25;score_scale=4.0;motif_weight=0.0;motif_radius=12;score_normalization=train_quantile;raw_border_score=0.257918;border_score=1.092156",0.2972189784049988,0.30787089467048645,0.39491006731987
test_Seq_2802,2,2,"benchmark=nucleotide_transformer_downstream_tasks;dataset=splice_sites_all;matching=kmer_balanced;matching_signature=(6, 'AAA');border_estimator=center_window_kmer_jsd;estimator=center_jsd;window=48;search_radius=24;kmer=2;top_ratio=0.25;score_scale=4.0;motif_weight=0.0;motif_radius=12;score_normalization=train_quantile;raw_border_score=0.199985;border_score=0.971311",0.31544816493988037,0.3221853971481323,0.3623664081096649
test_Seq_2206,2,2,"benchmark=nucleotide_transformer_downstream_tasks;dataset=splice_sites_all;matching=kmer_balanced;matching_signature=(14, 'GGC');border_estimator=center_window_kmer_jsd;estimator=center_jsd;window=48;search_radius=24;kmer=2;top_ratio=0.25;score_scale=4.0;motif_weight=0.0;motif_radius=12;score_normalization=train_quantile;raw_border_score=0.178293;border_score=0.913844",0.2850373685359955,0.29331108927726746,0.42165154218673706
test_Seq_696,0,2,"benchmark=nucleotide_transformer_downstream_tasks;dataset=splice_sites_all;matching=kmer_balanced;matching_signature=(7, 'AAA');border_estimator=center_window_kmer_jsd;estimator=center_jsd;window=48;search_radius=24;kmer=2;top_ratio=0.25;score_scale=4.0;motif_weight=0.0;motif_radius=12;score_normalization=train_quantile;raw_border_score=0.223769;border_score=1.027711",0.29730480909347534,0.3125078082084656,0.39018741250038147
test_Seq_2368,2,2,"benchmark=nucleotide_transformer_downstream_tasks;dataset=splice_sites_all;matching=kmer_balanced;matching_signature=(9, 'TGT');border_estimator=center_window_kmer_jsd;estimator=center_jsd;window=48;search_radius=24;kmer=2;top_ratio=0.25;score_scale=4.0;motif_weight=0.0;motif_radius=12;score_normalization=train_quantile;raw_border_score=0.229166;border_score=1.038467",0.14936058223247528,0.16897493600845337,0.6816644668579102
test_Seq_968,0,2,"benchmark=nucleotide_transformer_downstream_tasks;dataset=splice_sites_all;matching=kmer_balanced;matching_signature=(7, 'TTT');border_estimator=center_window_kmer_jsd;estimator=center_jsd;window=48;search_radius=24;kmer=2;top_ratio=0.25;score_scale=4.0;motif_weight=0.0;motif_radius=12;score_normalization=train_quantile;raw_border_score=0.333598;border_score=1.168156",0.2721462547779083,0.28486302495002747,0.4429907202720642
test_Seq_448,0,0,"benchmark=nucleotide_transformer_downstream_tasks;dataset=splice_sites_all;matching=kmer_balanced;matching_signature=(13, 'GGG');border_estimator=center_window_kmer_jsd;estimator=center_jsd;window=48;search_radius=24;kmer=2;top_ratio=0.25;score_scale=4.0;motif_weight=0.0;motif_radius=12;score_normalization=train_quantile;raw_border_score=0.244921;border_score=1.069267",0.37918373942375183,0.36977821588516235,0.2510380148887634
test_Seq_2141,2,2,"benchmark=nucleotide_transformer_downstream_tasks;dataset=splice_sites_all;matching=kmer_balanced;matching_signature=(6, 'TTT');border_estimator=center_window_kmer_jsd;estimator=center_jsd;window=48;search_radius=24;kmer=2;top_ratio=0.25;score_scale=4.0;motif_weight=0.0;motif_radius=12;score_normalization=train_quantile;raw_border_score=0.278597;border_score=1.122067",0.2030836045742035,0.2217933088541031,0.5751230716705322
test_Seq_2300,2,2,"benchmark=nucleotide_transformer_downstream_tasks;dataset=splice_sites_all;matching=kmer_balanced;matching_signature=(8, 'TTT');border_estimator=center_window_kmer_jsd;estimator=center_jsd;window=48;search_radius=24;kmer=2;top_ratio=0.25;score_scale=4.0;motif_weight=0.0;motif_radius=12;score_normalization=train_quantile;raw_border_score=0.370583;border_score=1.184378",0.31367430090904236,0.3259020149707794,0.36042365431785583
test_Seq_2448,2,2,"benchmark=nucleotide_transformer_downstream_tasks;dataset=splice_sites_all;matching=kmer_balanced;matching_signature=(6, 'TTT');border_estimator=center_window_kmer_jsd;estimator=center_jsd;window=48;search_radius=24;kmer=2;top_ratio=0.25;score_scale=4.0;motif_weight=0.0;motif_radius=12;score_normalization=train_quantile;raw_border_score=0.283047;border_score=1.127889",0.23139934241771698,0.25485703349113464,0.5137435793876648
test_Seq_1723,1,2,"benchmark=nucleotide_transformer_downstream_tasks;dataset=splice_sites_all;matching=kmer_balanced;matching_signature=(7, 'TTT');border_estimator=center_window_kmer_jsd;estimator=center_jsd;window=48;search_radius=24;kmer=2;top_ratio=0.25;score_scale=4.0;motif_weight=0.0;motif_radius=12;score_normalization=train_quantile;raw_border_score=0.307695;border_score=1.151933",0.2731268107891083,0.2971482574939728,0.4297249913215637
test_Seq_2990,2,2,"benchmark=nucleotide_transformer_downstream_tasks;dataset=splice_sites_all;matching=kmer_balanced;matching_signature=(7, 'AGA');border_estimator=center_window_kmer_jsd;estimator=center_jsd;window=48;search_radius=24;kmer=2;top_ratio=0.25;score_scale=4.0;motif_weight=0.0;motif_radius=12;score_normalization=train_quantile;raw_border_score=0.252188;border_score=1.082600",0.2443566471338272,0.26694807410240173,0.488695353269577
test_Seq_2400,2,2,"benchmark=nucleotide_transformer_downstream_tasks;dataset=splice_sites_all;matching=kmer_balanced;matching_signature=(11, 'GTG');border_estimator=center_window_kmer_jsd;estimator=center_jsd;window=48;search_radius=24;kmer=2;top_ratio=0.25;score_scale=4.0;motif_weight=0.0;motif_radius=12;score_normalization=train_quantile;raw_border_score=0.349481;border_score=1.176733",0.315458208322525,0.31454387307167053,0.3699979782104492
test_Seq_894,0,2,"benchmark=nucleotide_transformer_downstream_tasks;dataset=splice_sites_all;matching=kmer_balanced;matching_signature=(6, 'TTT');border_estimator=center_window_kmer_jsd;estimator=center_jsd;window=48;search_radius=24;kmer=2;top_ratio=0.25;score_scale=4.0;motif_weight=0.0;motif_radius=12;score_normalization=train_quantile;raw_border_score=0.293844;border_score=1.139978",0.31939926743507385,0.3304509222507477,0.35014984011650085
test_Seq_2021,2,2,"benchmark=nucleotide_transformer_downstream_tasks;dataset=splice_sites_all;matching=kmer_balanced;matching_signature=(8, 'TCT');border_estimator=center_window_kmer_jsd;estimator=center_jsd;window=48;search_radius=24;kmer=2;top_ratio=0.25;score_scale=4.0;motif_weight=0.0;motif_radius=12;score_normalization=train_quantile;raw_border_score=0.122521;border_score=0.812422",0.2831416130065918,0.30431970953941345,0.41253870725631714
test_Seq_2457,2,1,"benchmark=nucleotide_transformer_downstream_tasks;dataset=splice_sites_all;matching=kmer_balanced;matching_signature=(8, 'TTT');border_estimator=center_window_kmer_jsd;estimator=center_jsd;window=48;search_radius=24;kmer=2;top_ratio=0.25;score_scale=4.0;motif_weight=0.0;motif_radius=12;score_normalization=train_quantile;raw_border_score=0.129652;border_score=0.819044",0.33463600277900696,0.3434239625930786,0.32194003462791443
test_Seq_1754,1,2,"benchmark=nucleotide_transformer_downstream_tasks;dataset=splice_sites_all;matching=kmer_balanced;matching_signature=(9, 'TTT');border_estimator=center_window_kmer_jsd;estimator=center_jsd;window=48;search_radius=24;kmer=2;top_ratio=0.25;score_scale=4.0;motif_weight=0.0;motif_radius=12;score_normalization=train_quantile;raw_border_score=0.222482;border_score=1.024289",0.3292275369167328,0.33434775471687317,0.33642470836639404
test_Seq_1636,1,2,"benchmark=nucleotide_transformer_downstream_tasks;dataset=splice_sites_all;matching=kmer_balanced;matching_signature=(12, 'CTG');border_estimator=center_window_kmer_jsd;estimator=center_jsd;window=48;search_radius=24;kmer=2;top_ratio=0.25;score_scale=4.0;motif_weight=0.0;motif_radius=12;score_normalization=train_quantile;raw_border_score=0.253093;border_score=1.084289",0.27388274669647217,0.2876381576061249,0.43847915530204773
test_Seq_458,0,2,"benchmark=nucleotide_transformer_downstream_tasks;dataset=splice_sites_all;matching=kmer_balanced;matching_signature=(12, 'CAG');border_estimator=center_window_kmer_jsd;estimator=center_jsd;window=48;search_radius=24;kmer=2;top_ratio=0.25;score_scale=4.0;motif_weight=0.0;motif_radius=12;score_normalization=train_quantile;raw_border_score=0.138198;border_score=0.829311",0.31490281224250793,0.31710612773895264,0.3679910898208618
test_Seq_189,0,2,"benchmark=nucleotide_transformer_downstream_tasks;dataset=splice_sites_all;matching=kmer_balanced;matching_signature=(6, 'TTT');border_estimator=center_window_kmer_jsd;estimator=center_jsd;window=48;search_radius=24;kmer=2;top_ratio=0.25;score_scale=4.0;motif_weight=0.0;motif_radius=12;score_normalization=train_quantile;raw_border_score=0.234153;border_score=1.047889",0.28667089343070984,0.30898067355155945,0.4043484926223755
test_Seq_2012,2,2,"benchmark=nucleotide_transformer_downstream_tasks;dataset=splice_sites_all;matching=kmer_balanced;matching_signature=(7, 'AAA');border_estimator=center_window_kmer_jsd;estimator=center_jsd;window=48;search_radius=24;kmer=2;top_ratio=0.25;score_scale=4.0;motif_weight=0.0;motif_radius=12;score_normalization=train_quantile;raw_border_score=0.197316;border_score=0.963800",0.2446879893541336,0.264084130525589,0.4912278652191162
test_Seq_181,0,2,"benchmark=nucleotide_transformer_downstream_tasks;dataset=splice_sites_all;matching=kmer_balanced;matching_signature=(8, 'TTT');border_estimator=center_window_kmer_jsd;estimator=center_jsd;window=48;search_radius=24;kmer=2;top_ratio=0.25;score_scale=4.0;motif_weight=0.0;motif_radius=12;score_normalization=train_quantile;raw_border_score=0.296549;border_score=1.142467",0.1840009242296219,0.20888982713222504,0.6071091890335083
test_Seq_2775,2,2,"benchmark=nucleotide_transformer_downstream_tasks;dataset=splice_sites_all;matching=kmer_balanced;matching_signature=(7, 'AAT');border_estimator=center_window_kmer_jsd;estimator=center_jsd;window=48;search_radius=24;kmer=2;top_ratio=0.25;score_scale=4.0;motif_weight=0.0;motif_radius=12;score_normalization=train_quantile;raw_border_score=0.239767;border_score=1.057756",0.31677964329719543,0.3405093252658844,0.34271109104156494
test_Seq_470,0,2,"benchmark=nucleotide_transformer_downstream_tasks;dataset=splice_sites_all;matching=kmer_balanced;matching_signature=(12, 'GGG');border_estimator=center_window_kmer_jsd;estimator=center_jsd;window=48;search_radius=24;kmer=2;top_ratio=0.25;score_scale=4.0;motif_weight=0.0;motif_radius=12;score_normalization=train_quantile;raw_border_score=0.217826;border_score=1.013311",0.2940567135810852,0.3112459182739258,0.394697368144989
test_Seq_2430,2,2,"benchmark=nucleotide_transformer_downstream_tasks;dataset=splice_sites_all;matching=kmer_balanced;matching_signature=(10, 'CCC');border_estimator=center_window_kmer_jsd;estimator=center_jsd;window=48;search_radius=24;kmer=2;top_ratio=0.25;score_scale=4.0;motif_weight=0.0;motif_radius=12;score_normalization=train_quantile;raw_border_score=0.163621;border_score=0.875222",0.2782200276851654,0.296074241399765,0.42570582032203674
test_Seq_1766,1,1,"benchmark=nucleotide_transformer_downstream_tasks;dataset=splice_sites_all;matching=kmer_balanced;matching_signature=(7, 'TTT');border_estimator=center_window_kmer_jsd;estimator=center_jsd;window=48;search_radius=24;kmer=2;top_ratio=0.25;score_scale=4.0;motif_weight=0.0;motif_radius=12;score_normalization=train_quantile;raw_border_score=0.119662;border_score=0.810778",0.3297063410282135,0.3431563973426819,0.3271372318267822
test_Seq_1484,1,2,"benchmark=nucleotide_transformer_downstream_tasks;dataset=splice_sites_all;matching=kmer_balanced;matching_signature=(11, 'CAG');border_estimator=center_window_kmer_jsd;estimator=center_jsd;window=48;search_radius=24;kmer=2;top_ratio=0.25;score_scale=4.0;motif_weight=0.0;motif_radius=12;score_normalization=train_quantile;raw_border_score=0.245578;border_score=1.070244",0.2922656834125519,0.30594485998153687,0.40178951621055603
test_Seq_256,0,2,"benchmark=nucleotide_transformer_downstream_tasks;dataset=splice_sites_all;matching=kmer_balanced;matching_signature=(9, 'TGG');border_estimator=center_window_kmer_jsd;estimator=center_jsd;window=48;search_radius=24;kmer=2;top_ratio=0.25;score_scale=4.0;motif_weight=0.0;motif_radius=12;score_normalization=train_quantile;raw_border_score=0.271702;border_score=1.112556",0.31685590744018555,0.3375503122806549,0.34559378027915955
test_Seq_2182,2,2,"benchmark=nucleotide_transformer_downstream_tasks;dataset=splice_sites_all;matching=kmer_balanced;matching_signature=(9, 'GAG');border_estimator=center_window_kmer_jsd;estimator=center_jsd;window=48;search_radius=24;kmer=2;top_ratio=0.25;score_scale=4.0;motif_weight=0.0;motif_radius=12;score_normalization=train_quantile;raw_border_score=0.345509;border_score=1.175089",0.15981833636760712,0.1740208864212036,0.6661607623100281
test_Seq_1182,1,2,"benchmark=nucleotide_transformer_downstream_tasks;dataset=splice_sites_all;matching=kmer_balanced;matching_signature=(7, 'AAA');border_estimator=center_window_kmer_jsd;estimator=center_jsd;window=48;search_radius=24;kmer=2;top_ratio=0.25;score_scale=4.0;motif_weight=0.0;motif_radius=12;score_normalization=train_quantile;raw_border_score=0.158408;border_score=0.863667",0.28206291794776917,0.3026914894580841,0.41524556279182434
test_Seq_607,0,2,"benchmark=nucleotide_transformer_downstream_tasks;dataset=splice_sites_all;matching=kmer_balanced;matching_signature=(9, 'TTT');border_estimator=center_window_kmer_jsd;estimator=center_jsd;window=48;search_radius=24;kmer=2;top_ratio=0.25;score_scale=4.0;motif_weight=0.0;motif_radius=12;score_normalization=train_quantile;raw_border_score=0.106458;border_score=0.804200",0.3190457820892334,0.3254391551017761,0.3555150032043457
test_Seq_691,0,2,"benchmark=nucleotide_transformer_downstream_tasks;dataset=splice_sites_all;matching=kmer_balanced;matching_signature=(8, 'GTG');border_estimator=center_window_kmer_jsd;estimator=center_jsd;window=48;search_radius=24;kmer=2;top_ratio=0.25;score_scale=4.0;motif_weight=0.0;motif_radius=12;score_normalization=train_quantile;raw_border_score=0.291852;border_score=1.138200",0.1959829032421112,0.22295419871807098,0.581062912940979
test_Seq_664,0,2,"benchmark=nucleotide_transformer_downstream_tasks;dataset=splice_sites_all;matching=kmer_balanced;matching_signature=(7, 'AAA');border_estimator=center_window_kmer_jsd;estimator=center_jsd;window=48;search_radius=24;kmer=2;top_ratio=0.25;score_scale=4.0;motif_weight=0.0;motif_radius=12;score_normalization=train_quantile;raw_border_score=0.299364;border_score=1.145622",0.3191828727722168,0.32984670996665955,0.35097041726112366
test_Seq_1227,1,2,"benchmark=nucleotide_transformer_downstream_tasks;dataset=splice_sites_all;matching=kmer_balanced;matching_signature=(5, 'TTT');border_estimator=center_window_kmer_jsd;estimator=center_jsd;window=48;search_radius=24;kmer=2;top_ratio=0.25;score_scale=4.0;motif_weight=0.0;motif_radius=12;score_normalization=train_quantile;raw_border_score=0.211738;border_score=0.999222",0.22429637610912323,0.24965110421180725,0.5260525345802307
test_Seq_520,0,2,"benchmark=nucleotide_transformer_downstream_tasks;dataset=splice_sites_all;matching=kmer_balanced;matching_signature=(9, 'CAG');border_estimator=center_window_kmer_jsd;estimator=center_jsd;window=48;search_radius=24;kmer=2;top_ratio=0.25;score_scale=4.0;motif_weight=0.0;motif_radius=12;score_normalization=train_quantile;raw_border_score=0.352024;border_score=1.177578",0.19782043993473053,0.22099538147449493,0.5811842083930969
test_Seq_270,0,2,"benchmark=nucleotide_transformer_downstream_tasks;dataset=splice_sites_all;matching=kmer_balanced;matching_signature=(7, 'TTT');border_estimator=center_window_kmer_jsd;estimator=center_jsd;window=48;search_radius=24;kmer=2;top_ratio=0.25;score_scale=4.0;motif_weight=0.0;motif_radius=12;score_normalization=train_quantile;raw_border_score=0.270305;border_score=1.110778",0.307871013879776,0.33397555351257324,0.358153373003006
test_Seq_2995,2,2,"benchmark=nucleotide_transformer_downstream_tasks;dataset=splice_sites_all;matching=kmer_balanced;matching_signature=(6, 'TTT');border_estimator=center_window_kmer_jsd;estimator=center_jsd;window=48;search_radius=24;kmer=2;top_ratio=0.25;score_scale=4.0;motif_weight=0.0;motif_radius=12;score_normalization=train_quantile;raw_border_score=0.205712;border_score=0.985622",0.2255956381559372,0.25401410460472107,0.5203902721405029
test_Seq_1303,1,2,"benchmark=nucleotide_transformer_downstream_tasks;dataset=splice_sites_all;matching=kmer_balanced;matching_signature=(6, 'TTT');border_estimator=center_window_kmer_jsd;estimator=center_jsd;window=48;search_radius=24;kmer=2;top_ratio=0.25;score_scale=4.0;motif_weight=0.0;motif_radius=12;score_normalization=train_quantile;raw_border_score=0.166620;border_score=0.883000",0.2867420017719269,0.30431562662124634,0.40894243121147156
test_Seq_1627,1,2,"benchmark=nucleotide_transformer_downstream_tasks;dataset=splice_sites_all;matching=kmer_balanced;matching_signature=(8, 'TTT');border_estimator=center_window_kmer_jsd;estimator=center_jsd;window=48;search_radius=24;kmer=2;top_ratio=0.25;score_scale=4.0;motif_weight=0.0;motif_radius=12;score_normalization=train_quantile;raw_border_score=0.246132;border_score=1.071400",0.31394657492637634,0.32833561301231384,0.3577178120613098
test_Seq_1192,1,2,"benchmark=nucleotide_transformer_downstream_tasks;dataset=splice_sites_all;matching=kmer_balanced;matching_signature=(6, 'AAA');border_estimator=center_window_kmer_jsd;estimator=center_jsd;window=48;search_radius=24;kmer=2;top_ratio=0.25;score_scale=4.0;motif_weight=0.0;motif_radius=12;score_normalization=train_quantile;raw_border_score=0.137474;border_score=0.828600",0.21518564224243164,0.23722651600837708,0.5475878715515137
test_Seq_999,0,1,"benchmark=nucleotide_transformer_downstream_tasks;dataset=splice_sites_all;matching=kmer_balanced;matching_signature=(11, 'GAG');border_estimator=center_window_kmer_jsd;estimator=center_jsd;window=48;search_radius=24;kmer=2;top_ratio=0.25;score_scale=4.0;motif_weight=0.0;motif_radius=12;score_normalization=train_quantile;raw_border_score=0.169491;border_score=0.889622",0.32970407605171204,0.3507874608039856,0.31950843334198
test_Seq_175,0,2,"benchmark=nucleotide_transformer_downstream_tasks;dataset=splice_sites_all;matching=kmer_balanced;matching_signature=(7, 'TTT');border_estimator=center_window_kmer_jsd;estimator=center_jsd;window=48;search_radius=24;kmer=2;top_ratio=0.25;score_scale=4.0;motif_weight=0.0;motif_radius=12;score_normalization=train_quantile;raw_border_score=0.250166;border_score=1.079711",0.3077457845211029,0.32936495542526245,0.36288928985595703
test_Seq_2508,2,2,"benchmark=nucleotide_transformer_downstream_tasks;dataset=splice_sites_all;matching=kmer_balanced;matching_signature=(7, 'AAA');border_estimator=center_window_kmer_jsd;estimator=center_jsd;window=48;search_radius=24;kmer=2;top_ratio=0.25;score_scale=4.0;motif_weight=0.0;motif_radius=12;score_normalization=train_quantile;raw_border_score=0.165632;border_score=0.880378",0.32054492831230164,0.32877689599990845,0.3506781756877899
test_Seq_2113,2,2,"benchmark=nucleotide_transformer_downstream_tasks;dataset=splice_sites_all;matching=kmer_balanced;matching_signature=(9, 'TTT');border_estimator=center_window_kmer_jsd;estimator=center_jsd;window=48;search_radius=24;kmer=2;top_ratio=0.25;score_scale=4.0;motif_weight=0.0;motif_radius=12;score_normalization=train_quantile;raw_border_score=0.143603;border_score=0.836644",0.14543583989143372,0.16326145827770233,0.6913027167320251
test_Seq_1596,1,2,"benchmark=nucleotide_transformer_downstream_tasks;dataset=splice_sites_all;matching=kmer_balanced;matching_signature=(9, 'TTT');border_estimator=center_window_kmer_jsd;estimator=center_jsd;window=48;search_radius=24;kmer=2;top_ratio=0.25;score_scale=4.0;motif_weight=0.0;motif_radius=12;score_normalization=train_quantile;raw_border_score=0.207564;border_score=0.989356",0.30035537481307983,0.31876951456069946,0.3808751106262207
test_Seq_835,0,2,"benchmark=nucleotide_transformer_downstream_tasks;dataset=splice_sites_all;matching=kmer_balanced;matching_signature=(7, 'TTT');border_estimator=center_window_kmer_jsd;estimator=center_jsd;window=48;search_radius=24;kmer=2;top_ratio=0.25;score_scale=4.0;motif_weight=0.0;motif_radius=12;score_normalization=train_quantile;raw_border_score=0.601539;border_score=1.199578",0.17008082568645477,0.19188104569911957,0.638038158416748
test_Seq_1110,1,2,"benchmark=nucleotide_transformer_downstream_tasks;dataset=splice_sites_all;matching=kmer_balanced;matching_signature=(7, 'TTT');border_estimator=center_window_kmer_jsd;estimator=center_jsd;window=48;search_radius=24;kmer=2;top_ratio=0.25;score_scale=4.0;motif_weight=0.0;motif_radius=12;score_normalization=train_quantile;raw_border_score=0.243847;border_score=1.067267",0.2989332973957062,0.31510403752326965,0.38596269488334656
test_Seq_197,0,2,"benchmark=nucleotide_transformer_downstream_tasks;dataset=splice_sites_all;matching=kmer_balanced;matching_signature=(13, 'CCC');border_estimator=center_window_kmer_jsd;estimator=center_jsd;window=48;search_radius=24;kmer=2;top_ratio=0.25;score_scale=4.0;motif_weight=0.0;motif_radius=12;score_normalization=train_quantile;raw_border_score=0.241489;border_score=1.061933",0.25217294692993164,0.2714279592037201,0.47639915347099304
test_Seq_1166,1,2,"benchmark=nucleotide_transformer_downstream_tasks;dataset=splice_sites_all;matching=kmer_balanced;matching_signature=(6, 'TTT');border_estimator=center_window_kmer_jsd;estimator=center_jsd;window=48;search_radius=24;kmer=2;top_ratio=0.25;score_scale=4.0;motif_weight=0.0;motif_radius=12;score_normalization=train_quantile;raw_border_score=0.210973;border_score=0.997444",0.2829418182373047,0.30813080072402954,0.40892744064331055
test_Seq_2842,2,2,"benchmark=nucleotide_transformer_downstream_tasks;dataset=splice_sites_all;matching=kmer_balanced;matching_signature=(5, 'TTT');border_estimator=center_window_kmer_jsd;estimator=center_jsd;window=48;search_radius=24;kmer=2;top_ratio=0.25;score_scale=4.0;motif_weight=0.0;motif_radius=12;score_normalization=train_quantile;raw_border_score=0.166030;border_score=0.881267",0.2579464614391327,0.2785521149635315,0.4635014235973358
test_Seq_1285,1,2,"benchmark=nucleotide_transformer_downstream_tasks;dataset=splice_sites_all;matching=kmer_balanced;matching_signature=(7, 'AAA');border_estimator=center_window_kmer_jsd;estimator=center_jsd;window=48;search_radius=24;kmer=2;top_ratio=0.25;score_scale=4.0;motif_weight=0.0;motif_radius=12;score_normalization=train_quantile;raw_border_score=0.160508;border_score=0.868333",0.2785949409008026,0.2993873357772827,0.4220176935195923
test_Seq_1402,1,2,"benchmark=nucleotide_transformer_downstream_tasks;dataset=splice_sites_all;matching=kmer_balanced;matching_signature=(7, 'AAT');border_estimator=center_window_kmer_jsd;estimator=center_jsd;window=48;search_radius=24;kmer=2;top_ratio=0.25;score_scale=4.0;motif_weight=0.0;motif_radius=12;score_normalization=train_quantile;raw_border_score=0.228253;border_score=1.036422",0.2682352662086487,0.28731805086135864,0.44444671273231506
test_Seq_546,0,2,"benchmark=nucleotide_transformer_downstream_tasks;dataset=splice_sites_all;matching=kmer_balanced;matching_signature=(6, 'TTT');border_estimator=center_window_kmer_jsd;estimator=center_jsd;window=48;search_radius=24;kmer=2;top_ratio=0.25;score_scale=4.0;motif_weight=0.0;motif_radius=12;score_normalization=train_quantile;raw_border_score=0.251932;border_score=1.082200",0.21347281336784363,0.23642177879810333,0.5501054525375366
test_Seq_83,0,2,"benchmark=nucleotide_transformer_downstream_tasks;dataset=splice_sites_all;matching=kmer_balanced;matching_signature=(5, 'TTT');border_estimator=center_window_kmer_jsd;estimator=center_jsd;window=48;search_radius=24;kmer=2;top_ratio=0.25;score_scale=4.0;motif_weight=0.0;motif_radius=12;score_normalization=train_quantile;raw_border_score=0.219133;border_score=1.016644",0.29391682147979736,0.3113417625427246,0.394741415977478
test_Seq_1935,1,2,"benchmark=nucleotide_transformer_downstream_tasks;dataset=splice_sites_all;matching=kmer_balanced;matching_signature=(8, 'TTT');border_estimator=center_window_kmer_jsd;estimator=center_jsd;window=48;search_radius=24;kmer=2;top_ratio=0.25;score_scale=4.0;motif_weight=0.0;motif_radius=12;score_normalization=train_quantile;raw_border_score=0.196164;border_score=0.960422",0.23974329233169556,0.27324149012565613,0.4870152473449707
test_Seq_709,0,2,"benchmark=nucleotide_transformer_downstream_tasks;dataset=splice_sites_all;matching=kmer_balanced;matching_signature=(8, 'TTT');border_estimator=center_window_kmer_jsd;estimator=center_jsd;window=48;search_radius=24;kmer=2;top_ratio=0.25;score_scale=4.0;motif_weight=0.0;motif_radius=12;score_normalization=train_quantile;raw_border_score=0.217732;border_score=1.013089",0.30584537982940674,0.3272608518600464,0.3668937087059021
test_Seq_480,0,2,"benchmark=nucleotide_transformer_downstream_tasks;dataset=splice_sites_all;matching=kmer_balanced;matching_signature=(6, 'AAA');border_estimator=center_window_kmer_jsd;estimator=center_jsd;window=48;search_radius=24;kmer=2;top_ratio=0.25;score_scale=4.0;motif_weight=0.0;motif_radius=12;score_normalization=train_quantile;raw_border_score=0.276328;border_score=1.118911",0.25873059034347534,0.27360281348228455,0.4676665663719177
test_Seq_1044,1,2,"benchmark=nucleotide_transformer_downstream_tasks;dataset=splice_sites_all;matching=kmer_balanced;matching_signature=(8, 'TTT');border_estimator=center_window_kmer_jsd;estimator=center_jsd;window=48;search_radius=24;kmer=2;top_ratio=0.25;score_scale=4.0;motif_weight=0.0;motif_radius=12;score_normalization=train_quantile;raw_border_score=0.200737;border_score=0.972822",0.28147003054618835,0.3010241389274597,0.4175058603286743
test_Seq_2797,2,2,"benchmark=nucleotide_transformer_downstream_tasks;dataset=splice_sites_all;matching=kmer_balanced;matching_signature=(8, 'TTT');border_estimator=center_window_kmer_jsd;estimator=center_jsd;window=48;search_radius=24;kmer=2;top_ratio=0.25;score_scale=4.0;motif_weight=0.0;motif_radius=12;score_normalization=train_quantile;raw_border_score=0.159802;border_score=0.867178",0.3064364492893219,0.32148540019989014,0.37207818031311035
test_Seq_2404,2,1,"benchmark=nucleotide_transformer_downstream_tasks;dataset=splice_sites_all;matching=kmer_balanced;matching_signature=(11, 'GGG');border_estimator=center_window_kmer_jsd;estimator=center_jsd;window=48;search_radius=24;kmer=2;top_ratio=0.25;score_scale=4.0;motif_weight=0.0;motif_radius=12;score_normalization=train_quantile;raw_border_score=0.187262;border_score=0.936689",0.32934170961380005,0.3380667269229889,0.33259156346321106
test_Seq_1803,1,2,"benchmark=nucleotide_transformer_downstream_tasks;dataset=splice_sites_all;matching=kmer_balanced;matching_signature=(6, 'AAA');border_estimator=center_window_kmer_jsd;estimator=center_jsd;window=48;search_radius=24;kmer=2;top_ratio=0.25;score_scale=4.0;motif_weight=0.0;motif_radius=12;score_normalization=train_quantile;raw_border_score=0.182129;border_score=0.922600",0.21756352484226227,0.2461143136024475,0.5363221764564514
test_Seq_154,0,2,"benchmark=nucleotide_transformer_downstream_tasks;dataset=splice_sites_all;matching=kmer_balanced;matching_signature=(8, 'TTT');border_estimator=center_window_kmer_jsd;estimator=center_jsd;window=48;search_radius=24;kmer=2;top_ratio=0.25;score_scale=4.0;motif_weight=0.0;motif_radius=12;score_normalization=train_quantile;raw_border_score=0.241723;border_score=1.062689",0.27258461713790894,0.2993258833885193,0.42808952927589417
test_Seq_707,0,2,"benchmark=nucleotide_transformer_downstream_tasks;dataset=splice_sites_all;matching=kmer_balanced;matching_signature=(12, 'CTG');border_estimator=center_window_kmer_jsd;estimator=center_jsd;window=48;search_radius=24;kmer=2;top_ratio=0.25;score_scale=4.0;motif_weight=0.0;motif_radius=12;score_normalization=train_quantile;raw_border_score=0.192497;border_score=0.950956",0.3161708116531372,0.32878562808036804,0.35504353046417236
test_Seq_689,0,2,"benchmark=nucleotide_transformer_downstream_tasks;dataset=splice_sites_all;matching=kmer_balanced;matching_signature=(5, 'TTT');border_estimator=center_window_kmer_jsd;estimator=center_jsd;window=48;search_radius=24;kmer=2;top_ratio=0.25;score_scale=4.0;motif_weight=0.0;motif_radius=12;score_normalization=train_quantile;raw_border_score=0.219260;border_score=1.017000",0.2920779585838318,0.3184612989425659,0.3894607424736023
test_Seq_614,0,2,"benchmark=nucleotide_transformer_downstream_tasks;dataset=splice_sites_all;matching=kmer_balanced;matching_signature=(8, 'TTT');border_estimator=center_window_kmer_jsd;estimator=center_jsd;window=48;search_radius=24;kmer=2;top_ratio=0.25;score_scale=4.0;motif_weight=0.0;motif_radius=12;score_normalization=train_quantile;raw_border_score=0.293742;border_score=1.139933",0.31589993834495544,0.3317236602306366,0.35237646102905273
test_Seq_812,0,2,"benchmark=nucleotide_transformer_downstream_tasks;dataset=splice_sites_all;matching=kmer_balanced;matching_signature=(7, 'AAA');border_estimator=center_window_kmer_jsd;estimator=center_jsd;window=48;search_radius=24;kmer=2;top_ratio=0.25;score_scale=4.0;motif_weight=0.0;motif_radius=12;score_normalization=train_quantile;raw_border_score=0.259453;border_score=1.094689",0.2534711956977844,0.27283963561058044,0.47368916869163513
test_Seq_1712,1,2,"benchmark=nucleotide_transformer_downstream_tasks;dataset=splice_sites_all;matching=kmer_balanced;matching_signature=(8, 'TCT');border_estimator=center_window_kmer_jsd;estimator=center_jsd;window=48;search_radius=24;kmer=2;top_ratio=0.25;score_scale=4.0;motif_weight=0.0;motif_radius=12;score_normalization=train_quantile;raw_border_score=0.223236;border_score=1.026378",0.2854349911212921,0.3036423325538635,0.4109226167201996
test_Seq_631,0,2,"benchmark=nucleotide_transformer_downstream_tasks;dataset=splice_sites_all;matching=kmer_balanced;matching_signature=(10, 'CTC');border_estimator=center_window_kmer_jsd;estimator=center_jsd;window=48;search_radius=24;kmer=2;top_ratio=0.25;score_scale=4.0;motif_weight=0.0;motif_radius=12;score_normalization=train_quantile;raw_border_score=0.323421;border_score=1.162956",0.2204475849866867,0.24059134721755981,0.5389609932899475
test_Seq_2693,2,1,"benchmark=nucleotide_transformer_downstream_tasks;dataset=splice_sites_all;matching=kmer_balanced;matching_signature=(8, 'AGA');border_estimator=center_window_kmer_jsd;estimator=center_jsd;window=48;search_radius=24;kmer=2;top_ratio=0.25;score_scale=4.0;motif_weight=0.0;motif_radius=12;score_normalization=train_quantile;raw_border_score=0.189033;border_score=0.941489",0.35517460107803345,0.36872267723083496,0.276102751493454
test_Seq_1668,1,2,"benchmark=nucleotide_transformer_downstream_tasks;dataset=splice_sites_all;matching=kmer_balanced;matching_signature=(6, 'AAA');border_estimator=center_window_kmer_jsd;estimator=center_jsd;window=48;search_radius=24;kmer=2;top_ratio=0.25;score_scale=4.0;motif_weight=0.0;motif_radius=12;score_normalization=train_quantile;raw_border_score=0.274379;border_score=1.116422",0.3028929531574249,0.3151819705963135,0.3819250762462616
test_Seq_933,0,2,"benchmark=nucleotide_transformer_downstream_tasks;dataset=splice_sites_all;matching=kmer_balanced;matching_signature=(13, 'CCC');border_estimator=center_window_kmer_jsd;estimator=center_jsd;window=48;search_radius=24;kmer=2;top_ratio=0.25;score_scale=4.0;motif_weight=0.0;motif_radius=12;score_normalization=train_quantile;raw_border_score=0.268327;border_score=1.107533",0.2887848913669586,0.3026489019393921,0.4085662066936493
test_Seq_1164,1,2,"benchmark=nucleotide_transformer_downstream_tasks;dataset=splice_sites_all;matching=kmer_balanced;matching_signature=(7, 'AAA');border_estimator=center_window_kmer_jsd;estimator=center_jsd;window=48;search_radius=24;kmer=2;top_ratio=0.25;score_scale=4.0;motif_weight=0.0;motif_radius=12;score_normalization=train_quantile;raw_border_score=0.217579;border_score=1.012689",0.26742374897003174,0.28911006450653076,0.4434661865234375
test_Seq_301,0,2,"benchmark=nucleotide_transformer_downstream_tasks;dataset=splice_sites_all;matching=kmer_balanced;matching_signature=(8, 'TTT');border_estimator=center_window_kmer_jsd;estimator=center_jsd;window=48;search_radius=24;kmer=2;top_ratio=0.25;score_scale=4.0;motif_weight=0.0;motif_radius=12;score_normalization=train_quantile;raw_border_score=0.197060;border_score=0.963000",0.2292451709508896,0.2528776526451111,0.5178772211074829
test_Seq_1617,1,2,"benchmark=nucleotide_transformer_downstream_tasks;dataset=splice_sites_all;matching=kmer_balanced;matching_signature=(9, 'GGG');border_estimator=center_window_kmer_jsd;estimator=center_jsd;window=48;search_radius=24;kmer=2;top_ratio=0.25;score_scale=4.0;motif_weight=0.0;motif_radius=12;score_normalization=train_quantile;raw_border_score=0.096339;border_score=0.802022",0.2814525067806244,0.3017455041408539,0.4168020486831665
test_Seq_950,0,2,"benchmark=nucleotide_transformer_downstream_tasks;dataset=splice_sites_all;matching=kmer_balanced;matching_signature=(6, 'AAA');border_estimator=center_window_kmer_jsd;estimator=center_jsd;window=48;search_radius=24;kmer=2;top_ratio=0.25;score_scale=4.0;motif_weight=0.0;motif_radius=12;score_normalization=train_quantile;raw_border_score=0.241697;border_score=1.062511",0.23671507835388184,0.2626178562641144,0.5006670355796814
test_Seq_2493,2,2,"benchmark=nucleotide_transformer_downstream_tasks;dataset=splice_sites_all;matching=kmer_balanced;matching_signature=(13, 'CCC');border_estimator=center_window_kmer_jsd;estimator=center_jsd;window=48;search_radius=24;kmer=2;top_ratio=0.25;score_scale=4.0;motif_weight=0.0;motif_radius=12;score_normalization=train_quantile;raw_border_score=0.216548;border_score=1.010467",0.2935892641544342,0.30490073561668396,0.4015100300312042
test_Seq_2759,2,2,"benchmark=nucleotide_transformer_downstream_tasks;dataset=splice_sites_all;matching=kmer_balanced;matching_signature=(6, 'TTT');border_estimator=center_window_kmer_jsd;estimator=center_jsd;window=48;search_radius=24;kmer=2;top_ratio=0.25;score_scale=4.0;motif_weight=0.0;motif_radius=12;score_normalization=train_quantile;raw_border_score=0.177830;border_score=0.912956",0.2518932819366455,0.27190351486206055,0.47620314359664917
test_Seq_885,0,2,"benchmark=nucleotide_transformer_downstream_tasks;dataset=splice_sites_all;matching=kmer_balanced;matching_signature=(9, 'GGG');border_estimator=center_window_kmer_jsd;estimator=center_jsd;window=48;search_radius=24;kmer=2;top_ratio=0.25;score_scale=4.0;motif_weight=0.0;motif_radius=12;score_normalization=train_quantile;raw_border_score=0.241430;border_score=1.061800",0.2921122610569,0.31025779247283936,0.3976299464702606
test_Seq_1536,1,1,"benchmark=nucleotide_transformer_downstream_tasks;dataset=splice_sites_all;matching=kmer_balanced;matching_signature=(9, 'CAG');border_estimator=center_window_kmer_jsd;estimator=center_jsd;window=48;search_radius=24;kmer=2;top_ratio=0.25;score_scale=4.0;motif_weight=0.0;motif_radius=12;score_normalization=train_quantile;raw_border_score=0.197503;border_score=0.964289",0.34195682406425476,0.34881284832954407,0.30923032760620117
test_Seq_2758,2,1,"benchmark=nucleotide_transformer_downstream_tasks;dataset=splice_sites_all;matching=kmer_balanced;matching_signature=(8, 'AAA');border_estimator=center_window_kmer_jsd;estimator=center_jsd;window=48;search_radius=24;kmer=2;top_ratio=0.25;score_scale=4.0;motif_weight=0.0;motif_radius=12;score_normalization=train_quantile;raw_border_score=0.165056;border_score=0.879222",0.3333270847797394,0.3417385220527649,0.3249343931674957
test_Seq_2968,2,2,"benchmark=nucleotide_transformer_downstream_tasks;dataset=splice_sites_all;matching=kmer_balanced;matching_signature=(7, 'TTT');border_estimator=center_window_kmer_jsd;estimator=center_jsd;window=48;search_radius=24;kmer=2;top_ratio=0.25;score_scale=4.0;motif_weight=0.0;motif_radius=12;score_normalization=train_quantile;raw_border_score=0.134651;border_score=0.824778",0.23913496732711792,0.2702867388725281,0.490578293800354
test_Seq_1541,1,1,"benchmark=nucleotide_transformer_downstream_tasks;dataset=splice_sites_all;matching=kmer_balanced;matching_signature=(9, 'GAA');border_estimator=center_window_kmer_jsd;estimator=center_jsd;window=48;search_radius=24;kmer=2;top_ratio=0.25;score_scale=4.0;motif_weight=0.0;motif_radius=12;score_normalization=train_quantile;raw_border_score=0.116170;border_score=0.808822",0.3473985195159912,0.3548731803894043,0.2977282702922821
test_Seq_280,0,2,"benchmark=nucleotide_transformer_downstream_tasks;dataset=splice_sites_all;matching=kmer_balanced;matching_signature=(10, 'CCA');border_estimator=center_window_kmer_jsd;estimator=center_jsd;window=48;search_radius=24;kmer=2;top_ratio=0.25;score_scale=4.0;motif_weight=0.0;motif_radius=12;score_normalization=train_quantile;raw_border_score=0.240810;border_score=1.060778",0.31436392664909363,0.3204968571662903,0.3651392459869385
test_Seq_90,0,2,"benchmark=nucleotide_transformer_downstream_tasks;dataset=splice_sites_all;matching=kmer_balanced;matching_signature=(8, 'TTT');border_estimator=center_window_kmer_jsd;estimator=center_jsd;window=48;search_radius=24;kmer=2;top_ratio=0.25;score_scale=4.0;motif_weight=0.0;motif_radius=12;score_normalization=train_quantile;raw_border_score=0.195389;border_score=0.958244",0.3054763972759247,0.3270413279533386,0.3674823045730591
test_Seq_282,0,2,"benchmark=nucleotide_transformer_downstream_tasks;dataset=splice_sites_all;matching=kmer_balanced;matching_signature=(9, 'TTT');border_estimator=center_window_kmer_jsd;estimator=center_jsd;window=48;search_radius=24;kmer=2;top_ratio=0.25;score_scale=4.0;motif_weight=0.0;motif_radius=12;score_normalization=train_quantile;raw_border_score=0.142225;border_score=0.834378",0.3030270040035248,0.31078416109085083,0.3861888349056244
test_Seq_1768,1,2,"benchmark=nucleotide_transformer_downstream_tasks;dataset=splice_sites_all;matching=kmer_balanced;matching_signature=(9, 'TTT');border_estimator=center_window_kmer_jsd;estimator=center_jsd;window=48;search_radius=24;kmer=2;top_ratio=0.25;score_scale=4.0;motif_weight=0.0;motif_radius=12;score_normalization=train_quantile;raw_border_score=0.121241;border_score=0.811800",0.3070681691169739,0.3300652801990509,0.36286652088165283
test_Seq_1127,1,2,"benchmark=nucleotide_transformer_downstream_tasks;dataset=splice_sites_all;matching=kmer_balanced;matching_signature=(6, 'TTT');border_estimator=center_window_kmer_jsd;estimator=center_jsd;window=48;search_radius=24;kmer=2;top_ratio=0.25;score_scale=4.0;motif_weight=0.0;motif_radius=12;score_normalization=train_quantile;raw_border_score=0.219688;border_score=1.017756",0.25355708599090576,0.2824057340621948,0.46403712034225464
test_Seq_904,0,2,"benchmark=nucleotide_transformer_downstream_tasks;dataset=splice_sites_all;matching=kmer_balanced;matching_signature=(12, 'GGG');border_estimator=center_window_kmer_jsd;estimator=center_jsd;window=48;search_radius=24;kmer=2;top_ratio=0.25;score_scale=4.0;motif_weight=0.0;motif_radius=12;score_normalization=train_quantile;raw_border_score=0.295731;border_score=1.141444",0.31433621048927307,0.3239646852016449,0.3616991341114044
test_Seq_1015,1,2,"benchmark=nucleotide_transformer_downstream_tasks;dataset=splice_sites_all;matching=kmer_balanced;matching_signature=(7, 'TTT');border_estimator=center_window_kmer_jsd;estimator=center_jsd;window=48;search_radius=24;kmer=2;top_ratio=0.25;score_scale=4.0;motif_weight=0.0;motif_radius=12;score_normalization=train_quantile;raw_border_score=0.309174;border_score=1.153311",0.29747945070266724,0.3176862895488739,0.38483431935310364
test_Seq_761,0,2,"benchmark=nucleotide_transformer_downstream_tasks;dataset=splice_sites_all;matching=kmer_balanced;matching_signature=(10, 'TTT');border_estimator=center_window_kmer_jsd;estimator=center_jsd;window=48;search_radius=24;kmer=2;top_ratio=0.25;score_scale=4.0;motif_weight=0.0;motif_radius=12;score_normalization=train_quantile;raw_border_score=0.272454;border_score=1.113933",0.22831177711486816,0.24955826997756958,0.522130012512207
test_Seq_2036,2,2,"benchmark=nucleotide_transformer_downstream_tasks;dataset=splice_sites_all;matching=kmer_balanced;matching_signature=(11, 'CTG');border_estimator=center_window_kmer_jsd;estimator=center_jsd;window=48;search_radius=24;kmer=2;top_ratio=0.25;score_scale=4.0;motif_weight=0.0;motif_radius=12;score_normalization=train_quantile;raw_border_score=0.134187;border_score=0.824289",0.3200135827064514,0.3317423462867737,0.3482440710067749
test_Seq_304,0,2,"benchmark=nucleotide_transformer_downstream_tasks;dataset=splice_sites_all;matching=kmer_balanced;matching_signature=(8, 'AAA');border_estimator=center_window_kmer_jsd;estimator=center_jsd;window=48;search_radius=24;kmer=2;top_ratio=0.25;score_scale=4.0;motif_weight=0.0;motif_radius=12;score_normalization=train_quantile;raw_border_score=0.238258;border_score=1.055000",0.23264144361019135,0.24286331236362457,0.5244952440261841
test_Seq_1671,1,1,"benchmark=nucleotide_transformer_downstream_tasks;dataset=splice_sites_all;matching=kmer_balanced;matching_signature=(8, 'TTT');border_estimator=center_window_kmer_jsd;estimator=center_jsd;window=48;search_radius=24;kmer=2;top_ratio=0.25;score_scale=4.0;motif_weight=0.0;motif_radius=12;score_normalization=train_quantile;raw_border_score=0.284507;border_score=1.129756",0.3520059287548065,0.3627920150756836,0.2852020561695099
test_Seq_1386,1,2,"benchmark=nucleotide_transformer_downstream_tasks;dataset=splice_sites_all;matching=kmer_balanced;matching_signature=(7, 'TTT');border_estimator=center_window_kmer_jsd;estimator=center_jsd;window=48;search_radius=24;kmer=2;top_ratio=0.25;score_scale=4.0;motif_weight=0.0;motif_radius=12;score_normalization=train_quantile;raw_border_score=0.331544;border_score=1.167089",0.31151703000068665,0.32537147402763367,0.3631115257740021
test_Seq_1610,1,2,"benchmark=nucleotide_transformer_downstream_tasks;dataset=splice_sites_all;matching=kmer_balanced;matching_signature=(6, 'TTT');border_estimator=center_window_kmer_jsd;estimator=center_jsd;window=48;search_radius=24;kmer=2;top_ratio=0.25;score_scale=4.0;motif_weight=0.0;motif_radius=12;score_normalization=train_quantile;raw_border_score=0.187540;border_score=0.937356",0.30455347895622253,0.3221813142299652,0.37326520681381226
test_Seq_2699,2,1,"benchmark=nucleotide_transformer_downstream_tasks;dataset=splice_sites_all;matching=kmer_balanced;matching_signature=(8, 'TTT');border_estimator=center_window_kmer_jsd;estimator=center_jsd;window=48;search_radius=24;kmer=2;top_ratio=0.25;score_scale=4.0;motif_weight=0.0;motif_radius=12;score_normalization=train_quantile;raw_border_score=0.264716;border_score=1.103000",0.335577130317688,0.3590989410877228,0.30532392859458923
test_Seq_1491,1,2,"benchmark=nucleotide_transformer_downstream_tasks;dataset=splice_sites_all;matching=kmer_balanced;matching_signature=(13, 'CCC');border_estimator=center_window_kmer_jsd;estimator=center_jsd;window=48;search_radius=24;kmer=2;top_ratio=0.25;score_scale=4.0;motif_weight=0.0;motif_radius=12;score_normalization=train_quantile;raw_border_score=0.119416;border_score=0.810556",0.217953622341156,0.234895259141922,0.5471511483192444
test_Seq_203,0,2,"benchmark=nucleotide_transformer_downstream_tasks;dataset=splice_sites_all;matching=kmer_balanced;matching_signature=(8, 'GAA');border_estimator=center_window_kmer_jsd;estimator=center_jsd;window=48;search_radius=24;kmer=2;top_ratio=0.25;score_scale=4.0;motif_weight=0.0;motif_radius=12;score_normalization=train_quantile;raw_border_score=0.271860;border_score=1.113000",0.3198782205581665,0.33627110719680786,0.34385067224502563
test_Seq_1952,1,2,"benchmark=nucleotide_transformer_downstream_tasks;dataset=splice_sites_all;matching=kmer_balanced;matching_signature=(8, 'TTT');border_estimator=center_window_kmer_jsd;estimator=center_jsd;window=48;search_radius=24;kmer=2;top_ratio=0.25;score_scale=4.0;motif_weight=0.0;motif_radius=12;score_normalization=train_quantile;raw_border_score=0.266366;border_score=1.105133",0.22012977302074432,0.23992307484149933,0.5399471521377563
test_Seq_534,0,2,"benchmark=nucleotide_transformer_downstream_tasks;dataset=splice_sites_all;matching=kmer_balanced;matching_signature=(8, 'AAA');border_estimator=center_window_kmer_jsd;estimator=center_jsd;window=48;search_radius=24;kmer=2;top_ratio=0.25;score_scale=4.0;motif_weight=0.0;motif_radius=12;score_normalization=train_quantile;raw_border_score=0.196238;border_score=0.960689",0.28841838240623474,0.3054254949092865,0.40615609288215637
test_Seq_931,0,2,"benchmark=nucleotide_transformer_downstream_tasks;dataset=splice_sites_all;matching=kmer_balanced;matching_signature=(9, 'TTT');border_estimator=center_window_kmer_jsd;estimator=center_jsd;window=48;search_radius=24;kmer=2;top_ratio=0.25;score_scale=4.0;motif_weight=0.0;motif_radius=12;score_normalization=train_quantile;raw_border_score=0.275104;border_score=1.117444",0.2917998135089874,0.3171272873878479,0.3910728394985199
test_Seq_770,0,2,"benchmark=nucleotide_transformer_downstream_tasks;dataset=splice_sites_all;matching=kmer_balanced;matching_signature=(10, 'CTC');border_estimator=center_window_kmer_jsd;estimator=center_jsd;window=48;search_radius=24;kmer=2;top_ratio=0.25;score_scale=4.0;motif_weight=0.0;motif_radius=12;score_normalization=train_quantile;raw_border_score=0.192890;border_score=0.951667",0.3049694001674652,0.31676924228668213,0.37826138734817505
test_Seq_349,0,1,"benchmark=nucleotide_transformer_downstream_tasks;dataset=splice_sites_all;matching=kmer_balanced;matching_signature=(10, 'GAG');border_estimator=center_window_kmer_jsd;estimator=center_jsd;window=48;search_radius=24;kmer=2;top_ratio=0.25;score_scale=4.0;motif_weight=0.0;motif_radius=12;score_normalization=train_quantile;raw_border_score=0.256668;border_score=1.090022",0.3655513525009155,0.36575332283973694,0.2686953544616699
test_Seq_1185,1,1,"benchmark=nucleotide_transformer_downstream_tasks;dataset=splice_sites_all;matching=kmer_balanced;matching_signature=(8, 'AAA');border_estimator=center_window_kmer_jsd;estimator=center_jsd;window=48;search_radius=24;kmer=2;top_ratio=0.25;score_scale=4.0;motif_weight=0.0;motif_radius=12;score_normalization=train_quantile;raw_border_score=0.199902;border_score=0.971000",0.3290448486804962,0.3398464322090149,0.3311087191104889
test_Seq_2852,2,2,"benchmark=nucleotide_transformer_downstream_tasks;dataset=splice_sites_all;matching=kmer_balanced;matching_signature=(10, 'TTT');border_estimator=center_window_kmer_jsd;estimator=center_jsd;window=48;search_radius=24;kmer=2;top_ratio=0.25;score_scale=4.0;motif_weight=0.0;motif_radius=12;score_normalization=train_quantile;raw_border_score=0.192847;border_score=0.951622",0.10157356411218643,0.11518450826406479,0.7832419276237488
test_Seq_2816,2,2,"benchmark=nucleotide_transformer_downstream_tasks;dataset=splice_sites_all;matching=kmer_balanced;matching_signature=(8, 'GAA');border_estimator=center_window_kmer_jsd;estimator=center_jsd;window=48;search_radius=24;kmer=2;top_ratio=0.25;score_scale=4.0;motif_weight=0.0;motif_radius=12;score_normalization=train_quantile;raw_border_score=0.128851;border_score=0.818289",0.26873210072517395,0.2853996455669403,0.44586825370788574
test_Seq_1277,1,2,"benchmark=nucleotide_transformer_downstream_tasks;dataset=splice_sites_all;matching=kmer_balanced;matching_signature=(6, 'TTT');border_estimator=center_window_kmer_jsd;estimator=center_jsd;window=48;search_radius=24;kmer=2;top_ratio=0.25;score_scale=4.0;motif_weight=0.0;motif_radius=12;score_normalization=train_quantile;raw_border_score=0.132562;border_score=0.822244",0.278421550989151,0.3043794631958008,0.4171990156173706
test_Seq_1367,1,1,"benchmark=nucleotide_transformer_downstream_tasks;dataset=splice_sites_all;matching=kmer_balanced;matching_signature=(8, 'TTT');border_estimator=center_window_kmer_jsd;estimator=center_jsd;window=48;search_radius=24;kmer=2;top_ratio=0.25;score_scale=4.0;motif_weight=0.0;motif_radius=12;score_normalization=train_quantile;raw_border_score=0.226440;border_score=1.032600",0.325215220451355,0.338042676448822,0.336742103099823
test_Seq_2053,2,2,"benchmark=nucleotide_transformer_downstream_tasks;dataset=splice_sites_all;matching=kmer_balanced;matching_signature=(9, 'TCT');border_estimator=center_window_kmer_jsd;estimator=center_jsd;window=48;search_radius=24;kmer=2;top_ratio=0.25;score_scale=4.0;motif_weight=0.0;motif_radius=12;score_normalization=train_quantile;raw_border_score=0.180934;border_score=0.920200",0.23505271971225739,0.250143438577652,0.5148038864135742
test_Seq_1934,1,2,"benchmark=nucleotide_transformer_downstream_tasks;dataset=splice_sites_all;matching=kmer_balanced;matching_signature=(7, 'AAA');border_estimator=center_window_kmer_jsd;estimator=center_jsd;window=48;search_radius=24;kmer=2;top_ratio=0.25;score_scale=4.0;motif_weight=0.0;motif_radius=12;score_normalization=train_quantile;raw_border_score=0.375090;border_score=1.185489",0.24525874853134155,0.263928085565567,0.4908131957054138
test_Seq_122,0,2,"benchmark=nucleotide_transformer_downstream_tasks;dataset=splice_sites_all;matching=kmer_balanced;matching_signature=(9, 'TTT');border_estimator=center_window_kmer_jsd;estimator=center_jsd;window=48;search_radius=24;kmer=2;top_ratio=0.25;score_scale=4.0;motif_weight=0.0;motif_radius=12;score_normalization=train_quantile;raw_border_score=0.239802;border_score=1.057800",0.12515564262866974,0.1422392725944519,0.7326050996780396
test_Seq_1114,1,2,"benchmark=nucleotide_transformer_downstream_tasks;dataset=splice_sites_all;matching=kmer_balanced;matching_signature=(5, 'TTT');border_estimator=center_window_kmer_jsd;estimator=center_jsd;window=48;search_radius=24;kmer=2;top_ratio=0.25;score_scale=4.0;motif_weight=0.0;motif_radius=12;score_normalization=train_quantile;raw_border_score=0.244856;border_score=1.069000",0.19458255171775818,0.21996979415416718,0.5854476094245911
test_Seq_2159,2,2,"benchmark=nucleotide_transformer_downstream_tasks;dataset=splice_sites_all;matching=kmer_balanced;matching_signature=(5, 'TTT');border_estimator=center_window_kmer_jsd;estimator=center_jsd;window=48;search_radius=24;kmer=2;top_ratio=0.25;score_scale=4.0;motif_weight=0.0;motif_radius=12;score_normalization=train_quantile;raw_border_score=0.145252;border_score=0.839311",0.18507353961467743,0.2065243273973465,0.6084020733833313
test_Seq_1011,1,2,"benchmark=nucleotide_transformer_downstream_tasks;dataset=splice_sites_all;matching=kmer_balanced;matching_signature=(7, 'TTT');border_estimator=center_window_kmer_jsd;estimator=center_jsd;window=48;search_radius=24;kmer=2;top_ratio=0.25;score_scale=4.0;motif_weight=0.0;motif_radius=12;score_normalization=train_quantile;raw_border_score=0.224307;border_score=1.028511",0.2999017834663391,0.3177051842212677,0.3823930025100708
test_Seq_2617,2,2,"benchmark=nucleotide_transformer_downstream_tasks;dataset=splice_sites_all;matching=kmer_balanced;matching_signature=(8, 'AAA');border_estimator=center_window_kmer_jsd;estimator=center_jsd;window=48;search_radius=24;kmer=2;top_ratio=0.25;score_scale=4.0;motif_weight=0.0;motif_radius=12;score_normalization=train_quantile;raw_border_score=0.355495;border_score=1.179000",0.1361725926399231,0.1539236307144165,0.7099037766456604
test_Seq_161,0,2,"benchmark=nucleotide_transformer_downstream_tasks;dataset=splice_sites_all;matching=kmer_balanced;matching_signature=(11, 'GGG');border_estimator=center_window_kmer_jsd;estimator=center_jsd;window=48;search_radius=24;kmer=2;top_ratio=0.25;score_scale=4.0;motif_weight=0.0;motif_radius=12;score_normalization=train_quantile;raw_border_score=0.339706;border_score=1.171711",0.3072282075881958,0.32084688544273376,0.3719249367713928
test_Seq_846,0,2,"benchmark=nucleotide_transformer_downstream_tasks;dataset=splice_sites_all;matching=kmer_balanced;matching_signature=(9, 'TTT');border_estimator=center_window_kmer_jsd;estimator=center_jsd;window=48;search_radius=24;kmer=2;top_ratio=0.25;score_scale=4.0;motif_weight=0.0;motif_radius=12;score_normalization=train_quantile;raw_border_score=0.230107;border_score=1.039978",0.1846369504928589,0.2112850695848465,0.6040779948234558
test_Seq_2135,2,2,"benchmark=nucleotide_transformer_downstream_tasks;dataset=splice_sites_all;matching=kmer_balanced;matching_signature=(6, 'TTT');border_estimator=center_window_kmer_jsd;estimator=center_jsd;window=48;search_radius=24;kmer=2;top_ratio=0.25;score_scale=4.0;motif_weight=0.0;motif_radius=12;score_normalization=train_quantile;raw_border_score=0.185174;border_score=0.931044",0.21719063818454742,0.23898977041244507,0.5438196063041687
test_Seq_2061,2,2,"benchmark=nucleotide_transformer_downstream_tasks;dataset=splice_sites_all;matching=kmer_balanced;matching_signature=(10, 'TGT');border_estimator=center_window_kmer_jsd;estimator=center_jsd;window=48;search_radius=24;kmer=2;top_ratio=0.25;score_scale=4.0;motif_weight=0.0;motif_radius=12;score_normalization=train_quantile;raw_border_score=0.223885;border_score=1.027978",0.24664828181266785,0.262730211019516,0.4906214475631714
test_Seq_2737,2,2,"benchmark=nucleotide_transformer_downstream_tasks;dataset=splice_sites_all;matching=kmer_balanced;matching_signature=(7, 'TTT');border_estimator=center_window_kmer_jsd;estimator=center_jsd;window=48;search_radius=24;kmer=2;top_ratio=0.25;score_scale=4.0;motif_weight=0.0;motif_radius=12;score_normalization=train_quantile;raw_border_score=0.276999;border_score=1.119844",0.26569101214408875,0.28730452060699463,0.447004497051239
test_Seq_268,0,2,"benchmark=nucleotide_transformer_downstream_tasks;dataset=splice_sites_all;matching=kmer_balanced;matching_signature=(10, 'GGG');border_estimator=center_window_kmer_jsd;estimator=center_jsd;window=48;search_radius=24;kmer=2;top_ratio=0.25;score_scale=4.0;motif_weight=0.0;motif_radius=12;score_normalization=train_quantile;raw_border_score=0.191180;border_score=0.947444",0.2738172113895416,0.29206061363220215,0.434122234582901
test_Seq_2258,2,0,"benchmark=nucleotide_transformer_downstream_tasks;dataset=splice_sites_all;matching=kmer_balanced;matching_signature=(12, 'CTG');border_estimator=center_window_kmer_jsd;estimator=center_jsd;window=48;search_radius=24;kmer=2;top_ratio=0.25;score_scale=4.0;motif_weight=0.0;motif_radius=12;score_normalization=train_quantile;raw_border_score=0.265874;border_score=1.104778",0.35543718934059143,0.35330796241760254,0.29125484824180603
test_Seq_355,0,1,"benchmark=nucleotide_transformer_downstream_tasks;dataset=splice_sites_all;matching=kmer_balanced;matching_signature=(8, 'TTT');border_estimator=center_window_kmer_jsd;estimator=center_jsd;window=48;search_radius=24;kmer=2;top_ratio=0.25;score_scale=4.0;motif_weight=0.0;motif_radius=12;score_normalization=train_quantile;raw_border_score=0.485342;border_score=1.197667",0.37209469079971313,0.38658860325813293,0.24131672084331512
test_Seq_942,0,2,"benchmark=nucleotide_transformer_downstream_tasks;dataset=splice_sites_all;matching=kmer_balanced;matching_signature=(9, 'AAA');border_estimator=center_window_kmer_jsd;estimator=center_jsd;window=48;search_radius=24;kmer=2;top_ratio=0.25;score_scale=4.0;motif_weight=0.0;motif_radius=12;score_normalization=train_quantile;raw_border_score=0.156228;border_score=0.859756",0.27120620012283325,0.29341140389442444,0.4353823661804199
test_Seq_1904,1,1,"benchmark=nucleotide_transformer_downstream_tasks;dataset=splice_sites_all;matching=kmer_balanced;matching_signature=(8, 'TTT');border_estimator=center_window_kmer_jsd;estimator=center_jsd;window=48;search_radius=24;kmer=2;top_ratio=0.25;score_scale=4.0;motif_weight=0.0;motif_radius=12;score_normalization=train_quantile;raw_border_score=0.269204;border_score=1.108822",0.3411267399787903,0.3578217625617981,0.3010514974594116
test_Seq_748,0,2,"benchmark=nucleotide_transformer_downstream_tasks;dataset=splice_sites_all;matching=kmer_balanced;matching_signature=(7, 'TTT');border_estimator=center_window_kmer_jsd;estimator=center_jsd;window=48;search_radius=24;kmer=2;top_ratio=0.25;score_scale=4.0;motif_weight=0.0;motif_radius=12;score_normalization=train_quantile;raw_border_score=0.134441;border_score=0.824511",0.2436528354883194,0.27447637915611267,0.48187074065208435
test_Seq_149,0,2,"benchmark=nucleotide_transformer_downstream_tasks;dataset=splice_sites_all;matching=kmer_balanced;matching_signature=(14, 'GGC');border_estimator=center_window_kmer_jsd;estimator=center_jsd;window=48;search_radius=24;kmer=2;top_ratio=0.25;score_scale=4.0;motif_weight=0.0;motif_radius=12;score_normalization=train_quantile;raw_border_score=0.131132;border_score=0.820644",0.31057316064834595,0.31280606985092163,0.3766208291053772
test_Seq_711,0,2,"benchmark=nucleotide_transformer_downstream_tasks;dataset=splice_sites_all;matching=kmer_balanced;matching_signature=(7, 'TTT');border_estimator=center_window_kmer_jsd;estimator=center_jsd;window=48;search_radius=24;kmer=2;top_ratio=0.25;score_scale=4.0;motif_weight=0.0;motif_radius=12;score_normalization=train_quantile;raw_border_score=0.189765;border_score=0.943578",0.2655171751976013,0.2843780815601349,0.450104683637619
test_Seq_1342,1,2,"benchmark=nucleotide_transformer_downstream_tasks;dataset=splice_sites_all;matching=kmer_balanced;matching_signature=(6, 'TTT');border_estimator=center_window_kmer_jsd;estimator=center_jsd;window=48;search_radius=24;kmer=2;top_ratio=0.25;score_scale=4.0;motif_weight=0.0;motif_radius=12;score_normalization=train_quantile;raw_border_score=0.242202;border_score=1.064067",0.1904028058052063,0.21978925168514252,0.58980792760849
test_Seq_1514,1,1,"benchmark=nucleotide_transformer_downstream_tasks;dataset=splice_sites_all;matching=kmer_balanced;matching_signature=(7, 'TGT');border_estimator=center_window_kmer_jsd;estimator=center_jsd;window=48;search_radius=24;kmer=2;top_ratio=0.25;score_scale=4.0;motif_weight=0.0;motif_radius=12;score_normalization=train_quantile;raw_border_score=0.210114;border_score=0.995267",0.3592589199542999,0.37143632769584656,0.2693047523498535
test_Seq_2140,2,2,"benchmark=nucleotide_transformer_downstream_tasks;dataset=splice_sites_all;matching=kmer_balanced;matching_signature=(12, 'GGG');border_estimator=center_window_kmer_jsd;estimator=center_jsd;window=48;search_radius=24;kmer=2;top_ratio=0.25;score_scale=4.0;motif_weight=0.0;motif_radius=12;score_normalization=train_quantile;raw_border_score=0.236919;border_score=1.052422",0.28715962171554565,0.30235254764556885,0.4104878306388855
test_Seq_739,0,1,"benchmark=nucleotide_transformer_downstream_tasks;dataset=splice_sites_all;matching=kmer_balanced;matching_signature=(9, 'CTG');border_estimator=center_window_kmer_jsd;estimator=center_jsd;window=48;search_radius=24;kmer=2;top_ratio=0.25;score_scale=4.0;motif_weight=0.0;motif_radius=12;score_normalization=train_quantile;raw_border_score=0.297996;border_score=1.143667",0.33917534351348877,0.3513749837875366,0.3094497323036194
test_Seq_1228,1,2,"benchmark=nucleotide_transformer_downstream_tasks;dataset=splice_sites_all;matching=kmer_balanced;matching_signature=(7, 'AAA');border_estimator=center_window_kmer_jsd;estimator=center_jsd;window=48;search_radius=24;kmer=2;top_ratio=0.25;score_scale=4.0;motif_weight=0.0;motif_radius=12;score_normalization=train_quantile;raw_border_score=0.166286;border_score=0.882022",0.21656303107738495,0.2369907945394516,0.5464461445808411
test_Seq_2607,2,1,"benchmark=nucleotide_transformer_downstream_tasks;dataset=splice_sites_all;matching=kmer_balanced;matching_signature=(8, 'TTT');border_estimator=center_window_kmer_jsd;estimator=center_jsd;window=48;search_radius=24;kmer=2;top_ratio=0.25;score_scale=4.0;motif_weight=0.0;motif_radius=12;score_normalization=train_quantile;raw_border_score=0.191945;border_score=0.949444",0.3572152853012085,0.36312076449394226,0.27966392040252686
test_Seq_1034,1,2,"benchmark=nucleotide_transformer_downstream_tasks;dataset=splice_sites_all;matching=kmer_balanced;matching_signature=(9, 'TCT');border_estimator=center_window_kmer_jsd;estimator=center_jsd;window=48;search_radius=24;kmer=2;top_ratio=0.25;score_scale=4.0;motif_weight=0.0;motif_radius=12;score_normalization=train_quantile;raw_border_score=0.212625;border_score=1.001000",0.3146129548549652,0.3366566300392151,0.3487304151058197
test_Seq_1279,1,1,"benchmark=nucleotide_transformer_downstream_tasks;dataset=splice_sites_all;matching=kmer_balanced;matching_signature=(7, 'AAA');border_estimator=center_window_kmer_jsd;estimator=center_jsd;window=48;search_radius=24;kmer=2;top_ratio=0.25;score_scale=4.0;motif_weight=0.0;motif_radius=12;score_normalization=train_quantile;raw_border_score=0.224667;border_score=1.029222",0.34240099787712097,0.3557237684726715,0.30187517404556274
test_Seq_2074,2,2,"benchmark=nucleotide_transformer_downstream_tasks;dataset=splice_sites_all;matching=kmer_balanced;matching_signature=(8, 'TTT');border_estimator=center_window_kmer_jsd;estimator=center_jsd;window=48;search_radius=24;kmer=2;top_ratio=0.25;score_scale=4.0;motif_weight=0.0;motif_radius=12;score_normalization=train_quantile;raw_border_score=0.214783;border_score=1.005533",0.1614730805158615,0.18354643881320953,0.654980480670929
test_Seq_1751,1,2,"benchmark=nucleotide_transformer_downstream_tasks;dataset=splice_sites_all;matching=kmer_balanced;matching_signature=(9, 'TTT');border_estimator=center_window_kmer_jsd;estimator=center_jsd;window=48;search_radius=24;kmer=2;top_ratio=0.25;score_scale=4.0;motif_weight=0.0;motif_radius=12;score_normalization=train_quantile;raw_border_score=0.248478;border_score=1.076067",0.30091723799705505,0.329098641872406,0.36998414993286133
test_Seq_2563,2,2,"benchmark=nucleotide_transformer_downstream_tasks;dataset=splice_sites_all;matching=kmer_balanced;matching_signature=(8, 'TCT');border_estimator=center_window_kmer_jsd;estimator=center_jsd;window=48;search_radius=24;kmer=2;top_ratio=0.25;score_scale=4.0;motif_weight=0.0;motif_radius=12;score_normalization=train_quantile;raw_border_score=0.119916;border_score=0.810956",0.26721951365470886,0.2954038977622986,0.43737661838531494
test_Seq_1276,1,2,"benchmark=nucleotide_transformer_downstream_tasks;dataset=splice_sites_all;matching=kmer_balanced;matching_signature=(7, 'AAA');border_estimator=center_window_kmer_jsd;estimator=center_jsd;window=48;search_radius=24;kmer=2;top_ratio=0.25;score_scale=4.0;motif_weight=0.0;motif_radius=12;score_normalization=train_quantile;raw_border_score=0.096829;border_score=0.802111",0.20177456736564636,0.22637078166007996,0.5718545913696289
test_Seq_1632,1,2,"benchmark=nucleotide_transformer_downstream_tasks;dataset=splice_sites_all;matching=kmer_balanced;matching_signature=(10, 'GAG');border_estimator=center_window_kmer_jsd;estimator=center_jsd;window=48;search_radius=24;kmer=2;top_ratio=0.25;score_scale=4.0;motif_weight=0.0;motif_radius=12;score_normalization=train_quantile;raw_border_score=0.225340;border_score=1.030733",0.2824821174144745,0.3026866316795349,0.4148312509059906
test_Seq_1640,1,2,"benchmark=nucleotide_transformer_downstream_tasks;dataset=splice_sites_all;matching=kmer_balanced;matching_signature=(5, 'TTT');border_estimator=center_window_kmer_jsd;estimator=center_jsd;window=48;search_radius=24;kmer=2;top_ratio=0.25;score_scale=4.0;motif_weight=0.0;motif_radius=12;score_normalization=train_quantile;raw_border_score=0.253670;border_score=1.085356",0.21231643855571747,0.23425669968128204,0.5534268617630005
test_Seq_1887,1,2,"benchmark=nucleotide_transformer_downstream_tasks;dataset=splice_sites_all;matching=kmer_balanced;matching_signature=(9, 'AAA');border_estimator=center_window_kmer_jsd;estimator=center_jsd;window=48;search_radius=24;kmer=2;top_ratio=0.25;score_scale=4.0;motif_weight=0.0;motif_radius=12;score_normalization=train_quantile;raw_border_score=0.252405;border_score=1.082911",0.2375425547361374,0.25216710567474365,0.5102903246879578
test_Seq_610,0,2,"benchmark=nucleotide_transformer_downstream_tasks;dataset=splice_sites_all;matching=kmer_balanced;matching_signature=(11, 'CCC');border_estimator=center_window_kmer_jsd;estimator=center_jsd;window=48;search_radius=24;kmer=2;top_ratio=0.25;score_scale=4.0;motif_weight=0.0;motif_radius=12;score_normalization=train_quantile;raw_border_score=0.342682;border_score=1.173178",0.3159520924091339,0.3272572159767151,0.3567906618118286
test_Seq_1735,1,2,"benchmark=nucleotide_transformer_downstream_tasks;dataset=splice_sites_all;matching=kmer_balanced;matching_signature=(7, 'TTT');border_estimator=center_window_kmer_jsd;estimator=center_jsd;window=48;search_radius=24;kmer=2;top_ratio=0.25;score_scale=4.0;motif_weight=0.0;motif_radius=12;score_normalization=train_quantile;raw_border_score=0.197896;border_score=0.965400",0.270465224981308,0.29808953404426575,0.43144524097442627
test_Seq_2204,2,2,"benchmark=nucleotide_transformer_downstream_tasks;dataset=splice_sites_all;matching=kmer_balanced;matching_signature=(12, 'CTG');border_estimator=center_window_kmer_jsd;estimator=center_jsd;window=48;search_radius=24;kmer=2;top_ratio=0.25;score_scale=4.0;motif_weight=0.0;motif_radius=12;score_normalization=train_quantile;raw_border_score=0.186159;border_score=0.933578",0.3091530203819275,0.3119856119155884,0.3788614273071289
test_Seq_1872,1,2,"benchmark=nucleotide_transformer_downstream_tasks;dataset=splice_sites_all;matching=kmer_balanced;matching_signature=(6, 'TTT');border_estimator=center_window_kmer_jsd;estimator=center_jsd;window=48;search_radius=24;kmer=2;top_ratio=0.25;score_scale=4.0;motif_weight=0.0;motif_radius=12;score_normalization=train_quantile;raw_border_score=0.110502;border_score=0.805667",0.3126954734325409,0.33811283111572266,0.34919172525405884
test_Seq_425,0,2,"benchmark=nucleotide_transformer_downstream_tasks;dataset=splice_sites_all;matching=kmer_balanced;matching_signature=(9, 'AAA');border_estimator=center_window_kmer_jsd;estimator=center_jsd;window=48;search_radius=24;kmer=2;top_ratio=0.25;score_scale=4.0;motif_weight=0.0;motif_radius=12;score_normalization=train_quantile;raw_border_score=0.177616;border_score=0.912600",0.31159523129463196,0.3326955735683441,0.3557092249393463
test_Seq_612,0,2,"benchmark=nucleotide_transformer_downstream_tasks;dataset=splice_sites_all;matching=kmer_balanced;matching_signature=(8, 'TTT');border_estimator=center_window_kmer_jsd;estimator=center_jsd;window=48;search_radius=24;kmer=2;top_ratio=0.25;score_scale=4.0;motif_weight=0.0;motif_radius=12;score_normalization=train_quantile;raw_border_score=0.204824;border_score=0.983756",0.25742247700691223,0.28282955288887024,0.45974791049957275
test_Seq_557,0,2,"benchmark=nucleotide_transformer_downstream_tasks;dataset=splice_sites_all;matching=kmer_balanced;matching_signature=(11, 'GGG');border_estimator=center_window_kmer_jsd;estimator=center_jsd;window=48;search_radius=24;kmer=2;top_ratio=0.25;score_scale=4.0;motif_weight=0.0;motif_radius=12;score_normalization=train_quantile;raw_border_score=0.252031;border_score=1.082333",0.22730867564678192,0.2544785439968109,0.5182127356529236
test_Seq_804,0,2,"benchmark=nucleotide_transformer_downstream_tasks;dataset=splice_sites_all;matching=kmer_balanced;matching_signature=(5, 'TTT');border_estimator=center_window_kmer_jsd;estimator=center_jsd;window=48;search_radius=24;kmer=2;top_ratio=0.25;score_scale=4.0;motif_weight=0.0;motif_radius=12;score_normalization=train_quantile;raw_border_score=0.159537;border_score=0.866644",0.20730990171432495,0.22850123047828674,0.5641888380050659
test_Seq_2405,2,2,"benchmark=nucleotide_transformer_downstream_tasks;dataset=splice_sites_all;matching=kmer_balanced;matching_signature=(13, 'CCC');border_estimator=center_window_kmer_jsd;estimator=center_jsd;window=48;search_radius=24;kmer=2;top_ratio=0.25;score_scale=4.0;motif_weight=0.0;motif_radius=12;score_normalization=train_quantile;raw_border_score=0.224421;border_score=1.028689",0.2781422734260559,0.29328441619873047,0.42857328057289124
test_Seq_277,0,0,"benchmark=nucleotide_transformer_downstream_tasks;dataset=splice_sites_all;matching=kmer_balanced;matching_signature=(8, 'TTT');border_estimator=center_window_kmer_jsd;estimator=center_jsd;window=48;search_radius=24;kmer=2;top_ratio=0.25;score_scale=4.0;motif_weight=0.0;motif_radius=12;score_normalization=train_quantile;raw_border_score=0.140545;border_score=0.832200",0.36233603954315186,0.35544198751449585,0.2822219133377075
test_Seq_523,0,2,"benchmark=nucleotide_transformer_downstream_tasks;dataset=splice_sites_all;matching=kmer_balanced;matching_signature=(9, 'TGT');border_estimator=center_window_kmer_jsd;estimator=center_jsd;window=48;search_radius=24;kmer=2;top_ratio=0.25;score_scale=4.0;motif_weight=0.0;motif_radius=12;score_normalization=train_quantile;raw_border_score=0.147590;border_score=0.843356",0.2913993299007416,0.30587929487228394,0.4027214050292969
test_Seq_1396,1,2,"benchmark=nucleotide_transformer_downstream_tasks;dataset=splice_sites_all;matching=kmer_balanced;matching_signature=(6, 'AAA');border_estimator=center_window_kmer_jsd;estimator=center_jsd;window=48;search_radius=24;kmer=2;top_ratio=0.25;score_scale=4.0;motif_weight=0.0;motif_radius=12;score_normalization=train_quantile;raw_border_score=0.192509;border_score=0.951000",0.3153764307498932,0.329008013010025,0.3556155562400818
test_Seq_786,0,2,"benchmark=nucleotide_transformer_downstream_tasks;dataset=splice_sites_all;matching=kmer_balanced;matching_signature=(12, 'CTG');border_estimator=center_window_kmer_jsd;estimator=center_jsd;window=48;search_radius=24;kmer=2;top_ratio=0.25;score_scale=4.0;motif_weight=0.0;motif_radius=12;score_normalization=train_quantile;raw_border_score=0.160231;border_score=0.867978",0.18897855281829834,0.2124643325805664,0.5985571146011353
test_Seq_1006,1,2,"benchmark=nucleotide_transformer_downstream_tasks;dataset=splice_sites_all;matching=kmer_balanced;matching_signature=(7, 'TTT');border_estimator=center_window_kmer_jsd;estimator=center_jsd;window=48;search_radius=24;kmer=2;top_ratio=0.25;score_scale=4.0;motif_weight=0.0;motif_radius=12;score_normalization=train_quantile;raw_border_score=0.244961;border_score=1.069400",0.3189846873283386,0.33255183696746826,0.3484634757041931
test_Seq_2139,2,2,"benchmark=nucleotide_transformer_downstream_tasks;dataset=splice_sites_all;matching=kmer_balanced;matching_signature=(7, 'AAA');border_estimator=center_window_kmer_jsd;estimator=center_jsd;window=48;search_radius=24;kmer=2;top_ratio=0.25;score_scale=4.0;motif_weight=0.0;motif_radius=12;score_normalization=train_quantile;raw_border_score=0.459660;border_score=1.196289",0.17371276021003723,0.1961863785982132,0.6301009058952332
test_Seq_1616,1,2,"benchmark=nucleotide_transformer_downstream_tasks;dataset=splice_sites_all;matching=kmer_balanced;matching_signature=(6, 'TTT');border_estimator=center_window_kmer_jsd;estimator=center_jsd;window=48;search_radius=24;kmer=2;top_ratio=0.25;score_scale=4.0;motif_weight=0.0;motif_radius=12;score_normalization=train_quantile;raw_border_score=0.184979;border_score=0.930511",0.27404019236564636,0.2915075123310089,0.4344522953033447
test_Seq_561,0,2,"benchmark=nucleotide_transformer_downstream_tasks;dataset=splice_sites_all;matching=kmer_balanced;matching_signature=(10, 'CTG');border_estimator=center_window_kmer_jsd;estimator=center_jsd;window=48;search_radius=24;kmer=2;top_ratio=0.25;score_scale=4.0;motif_weight=0.0;motif_radius=12;score_normalization=train_quantile;raw_border_score=0.158358;border_score=0.863444",0.3288726210594177,0.33327019214630127,0.3378571569919586
test_Seq_1153,1,2,"benchmark=nucleotide_transformer_downstream_tasks;dataset=splice_sites_all;matching=kmer_balanced;matching_signature=(7, 'TTT');border_estimator=center_window_kmer_jsd;estimator=center_jsd;window=48;search_radius=24;kmer=2;top_ratio=0.25;score_scale=4.0;motif_weight=0.0;motif_radius=12;score_normalization=train_quantile;raw_border_score=0.156130;border_score=0.859489",0.3020024299621582,0.32645082473754883,0.37154677510261536
test_Seq_264,0,2,"benchmark=nucleotide_transformer_downstream_tasks;dataset=splice_sites_all;matching=kmer_balanced;matching_signature=(6, 'TTT');border_estimator=center_window_kmer_jsd;estimator=center_jsd;window=48;search_radius=24;kmer=2;top_ratio=0.25;score_scale=4.0;motif_weight=0.0;motif_radius=12;score_normalization=train_quantile;raw_border_score=0.194639;border_score=0.956022",0.3029616177082062,0.3218497633934021,0.3751886785030365
test_Seq_1783,1,2,"benchmark=nucleotide_transformer_downstream_tasks;dataset=splice_sites_all;matching=kmer_balanced;matching_signature=(8, 'TCT');border_estimator=center_window_kmer_jsd;estimator=center_jsd;window=48;search_radius=24;kmer=2;top_ratio=0.25;score_scale=4.0;motif_weight=0.0;motif_radius=12;score_normalization=train_quantile;raw_border_score=0.187850;border_score=0.938378",0.30016571283340454,0.32628002762794495,0.3735542595386505
test_Seq_2440,2,1,"benchmark=nucleotide_transformer_downstream_tasks;dataset=splice_sites_all;matching=kmer_balanced;matching_signature=(10, 'CAG');border_estimator=center_window_kmer_jsd;estimator=center_jsd;window=48;search_radius=24;kmer=2;top_ratio=0.25;score_scale=4.0;motif_weight=0.0;motif_radius=12;score_normalization=train_quantile;raw_border_score=0.196818;border_score=0.962289",0.3543175458908081,0.3552606999874115,0.2904217839241028
test_Seq_1217,1,2,"benchmark=nucleotide_transformer_downstream_tasks;dataset=splice_sites_all;matching=kmer_balanced;matching_signature=(6, 'AAA');border_estimator=center_window_kmer_jsd;estimator=center_jsd;window=48;search_radius=24;kmer=2;top_ratio=0.25;score_scale=4.0;motif_weight=0.0;motif_radius=12;score_normalization=train_quantile;raw_border_score=0.260140;border_score=1.095978",0.22960376739501953,0.25785335898399353,0.5125429034233093
test_Seq_1969,1,2,"benchmark=nucleotide_transformer_downstream_tasks;dataset=splice_sites_all;matching=kmer_balanced;matching_signature=(10, 'TGT');border_estimator=center_window_kmer_jsd;estimator=center_jsd;window=48;search_radius=24;kmer=2;top_ratio=0.25;score_scale=4.0;motif_weight=0.0;motif_radius=12;score_normalization=train_quantile;raw_border_score=0.242491;border_score=1.064778",0.29131650924682617,0.3165111541748047,0.39217230677604675
test_Seq_274,0,2,"benchmark=nucleotide_transformer_downstream_tasks;dataset=splice_sites_all;matching=kmer_balanced;matching_signature=(12, 'CAG');border_estimator=center_window_kmer_jsd;estimator=center_jsd;window=48;search_radius=24;kmer=2;top_ratio=0.25;score_scale=4.0;motif_weight=0.0;motif_radius=12;score_normalization=train_quantile;raw_border_score=0.108657;border_score=0.805000",0.30971646308898926,0.3132479190826416,0.37703561782836914
test_Seq_2909,2,2,"benchmark=nucleotide_transformer_downstream_tasks;dataset=splice_sites_all;matching=kmer_balanced;matching_signature=(6, 'AAT');border_estimator=center_window_kmer_jsd;estimator=center_jsd;window=48;search_radius=24;kmer=2;top_ratio=0.25;score_scale=4.0;motif_weight=0.0;motif_radius=12;score_normalization=train_quantile;raw_border_score=0.180603;border_score=0.919311",0.19184976816177368,0.21040166914463043,0.5977485179901123
test_Seq_1696,1,2,"benchmark=nucleotide_transformer_downstream_tasks;dataset=splice_sites_all;matching=kmer_balanced;matching_signature=(7, 'TGT');border_estimator=center_window_kmer_jsd;estimator=center_jsd;window=48;search_radius=24;kmer=2;top_ratio=0.25;score_scale=4.0;motif_weight=0.0;motif_radius=12;score_normalization=train_quantile;raw_border_score=0.214666;border_score=1.005400",0.20829983055591583,0.2310318648815155,0.5606683492660522
test_Seq_1718,1,2,"benchmark=nucleotide_transformer_downstream_tasks;dataset=splice_sites_all;matching=kmer_balanced;matching_signature=(11, 'TGG');border_estimator=center_window_kmer_jsd;estimator=center_jsd;window=48;search_radius=24;kmer=2;top_ratio=0.25;score_scale=4.0;motif_weight=0.0;motif_radius=12;score_normalization=train_quantile;raw_border_score=0.192000;border_score=0.949667",0.32013916969299316,0.3270553946495056,0.3528054356575012
test_Seq_2715,2,2,"benchmark=nucleotide_transformer_downstream_tasks;dataset=splice_sites_all;matching=kmer_balanced;matching_signature=(6, 'TTT');border_estimator=center_window_kmer_jsd;estimator=center_jsd;window=48;search_radius=24;kmer=2;top_ratio=0.25;score_scale=4.0;motif_weight=0.0;motif_radius=12;score_normalization=train_quantile;raw_border_score=0.130050;border_score=0.819356",0.20373336970806122,0.2240314930677414,0.5722350478172302
test_Seq_1160,1,2,"benchmark=nucleotide_transformer_downstream_tasks;dataset=splice_sites_all;matching=kmer_balanced;matching_signature=(9, 'CTC');border_estimator=center_window_kmer_jsd;estimator=center_jsd;window=48;search_radius=24;kmer=2;top_ratio=0.25;score_scale=4.0;motif_weight=0.0;motif_radius=12;score_normalization=train_quantile;raw_border_score=0.199179;border_score=0.968867",0.28682008385658264,0.3028852343559265,0.41029465198516846
test_Seq_2825,2,2,"benchmark=nucleotide_transformer_downstream_tasks;dataset=splice_sites_all;matching=kmer_balanced;matching_signature=(13, 'GGG');border_estimator=center_window_kmer_jsd;estimator=center_jsd;window=48;search_radius=24;kmer=2;top_ratio=0.25;score_scale=4.0;motif_weight=0.0;motif_radius=12;score_normalization=train_quantile;raw_border_score=0.195341;border_score=0.958022",0.3259319067001343,0.33209773898124695,0.3419703543186188
test_Seq_1137,1,1,"benchmark=nucleotide_transformer_downstream_tasks;dataset=splice_sites_all;matching=kmer_balanced;matching_signature=(9, 'GTG');border_estimator=center_window_kmer_jsd;estimator=center_jsd;window=48;search_radius=24;kmer=2;top_ratio=0.25;score_scale=4.0;motif_weight=0.0;motif_radius=12;score_normalization=train_quantile;raw_border_score=0.219745;border_score=1.018067",0.3319817781448364,0.348558247089386,0.3194599151611328
test_Seq_1457,1,2,"benchmark=nucleotide_transformer_downstream_tasks;dataset=splice_sites_all;matching=kmer_balanced;matching_signature=(10, 'TGG');border_estimator=center_window_kmer_jsd;estimator=center_jsd;window=48;search_radius=24;kmer=2;top_ratio=0.25;score_scale=4.0;motif_weight=0.0;motif_radius=12;score_normalization=train_quantile;raw_border_score=0.180231;border_score=0.918467",0.28987622261047363,0.3031570613384247,0.4069667160511017
test_Seq_1728,1,2,"benchmark=nucleotide_transformer_downstream_tasks;dataset=splice_sites_all;matching=kmer_balanced;matching_signature=(10, 'TCC');border_estimator=center_window_kmer_jsd;estimator=center_jsd;window=48;search_radius=24;kmer=2;top_ratio=0.25;score_scale=4.0;motif_weight=0.0;motif_radius=12;score_normalization=train_quantile;raw_border_score=0.171558;border_score=0.895178",0.2415546029806137,0.26305583119392395,0.49538958072662354
test_Seq_539,0,2,"benchmark=nucleotide_transformer_downstream_tasks;dataset=splice_sites_all;matching=kmer_balanced;matching_signature=(13, 'GGG');border_estimator=center_window_kmer_jsd;estimator=center_jsd;window=48;search_radius=24;kmer=2;top_ratio=0.25;score_scale=4.0;motif_weight=0.0;motif_radius=12;score_normalization=train_quantile;raw_border_score=0.249223;border_score=1.077667",0.28385454416275024,0.28790482878685,0.4282405972480774
test_Seq_1946,1,2,"benchmark=nucleotide_transformer_downstream_tasks;dataset=splice_sites_all;matching=kmer_balanced;matching_signature=(8, 'AAA');border_estimator=center_window_kmer_jsd;estimator=center_jsd;window=48;search_radius=24;kmer=2;top_ratio=0.25;score_scale=4.0;motif_weight=0.0;motif_radius=12;score_normalization=train_quantile;raw_border_score=0.396882;border_score=1.189400",0.3003036677837372,0.30900177359580994,0.3906945288181305
test_Seq_798,0,1,"benchmark=nucleotide_transformer_downstream_tasks;dataset=splice_sites_all;matching=kmer_balanced;matching_signature=(11, 'CCA');border_estimator=center_window_kmer_jsd;estimator=center_jsd;window=48;search_radius=24;kmer=2;top_ratio=0.25;score_scale=4.0;motif_weight=0.0;motif_radius=12;score_normalization=train_quantile;raw_border_score=0.221154;border_score=1.021711",0.33890461921691895,0.33892741799354553,0.3221679627895355
test_Seq_923,0,1,"benchmark=nucleotide_transformer_downstream_tasks;dataset=splice_sites_all;matching=kmer_balanced;matching_signature=(7, 'TTT');border_estimator=center_window_kmer_jsd;estimator=center_jsd;window=48;search_radius=24;kmer=2;top_ratio=0.25;score_scale=4.0;motif_weight=0.0;motif_radius=12;score_normalization=train_quantile;raw_border_score=0.258860;border_score=1.093533",0.348731130361557,0.3641909658908844,0.2870778739452362
test_Seq_116,0,2,"benchmark=nucleotide_transformer_downstream_tasks;dataset=splice_sites_all;matching=kmer_balanced;matching_signature=(7, 'TTT');border_estimator=center_window_kmer_jsd;estimator=center_jsd;window=48;search_radius=24;kmer=2;top_ratio=0.25;score_scale=4.0;motif_weight=0.0;motif_radius=12;score_normalization=train_quantile;raw_border_score=0.217050;border_score=1.011578",0.2862001061439514,0.32140281796455383,0.39239707589149475
test_Seq_1489,1,2,"benchmark=nucleotide_transformer_downstream_tasks;dataset=splice_sites_all;matching=kmer_balanced;matching_signature=(7, 'TTT');border_estimator=center_window_kmer_jsd;estimator=center_jsd;window=48;search_radius=24;kmer=2;top_ratio=0.25;score_scale=4.0;motif_weight=0.0;motif_radius=12;score_normalization=train_quantile;raw_border_score=0.153248;border_score=0.853844",0.31749555468559265,0.332051545381546,0.35045287013053894
test_Seq_1225,1,2,"benchmark=nucleotide_transformer_downstream_tasks;dataset=splice_sites_all;matching=kmer_balanced;matching_signature=(7, 'TTT');border_estimator=center_window_kmer_jsd;estimator=center_jsd;window=48;search_radius=24;kmer=2;top_ratio=0.25;score_scale=4.0;motif_weight=0.0;motif_radius=12;score_normalization=train_quantile;raw_border_score=0.204859;border_score=0.983844",0.21340739727020264,0.24023184180259705,0.5463607907295227
test_Seq_623,0,2,"benchmark=nucleotide_transformer_downstream_tasks;dataset=splice_sites_all;matching=kmer_balanced;matching_signature=(9, 'TTT');border_estimator=center_window_kmer_jsd;estimator=center_jsd;window=48;search_radius=24;kmer=2;top_ratio=0.25;score_scale=4.0;motif_weight=0.0;motif_radius=12;score_normalization=train_quantile;raw_border_score=0.185874;border_score=0.932822",0.23844102025032043,0.26498696208000183,0.49657195806503296
test_Seq_2201,2,2,"benchmark=nucleotide_transformer_downstream_tasks;dataset=splice_sites_all;matching=kmer_balanced;matching_signature=(7, 'TTT');border_estimator=center_window_kmer_jsd;estimator=center_jsd;window=48;search_radius=24;kmer=2;top_ratio=0.25;score_scale=4.0;motif_weight=0.0;motif_radius=12;score_normalization=train_quantile;raw_border_score=0.278296;border_score=1.121800",0.3166988492012024,0.33486872911453247,0.34843236207962036
test_Seq_2985,2,2,"benchmark=nucleotide_transformer_downstream_tasks;dataset=splice_sites_all;matching=kmer_balanced;matching_signature=(9, 'TTT');border_estimator=center_window_kmer_jsd;estimator=center_jsd;window=48;search_radius=24;kmer=2;top_ratio=0.25;score_scale=4.0;motif_weight=0.0;motif_radius=12;score_normalization=train_quantile;raw_border_score=0.173934;border_score=0.901844",0.30383753776550293,0.32331085205078125,0.3728516101837158
test_Seq_2224,2,2,"benchmark=nucleotide_transformer_downstream_tasks;dataset=splice_sites_all;matching=kmer_balanced;matching_signature=(10, 'TGG');border_estimator=center_window_kmer_jsd;estimator=center_jsd;window=48;search_radius=24;kmer=2;top_ratio=0.25;score_scale=4.0;motif_weight=0.0;motif_radius=12;score_normalization=train_quantile;raw_border_score=0.185686;border_score=0.932467",0.2527044117450714,0.2750190496444702,0.47227659821510315
test_Seq_103,0,2,"benchmark=nucleotide_transformer_downstream_tasks;dataset=splice_sites_all;matching=kmer_balanced;matching_signature=(6, 'TTT');border_estimator=center_window_kmer_jsd;estimator=center_jsd;window=48;search_radius=24;kmer=2;top_ratio=0.25;score_scale=4.0;motif_weight=0.0;motif_radius=12;score_normalization=train_quantile;raw_border_score=0.168608;border_score=0.887578",0.300346702337265,0.31870484352111816,0.38094842433929443
test_Seq_1256,1,2,"benchmark=nucleotide_transformer_downstream_tasks;dataset=splice_sites_all;matching=kmer_balanced;matching_signature=(6, 'TTT');border_estimator=center_window_kmer_jsd;estimator=center_jsd;window=48;search_radius=24;kmer=2;top_ratio=0.25;score_scale=4.0;motif_weight=0.0;motif_radius=12;score_normalization=train_quantile;raw_border_score=0.387647;border_score=1.188022",0.3083648681640625,0.32309383153915405,0.36854130029678345
test_Seq_2305,2,1,"benchmark=nucleotide_transformer_downstream_tasks;dataset=splice_sites_all;matching=kmer_balanced;matching_signature=(11, 'GGG');border_estimator=center_window_kmer_jsd;estimator=center_jsd;window=48;search_radius=24;kmer=2;top_ratio=0.25;score_scale=4.0;motif_weight=0.0;motif_radius=12;score_normalization=train_quantile;raw_border_score=0.221177;border_score=1.021800",0.33842650055885315,0.3482406437397003,0.31333282589912415
test_Seq_857,0,2,"benchmark=nucleotide_transformer_downstream_tasks;dataset=splice_sites_all;matching=kmer_balanced;matching_signature=(8, 'AAA');border_estimator=center_window_kmer_jsd;estimator=center_jsd;window=48;search_radius=24;kmer=2;top_ratio=0.25;score_scale=4.0;motif_weight=0.0;motif_radius=12;score_normalization=train_quantile;raw_border_score=0.245755;border_score=1.070733",0.28121665120124817,0.30478525161743164,0.4139980971813202
test_Seq_2471,2,2,"benchmark=nucleotide_transformer_downstream_tasks;dataset=splice_sites_all;matching=kmer_balanced;matching_signature=(8, 'TTT');border_estimator=center_window_kmer_jsd;estimator=center_jsd;window=48;search_radius=24;kmer=2;top_ratio=0.25;score_scale=4.0;motif_weight=0.0;motif_radius=12;score_normalization=train_quantile;raw_border_score=0.204343;border_score=0.982600",0.16773465275764465,0.1908421814441681,0.6414231657981873
test_Seq_184,0,1,"benchmark=nucleotide_transformer_downstream_tasks;dataset=splice_sites_all;matching=kmer_balanced;matching_signature=(8, 'AAA');border_estimator=center_window_kmer_jsd;estimator=center_jsd;window=48;search_radius=24;kmer=2;top_ratio=0.25;score_scale=4.0;motif_weight=0.0;motif_radius=12;score_normalization=train_quantile;raw_border_score=0.259358;border_score=1.094467",0.3552638590335846,0.36492571234703064,0.27981042861938477
test_Seq_1163,1,2,"benchmark=nucleotide_transformer_downstream_tasks;dataset=splice_sites_all;matching=kmer_balanced;matching_signature=(7, 'TTT');border_estimator=center_window_kmer_jsd;estimator=center_jsd;window=48;search_radius=24;kmer=2;top_ratio=0.25;score_scale=4.0;motif_weight=0.0;motif_radius=12;score_normalization=train_quantile;raw_border_score=0.282061;border_score=1.126467",0.29728230834007263,0.317468523979187,0.38524922728538513
test_Seq_1553,1,1,"benchmark=nucleotide_transformer_downstream_tasks;dataset=splice_sites_all;matching=kmer_balanced;matching_signature=(6, 'TTT');border_estimator=center_window_kmer_jsd;estimator=center_jsd;window=48;search_radius=24;kmer=2;top_ratio=0.25;score_scale=4.0;motif_weight=0.0;motif_radius=12;score_normalization=train_quantile;raw_border_score=0.181391;border_score=0.921356",0.3205868601799011,0.3402455747127533,0.3391675651073456
test_Seq_2975,2,2,"benchmark=nucleotide_transformer_downstream_tasks;dataset=splice_sites_all;matching=kmer_balanced;matching_signature=(6, 'TTT');border_estimator=center_window_kmer_jsd;estimator=center_jsd;window=48;search_radius=24;kmer=2;top_ratio=0.25;score_scale=4.0;motif_weight=0.0;motif_radius=12;score_normalization=train_quantile;raw_border_score=0.144669;border_score=0.838156",0.2497289478778839,0.273744136095047,0.4765268862247467
test_Seq_2056,2,2,"benchmark=nucleotide_transformer_downstream_tasks;dataset=splice_sites_all;matching=kmer_balanced;matching_signature=(6, 'TTT');border_estimator=center_window_kmer_jsd;estimator=center_jsd;window=48;search_radius=24;kmer=2;top_ratio=0.25;score_scale=4.0;motif_weight=0.0;motif_radius=12;score_normalization=train_quantile;raw_border_score=0.236723;border_score=1.052244",0.22479058802127838,0.254116952419281,0.5210924744606018
test_Seq_443,0,2,"benchmark=nucleotide_transformer_downstream_tasks;dataset=splice_sites_all;matching=kmer_balanced;matching_signature=(11, 'GGG');border_estimator=center_window_kmer_jsd;estimator=center_jsd;window=48;search_radius=24;kmer=2;top_ratio=0.25;score_scale=4.0;motif_weight=0.0;motif_radius=12;score_normalization=train_quantile;raw_border_score=0.118558;border_score=0.810067",0.27877312898635864,0.2997846007347107,0.4214422404766083
test_Seq_1878,1,2,"benchmark=nucleotide_transformer_downstream_tasks;dataset=splice_sites_all;matching=kmer_balanced;matching_signature=(7, 'TTT');border_estimator=center_window_kmer_jsd;estimator=center_jsd;window=48;search_radius=24;kmer=2;top_ratio=0.25;score_scale=4.0;motif_weight=0.0;motif_radius=12;score_normalization=train_quantile;raw_border_score=0.226886;border_score=1.034022",0.1981908529996872,0.2246702015399933,0.5771389007568359
test_Seq_1094,1,1,"benchmark=nucleotide_transformer_downstream_tasks;dataset=splice_sites_all;matching=kmer_balanced;matching_signature=(7, 'TTT');border_estimator=center_window_kmer_jsd;estimator=center_jsd;window=48;search_radius=24;kmer=2;top_ratio=0.25;score_scale=4.0;motif_weight=0.0;motif_radius=12;score_normalization=train_quantile;raw_border_score=0.179438;border_score=0.916467",0.3660781979560852,0.3721875846385956,0.2617341876029968
test_Seq_365,0,1,"benchmark=nucleotide_transformer_downstream_tasks;dataset=splice_sites_all;matching=kmer_balanced;matching_signature=(8, 'TTT');border_estimator=center_window_kmer_jsd;estimator=center_jsd;window=48;search_radius=24;kmer=2;top_ratio=0.25;score_scale=4.0;motif_weight=0.0;motif_radius=12;score_normalization=train_quantile;raw_border_score=0.255292;border_score=1.087800",0.35207831859588623,0.3575592041015625,0.29036250710487366
test_Seq_2918,2,2,"benchmark=nucleotide_transformer_downstream_tasks;dataset=splice_sites_all;matching=kmer_balanced;matching_signature=(7, 'AAA');border_estimator=center_window_kmer_jsd;estimator=center_jsd;window=48;search_radius=24;kmer=2;top_ratio=0.25;score_scale=4.0;motif_weight=0.0;motif_radius=12;score_normalization=train_quantile;raw_border_score=0.227548;border_score=1.035489",0.23883602023124695,0.26093143224716187,0.5002325773239136
test_Seq_890,0,1,"benchmark=nucleotide_transformer_downstream_tasks;dataset=splice_sites_all;matching=kmer_balanced;matching_signature=(7, 'TTT');border_estimator=center_window_kmer_jsd;estimator=center_jsd;window=48;search_radius=24;kmer=2;top_ratio=0.25;score_scale=4.0;motif_weight=0.0;motif_radius=12;score_normalization=train_quantile;raw_border_score=0.201008;border_score=0.973267",0.3388073444366455,0.3496151864528656,0.3115774989128113
test_Seq_2469,2,2,"benchmark=nucleotide_transformer_downstream_tasks;dataset=splice_sites_all;matching=kmer_balanced;matching_signature=(9, 'TTT');border_estimator=center_window_kmer_jsd;estimator=center_jsd;window=48;search_radius=24;kmer=2;top_ratio=0.25;score_scale=4.0;motif_weight=0.0;motif_radius=12;score_normalization=train_quantile;raw_border_score=0.257503;border_score=1.091444",0.13956782221794128,0.15667054057121277,0.7037615776062012
test_Seq_2630,2,2,"benchmark=nucleotide_transformer_downstream_tasks;dataset=splice_sites_all;matching=kmer_balanced;matching_signature=(11, 'TGG');border_estimator=center_window_kmer_jsd;estimator=center_jsd;window=48;search_radius=24;kmer=2;top_ratio=0.25;score_scale=4.0;motif_weight=0.0;motif_radius=12;score_normalization=train_quantile;raw_border_score=0.195249;border_score=0.957889",0.2960869073867798,0.3076947033405304,0.39621832966804504
test_Seq_329,0,2,"benchmark=nucleotide_transformer_downstream_tasks;dataset=splice_sites_all;matching=kmer_balanced;matching_signature=(7, 'AAA');border_estimator=center_window_kmer_jsd;estimator=center_jsd;window=48;search_radius=24;kmer=2;top_ratio=0.25;score_scale=4.0;motif_weight=0.0;motif_radius=12;score_normalization=train_quantile;raw_border_score=0.133267;border_score=0.823178",0.2853812575340271,0.30717039108276367,0.40744829177856445
test_Seq_1502,1,2,"benchmark=nucleotide_transformer_downstream_tasks;dataset=splice_sites_all;matching=kmer_balanced;matching_signature=(6, 'AAA');border_estimator=center_window_kmer_jsd;estimator=center_jsd;window=48;search_radius=24;kmer=2;top_ratio=0.25;score_scale=4.0;motif_weight=0.0;motif_radius=12;score_normalization=train_quantile;raw_border_score=0.316376;border_score=1.158467",0.27080288529396057,0.2793160676956177,0.4498809576034546
test_Seq_2272,2,2,"benchmark=nucleotide_transformer_downstream_tasks;dataset=splice_sites_all;matching=kmer_balanced;matching_signature=(7, 'TTT');border_estimator=center_window_kmer_jsd;estimator=center_jsd;window=48;search_radius=24;kmer=2;top_ratio=0.25;score_scale=4.0;motif_weight=0.0;motif_radius=12;score_normalization=train_quantile;raw_border_score=0.284183;border_score=1.129311",0.19265176355838776,0.2193845510482788,0.5879636406898499
test_Seq_1385,1,2,"benchmark=nucleotide_transformer_downstream_tasks;dataset=splice_sites_all;matching=kmer_balanced;matching_signature=(6, 'AAA');border_estimator=center_window_kmer_jsd;estimator=center_jsd;window=48;search_radius=24;kmer=2;top_ratio=0.25;score_scale=4.0;motif_weight=0.0;motif_radius=12;score_normalization=train_quantile;raw_border_score=0.207151;border_score=0.988600",0.270852267742157,0.28599369525909424,0.4431540369987488
test_Seq_1959,1,2,"benchmark=nucleotide_transformer_downstream_tasks;dataset=splice_sites_all;matching=kmer_balanced;matching_signature=(6, 'TTT');border_estimator=center_window_kmer_jsd;estimator=center_jsd;window=48;search_radius=24;kmer=2;top_ratio=0.25;score_scale=4.0;motif_weight=0.0;motif_radius=12;score_normalization=train_quantile;raw_border_score=0.175852;border_score=0.907311",0.2993549108505249,0.3155222535133362,0.3851228356361389
test_Seq_2205,2,2,"benchmark=nucleotide_transformer_downstream_tasks;dataset=splice_sites_all;matching=kmer_balanced;matching_signature=(6, 'AAA');border_estimator=center_window_kmer_jsd;estimator=center_jsd;window=48;search_radius=24;kmer=2;top_ratio=0.25;score_scale=4.0;motif_weight=0.0;motif_radius=12;score_normalization=train_quantile;raw_border_score=0.212131;border_score=0.999800",0.3024618923664093,0.3312110900878906,0.3663270175457001
test_Seq_663,0,2,"benchmark=nucleotide_transformer_downstream_tasks;dataset=splice_sites_all;matching=kmer_balanced;matching_signature=(8, 'AAA');border_estimator=center_window_kmer_jsd;estimator=center_jsd;window=48;search_radius=24;kmer=2;top_ratio=0.25;score_scale=4.0;motif_weight=0.0;motif_radius=12;score_normalization=train_quantile;raw_border_score=0.198538;border_score=0.967356",0.2981291711330414,0.3200508952140808,0.38181987404823303
test_Seq_432,0,2,"benchmark=nucleotide_transformer_downstream_tasks;dataset=splice_sites_all;matching=kmer_balanced;matching_signature=(14, 'GGG');border_estimator=center_window_kmer_jsd;estimator=center_jsd;window=48;search_radius=24;kmer=2;top_ratio=0.25;score_scale=4.0;motif_weight=0.0;motif_radius=12;score_normalization=train_quantile;raw_border_score=0.262914;border_score=1.100867",0.30071207880973816,0.29657724499702454,0.4027107059955597
test_Seq_2963,2,1,"benchmark=nucleotide_transformer_downstream_tasks;dataset=splice_sites_all;matching=kmer_balanced;matching_signature=(10, 'CCC');border_estimator=center_window_kmer_jsd;estimator=center_jsd;window=48;search_radius=24;kmer=2;top_ratio=0.25;score_scale=4.0;motif_weight=0.0;motif_radius=12;score_normalization=train_quantile;raw_border_score=0.307934;border_score=1.152111",0.3316549062728882,0.35280102491378784,0.31554409861564636
test_Seq_368,0,2,"benchmark=nucleotide_transformer_downstream_tasks;dataset=splice_sites_all;matching=kmer_balanced;matching_signature=(8, 'AAA');border_estimator=center_window_kmer_jsd;estimator=center_jsd;window=48;search_radius=24;kmer=2;top_ratio=0.25;score_scale=4.0;motif_weight=0.0;motif_radius=12;score_normalization=train_quantile;raw_border_score=0.185705;border_score=0.932511",0.3149494528770447,0.32767805457115173,0.3573724627494812
test_Seq_2438,2,2,"benchmark=nucleotide_transformer_downstream_tasks;dataset=splice_sites_all;matching=kmer_balanced;matching_signature=(10, 'CTC');border_estimator=center_window_kmer_jsd;estimator=center_jsd;window=48;search_radius=24;kmer=2;top_ratio=0.25;score_scale=4.0;motif_weight=0.0;motif_radius=12;score_normalization=train_quantile;raw_border_score=0.183915;border_score=0.927178",0.20865795016288757,0.23508381843566895,0.5562582015991211
test_Seq_1222,1,2,"benchmark=nucleotide_transformer_downstream_tasks;dataset=splice_sites_all;matching=kmer_balanced;matching_signature=(7, 'TTT');border_estimator=center_window_kmer_jsd;estimator=center_jsd;window=48;search_radius=24;kmer=2;top_ratio=0.25;score_scale=4.0;motif_weight=0.0;motif_radius=12;score_normalization=train_quantile;raw_border_score=0.157260;border_score=0.861667",0.2927892208099365,0.32229503989219666,0.38491570949554443
test_Seq_831,0,2,"benchmark=nucleotide_transformer_downstream_tasks;dataset=splice_sites_all;matching=kmer_balanced;matching_signature=(7, 'TTT');border_estimator=center_window_kmer_jsd;estimator=center_jsd;window=48;search_radius=24;kmer=2;top_ratio=0.25;score_scale=4.0;motif_weight=0.0;motif_radius=12;score_normalization=train_quantile;raw_border_score=0.224966;border_score=1.029978",0.2372797727584839,0.2661842405796051,0.496535986661911
test_Seq_1907,1,2,"benchmark=nucleotide_transformer_downstream_tasks;dataset=splice_sites_all;matching=kmer_balanced;matching_signature=(13, 'GGG');border_estimator=center_window_kmer_jsd;estimator=center_jsd;window=48;search_radius=24;kmer=2;top_ratio=0.25;score_scale=4.0;motif_weight=0.0;motif_radius=12;score_normalization=train_quantile;raw_border_score=0.157504;border_score=0.862067",0.26777422428131104,0.28101855516433716,0.4512072205543518
test_Seq_475,0,1,"benchmark=nucleotide_transformer_downstream_tasks;dataset=splice_sites_all;matching=kmer_balanced;matching_signature=(10, 'TGG');border_estimator=center_window_kmer_jsd;estimator=center_jsd;window=48;search_radius=24;kmer=2;top_ratio=0.25;score_scale=4.0;motif_weight=0.0;motif_radius=12;score_normalization=train_quantile;raw_border_score=0.207130;border_score=0.988556",0.32691705226898193,0.3435140550136566,0.32956886291503906
test_Seq_957,0,2,"benchmark=nucleotide_transformer_downstream_tasks;dataset=splice_sites_all;matching=kmer_balanced;matching_signature=(14, 'GGG');border_estimator=center_window_kmer_jsd;estimator=center_jsd;window=48;search_radius=24;kmer=2;top_ratio=0.25;score_scale=4.0;motif_weight=0.0;motif_radius=12;score_normalization=train_quantile;raw_border_score=0.281120;border_score=1.125356",0.25468581914901733,0.2637694180011749,0.48154476284980774
test_Seq_2449,2,2,"benchmark=nucleotide_transformer_downstream_tasks;dataset=splice_sites_all;matching=kmer_balanced;matching_signature=(7, 'TTT');border_estimator=center_window_kmer_jsd;estimator=center_jsd;window=48;search_radius=24;kmer=2;top_ratio=0.25;score_scale=4.0;motif_weight=0.0;motif_radius=12;score_normalization=train_quantile;raw_border_score=0.301318;border_score=1.147400",0.22862361371517181,0.25714370608329773,0.5142326951026917
test_Seq_2964,2,2,"benchmark=nucleotide_transformer_downstream_tasks;dataset=splice_sites_all;matching=kmer_balanced;matching_signature=(7, 'TTT');border_estimator=center_window_kmer_jsd;estimator=center_jsd;window=48;search_radius=24;kmer=2;top_ratio=0.25;score_scale=4.0;motif_weight=0.0;motif_radius=12;score_normalization=train_quantile;raw_border_score=0.197497;border_score=0.964244",0.2330428510904312,0.2513119578361511,0.5156452655792236
test_Seq_573,0,2,"benchmark=nucleotide_transformer_downstream_tasks;dataset=splice_sites_all;matching=kmer_balanced;matching_signature=(8, 'TCT');border_estimator=center_window_kmer_jsd;estimator=center_jsd;window=48;search_radius=24;kmer=2;top_ratio=0.25;score_scale=4.0;motif_weight=0.0;motif_radius=12;score_normalization=train_quantile;raw_border_score=0.211509;border_score=0.998778",0.2836224138736725,0.32126036286354065,0.3951171934604645
test_Seq_1964,1,2,"benchmark=nucleotide_transformer_downstream_tasks;dataset=splice_sites_all;matching=kmer_balanced;matching_signature=(7, 'TTT');border_estimator=center_window_kmer_jsd;estimator=center_jsd;window=48;search_radius=24;kmer=2;top_ratio=0.25;score_scale=4.0;motif_weight=0.0;motif_radius=12;score_normalization=train_quantile;raw_border_score=0.113491;border_score=0.807400",0.26928696036338806,0.2811932861804962,0.4495197832584381
test_Seq_490,0,2,"benchmark=nucleotide_transformer_downstream_tasks;dataset=splice_sites_all;matching=kmer_balanced;matching_signature=(10, 'CTG');border_estimator=center_window_kmer_jsd;estimator=center_jsd;window=48;search_radius=24;kmer=2;top_ratio=0.25;score_scale=4.0;motif_weight=0.0;motif_radius=12;score_normalization=train_quantile;raw_border_score=0.431989;border_score=1.193400",0.2890527844429016,0.30069640278816223,0.41025078296661377
test_Seq_2384,2,2,"benchmark=nucleotide_transformer_downstream_tasks;dataset=splice_sites_all;matching=kmer_balanced;matching_signature=(6, 'TTT');border_estimator=center_window_kmer_jsd;estimator=center_jsd;window=48;search_radius=24;kmer=2;top_ratio=0.25;score_scale=4.0;motif_weight=0.0;motif_radius=12;score_normalization=train_quantile;raw_border_score=0.206622;border_score=0.987533",0.22129273414611816,0.24500003457069397,0.5337072610855103
test_Seq_303,0,2,"benchmark=nucleotide_transformer_downstream_tasks;dataset=splice_sites_all;matching=kmer_balanced;matching_signature=(6, 'AAA');border_estimator=center_window_kmer_jsd;estimator=center_jsd;window=48;search_radius=24;kmer=2;top_ratio=0.25;score_scale=4.0;motif_weight=0.0;motif_radius=12;score_normalization=train_quantile;raw_border_score=0.181576;border_score=0.921711",0.32366669178009033,0.3361268937587738,0.34020644426345825
test_Seq_2549,2,2,"benchmark=nucleotide_transformer_downstream_tasks;dataset=splice_sites_all;matching=kmer_balanced;matching_signature=(10, 'TTT');border_estimator=center_window_kmer_jsd;estimator=center_jsd;window=48;search_radius=24;kmer=2;top_ratio=0.25;score_scale=4.0;motif_weight=0.0;motif_radius=12;score_normalization=train_quantile;raw_border_score=0.211501;border_score=0.998733",0.10201604664325714,0.1193614974617958,0.7786224484443665
test_Seq_233,0,2,"benchmark=nucleotide_transformer_downstream_tasks;dataset=splice_sites_all;matching=kmer_balanced;matching_signature=(10, 'CTG');border_estimator=center_window_kmer_jsd;estimator=center_jsd;window=48;search_radius=24;kmer=2;top_ratio=0.25;score_scale=4.0;motif_weight=0.0;motif_radius=12;score_normalization=train_quantile;raw_border_score=0.273168;border_score=1.114644",0.3258075714111328,0.33267056941986084,0.34152185916900635
test_Seq_886,0,2,"benchmark=nucleotide_transformer_downstream_tasks;dataset=splice_sites_all;matching=kmer_balanced;matching_signature=(10, 'TCT');border_estimator=center_window_kmer_jsd;estimator=center_jsd;window=48;search_radius=24;kmer=2;top_ratio=0.25;score_scale=4.0;motif_weight=0.0;motif_radius=12;score_normalization=train_quantile;raw_border_score=0.459670;border_score=1.196289",0.299152672290802,0.3157579004764557,0.3850895166397095
test_Seq_6,0,2,"benchmark=nucleotide_transformer_downstream_tasks;dataset=splice_sites_all;matching=kmer_balanced;matching_signature=(7, 'TTT');border_estimator=center_window_kmer_jsd;estimator=center_jsd;window=48;search_radius=24;kmer=2;top_ratio=0.25;score_scale=4.0;motif_weight=0.0;motif_radius=12;score_normalization=train_quantile;raw_border_score=0.198146;border_score=0.966244",0.25471216440200806,0.2806553840637207,0.464632511138916
test_Seq_1332,1,2,"benchmark=nucleotide_transformer_downstream_tasks;dataset=splice_sites_all;matching=kmer_balanced;matching_signature=(10, 'CTG');border_estimator=center_window_kmer_jsd;estimator=center_jsd;window=48;search_radius=24;kmer=2;top_ratio=0.25;score_scale=4.0;motif_weight=0.0;motif_radius=12;score_normalization=train_quantile;raw_border_score=0.245880;border_score=1.070911",0.31327691674232483,0.3306719660758972,0.35605114698410034
test_Seq_354,0,2,"benchmark=nucleotide_transformer_downstream_tasks;dataset=splice_sites_all;matching=kmer_balanced;matching_signature=(6, 'TTT');border_estimator=center_window_kmer_jsd;estimator=center_jsd;window=48;search_radius=24;kmer=2;top_ratio=0.25;score_scale=4.0;motif_weight=0.0;motif_radius=12;score_normalization=train_quantile;raw_border_score=0.191393;border_score=0.948200",0.22388434410095215,0.24484364688396454,0.5312719941139221
test_Seq_2354,2,2,"benchmark=nucleotide_transformer_downstream_tasks;dataset=splice_sites_all;matching=kmer_balanced;matching_signature=(6, 'TTT');border_estimator=center_window_kmer_jsd;estimator=center_jsd;window=48;search_radius=24;kmer=2;top_ratio=0.25;score_scale=4.0;motif_weight=0.0;motif_radius=12;score_normalization=train_quantile;raw_border_score=0.198409;border_score=0.966867",0.2713078260421753,0.2866121530532837,0.4420801103115082
test_Seq_2269,2,2,"benchmark=nucleotide_transformer_downstream_tasks;dataset=splice_sites_all;matching=kmer_balanced;matching_signature=(13, 'CCC');border_estimator=center_window_kmer_jsd;estimator=center_jsd;window=48;search_radius=24;kmer=2;top_ratio=0.25;score_scale=4.0;motif_weight=0.0;motif_radius=12;score_normalization=train_quantile;raw_border_score=0.180133;border_score=0.918200",0.296402245759964,0.3119419515132904,0.3916558623313904
test_Seq_2575,2,2,"benchmark=nucleotide_transformer_downstream_tasks;dataset=splice_sites_all;matching=kmer_balanced;matching_signature=(8, 'TTT');border_estimator=center_window_kmer_jsd;estimator=center_jsd;window=48;search_radius=24;kmer=2;top_ratio=0.25;score_scale=4.0;motif_weight=0.0;motif_radius=12;score_normalization=train_quantile;raw_border_score=0.271332;border_score=1.112156",0.31566545367240906,0.3274238407611847,0.35691070556640625
test_Seq_941,0,1,"benchmark=nucleotide_transformer_downstream_tasks;dataset=splice_sites_all;matching=kmer_balanced;matching_signature=(6, 'TTT');border_estimator=center_window_kmer_jsd;estimator=center_jsd;window=48;search_radius=24;kmer=2;top_ratio=0.25;score_scale=4.0;motif_weight=0.0;motif_radius=12;score_normalization=train_quantile;raw_border_score=0.209224;border_score=0.993444",0.3244042694568634,0.3381759524345398,0.3374197483062744
test_Seq_1758,1,2,"benchmark=nucleotide_transformer_downstream_tasks;dataset=splice_sites_all;matching=kmer_balanced;matching_signature=(6, 'AAA');border_estimator=center_window_kmer_jsd;estimator=center_jsd;window=48;search_radius=24;kmer=2;top_ratio=0.25;score_scale=4.0;motif_weight=0.0;motif_radius=12;score_normalization=train_quantile;raw_border_score=0.262189;border_score=1.099444",0.28580865263938904,0.3122979998588562,0.40189334750175476
test_Seq_1224,1,2,"benchmark=nucleotide_transformer_downstream_tasks;dataset=splice_sites_all;matching=kmer_balanced;matching_signature=(6, 'TTT');border_estimator=center_window_kmer_jsd;estimator=center_jsd;window=48;search_radius=24;kmer=2;top_ratio=0.25;score_scale=4.0;motif_weight=0.0;motif_radius=12;score_normalization=train_quantile;raw_border_score=0.289083;border_score=1.135578",0.30529242753982544,0.3179618716239929,0.3767457604408264
test_Seq_183,0,2,"benchmark=nucleotide_transformer_downstream_tasks;dataset=splice_sites_all;matching=kmer_balanced;matching_signature=(7, 'AAA');border_estimator=center_window_kmer_jsd;estimator=center_jsd;window=48;search_radius=24;kmer=2;top_ratio=0.25;score_scale=4.0;motif_weight=0.0;motif_radius=12;score_normalization=train_quantile;raw_border_score=0.361833;border_score=1.181133",0.24056488275527954,0.26266077160835266,0.4967744052410126
test_Seq_1377,1,2,"benchmark=nucleotide_transformer_downstream_tasks;dataset=splice_sites_all;matching=kmer_balanced;matching_signature=(11, 'CCC');border_estimator=center_window_kmer_jsd;estimator=center_jsd;window=48;search_radius=24;kmer=2;top_ratio=0.25;score_scale=4.0;motif_weight=0.0;motif_radius=12;score_normalization=train_quantile;raw_border_score=0.241145;border_score=1.061222",0.32215362787246704,0.31998375058174133,0.357862651348114
test_Seq_955,0,1,"benchmark=nucleotide_transformer_downstream_tasks;dataset=splice_sites_all;matching=kmer_balanced;matching_signature=(8, 'AAA');border_estimator=center_window_kmer_jsd;estimator=center_jsd;window=48;search_radius=24;kmer=2;top_ratio=0.25;score_scale=4.0;motif_weight=0.0;motif_radius=12;score_normalization=train_quantile;raw_border_score=0.301606;border_score=1.147489",0.3667663335800171,0.3753454089164734,0.2578882575035095
test_Seq_1442,1,2,"benchmark=nucleotide_transformer_downstream_tasks;dataset=splice_sites_all;matching=kmer_balanced;matching_signature=(6, 'TTT');border_estimator=center_window_kmer_jsd;estimator=center_jsd;window=48;search_radius=24;kmer=2;top_ratio=0.25;score_scale=4.0;motif_weight=0.0;motif_radius=12;score_normalization=train_quantile;raw_border_score=0.199565;border_score=0.969933",0.19440743327140808,0.2171342372894287,0.5884582996368408
test_Seq_74,0,2,"benchmark=nucleotide_transformer_downstream_tasks;dataset=splice_sites_all;matching=kmer_balanced;matching_signature=(7, 'TTT');border_estimator=center_window_kmer_jsd;estimator=center_jsd;window=48;search_radius=24;kmer=2;top_ratio=0.25;score_scale=4.0;motif_weight=0.0;motif_radius=12;score_normalization=train_quantile;raw_border_score=0.390524;border_score=1.188378",0.13144813477993011,0.15339216589927673,0.7151597142219543
test_Seq_96,0,0,"benchmark=nucleotide_transformer_downstream_tasks;dataset=splice_sites_all;matching=kmer_balanced;matching_signature=(14, 'GGG');border_estimator=center_window_kmer_jsd;estimator=center_jsd;window=48;search_radius=24;kmer=2;top_ratio=0.25;score_scale=4.0;motif_weight=0.0;motif_radius=12;score_normalization=train_quantile;raw_border_score=0.202630;border_score=0.977933",0.3695976138114929,0.35617223381996155,0.27423009276390076
test_Seq_2541,2,2,"benchmark=nucleotide_transformer_downstream_tasks;dataset=splice_sites_all;matching=kmer_balanced;matching_signature=(5, 'AAA');border_estimator=center_window_kmer_jsd;estimator=center_jsd;window=48;search_radius=24;kmer=2;top_ratio=0.25;score_scale=4.0;motif_weight=0.0;motif_radius=12;score_normalization=train_quantile;raw_border_score=0.185147;border_score=0.931044",0.23129139840602875,0.25434282422065735,0.5143657922744751
test_Seq_905,0,1,"benchmark=nucleotide_transformer_downstream_tasks;dataset=splice_sites_all;matching=kmer_balanced;matching_signature=(10, 'GGG');border_estimator=center_window_kmer_jsd;estimator=center_jsd;window=48;search_radius=24;kmer=2;top_ratio=0.25;score_scale=4.0;motif_weight=0.0;motif_radius=12;score_normalization=train_quantile;raw_border_score=0.202139;border_score=0.976422",0.3339037299156189,0.3398369550704956,0.3262593448162079
test_Seq_1139,1,2,"benchmark=nucleotide_transformer_downstream_tasks;dataset=splice_sites_all;matching=kmer_balanced;matching_signature=(12, 'CAG');border_estimator=center_window_kmer_jsd;estimator=center_jsd;window=48;search_radius=24;kmer=2;top_ratio=0.25;score_scale=4.0;motif_weight=0.0;motif_radius=12;score_normalization=train_quantile;raw_border_score=0.239926;border_score=1.058156",0.24279356002807617,0.26173079013824463,0.495475709438324
test_Seq_1203,1,2,"benchmark=nucleotide_transformer_downstream_tasks;dataset=splice_sites_all;matching=kmer_balanced;matching_signature=(11, 'CAG');border_estimator=center_window_kmer_jsd;estimator=center_jsd;window=48;search_radius=24;kmer=2;top_ratio=0.25;score_scale=4.0;motif_weight=0.0;motif_radius=12;score_normalization=train_quantile;raw_border_score=0.207618;border_score=0.989356",0.29015791416168213,0.306362122297287,0.4034799635410309
test_Seq_2079,2,2,"benchmark=nucleotide_transformer_downstream_tasks;dataset=splice_sites_all;matching=kmer_balanced;matching_signature=(7, 'ATT');border_estimator=center_window_kmer_jsd;estimator=center_jsd;window=48;search_radius=24;kmer=2;top_ratio=0.25;score_scale=4.0;motif_weight=0.0;motif_radius=12;score_normalization=train_quantile;raw_border_score=0.112277;border_score=0.806644",0.29623347520828247,0.3215537667274475,0.3822128176689148
test_Seq_661,0,2,"benchmark=nucleotide_transformer_downstream_tasks;dataset=splice_sites_all;matching=kmer_balanced;matching_signature=(6, 'TTT');border_estimator=center_window_kmer_jsd;estimator=center_jsd;window=48;search_radius=24;kmer=2;top_ratio=0.25;score_scale=4.0;motif_weight=0.0;motif_radius=12;score_normalization=train_quantile;raw_border_score=0.160401;border_score=0.868156",0.3217427432537079,0.33132609724998474,0.34693121910095215
test_Seq_2938,2,2,"benchmark=nucleotide_transformer_downstream_tasks;dataset=splice_sites_all;matching=kmer_balanced;matching_signature=(10, 'CTG');border_estimator=center_window_kmer_jsd;estimator=center_jsd;window=48;search_radius=24;kmer=2;top_ratio=0.25;score_scale=4.0;motif_weight=0.0;motif_radius=12;score_normalization=train_quantile;raw_border_score=0.206550;border_score=0.987400",0.29206395149230957,0.31168216466903687,0.39625391364097595
test_Seq_34,0,2,"benchmark=nucleotide_transformer_downstream_tasks;dataset=splice_sites_all;matching=kmer_balanced;matching_signature=(10, 'CAG');border_estimator=center_window_kmer_jsd;estimator=center_jsd;window=48;search_radius=24;kmer=2;top_ratio=0.25;score_scale=4.0;motif_weight=0.0;motif_radius=12;score_normalization=train_quantile;raw_border_score=0.160389;border_score=0.868156",0.3324437141418457,0.3320598304271698,0.3354964256286621
test_Seq_2951,2,2,"benchmark=nucleotide_transformer_downstream_tasks;dataset=splice_sites_all;matching=kmer_balanced;matching_signature=(11, 'CCC');border_estimator=center_window_kmer_jsd;estimator=center_jsd;window=48;search_radius=24;kmer=2;top_ratio=0.25;score_scale=4.0;motif_weight=0.0;motif_radius=12;score_normalization=train_quantile;raw_border_score=0.277011;border_score=1.119978",0.2729950547218323,0.2900944948196411,0.4369104504585266
test_Seq_367,0,2,"benchmark=nucleotide_transformer_downstream_tasks;dataset=splice_sites_all;matching=kmer_balanced;matching_signature=(7, 'TTT');border_estimator=center_window_kmer_jsd;estimator=center_jsd;window=48;search_radius=24;kmer=2;top_ratio=0.25;score_scale=4.0;motif_weight=0.0;motif_radius=12;score_normalization=train_quantile;raw_border_score=0.239394;border_score=1.057089",0.29520222544670105,0.2990843653678894,0.40571343898773193
test_Seq_1422,1,2,"benchmark=nucleotide_transformer_downstream_tasks;dataset=splice_sites_all;matching=kmer_balanced;matching_signature=(7, 'TTT');border_estimator=center_window_kmer_jsd;estimator=center_jsd;window=48;search_radius=24;kmer=2;top_ratio=0.25;score_scale=4.0;motif_weight=0.0;motif_radius=12;score_normalization=train_quantile;raw_border_score=0.211250;border_score=0.998289",0.31084978580474854,0.33205559849739075,0.3570946156978607
test_Seq_2568,2,2,"benchmark=nucleotide_transformer_downstream_tasks;dataset=splice_sites_all;matching=kmer_balanced;matching_signature=(10, 'TGG');border_estimator=center_window_kmer_jsd;estimator=center_jsd;window=48;search_radius=24;kmer=2;top_ratio=0.25;score_scale=4.0;motif_weight=0.0;motif_radius=12;score_normalization=train_quantile;raw_border_score=0.196272;border_score=0.960733",0.2323819398880005,0.26451122760772705,0.5031068325042725
test_Seq_65,0,2,"benchmark=nucleotide_transformer_downstream_tasks;dataset=splice_sites_all;matching=kmer_balanced;matching_signature=(5, 'TTT');border_estimator=center_window_kmer_jsd;estimator=center_jsd;window=48;search_radius=24;kmer=2;top_ratio=0.25;score_scale=4.0;motif_weight=0.0;motif_radius=12;score_normalization=train_quantile;raw_border_score=0.220412;border_score=1.019489",0.25106242299079895,0.27019554376602173,0.4787420928478241
test_Seq_1301,1,0,"benchmark=nucleotide_transformer_downstream_tasks;dataset=splice_sites_all;matching=kmer_balanced;matching_signature=(14, 'CCC');border_estimator=center_window_kmer_jsd;estimator=center_jsd;window=48;search_radius=24;kmer=2;top_ratio=0.25;score_scale=4.0;motif_weight=0.0;motif_radius=12;score_normalization=train_quantile;raw_border_score=0.289076;border_score=1.135489",0.3522283136844635,0.3420254588127136,0.3057462275028229
test_Seq_1670,1,2,"benchmark=nucleotide_transformer_downstream_tasks;dataset=splice_sites_all;matching=kmer_balanced;matching_signature=(10, 'CTG');border_estimator=center_window_kmer_jsd;estimator=center_jsd;window=48;search_radius=24;kmer=2;top_ratio=0.25;score_scale=4.0;motif_weight=0.0;motif_radius=12;score_normalization=train_quantile;raw_border_score=0.277268;border_score=1.120467",0.3234716057777405,0.3302629888057709,0.34626534581184387
test_Seq_2245,2,2,"benchmark=nucleotide_transformer_downstream_tasks;dataset=splice_sites_all;matching=kmer_balanced;matching_signature=(12, 'CTG');border_estimator=center_window_kmer_jsd;estimator=center_jsd;window=48;search_radius=24;kmer=2;top_ratio=0.25;score_scale=4.0;motif_weight=0.0;motif_radius=12;score_normalization=train_quantile;raw_border_score=0.182818;border_score=0.924467",0.2857730984687805,0.2985071539878845,0.41571977734565735
test_Seq_53,0,2,"benchmark=nucleotide_transformer_downstream_tasks;dataset=splice_sites_all;matching=kmer_balanced;matching_signature=(8, 'TTT');border_estimator=center_window_kmer_jsd;estimator=center_jsd;window=48;search_radius=24;kmer=2;top_ratio=0.25;score_scale=4.0;motif_weight=0.0;motif_radius=12;score_normalization=train_quantile;raw_border_score=0.160987;border_score=0.869222",0.3040088713169098,0.3184857964515686,0.3775053024291992
test_Seq_2961,2,2,"benchmark=nucleotide_transformer_downstream_tasks;dataset=splice_sites_all;matching=kmer_balanced;matching_signature=(7, 'TTT');border_estimator=center_window_kmer_jsd;estimator=center_jsd;window=48;search_radius=24;kmer=2;top_ratio=0.25;score_scale=4.0;motif_weight=0.0;motif_radius=12;score_normalization=train_quantile;raw_border_score=0.114099;border_score=0.807844",0.13175037503242493,0.14815446734428406,0.720095157623291
test_Seq_2169,2,2,"benchmark=nucleotide_transformer_downstream_tasks;dataset=splice_sites_all;matching=kmer_balanced;matching_signature=(6, 'AAA');border_estimator=center_window_kmer_jsd;estimator=center_jsd;window=48;search_radius=24;kmer=2;top_ratio=0.25;score_scale=4.0;motif_weight=0.0;motif_radius=12;score_normalization=train_quantile;raw_border_score=0.355909;border_score=1.179178",0.24995040893554688,0.269096314907074,0.48095327615737915
test_Seq_2581,2,2,"benchmark=nucleotide_transformer_downstream_tasks;dataset=splice_sites_all;matching=kmer_balanced;matching_signature=(10, 'TCT');border_estimator=center_window_kmer_jsd;estimator=center_jsd;window=48;search_radius=24;kmer=2;top_ratio=0.25;score_scale=4.0;motif_weight=0.0;motif_radius=12;score_normalization=train_quantile;raw_border_score=0.136980;border_score=0.827711",0.25182637572288513,0.26622527837753296,0.48194828629493713
test_Seq_849,0,2,"benchmark=nucleotide_transformer_downstream_tasks;dataset=splice_sites_all;matching=kmer_balanced;matching_signature=(12, 'GGG');border_estimator=center_window_kmer_jsd;estimator=center_jsd;window=48;search_radius=24;kmer=2;top_ratio=0.25;score_scale=4.0;motif_weight=0.0;motif_radius=12;score_normalization=train_quantile;raw_border_score=0.202734;border_score=0.978156",0.30095571279525757,0.319057434797287,0.37998685240745544
test_Seq_2579,2,2,"benchmark=nucleotide_transformer_downstream_tasks;dataset=splice_sites_all;matching=kmer_balanced;matching_signature=(9, 'TCT');border_estimator=center_window_kmer_jsd;estimator=center_jsd;window=48;search_radius=24;kmer=2;top_ratio=0.25;score_scale=4.0;motif_weight=0.0;motif_radius=12;score_normalization=train_quantile;raw_border_score=0.199031;border_score=0.968689",0.12910382449626923,0.1436469554901123,0.7272492051124573
test_Seq_887,0,1,"benchmark=nucleotide_transformer_downstream_tasks;dataset=splice_sites_all;matching=kmer_balanced;matching_signature=(8, 'TTT');border_estimator=center_window_kmer_jsd;estimator=center_jsd;window=48;search_radius=24;kmer=2;top_ratio=0.25;score_scale=4.0;motif_weight=0.0;motif_radius=12;score_normalization=train_quantile;raw_border_score=0.372632;border_score=1.184956",0.3240305483341217,0.3402778208255768,0.3356916010379791
test_Seq_924,0,2,"benchmark=nucleotide_transformer_downstream_tasks;dataset=splice_sites_all;matching=kmer_balanced;matching_signature=(7, 'AAA');border_estimator=center_window_kmer_jsd;estimator=center_jsd;window=48;search_radius=24;kmer=2;top_ratio=0.25;score_scale=4.0;motif_weight=0.0;motif_radius=12;score_normalization=train_quantile;raw_border_score=0.199529;border_score=0.969889",0.3040640354156494,0.3110124170780182,0.38492351770401
test_Seq_340,0,2,"benchmark=nucleotide_transformer_downstream_tasks;dataset=splice_sites_all;matching=kmer_balanced;matching_signature=(13, 'GGG');border_estimator=center_window_kmer_jsd;estimator=center_jsd;window=48;search_radius=24;kmer=2;top_ratio=0.25;score_scale=4.0;motif_weight=0.0;motif_radius=12;score_normalization=train_quantile;raw_border_score=0.146492;border_score=0.841667",0.3113148808479309,0.3048049807548523,0.3838801085948944
test_Seq_2720,2,2,"benchmark=nucleotide_transformer_downstream_tasks;dataset=splice_sites_all;matching=kmer_balanced;matching_signature=(8, 'TTT');border_estimator=center_window_kmer_jsd;estimator=center_jsd;window=48;search_radius=24;kmer=2;top_ratio=0.25;score_scale=4.0;motif_weight=0.0;motif_radius=12;score_normalization=train_quantile;raw_border_score=0.145189;border_score=0.839222",0.30290961265563965,0.3149431049823761,0.38214731216430664
test_Seq_2234,2,1,"benchmark=nucleotide_transformer_downstream_tasks;dataset=splice_sites_all;matching=kmer_balanced;matching_signature=(7, 'TTT');border_estimator=center_window_kmer_jsd;estimator=center_jsd;window=48;search_radius=24;kmer=2;top_ratio=0.25;score_scale=4.0;motif_weight=0.0;motif_radius=12;score_normalization=train_quantile;raw_border_score=0.156745;border_score=0.861000",0.3233831822872162,0.33939749002456665,0.3372192680835724
test_Seq_163,0,2,"benchmark=nucleotide_transformer_downstream_tasks;dataset=splice_sites_all;matching=kmer_balanced;matching_signature=(8, 'TTT');border_estimator=center_window_kmer_jsd;estimator=center_jsd;window=48;search_radius=24;kmer=2;top_ratio=0.25;score_scale=4.0;motif_weight=0.0;motif_radius=12;score_normalization=train_quantile;raw_border_score=0.200825;border_score=0.972956",0.21998368203639984,0.24345751106739044,0.5365587472915649
test_Seq_2725,2,2,"benchmark=nucleotide_transformer_downstream_tasks;dataset=splice_sites_all;matching=kmer_balanced;matching_signature=(11, 'AGG');border_estimator=center_window_kmer_jsd;estimator=center_jsd;window=48;search_radius=24;kmer=2;top_ratio=0.25;score_scale=4.0;motif_weight=0.0;motif_radius=12;score_normalization=train_quantile;raw_border_score=0.234022;border_score=1.047756",0.3146520256996155,0.32604458928108215,0.35930338501930237
test_Seq_595,0,1,"benchmark=nucleotide_transformer_downstream_tasks;dataset=splice_sites_all;matching=kmer_balanced;matching_signature=(8, 'TGA');border_estimator=center_window_kmer_jsd;estimator=center_jsd;window=48;search_radius=24;kmer=2;top_ratio=0.25;score_scale=4.0;motif_weight=0.0;motif_radius=12;score_normalization=train_quantile;raw_border_score=0.345844;border_score=1.175311",0.32805880904197693,0.3509458899497986,0.3209952712059021
test_Seq_727,0,2,"benchmark=nucleotide_transformer_downstream_tasks;dataset=splice_sites_all;matching=kmer_balanced;matching_signature=(6, 'TTT');border_estimator=center_window_kmer_jsd;estimator=center_jsd;window=48;search_radius=24;kmer=2;top_ratio=0.25;score_scale=4.0;motif_weight=0.0;motif_radius=12;score_normalization=train_quantile;raw_border_score=0.281412;border_score=1.125578",0.2517857551574707,0.2792278528213501,0.4689864218235016
test_Seq_2407,2,2,"benchmark=nucleotide_transformer_downstream_tasks;dataset=splice_sites_all;matching=kmer_balanced;matching_signature=(9, 'TCA');border_estimator=center_window_kmer_jsd;estimator=center_jsd;window=48;search_radius=24;kmer=2;top_ratio=0.25;score_scale=4.0;motif_weight=0.0;motif_radius=12;score_normalization=train_quantile;raw_border_score=0.240467;border_score=1.059889",0.2650415301322937,0.2871690094470978,0.44778943061828613
test_Seq_681,0,2,"benchmark=nucleotide_transformer_downstream_tasks;dataset=splice_sites_all;matching=kmer_balanced;matching_signature=(6, 'TTT');border_estimator=center_window_kmer_jsd;estimator=center_jsd;window=48;search_radius=24;kmer=2;top_ratio=0.25;score_scale=4.0;motif_weight=0.0;motif_radius=12;score_normalization=train_quantile;raw_border_score=0.171971;border_score=0.896289",0.22573770582675934,0.24496467411518097,0.5292976498603821
test_Seq_1611,1,2,"benchmark=nucleotide_transformer_downstream_tasks;dataset=splice_sites_all;matching=kmer_balanced;matching_signature=(8, 'TTT');border_estimator=center_window_kmer_jsd;estimator=center_jsd;window=48;search_radius=24;kmer=2;top_ratio=0.25;score_scale=4.0;motif_weight=0.0;motif_radius=12;score_normalization=train_quantile;raw_border_score=0.305185;border_score=1.150378",0.3061287999153137,0.3213152289390564,0.3725559711456299
test_Seq_327,0,0,"benchmark=nucleotide_transformer_downstream_tasks;dataset=splice_sites_all;matching=kmer_balanced;matching_signature=(14, 'GGG');border_estimator=center_window_kmer_jsd;estimator=center_jsd;window=48;search_radius=24;kmer=2;top_ratio=0.25;score_scale=4.0;motif_weight=0.0;motif_radius=12;score_normalization=train_quantile;raw_border_score=0.173254;border_score=0.899889",0.36853107810020447,0.3587643504142761,0.272704541683197
test_Seq_1958,1,2,"benchmark=nucleotide_transformer_downstream_tasks;dataset=splice_sites_all;matching=kmer_balanced;matching_signature=(8, 'TTT');border_estimator=center_window_kmer_jsd;estimator=center_jsd;window=48;search_radius=24;kmer=2;top_ratio=0.25;score_scale=4.0;motif_weight=0.0;motif_radius=12;score_normalization=train_quantile;raw_border_score=0.283692;border_score=1.128644",0.30350327491760254,0.3244645595550537,0.37203216552734375
test_Seq_524,0,2,"benchmark=nucleotide_transformer_downstream_tasks;dataset=splice_sites_all;matching=kmer_balanced;matching_signature=(13, 'CCC');border_estimator=center_window_kmer_jsd;estimator=center_jsd;window=48;search_radius=24;kmer=2;top_ratio=0.25;score_scale=4.0;motif_weight=0.0;motif_radius=12;score_normalization=train_quantile;raw_border_score=0.180232;border_score=0.918467",0.2650831639766693,0.2776477634906769,0.4572690427303314
test_Seq_574,0,2,"benchmark=nucleotide_transformer_downstream_tasks;dataset=splice_sites_all;matching=kmer_balanced;matching_signature=(10, 'AGG');border_estimator=center_window_kmer_jsd;estimator=center_jsd;window=48;search_radius=24;kmer=2;top_ratio=0.25;score_scale=4.0;motif_weight=0.0;motif_radius=12;score_normalization=train_quantile;raw_border_score=0.150160;border_score=0.847933",0.22610260546207428,0.24812906980514526,0.5257683396339417
test_Seq_2084,2,2,"benchmark=nucleotide_transformer_downstream_tasks;dataset=splice_sites_all;matching=kmer_balanced;matching_signature=(9, 'AAA');border_estimator=center_window_kmer_jsd;estimator=center_jsd;window=48;search_radius=24;kmer=2;top_ratio=0.25;score_scale=4.0;motif_weight=0.0;motif_radius=12;score_normalization=train_quantile;raw_border_score=0.259400;border_score=1.094600",0.13560420274734497,0.16093941032886505,0.7034564018249512
test_Seq_1119,1,2,"benchmark=nucleotide_transformer_downstream_tasks;dataset=splice_sites_all;matching=kmer_balanced;matching_signature=(13, 'GGG');border_estimator=center_window_kmer_jsd;estimator=center_jsd;window=48;search_radius=24;kmer=2;top_ratio=0.25;score_scale=4.0;motif_weight=0.0;motif_radius=12;score_normalization=train_quantile;raw_border_score=0.214079;border_score=1.004511",0.29837766289711,0.3097928464412689,0.3918294906616211
test_Seq_326,0,2,"benchmark=nucleotide_transformer_downstream_tasks;dataset=splice_sites_all;matching=kmer_balanced;matching_signature=(7, 'AAA');border_estimator=center_window_kmer_jsd;estimator=center_jsd;window=48;search_radius=24;kmer=2;top_ratio=0.25;score_scale=4.0;motif_weight=0.0;motif_radius=12;score_normalization=train_quantile;raw_border_score=0.255982;border_score=1.089000",0.25128334760665894,0.2754991352558136,0.47321754693984985
test_Seq_1187,1,2,"benchmark=nucleotide_transformer_downstream_tasks;dataset=splice_sites_all;matching=kmer_balanced;matching_signature=(8, 'TTT');border_estimator=center_window_kmer_jsd;estimator=center_jsd;window=48;search_radius=24;kmer=2;top_ratio=0.25;score_scale=4.0;motif_weight=0.0;motif_radius=12;score_normalization=train_quantile;raw_border_score=0.220188;border_score=1.019222",0.25499528646469116,0.2818014919757843,0.4632033109664917
test_Seq_1486,1,2,"benchmark=nucleotide_transformer_downstream_tasks;dataset=splice_sites_all;matching=kmer_balanced;matching_signature=(9, 'TTT');border_estimator=center_window_kmer_jsd;estimator=center_jsd;window=48;search_radius=24;kmer=2;top_ratio=0.25;score_scale=4.0;motif_weight=0.0;motif_radius=12;score_normalization=train_quantile;raw_border_score=0.223461;border_score=1.026956",0.2543873190879822,0.27644145488739014,0.4691711664199829
test_Seq_1618,1,1,"benchmark=nucleotide_transformer_downstream_tasks;dataset=splice_sites_all;matching=kmer_balanced;matching_signature=(8, 'TTT');border_estimator=center_window_kmer_jsd;estimator=center_jsd;window=48;search_radius=24;kmer=2;top_ratio=0.25;score_scale=4.0;motif_weight=0.0;motif_radius=12;score_normalization=train_quantile;raw_border_score=0.240944;border_score=1.061000",0.32757237553596497,0.34552958607673645,0.3268980085849762
test_Seq_2357,2,2,"benchmark=nucleotide_transformer_downstream_tasks;dataset=splice_sites_all;matching=kmer_balanced;matching_signature=(11, 'CCC');border_estimator=center_window_kmer_jsd;estimator=center_jsd;window=48;search_radius=24;kmer=2;top_ratio=0.25;score_scale=4.0;motif_weight=0.0;motif_radius=12;score_normalization=train_quantile;raw_border_score=0.229423;border_score=1.038867",0.24886488914489746,0.267697274684906,0.48343774676322937
test_Seq_1449,1,2,"benchmark=nucleotide_transformer_downstream_tasks;dataset=splice_sites_all;matching=kmer_balanced;matching_signature=(7, 'TTT');border_estimator=center_window_kmer_jsd;estimator=center_jsd;window=48;search_radius=24;kmer=2;top_ratio=0.25;score_scale=4.0;motif_weight=0.0;motif_radius=12;score_normalization=train_quantile;raw_border_score=0.232544;border_score=1.044556",0.28675737977027893,0.3106698989868164,0.40257275104522705
test_Seq_2498,2,2,"benchmark=nucleotide_transformer_downstream_tasks;dataset=splice_sites_all;matching=kmer_balanced;matching_signature=(11, 'GTG');border_estimator=center_window_kmer_jsd;estimator=center_jsd;window=48;search_radius=24;kmer=2;top_ratio=0.25;score_scale=4.0;motif_weight=0.0;motif_radius=12;score_normalization=train_quantile;raw_border_score=0.234732;border_score=1.048956",0.28663837909698486,0.2983088195323944,0.41505274176597595
test_Seq_2685,2,2,"benchmark=nucleotide_transformer_downstream_tasks;dataset=splice_sites_all;matching=kmer_balanced;matching_signature=(8, 'TTT');border_estimator=center_window_kmer_jsd;estimator=center_jsd;window=48;search_radius=24;kmer=2;top_ratio=0.25;score_scale=4.0;motif_weight=0.0;motif_radius=12;score_normalization=train_quantile;raw_border_score=0.194622;border_score=0.956022",0.20251980423927307,0.22298210859298706,0.5744981169700623
test_Seq_52,0,1,"benchmark=nucleotide_transformer_downstream_tasks;dataset=splice_sites_all;matching=kmer_balanced;matching_signature=(10, 'TCC');border_estimator=center_window_kmer_jsd;estimator=center_jsd;window=48;search_radius=24;kmer=2;top_ratio=0.25;score_scale=4.0;motif_weight=0.0;motif_radius=12;score_normalization=train_quantile;raw_border_score=0.214544;border_score=1.005089",0.3410871624946594,0.3465133309364319,0.31239956617355347
test_Seq_2638,2,2,"benchmark=nucleotide_transformer_downstream_tasks;dataset=splice_sites_all;matching=kmer_balanced;matching_signature=(8, 'TTT');border_estimator=center_window_kmer_jsd;estimator=center_jsd;window=48;search_radius=24;kmer=2;top_ratio=0.25;score_scale=4.0;motif_weight=0.0;motif_radius=12;score_normalization=train_quantile;raw_border_score=0.232030;border_score=1.043889",0.21419019997119904,0.2380681037902832,0.547741711139679
test_Seq_535,0,2,"benchmark=nucleotide_transformer_downstream_tasks;dataset=splice_sites_all;matching=kmer_balanced;matching_signature=(7, 'TTT');border_estimator=center_window_kmer_jsd;estimator=center_jsd;window=48;search_radius=24;kmer=2;top_ratio=0.25;score_scale=4.0;motif_weight=0.0;motif_radius=12;score_normalization=train_quantile;raw_border_score=0.163593;border_score=0.875178",0.3202623426914215,0.33658990263938904,0.34314775466918945
test_Seq_1065,1,1,"benchmark=nucleotide_transformer_downstream_tasks;dataset=splice_sites_all;matching=kmer_balanced;matching_signature=(9, 'AAA');border_estimator=center_window_kmer_jsd;estimator=center_jsd;window=48;search_radius=24;kmer=2;top_ratio=0.25;score_scale=4.0;motif_weight=0.0;motif_radius=12;score_normalization=train_quantile;raw_border_score=0.218538;border_score=1.015356",0.3451651334762573,0.34818074107170105,0.3066541254520416
test_Seq_2179,2,1,"benchmark=nucleotide_transformer_downstream_tasks;dataset=splice_sites_all;matching=kmer_balanced;matching_signature=(13, 'GGG');border_estimator=center_window_kmer_jsd;estimator=center_jsd;window=48;search_radius=24;kmer=2;top_ratio=0.25;score_scale=4.0;motif_weight=0.0;motif_radius=12;score_normalization=train_quantile;raw_border_score=0.233241;border_score=1.046022",0.3599390685558319,0.3640782833099365,0.27598270773887634
test_Seq_1233,1,1,"benchmark=nucleotide_transformer_downstream_tasks;dataset=splice_sites_all;matching=kmer_balanced;matching_signature=(10, 'CCC');border_estimator=center_window_kmer_jsd;estimator=center_jsd;window=48;search_radius=24;kmer=2;top_ratio=0.25;score_scale=4.0;motif_weight=0.0;motif_radius=12;score_normalization=train_quantile;raw_border_score=0.414253;border_score=1.191667",0.33931490778923035,0.34737858176231384,0.3133065104484558
test_Seq_137,0,2,"benchmark=nucleotide_transformer_downstream_tasks;dataset=splice_sites_all;matching=kmer_balanced;matching_signature=(6, 'AAT');border_estimator=center_window_kmer_jsd;estimator=center_jsd;window=48;search_radius=24;kmer=2;top_ratio=0.25;score_scale=4.0;motif_weight=0.0;motif_radius=12;score_normalization=train_quantile;raw_border_score=0.216623;border_score=1.010689",0.1788238137960434,0.20406964421272278,0.6171066164970398
test_Seq_899,0,2,"benchmark=nucleotide_transformer_downstream_tasks;dataset=splice_sites_all;matching=kmer_balanced;matching_signature=(8, 'AAA');border_estimator=center_window_kmer_jsd;estimator=center_jsd;window=48;search_radius=24;kmer=2;top_ratio=0.25;score_scale=4.0;motif_weight=0.0;motif_radius=12;score_normalization=train_quantile;raw_border_score=0.258377;border_score=1.092778",0.29261401295661926,0.3131411075592041,0.3942449390888214
test_Seq_1556,1,2,"benchmark=nucleotide_transformer_downstream_tasks;dataset=splice_sites_all;matching=kmer_balanced;matching_signature=(5, 'TTT');border_estimator=center_window_kmer_jsd;estimator=center_jsd;window=48;search_radius=24;kmer=2;top_ratio=0.25;score_scale=4.0;motif_weight=0.0;motif_radius=12;score_normalization=train_quantile;raw_border_score=0.213139;border_score=1.002244",0.22880715131759644,0.2539694905281067,0.5172233581542969
test_Seq_1666,1,2,"benchmark=nucleotide_transformer_downstream_tasks;dataset=splice_sites_all;matching=kmer_balanced;matching_signature=(8, 'AAA');border_estimator=center_window_kmer_jsd;estimator=center_jsd;window=48;search_radius=24;kmer=2;top_ratio=0.25;score_scale=4.0;motif_weight=0.0;motif_radius=12;score_normalization=train_quantile;raw_border_score=0.241320;border_score=1.061489",0.3103928565979004,0.323230117559433,0.36637696623802185
test_Seq_311,0,2,"benchmark=nucleotide_transformer_downstream_tasks;dataset=splice_sites_all;matching=kmer_balanced;matching_signature=(8, 'TTT');border_estimator=center_window_kmer_jsd;estimator=center_jsd;window=48;search_radius=24;kmer=2;top_ratio=0.25;score_scale=4.0;motif_weight=0.0;motif_radius=12;score_normalization=train_quantile;raw_border_score=0.293376;border_score=1.139667",0.2891607880592346,0.3019677400588989,0.40887147188186646
test_Seq_2973,2,2,"benchmark=nucleotide_transformer_downstream_tasks;dataset=splice_sites_all;matching=kmer_balanced;matching_signature=(10, 'GAG');border_estimator=center_window_kmer_jsd;estimator=center_jsd;window=48;search_radius=24;kmer=2;top_ratio=0.25;score_scale=4.0;motif_weight=0.0;motif_radius=12;score_normalization=train_quantile;raw_border_score=0.233503;border_score=1.046556",0.1351355016231537,0.15281474590301514,0.7120497226715088
test_Seq_2651,2,0,"benchmark=nucleotide_transformer_downstream_tasks;dataset=splice_sites_all;matching=kmer_balanced;matching_signature=(14, 'GGG');border_estimator=center_window_kmer_jsd;estimator=center_jsd;window=48;search_radius=24;kmer=2;top_ratio=0.25;score_scale=4.0;motif_weight=0.0;motif_radius=12;score_normalization=train_quantile;raw_border_score=0.150116;border_score=0.847889",0.33849355578422546,0.3336842656135559,0.32782214879989624
test_Seq_1973,1,2,"benchmark=nucleotide_transformer_downstream_tasks;dataset=splice_sites_all;matching=kmer_balanced;matching_signature=(7, 'AAA');border_estimator=center_window_kmer_jsd;estimator=center_jsd;window=48;search_radius=24;kmer=2;top_ratio=0.25;score_scale=4.0;motif_weight=0.0;motif_radius=12;score_normalization=train_quantile;raw_border_score=0.144746;border_score=0.838244",0.27580782771110535,0.29954397678375244,0.4246482253074646
test_Seq_753,0,2,"benchmark=nucleotide_transformer_downstream_tasks;dataset=splice_sites_all;matching=kmer_balanced;matching_signature=(11, 'CCT');border_estimator=center_window_kmer_jsd;estimator=center_jsd;window=48;search_radius=24;kmer=2;top_ratio=0.25;score_scale=4.0;motif_weight=0.0;motif_radius=12;score_normalization=train_quantile;raw_border_score=0.103481;border_score=0.803533",0.28160974383354187,0.2899642586708069,0.42842593789100647
test_Seq_2770,2,2,"benchmark=nucleotide_transformer_downstream_tasks;dataset=splice_sites_all;matching=kmer_balanced;matching_signature=(10, 'TGG');border_estimator=center_window_kmer_jsd;estimator=center_jsd;window=48;search_radius=24;kmer=2;top_ratio=0.25;score_scale=4.0;motif_weight=0.0;motif_radius=12;score_normalization=train_quantile;raw_border_score=0.201632;border_score=0.975000",0.2564031183719635,0.28077778220176697,0.4628191292285919
test_Seq_1520,1,2,"benchmark=nucleotide_transformer_downstream_tasks;dataset=splice_sites_all;matching=kmer_balanced;matching_signature=(7, 'TTT');border_estimator=center_window_kmer_jsd;estimator=center_jsd;window=48;search_radius=24;kmer=2;top_ratio=0.25;score_scale=4.0;motif_weight=0.0;motif_radius=12;score_normalization=train_quantile;raw_border_score=0.241591;border_score=1.062200",0.2873624265193939,0.29777002334594727,0.4148675501346588
test_Seq_2356,2,2,"benchmark=nucleotide_transformer_downstream_tasks;dataset=splice_sites_all;matching=kmer_balanced;matching_signature=(8, 'TTT');border_estimator=center_window_kmer_jsd;estimator=center_jsd;window=48;search_radius=24;kmer=2;top_ratio=0.25;score_scale=4.0;motif_weight=0.0;motif_radius=12;score_normalization=train_quantile;raw_border_score=0.469436;border_score=1.197000",0.13451889157295227,0.15884849429130554,0.706632673740387
test_Seq_550,0,2,"benchmark=nucleotide_transformer_downstream_tasks;dataset=splice_sites_all;matching=kmer_balanced;matching_signature=(9, 'TTT');border_estimator=center_window_kmer_jsd;estimator=center_jsd;window=48;search_radius=24;kmer=2;top_ratio=0.25;score_scale=4.0;motif_weight=0.0;motif_radius=12;score_normalization=train_quantile;raw_border_score=0.149026;border_score=0.846111",0.3149513304233551,0.3346596956253052,0.35038894414901733
test_Seq_1468,1,2,"benchmark=nucleotide_transformer_downstream_tasks;dataset=splice_sites_all;matching=kmer_balanced;matching_signature=(7, 'AAA');border_estimator=center_window_kmer_jsd;estimator=center_jsd;window=48;search_radius=24;kmer=2;top_ratio=0.25;score_scale=4.0;motif_weight=0.0;motif_radius=12;score_normalization=train_quantile;raw_border_score=0.198839;border_score=0.968156",0.22200489044189453,0.24296002089977264,0.5350350737571716
test_Seq_1102,1,2,"benchmark=nucleotide_transformer_downstream_tasks;dataset=splice_sites_all;matching=kmer_balanced;matching_signature=(10, 'TTT');border_estimator=center_window_kmer_jsd;estimator=center_jsd;window=48;search_radius=24;kmer=2;top_ratio=0.25;score_scale=4.0;motif_weight=0.0;motif_radius=12;score_normalization=train_quantile;raw_border_score=0.215384;border_score=1.006956",0.28006523847579956,0.2952602505683899,0.42467448115348816
test_Seq_2562,2,1,"benchmark=nucleotide_transformer_downstream_tasks;dataset=splice_sites_all;matching=kmer_balanced;matching_signature=(11, 'TGG');border_estimator=center_window_kmer_jsd;estimator=center_jsd;window=48;search_radius=24;kmer=2;top_ratio=0.25;score_scale=4.0;motif_weight=0.0;motif_radius=12;score_normalization=train_quantile;raw_border_score=0.200832;border_score=0.973044",0.34480759501457214,0.3476054072380066,0.30758699774742126
test_Seq_1714,1,2,"benchmark=nucleotide_transformer_downstream_tasks;dataset=splice_sites_all;matching=kmer_balanced;matching_signature=(7, 'TTT');border_estimator=center_window_kmer_jsd;estimator=center_jsd;window=48;search_radius=24;kmer=2;top_ratio=0.25;score_scale=4.0;motif_weight=0.0;motif_radius=12;score_normalization=train_quantile;raw_border_score=0.230609;border_score=1.040822",0.3090071678161621,0.3235195279121399,0.3674732744693756
test_Seq_1286,1,2,"benchmark=nucleotide_transformer_downstream_tasks;dataset=splice_sites_all;matching=kmer_balanced;matching_signature=(10, 'CTG');border_estimator=center_window_kmer_jsd;estimator=center_jsd;window=48;search_radius=24;kmer=2;top_ratio=0.25;score_scale=4.0;motif_weight=0.0;motif_radius=12;score_normalization=train_quantile;raw_border_score=0.208198;border_score=0.990733",0.3238877058029175,0.32896843552589417,0.34714382886886597
test_Seq_1494,1,1,"benchmark=nucleotide_transformer_downstream_tasks;dataset=splice_sites_all;matching=kmer_balanced;matching_signature=(7, 'AAA');border_estimator=center_window_kmer_jsd;estimator=center_jsd;window=48;search_radius=24;kmer=2;top_ratio=0.25;score_scale=4.0;motif_weight=0.0;motif_radius=12;score_normalization=train_quantile;raw_border_score=0.145896;border_score=0.840289",0.36638668179512024,0.36744052171707153,0.26617276668548584
test_Seq_2115,2,2,"benchmark=nucleotide_transformer_downstream_tasks;dataset=splice_sites_all;matching=kmer_balanced;matching_signature=(5, 'TTT');border_estimator=center_window_kmer_jsd;estimator=center_jsd;window=48;search_radius=24;kmer=2;top_ratio=0.25;score_scale=4.0;motif_weight=0.0;motif_radius=12;score_normalization=train_quantile;raw_border_score=0.212834;border_score=1.001622",0.1746479570865631,0.19034507870674133,0.6350069642066956
test_Seq_2621,2,2,"benchmark=nucleotide_transformer_downstream_tasks;dataset=splice_sites_all;matching=kmer_balanced;matching_signature=(11, 'GAG');border_estimator=center_window_kmer_jsd;estimator=center_jsd;window=48;search_radius=24;kmer=2;top_ratio=0.25;score_scale=4.0;motif_weight=0.0;motif_radius=12;score_normalization=train_quantile;raw_border_score=0.191428;border_score=0.948244",0.2899807393550873,0.29975101351737976,0.41026821732521057
test_Seq_852,0,2,"benchmark=nucleotide_transformer_downstream_tasks;dataset=splice_sites_all;matching=kmer_balanced;matching_signature=(9, 'TGT');border_estimator=center_window_kmer_jsd;estimator=center_jsd;window=48;search_radius=24;kmer=2;top_ratio=0.25;score_scale=4.0;motif_weight=0.0;motif_radius=12;score_normalization=train_quantile;raw_border_score=0.246791;border_score=1.072644",0.26778140664100647,0.28846797347068787,0.44375067949295044
test_Seq_318,0,2,"benchmark=nucleotide_transformer_downstream_tasks;dataset=splice_sites_all;matching=kmer_balanced;matching_signature=(11, 'CAG');border_estimator=center_window_kmer_jsd;estimator=center_jsd;window=48;search_radius=24;kmer=2;top_ratio=0.25;score_scale=4.0;motif_weight=0.0;motif_radius=12;score_normalization=train_quantile;raw_border_score=0.302813;border_score=1.148867",0.28369638323783875,0.30033186078071594,0.41597166657447815
test_Seq_221,0,2,"benchmark=nucleotide_transformer_downstream_tasks;dataset=splice_sites_all;matching=kmer_balanced;matching_signature=(7, 'AAA');border_estimator=center_window_kmer_jsd;estimator=center_jsd;window=48;search_radius=24;kmer=2;top_ratio=0.25;score_scale=4.0;motif_weight=0.0;motif_radius=12;score_normalization=train_quantile;raw_border_score=0.191343;border_score=0.948111",0.3048458695411682,0.3293319344520569,0.3658221364021301
test_Seq_1458,1,2,"benchmark=nucleotide_transformer_downstream_tasks;dataset=splice_sites_all;matching=kmer_balanced;matching_signature=(10, 'TCT');border_estimator=center_window_kmer_jsd;estimator=center_jsd;window=48;search_radius=24;kmer=2;top_ratio=0.25;score_scale=4.0;motif_weight=0.0;motif_radius=12;score_normalization=train_quantile;raw_border_score=0.228027;border_score=1.035978",0.2549240291118622,0.2818547487258911,0.46322131156921387
test_Seq_615,0,2,"benchmark=nucleotide_transformer_downstream_tasks;dataset=splice_sites_all;matching=kmer_balanced;matching_signature=(7, 'TTT');border_estimator=center_window_kmer_jsd;estimator=center_jsd;window=48;search_radius=24;kmer=2;top_ratio=0.25;score_scale=4.0;motif_weight=0.0;motif_radius=12;score_normalization=train_quantile;raw_border_score=0.201220;border_score=0.973933",0.2592555582523346,0.2768765091896057,0.4638679325580597
test_Seq_1676,1,2,"benchmark=nucleotide_transformer_downstream_tasks;dataset=splice_sites_all;matching=kmer_balanced;matching_signature=(10, 'GGG');border_estimator=center_window_kmer_jsd;estimator=center_jsd;window=48;search_radius=24;kmer=2;top_ratio=0.25;score_scale=4.0;motif_weight=0.0;motif_radius=12;score_normalization=train_quantile;raw_border_score=0.281373;border_score=1.125533",0.3164219260215759,0.32295477390289307,0.360623300075531
test_Seq_450,0,2,"benchmark=nucleotide_transformer_downstream_tasks;dataset=splice_sites_all;matching=kmer_balanced;matching_signature=(8, 'TTT');border_estimator=center_window_kmer_jsd;estimator=center_jsd;window=48;search_radius=24;kmer=2;top_ratio=0.25;score_scale=4.0;motif_weight=0.0;motif_radius=12;score_normalization=train_quantile;raw_border_score=0.343238;border_score=1.173400",0.2710650861263275,0.30131298303604126,0.4276219308376312
test_Seq_2178,2,2,"benchmark=nucleotide_transformer_downstream_tasks;dataset=splice_sites_all;matching=kmer_balanced;matching_signature=(6, 'ATT');border_estimator=center_window_kmer_jsd;estimator=center_jsd;window=48;search_radius=24;kmer=2;top_ratio=0.25;score_scale=4.0;motif_weight=0.0;motif_radius=12;score_normalization=train_quantile;raw_border_score=0.249173;border_score=1.077489",0.22714771330356598,0.2529042065143585,0.5199480652809143
test_Seq_2422,2,2,"benchmark=nucleotide_transformer_downstream_tasks;dataset=splice_sites_all;matching=kmer_balanced;matching_signature=(6, 'TTT');border_estimator=center_window_kmer_jsd;estimator=center_jsd;window=48;search_radius=24;kmer=2;top_ratio=0.25;score_scale=4.0;motif_weight=0.0;motif_radius=12;score_normalization=train_quantile;raw_border_score=0.152809;border_score=0.853000",0.25467005372047424,0.2686792016029358,0.47665074467658997
test_Seq_2202,2,2,"benchmark=nucleotide_transformer_downstream_tasks;dataset=splice_sites_all;matching=kmer_balanced;matching_signature=(8, 'AAA');border_estimator=center_window_kmer_jsd;estimator=center_jsd;window=48;search_radius=24;kmer=2;top_ratio=0.25;score_scale=4.0;motif_weight=0.0;motif_radius=12;score_normalization=train_quantile;raw_border_score=0.212967;border_score=1.001889",0.1476457566022873,0.1625601351261139,0.6897940635681152
test_Seq_958,0,2,"benchmark=nucleotide_transformer_downstream_tasks;dataset=splice_sites_all;matching=kmer_balanced;matching_signature=(9, 'GAG');border_estimator=center_window_kmer_jsd;estimator=center_jsd;window=48;search_radius=24;kmer=2;top_ratio=0.25;score_scale=4.0;motif_weight=0.0;motif_radius=12;score_normalization=train_quantile;raw_border_score=0.263762;border_score=1.102022",0.24178937077522278,0.26536715030670166,0.49284347891807556
test_Seq_1811,1,2,"benchmark=nucleotide_transformer_downstream_tasks;dataset=splice_sites_all;matching=kmer_balanced;matching_signature=(11, 'CCC');border_estimator=center_window_kmer_jsd;estimator=center_jsd;window=48;search_radius=24;kmer=2;top_ratio=0.25;score_scale=4.0;motif_weight=0.0;motif_radius=12;score_normalization=train_quantile;raw_border_score=0.153496;border_score=0.854422",0.23379795253276825,0.25267988443374634,0.5135221481323242
test_Seq_2654,2,2,"benchmark=nucleotide_transformer_downstream_tasks;dataset=splice_sites_all;matching=kmer_balanced;matching_signature=(8, 'TTT');border_estimator=center_window_kmer_jsd;estimator=center_jsd;window=48;search_radius=24;kmer=2;top_ratio=0.25;score_scale=4.0;motif_weight=0.0;motif_radius=12;score_normalization=train_quantile;raw_border_score=0.256878;border_score=1.090333",0.25656625628471375,0.2722906172275543,0.47114312648773193
test_Seq_309,0,2,"benchmark=nucleotide_transformer_downstream_tasks;dataset=splice_sites_all;matching=kmer_balanced;matching_signature=(8, 'TTC');border_estimator=center_window_kmer_jsd;estimator=center_jsd;window=48;search_radius=24;kmer=2;top_ratio=0.25;score_scale=4.0;motif_weight=0.0;motif_radius=12;score_normalization=train_quantile;raw_border_score=0.168546;border_score=0.887578",0.29455211758613586,0.30725187063217163,0.3981960117816925
test_Seq_2872,2,2,"benchmark=nucleotide_transformer_downstream_tasks;dataset=splice_sites_all;matching=kmer_balanced;matching_signature=(7, 'AAA');border_estimator=center_window_kmer_jsd;estimator=center_jsd;window=48;search_radius=24;kmer=2;top_ratio=0.25;score_scale=4.0;motif_weight=0.0;motif_radius=12;score_normalization=train_quantile;raw_border_score=0.257795;border_score=1.091800",0.29013141989707947,0.31092071533203125,0.39894792437553406
test_Seq_84,0,2,"benchmark=nucleotide_transformer_downstream_tasks;dataset=splice_sites_all;matching=kmer_balanced;matching_signature=(6, 'TTT');border_estimator=center_window_kmer_jsd;estimator=center_jsd;window=48;search_radius=24;kmer=2;top_ratio=0.25;score_scale=4.0;motif_weight=0.0;motif_radius=12;score_normalization=train_quantile;raw_border_score=0.249612;border_score=1.078333",0.3227597773075104,0.33690282702445984,0.3403373658657074
test_Seq_2015,2,2,"benchmark=nucleotide_transformer_downstream_tasks;dataset=splice_sites_all;matching=kmer_balanced;matching_signature=(11, 'CTG');border_estimator=center_window_kmer_jsd;estimator=center_jsd;window=48;search_radius=24;kmer=2;top_ratio=0.25;score_scale=4.0;motif_weight=0.0;motif_radius=12;score_normalization=train_quantile;raw_border_score=0.279574;border_score=1.123489",0.20713160932064056,0.23130068182945251,0.5615676641464233
test_Seq_2624,2,1,"benchmark=nucleotide_transformer_downstream_tasks;dataset=splice_sites_all;matching=kmer_balanced;matching_signature=(6, 'TTT');border_estimator=center_window_kmer_jsd;estimator=center_jsd;window=48;search_radius=24;kmer=2;top_ratio=0.25;score_scale=4.0;motif_weight=0.0;motif_radius=12;score_normalization=train_quantile;raw_border_score=0.200052;border_score=0.971533",0.3473314344882965,0.36222705245018005,0.29044145345687866
test_Seq_2223,2,2,"benchmark=nucleotide_transformer_downstream_tasks;dataset=splice_sites_all;matching=kmer_balanced;matching_signature=(9, 'TCT');border_estimator=center_window_kmer_jsd;estimator=center_jsd;window=48;search_radius=24;kmer=2;top_ratio=0.25;score_scale=4.0;motif_weight=0.0;motif_radius=12;score_normalization=train_quantile;raw_border_score=0.195294;border_score=0.957889",0.3087828457355499,0.32741132378578186,0.3638058006763458
test_Seq_2233,2,2,"benchmark=nucleotide_transformer_downstream_tasks;dataset=splice_sites_all;matching=kmer_balanced;matching_signature=(6, 'AAA');border_estimator=center_window_kmer_jsd;estimator=center_jsd;window=48;search_radius=24;kmer=2;top_ratio=0.25;score_scale=4.0;motif_weight=0.0;motif_radius=12;score_normalization=train_quantile;raw_border_score=0.234901;border_score=1.049133",0.19260083138942719,0.20871387422084808,0.5986852645874023
test_Seq_1118,1,1,"benchmark=nucleotide_transformer_downstream_tasks;dataset=splice_sites_all;matching=kmer_balanced;matching_signature=(6, 'TTT');border_estimator=center_window_kmer_jsd;estimator=center_jsd;window=48;search_radius=24;kmer=2;top_ratio=0.25;score_scale=4.0;motif_weight=0.0;motif_radius=12;score_normalization=train_quantile;raw_border_score=0.201147;border_score=0.973756",0.3281528353691101,0.34847143292427063,0.3233756721019745
test_Seq_5,0,1,"benchmark=nucleotide_transformer_downstream_tasks;dataset=splice_sites_all;matching=kmer_balanced;matching_signature=(8, 'TTT');border_estimator=center_window_kmer_jsd;estimator=center_jsd;window=48;search_radius=24;kmer=2;top_ratio=0.25;score_scale=4.0;motif_weight=0.0;motif_radius=12;score_normalization=train_quantile;raw_border_score=0.374749;border_score=1.185311",0.3232022225856781,0.3447091579437256,0.3320886492729187
test_Seq_2701,2,2,"benchmark=nucleotide_transformer_downstream_tasks;dataset=splice_sites_all;matching=kmer_balanced;matching_signature=(8, 'TTT');border_estimator=center_window_kmer_jsd;estimator=center_jsd;window=48;search_radius=24;kmer=2;top_ratio=0.25;score_scale=4.0;motif_weight=0.0;motif_radius=12;score_normalization=train_quantile;raw_border_score=0.190017;border_score=0.944244",0.3272668421268463,0.33217063546180725,0.3405625820159912
test_Seq_1557,1,2,"benchmark=nucleotide_transformer_downstream_tasks;dataset=splice_sites_all;matching=kmer_balanced;matching_signature=(8, 'TCT');border_estimator=center_window_kmer_jsd;estimator=center_jsd;window=48;search_radius=24;kmer=2;top_ratio=0.25;score_scale=4.0;motif_weight=0.0;motif_radius=12;score_normalization=train_quantile;raw_border_score=0.263739;border_score=1.101933",0.2678072452545166,0.287049800157547,0.4451430141925812
test_Seq_1900,1,0,"benchmark=nucleotide_transformer_downstream_tasks;dataset=splice_sites_all;matching=kmer_balanced;matching_signature=(10, 'AAA');border_estimator=center_window_kmer_jsd;estimator=center_jsd;window=48;search_radius=24;kmer=2;top_ratio=0.25;score_scale=4.0;motif_weight=0.0;motif_radius=12;score_normalization=train_quantile;raw_border_score=0.485670;border_score=1.197667",0.3417733609676361,0.3403657078742981,0.3178609013557434
test_Seq_1762,1,2,"benchmark=nucleotide_transformer_downstream_tasks;dataset=splice_sites_all;matching=kmer_balanced;matching_signature=(13, 'GGG');border_estimator=center_window_kmer_jsd;estimator=center_jsd;window=48;search_radius=24;kmer=2;top_ratio=0.25;score_scale=4.0;motif_weight=0.0;motif_radius=12;score_normalization=train_quantile;raw_border_score=0.361571;border_score=1.181089",0.29944926500320435,0.3003169000148773,0.40023383498191833
test_Seq_417,0,2,"benchmark=nucleotide_transformer_downstream_tasks;dataset=splice_sites_all;matching=kmer_balanced;matching_signature=(5, 'TTT');border_estimator=center_window_kmer_jsd;estimator=center_jsd;window=48;search_radius=24;kmer=2;top_ratio=0.25;score_scale=4.0;motif_weight=0.0;motif_radius=12;score_normalization=train_quantile;raw_border_score=0.323302;border_score=1.162867",0.31699249148368835,0.3363087773323059,0.34669873118400574
test_Seq_2322,2,2,"benchmark=nucleotide_transformer_downstream_tasks;dataset=splice_sites_all;matching=kmer_balanced;matching_signature=(7, 'TTT');border_estimator=center_window_kmer_jsd;estimator=center_jsd;window=48;search_radius=24;kmer=2;top_ratio=0.25;score_scale=4.0;motif_weight=0.0;motif_radius=12;score_normalization=train_quantile;raw_border_score=0.207910;border_score=0.989933",0.15331150591373444,0.17716780304908752,0.6695206761360168
test_Seq_2561,2,2,"benchmark=nucleotide_transformer_downstream_tasks;dataset=splice_sites_all;matching=kmer_balanced;matching_signature=(11, 'CCC');border_estimator=center_window_kmer_jsd;estimator=center_jsd;window=48;search_radius=24;kmer=2;top_ratio=0.25;score_scale=4.0;motif_weight=0.0;motif_radius=12;score_normalization=train_quantile;raw_border_score=0.246349;border_score=1.071844",0.30367961525917053,0.3135174810886383,0.3828028738498688
test_Seq_1719,1,2,"benchmark=nucleotide_transformer_downstream_tasks;dataset=splice_sites_all;matching=kmer_balanced;matching_signature=(13, 'CTG');border_estimator=center_window_kmer_jsd;estimator=center_jsd;window=48;search_radius=24;kmer=2;top_ratio=0.25;score_scale=4.0;motif_weight=0.0;motif_radius=12;score_normalization=train_quantile;raw_border_score=0.238429;border_score=1.055178",0.21890878677368164,0.23458753526210785,0.5465036630630493
test_Seq_1258,1,2,"benchmark=nucleotide_transformer_downstream_tasks;dataset=splice_sites_all;matching=kmer_balanced;matching_signature=(7, 'TTT');border_estimator=center_window_kmer_jsd;estimator=center_jsd;window=48;search_radius=24;kmer=2;top_ratio=0.25;score_scale=4.0;motif_weight=0.0;motif_radius=12;score_normalization=train_quantile;raw_border_score=0.133150;border_score=0.822956",0.1582290679216385,0.17913410067558289,0.6626368165016174
test_Seq_64,0,1,"benchmark=nucleotide_transformer_downstream_tasks;dataset=splice_sites_all;matching=kmer_balanced;matching_signature=(9, 'TTT');border_estimator=center_window_kmer_jsd;estimator=center_jsd;window=48;search_radius=24;kmer=2;top_ratio=0.25;score_scale=4.0;motif_weight=0.0;motif_radius=12;score_normalization=train_quantile;raw_border_score=0.165754;border_score=0.880733",0.3341144025325775,0.34196752309799194,0.32391807436943054
test_Seq_1363,1,1,"benchmark=nucleotide_transformer_downstream_tasks;dataset=splice_sites_all;matching=kmer_balanced;matching_signature=(14, 'GGG');border_estimator=center_window_kmer_jsd;estimator=center_jsd;window=48;search_radius=24;kmer=2;top_ratio=0.25;score_scale=4.0;motif_weight=0.0;motif_radius=12;score_normalization=train_quantile;raw_border_score=0.236174;border_score=1.051133",0.34388604760169983,0.35489627718925476,0.3012176752090454
test_Seq_491,0,2,"benchmark=nucleotide_transformer_downstream_tasks;dataset=splice_sites_all;matching=kmer_balanced;matching_signature=(7, 'TAT');border_estimator=center_window_kmer_jsd;estimator=center_jsd;window=48;search_radius=24;kmer=2;top_ratio=0.25;score_scale=4.0;motif_weight=0.0;motif_radius=12;score_normalization=train_quantile;raw_border_score=0.429653;border_score=1.193222",0.27654969692230225,0.2996499836444855,0.4238003194332123
test_Seq_2836,2,2,"benchmark=nucleotide_transformer_downstream_tasks;dataset=splice_sites_all;matching=kmer_balanced;matching_signature=(7, 'AAA');border_estimator=center_window_kmer_jsd;estimator=center_jsd;window=48;search_radius=24;kmer=2;top_ratio=0.25;score_scale=4.0;motif_weight=0.0;motif_radius=12;score_normalization=train_quantile;raw_border_score=0.216683;border_score=1.010778",0.3171706795692444,0.33196279406547546,0.35086652636528015
test_Seq_1135,1,2,"benchmark=nucleotide_transformer_downstream_tasks;dataset=splice_sites_all;matching=kmer_balanced;matching_signature=(7, 'ATA');border_estimator=center_window_kmer_jsd;estimator=center_jsd;window=48;search_radius=24;kmer=2;top_ratio=0.25;score_scale=4.0;motif_weight=0.0;motif_radius=12;score_normalization=train_quantile;raw_border_score=0.173692;border_score=0.901000",0.14562274515628815,0.16953814029693604,0.684839129447937
test_Seq_866,0,2,"benchmark=nucleotide_transformer_downstream_tasks;dataset=splice_sites_all;matching=kmer_balanced;matching_signature=(11, 'AGG');border_estimator=center_window_kmer_jsd;estimator=center_jsd;window=48;search_radius=24;kmer=2;top_ratio=0.25;score_scale=4.0;motif_weight=0.0;motif_radius=12;score_normalization=train_quantile;raw_border_score=0.314412;border_score=1.157000",0.3251763582229614,0.33710190653800964,0.3377217650413513
test_Seq_1504,1,1,"benchmark=nucleotide_transformer_downstream_tasks;dataset=splice_sites_all;matching=kmer_balanced;matching_signature=(10, 'TGG');border_estimator=center_window_kmer_jsd;estimator=center_jsd;window=48;search_radius=24;kmer=2;top_ratio=0.25;score_scale=4.0;motif_weight=0.0;motif_radius=12;score_normalization=train_quantile;raw_border_score=0.182477;border_score=0.923578",0.34202489256858826,0.3454245626926422,0.31255051493644714
test_Seq_1069,1,2,"benchmark=nucleotide_transformer_downstream_tasks;dataset=splice_sites_all;matching=kmer_balanced;matching_signature=(8, 'GAA');border_estimator=center_window_kmer_jsd;estimator=center_jsd;window=48;search_radius=24;kmer=2;top_ratio=0.25;score_scale=4.0;motif_weight=0.0;motif_radius=12;score_normalization=train_quantile;raw_border_score=0.187937;border_score=0.938911",0.2501056492328644,0.27121368050575256,0.47868067026138306
test_Seq_1672,1,2,"benchmark=nucleotide_transformer_downstream_tasks;dataset=splice_sites_all;matching=kmer_balanced;matching_signature=(6, 'AAA');border_estimator=center_window_kmer_jsd;estimator=center_jsd;window=48;search_radius=24;kmer=2;top_ratio=0.25;score_scale=4.0;motif_weight=0.0;motif_radius=12;score_normalization=train_quantile;raw_border_score=0.165715;border_score=0.880556",0.30721402168273926,0.32156747579574585,0.3712184727191925
test_Seq_767,0,1,"benchmark=nucleotide_transformer_downstream_tasks;dataset=splice_sites_all;matching=kmer_balanced;matching_signature=(9, 'CTG');border_estimator=center_window_kmer_jsd;estimator=center_jsd;window=48;search_radius=24;kmer=2;top_ratio=0.25;score_scale=4.0;motif_weight=0.0;motif_radius=12;score_normalization=train_quantile;raw_border_score=0.344426;border_score=1.174333",0.3580545485019684,0.3638097643852234,0.27813562750816345
test_Seq_1202,1,2,"benchmark=nucleotide_transformer_downstream_tasks;dataset=splice_sites_all;matching=kmer_balanced;matching_signature=(7, 'TTT');border_estimator=center_window_kmer_jsd;estimator=center_jsd;window=48;search_radius=24;kmer=2;top_ratio=0.25;score_scale=4.0;motif_weight=0.0;motif_radius=12;score_normalization=train_quantile;raw_border_score=0.198308;border_score=0.966600",0.27801090478897095,0.29027193784713745,0.4317170977592468
test_Seq_2804,2,2,"benchmark=nucleotide_transformer_downstream_tasks;dataset=splice_sites_all;matching=kmer_balanced;matching_signature=(8, 'AAA');border_estimator=center_window_kmer_jsd;estimator=center_jsd;window=48;search_radius=24;kmer=2;top_ratio=0.25;score_scale=4.0;motif_weight=0.0;motif_radius=12;score_normalization=train_quantile;raw_border_score=0.205872;border_score=0.985889",0.2489132583141327,0.2593264877796173,0.4917602837085724
test_Seq_515,0,2,"benchmark=nucleotide_transformer_downstream_tasks;dataset=splice_sites_all;matching=kmer_balanced;matching_signature=(8, 'TTT');border_estimator=center_window_kmer_jsd;estimator=center_jsd;window=48;search_radius=24;kmer=2;top_ratio=0.25;score_scale=4.0;motif_weight=0.0;motif_radius=12;score_normalization=train_quantile;raw_border_score=0.560914;border_score=1.199400",0.15088322758674622,0.17048533260822296,0.6786314249038696
test_Seq_551,0,2,"benchmark=nucleotide_transformer_downstream_tasks;dataset=splice_sites_all;matching=kmer_balanced;matching_signature=(7, 'AAA');border_estimator=center_window_kmer_jsd;estimator=center_jsd;window=48;search_radius=24;kmer=2;top_ratio=0.25;score_scale=4.0;motif_weight=0.0;motif_radius=12;score_normalization=train_quantile;raw_border_score=0.243778;border_score=1.067222",0.2992357909679413,0.31381720304489136,0.3869469463825226
test_Seq_1830,1,2,"benchmark=nucleotide_transformer_downstream_tasks;dataset=splice_sites_all;matching=kmer_balanced;matching_signature=(7, 'AAA');border_estimator=center_window_kmer_jsd;estimator=center_jsd;window=48;search_radius=24;kmer=2;top_ratio=0.25;score_scale=4.0;motif_weight=0.0;motif_radius=12;score_normalization=train_quantile;raw_border_score=0.247659;border_score=1.074511",0.19279654324054718,0.21167075634002686,0.5955327153205872
test_Seq_2226,2,2,"benchmark=nucleotide_transformer_downstream_tasks;dataset=splice_sites_all;matching=kmer_balanced;matching_signature=(7, 'TTT');border_estimator=center_window_kmer_jsd;estimator=center_jsd;window=48;search_radius=24;kmer=2;top_ratio=0.25;score_scale=4.0;motif_weight=0.0;motif_radius=12;score_normalization=train_quantile;raw_border_score=0.228466;border_score=1.036911",0.1539994478225708,0.1726255863904953,0.6733750104904175
test_Seq_2839,2,2,"benchmark=nucleotide_transformer_downstream_tasks;dataset=splice_sites_all;matching=kmer_balanced;matching_signature=(7, 'AAA');border_estimator=center_window_kmer_jsd;estimator=center_jsd;window=48;search_radius=24;kmer=2;top_ratio=0.25;score_scale=4.0;motif_weight=0.0;motif_radius=12;score_normalization=train_quantile;raw_border_score=0.297193;border_score=1.142778",0.2915657162666321,0.3043866753578186,0.4040476679801941
test_Seq_1984,1,2,"benchmark=nucleotide_transformer_downstream_tasks;dataset=splice_sites_all;matching=kmer_balanced;matching_signature=(10, 'CTG');border_estimator=center_window_kmer_jsd;estimator=center_jsd;window=48;search_radius=24;kmer=2;top_ratio=0.25;score_scale=4.0;motif_weight=0.0;motif_radius=12;score_normalization=train_quantile;raw_border_score=0.141056;border_score=0.832778",0.25839653611183167,0.2771305739879608,0.4644728899002075
test_Seq_1158,1,2,"benchmark=nucleotide_transformer_downstream_tasks;dataset=splice_sites_all;matching=kmer_balanced;matching_signature=(8, 'TTT');border_estimator=center_window_kmer_jsd;estimator=center_jsd;window=48;search_radius=24;kmer=2;top_ratio=0.25;score_scale=4.0;motif_weight=0.0;motif_radius=12;score_normalization=train_quantile;raw_border_score=0.424916;border_score=1.192778",0.2819760739803314,0.30135446786880493,0.41666945815086365
test_Seq_1538,1,2,"benchmark=nucleotide_transformer_downstream_tasks;dataset=splice_sites_all;matching=kmer_balanced;matching_signature=(12, 'CCC');border_estimator=center_window_kmer_jsd;estimator=center_jsd;window=48;search_radius=24;kmer=2;top_ratio=0.25;score_scale=4.0;motif_weight=0.0;motif_radius=12;score_normalization=train_quantile;raw_border_score=0.224137;border_score=1.028244",0.2695307731628418,0.2879643142223358,0.4425049126148224
test_Seq_1136,1,2,"benchmark=nucleotide_transformer_downstream_tasks;dataset=splice_sites_all;matching=kmer_balanced;matching_signature=(12, 'GGG');border_estimator=center_window_kmer_jsd;estimator=center_jsd;window=48;search_radius=24;kmer=2;top_ratio=0.25;score_scale=4.0;motif_weight=0.0;motif_radius=12;score_normalization=train_quantile;raw_border_score=0.203457;border_score=0.979844",0.17512179911136627,0.19771355390548706,0.6271646618843079
test_Seq_2274,2,2,"benchmark=nucleotide_transformer_downstream_tasks;dataset=splice_sites_all;matching=kmer_balanced;matching_signature=(10, 'TCT');border_estimator=center_window_kmer_jsd;estimator=center_jsd;window=48;search_radius=24;kmer=2;top_ratio=0.25;score_scale=4.0;motif_weight=0.0;motif_radius=12;score_normalization=train_quantile;raw_border_score=0.176833;border_score=0.910467",0.28861042857170105,0.3077645003795624,0.40362513065338135
test_Seq_15,0,2,"benchmark=nucleotide_transformer_downstream_tasks;dataset=splice_sites_all;matching=kmer_balanced;matching_signature=(9, 'TTT');border_estimator=center_window_kmer_jsd;estimator=center_jsd;window=48;search_radius=24;kmer=2;top_ratio=0.25;score_scale=4.0;motif_weight=0.0;motif_radius=12;score_normalization=train_quantile;raw_border_score=0.238232;border_score=1.054911",0.2739162743091583,0.2924633026123047,0.433620423078537
test_Seq_998,0,2,"benchmark=nucleotide_transformer_downstream_tasks;dataset=splice_sites_all;matching=kmer_balanced;matching_signature=(7, 'AAT');border_estimator=center_window_kmer_jsd;estimator=center_jsd;window=48;search_radius=24;kmer=2;top_ratio=0.25;score_scale=4.0;motif_weight=0.0;motif_radius=12;score_normalization=train_quantile;raw_border_score=0.113708;border_score=0.807667",0.24745884537696838,0.2643747329711914,0.4881664216518402
test_Seq_1133,1,2,"benchmark=nucleotide_transformer_downstream_tasks;dataset=splice_sites_all;matching=kmer_balanced;matching_signature=(10, 'GGG');border_estimator=center_window_kmer_jsd;estimator=center_jsd;window=48;search_radius=24;kmer=2;top_ratio=0.25;score_scale=4.0;motif_weight=0.0;motif_radius=12;score_normalization=train_quantile;raw_border_score=0.215901;border_score=1.008467",0.2972640097141266,0.31029069423675537,0.39244532585144043
test_Seq_1390,1,2,"benchmark=nucleotide_transformer_downstream_tasks;dataset=splice_sites_all;matching=kmer_balanced;matching_signature=(12, 'GGG');border_estimator=center_window_kmer_jsd;estimator=center_jsd;window=48;search_radius=24;kmer=2;top_ratio=0.25;score_scale=4.0;motif_weight=0.0;motif_radius=12;score_normalization=train_quantile;raw_border_score=0.294141;border_score=1.140067",0.3133585453033447,0.3158831000328064,0.3707583546638489
test_Seq_1201,1,2,"benchmark=nucleotide_transformer_downstream_tasks;dataset=splice_sites_all;matching=kmer_balanced;matching_signature=(12, 'GGG');border_estimator=center_window_kmer_jsd;estimator=center_jsd;window=48;search_radius=24;kmer=2;top_ratio=0.25;score_scale=4.0;motif_weight=0.0;motif_radius=12;score_normalization=train_quantile;raw_border_score=0.168675;border_score=0.887844",0.29230353236198425,0.2993050515651703,0.40839141607284546
test_Seq_1039,1,2,"benchmark=nucleotide_transformer_downstream_tasks;dataset=splice_sites_all;matching=kmer_balanced;matching_signature=(7, 'TTT');border_estimator=center_window_kmer_jsd;estimator=center_jsd;window=48;search_radius=24;kmer=2;top_ratio=0.25;score_scale=4.0;motif_weight=0.0;motif_radius=12;score_normalization=train_quantile;raw_border_score=0.127261;border_score=0.816644",0.2698746919631958,0.2995322048664093,0.4305931329727173
test_Seq_2277,2,2,"benchmark=nucleotide_transformer_downstream_tasks;dataset=splice_sites_all;matching=kmer_balanced;matching_signature=(12, 'CTG');border_estimator=center_window_kmer_jsd;estimator=center_jsd;window=48;search_radius=24;kmer=2;top_ratio=0.25;score_scale=4.0;motif_weight=0.0;motif_radius=12;score_normalization=train_quantile;raw_border_score=0.198475;border_score=0.967044",0.20156347751617432,0.22593949735164642,0.5724969506263733
test_Seq_2502,2,1,"benchmark=nucleotide_transformer_downstream_tasks;dataset=splice_sites_all;matching=kmer_balanced;matching_signature=(8, 'TGT');border_estimator=center_window_kmer_jsd;estimator=center_jsd;window=48;search_radius=24;kmer=2;top_ratio=0.25;score_scale=4.0;motif_weight=0.0;motif_radius=12;score_normalization=train_quantile;raw_border_score=0.158825;border_score=0.864956",0.3264685273170471,0.34493741393089294,0.3285940885543823
test_Seq_446,0,2,"benchmark=nucleotide_transformer_downstream_tasks;dataset=splice_sites_all;matching=kmer_balanced;matching_signature=(8, 'AAA');border_estimator=center_window_kmer_jsd;estimator=center_jsd;window=48;search_radius=24;kmer=2;top_ratio=0.25;score_scale=4.0;motif_weight=0.0;motif_radius=12;score_normalization=train_quantile;raw_border_score=0.177197;border_score=0.911667",0.2650240659713745,0.2829112410545349,0.4520646631717682
test_Seq_1448,1,2,"benchmark=nucleotide_transformer_downstream_tasks;dataset=splice_sites_all;matching=kmer_balanced;matching_signature=(6, 'TTT');border_estimator=center_window_kmer_jsd;estimator=center_jsd;window=48;search_radius=24;kmer=2;top_ratio=0.25;score_scale=4.0;motif_weight=0.0;motif_radius=12;score_normalization=train_quantile;raw_border_score=0.146275;border_score=0.841178",0.2811376452445984,0.2977413237094879,0.42112112045288086
test_Seq_2751,2,2,"benchmark=nucleotide_transformer_downstream_tasks;dataset=splice_sites_all;matching=kmer_balanced;matching_signature=(6, 'TTT');border_estimator=center_window_kmer_jsd;estimator=center_jsd;window=48;search_radius=24;kmer=2;top_ratio=0.25;score_scale=4.0;motif_weight=0.0;motif_radius=12;score_normalization=train_quantile;raw_border_score=0.187588;border_score=0.937400",0.18108400702476501,0.20397056639194489,0.6149454712867737
test_Seq_2864,2,1,"benchmark=nucleotide_transformer_downstream_tasks;dataset=splice_sites_all;matching=kmer_balanced;matching_signature=(7, 'AAA');border_estimator=center_window_kmer_jsd;estimator=center_jsd;window=48;search_radius=24;kmer=2;top_ratio=0.25;score_scale=4.0;motif_weight=0.0;motif_radius=12;score_normalization=train_quantile;raw_border_score=0.462013;border_score=1.196422",0.3521363437175751,0.35455793142318726,0.29330575466156006
test_Seq_605,0,2,"benchmark=nucleotide_transformer_downstream_tasks;dataset=splice_sites_all;matching=kmer_balanced;matching_signature=(6, 'AAA');border_estimator=center_window_kmer_jsd;estimator=center_jsd;window=48;search_radius=24;kmer=2;top_ratio=0.25;score_scale=4.0;motif_weight=0.0;motif_radius=12;score_normalization=train_quantile;raw_border_score=0.215536;border_score=1.007489",0.3061509132385254,0.3228442966938019,0.37100476026535034
test_Seq_2142,2,1,"benchmark=nucleotide_transformer_downstream_tasks;dataset=splice_sites_all;matching=kmer_balanced;matching_signature=(11, 'CCA');border_estimator=center_window_kmer_jsd;estimator=center_jsd;window=48;search_radius=24;kmer=2;top_ratio=0.25;score_scale=4.0;motif_weight=0.0;motif_radius=12;score_normalization=train_quantile;raw_border_score=0.211729;border_score=0.999222",0.34124621748924255,0.3519159257411957,0.3068378269672394
test_Seq_1242,1,2,"benchmark=nucleotide_transformer_downstream_tasks;dataset=splice_sites_all;matching=kmer_balanced;matching_signature=(5, 'AAA');border_estimator=center_window_kmer_jsd;estimator=center_jsd;window=48;search_radius=24;kmer=2;top_ratio=0.25;score_scale=4.0;motif_weight=0.0;motif_radius=12;score_normalization=train_quantile;raw_border_score=0.253868;border_score=1.085711",0.2554459869861603,0.27467581629753113,0.469878226518631
test_Seq_2516,2,2,"benchmark=nucleotide_transformer_downstream_tasks;dataset=splice_sites_all;matching=kmer_balanced;matching_signature=(11, 'GGC');border_estimator=center_window_kmer_jsd;estimator=center_jsd;window=48;search_radius=24;kmer=2;top_ratio=0.25;score_scale=4.0;motif_weight=0.0;motif_radius=12;score_normalization=train_quantile;raw_border_score=0.185582;border_score=0.932244",0.3267039358615875,0.33624836802482605,0.3370476961135864
test_Seq_1869,1,1,"benchmark=nucleotide_transformer_downstream_tasks;dataset=splice_sites_all;matching=kmer_balanced;matching_signature=(10, 'GAG');border_estimator=center_window_kmer_jsd;estimator=center_jsd;window=48;search_radius=24;kmer=2;top_ratio=0.25;score_scale=4.0;motif_weight=0.0;motif_radius=12;score_normalization=train_quantile;raw_border_score=0.291573;border_score=1.137978",0.36121490597724915,0.3657238483428955,0.2730613052845001
test_Seq_2594,2,2,"benchmark=nucleotide_transformer_downstream_tasks;dataset=splice_sites_all;matching=kmer_balanced;matching_signature=(7, 'TTT');border_estimator=center_window_kmer_jsd;estimator=center_jsd;window=48;search_radius=24;kmer=2;top_ratio=0.25;score_scale=4.0;motif_weight=0.0;motif_radius=12;score_normalization=train_quantile;raw_border_score=0.223107;border_score=1.026067",0.2780984342098236,0.2989358901977539,0.4229657053947449
test_Seq_1071,1,2,"benchmark=nucleotide_transformer_downstream_tasks;dataset=splice_sites_all;matching=kmer_balanced;matching_signature=(8, 'TTT');border_estimator=center_window_kmer_jsd;estimator=center_jsd;window=48;search_radius=24;kmer=2;top_ratio=0.25;score_scale=4.0;motif_weight=0.0;motif_radius=12;score_normalization=train_quantile;raw_border_score=0.209706;border_score=0.994467",0.26181623339653015,0.28859853744506836,0.4495852589607239
test_Seq_2727,2,2,"benchmark=nucleotide_transformer_downstream_tasks;dataset=splice_sites_all;matching=kmer_balanced;matching_signature=(6, 'TTT');border_estimator=center_window_kmer_jsd;estimator=center_jsd;window=48;search_radius=24;kmer=2;top_ratio=0.25;score_scale=4.0;motif_weight=0.0;motif_radius=12;score_normalization=train_quantile;raw_border_score=0.308251;border_score=1.152422",0.27908584475517273,0.3013640344142914,0.4195500612258911
test_Seq_1027,1,2,"benchmark=nucleotide_transformer_downstream_tasks;dataset=splice_sites_all;matching=kmer_balanced;matching_signature=(8, 'AAA');border_estimator=center_window_kmer_jsd;estimator=center_jsd;window=48;search_radius=24;kmer=2;top_ratio=0.25;score_scale=4.0;motif_weight=0.0;motif_radius=12;score_normalization=train_quantile;raw_border_score=0.199510;border_score=0.969889",0.29012614488601685,0.297221839427948,0.4126521050930023
test_Seq_2639,2,2,"benchmark=nucleotide_transformer_downstream_tasks;dataset=splice_sites_all;matching=kmer_balanced;matching_signature=(10, 'GTG');border_estimator=center_window_kmer_jsd;estimator=center_jsd;window=48;search_radius=24;kmer=2;top_ratio=0.25;score_scale=4.0;motif_weight=0.0;motif_radius=12;score_normalization=train_quantile;raw_border_score=0.197431;border_score=0.964067",0.16401313245296478,0.181733176112175,0.6542537212371826
test_Seq_1009,1,2,"benchmark=nucleotide_transformer_downstream_tasks;dataset=splice_sites_all;matching=kmer_balanced;matching_signature=(9, 'CAG');border_estimator=center_window_kmer_jsd;estimator=center_jsd;window=48;search_radius=24;kmer=2;top_ratio=0.25;score_scale=4.0;motif_weight=0.0;motif_radius=12;score_normalization=train_quantile;raw_border_score=0.128993;border_score=0.818422",0.31017887592315674,0.3203188478946686,0.3695022761821747
test_Seq_1190,1,2,"benchmark=nucleotide_transformer_downstream_tasks;dataset=splice_sites_all;matching=kmer_balanced;matching_signature=(10, 'CAG');border_estimator=center_window_kmer_jsd;estimator=center_jsd;window=48;search_radius=24;kmer=2;top_ratio=0.25;score_scale=4.0;motif_weight=0.0;motif_radius=12;score_normalization=train_quantile;raw_border_score=0.247430;border_score=1.073889",0.3237830400466919,0.3356953561306,0.3405216634273529
test_Seq_648,0,2,"benchmark=nucleotide_transformer_downstream_tasks;dataset=splice_sites_all;matching=kmer_balanced;matching_signature=(7, 'AAA');border_estimator=center_window_kmer_jsd;estimator=center_jsd;window=48;search_radius=24;kmer=2;top_ratio=0.25;score_scale=4.0;motif_weight=0.0;motif_radius=12;score_normalization=train_quantile;raw_border_score=0.193413;border_score=0.953311",0.29782816767692566,0.32581213116645813,0.3763597309589386
test_Seq_1329,1,2,"benchmark=nucleotide_transformer_downstream_tasks;dataset=splice_sites_all;matching=kmer_balanced;matching_signature=(8, 'TTT');border_estimator=center_window_kmer_jsd;estimator=center_jsd;window=48;search_radius=24;kmer=2;top_ratio=0.25;score_scale=4.0;motif_weight=0.0;motif_radius=12;score_normalization=train_quantile;raw_border_score=0.133691;border_score=0.823578",0.20900410413742065,0.24014773964881897,0.5508481860160828
test_Seq_1183,1,1,"benchmark=nucleotide_transformer_downstream_tasks;dataset=splice_sites_all;matching=kmer_balanced;matching_signature=(7, 'TTT');border_estimator=center_window_kmer_jsd;estimator=center_jsd;window=48;search_radius=24;kmer=2;top_ratio=0.25;score_scale=4.0;motif_weight=0.0;motif_radius=12;score_normalization=train_quantile;raw_border_score=0.244749;border_score=1.068867",0.3632262945175171,0.3680697977542877,0.2687038481235504
test_Seq_2518,2,2,"benchmark=nucleotide_transformer_downstream_tasks;dataset=splice_sites_all;matching=kmer_balanced;matching_signature=(7, 'TTT');border_estimator=center_window_kmer_jsd;estimator=center_jsd;window=48;search_radius=24;kmer=2;top_ratio=0.25;score_scale=4.0;motif_weight=0.0;motif_radius=12;score_normalization=train_quantile;raw_border_score=0.310762;border_score=1.154822",0.14645788073539734,0.167878195643425,0.6856639385223389
test_Seq_1595,1,2,"benchmark=nucleotide_transformer_downstream_tasks;dataset=splice_sites_all;matching=kmer_balanced;matching_signature=(12, 'GGG');border_estimator=center_window_kmer_jsd;estimator=center_jsd;window=48;search_radius=24;kmer=2;top_ratio=0.25;score_scale=4.0;motif_weight=0.0;motif_radius=12;score_normalization=train_quantile;raw_border_score=0.177746;border_score=0.912822",0.2835886478424072,0.2975204288959503,0.4188908636569977
test_Seq_2992,2,1,"benchmark=nucleotide_transformer_downstream_tasks;dataset=splice_sites_all;matching=kmer_balanced;matching_signature=(9, 'GAA');border_estimator=center_window_kmer_jsd;estimator=center_jsd;window=48;search_radius=24;kmer=2;top_ratio=0.25;score_scale=4.0;motif_weight=0.0;motif_radius=12;score_normalization=train_quantile;raw_border_score=0.247674;border_score=1.074511",0.3454878628253937,0.3508792519569397,0.30363282561302185
test_Seq_2338,2,2,"benchmark=nucleotide_transformer_downstream_tasks;dataset=splice_sites_all;matching=kmer_balanced;matching_signature=(11, 'GGG');border_estimator=center_window_kmer_jsd;estimator=center_jsd;window=48;search_radius=24;kmer=2;top_ratio=0.25;score_scale=4.0;motif_weight=0.0;motif_radius=12;score_normalization=train_quantile;raw_border_score=0.210411;border_score=0.996156",0.314266562461853,0.33271628618240356,0.3530171513557434
test_Seq_1844,1,2,"benchmark=nucleotide_transformer_downstream_tasks;dataset=splice_sites_all;matching=kmer_balanced;matching_signature=(10, 'TGT');border_estimator=center_window_kmer_jsd;estimator=center_jsd;window=48;search_radius=24;kmer=2;top_ratio=0.25;score_scale=4.0;motif_weight=0.0;motif_radius=12;score_normalization=train_quantile;raw_border_score=0.329892;border_score=1.166156",0.2986215054988861,0.3195083737373352,0.3818701207637787
test_Seq_2947,2,2,"benchmark=nucleotide_transformer_downstream_tasks;dataset=splice_sites_all;matching=kmer_balanced;matching_signature=(12, 'CTG');border_estimator=center_window_kmer_jsd;estimator=center_jsd;window=48;search_radius=24;kmer=2;top_ratio=0.25;score_scale=4.0;motif_weight=0.0;motif_radius=12;score_normalization=train_quantile;raw_border_score=0.203046;border_score=0.979178",0.2692180275917053,0.28848379850387573,0.44229820370674133
test_Seq_1506,1,2,"benchmark=nucleotide_transformer_downstream_tasks;dataset=splice_sites_all;matching=kmer_balanced;matching_signature=(11, 'GGG');border_estimator=center_window_kmer_jsd;estimator=center_jsd;window=48;search_radius=24;kmer=2;top_ratio=0.25;score_scale=4.0;motif_weight=0.0;motif_radius=12;score_normalization=train_quantile;raw_border_score=0.249355;border_score=1.077844",0.2848113775253296,0.29742902517318726,0.41775962710380554
test_Seq_2878,2,2,"benchmark=nucleotide_transformer_downstream_tasks;dataset=splice_sites_all;matching=kmer_balanced;matching_signature=(13, 'CCC');border_estimator=center_window_kmer_jsd;estimator=center_jsd;window=48;search_radius=24;kmer=2;top_ratio=0.25;score_scale=4.0;motif_weight=0.0;motif_radius=12;score_normalization=train_quantile;raw_border_score=0.207938;border_score=0.989933",0.31229308247566223,0.3079812824726105,0.3797256052494049
test_Seq_1341,1,2,"benchmark=nucleotide_transformer_downstream_tasks;dataset=splice_sites_all;matching=kmer_balanced;matching_signature=(8, 'TTT');border_estimator=center_window_kmer_jsd;estimator=center_jsd;window=48;search_radius=24;kmer=2;top_ratio=0.25;score_scale=4.0;motif_weight=0.0;motif_radius=12;score_normalization=train_quantile;raw_border_score=0.300994;border_score=1.147089",0.29502469301223755,0.31598901748657227,0.3889863193035126
test_Seq_1908,1,2,"benchmark=nucleotide_transformer_downstream_tasks;dataset=splice_sites_all;matching=kmer_balanced;matching_signature=(6, 'TTT');border_estimator=center_window_kmer_jsd;estimator=center_jsd;window=48;search_radius=24;kmer=2;top_ratio=0.25;score_scale=4.0;motif_weight=0.0;motif_radius=12;score_normalization=train_quantile;raw_border_score=0.165071;border_score=0.879222",0.23514503240585327,0.24753214418888092,0.517322838306427
test_Seq_2766,2,2,"benchmark=nucleotide_transformer_downstream_tasks;dataset=splice_sites_all;matching=kmer_balanced;matching_signature=(5, 'TTT');border_estimator=center_window_kmer_jsd;estimator=center_jsd;window=48;search_radius=24;kmer=2;top_ratio=0.25;score_scale=4.0;motif_weight=0.0;motif_radius=12;score_normalization=train_quantile;raw_border_score=0.105851;border_score=0.803978",0.23256878554821014,0.2604030966758728,0.5070281028747559
test_Seq_97,0,2,"benchmark=nucleotide_transformer_downstream_tasks;dataset=splice_sites_all;matching=kmer_balanced;matching_signature=(5, 'TTT');border_estimator=center_window_kmer_jsd;estimator=center_jsd;window=48;search_radius=24;kmer=2;top_ratio=0.25;score_scale=4.0;motif_weight=0.0;motif_radius=12;score_normalization=train_quantile;raw_border_score=0.278903;border_score=1.122778",0.2975207269191742,0.3149244785308838,0.387554794549942
test_Seq_1682,1,2,"benchmark=nucleotide_transformer_downstream_tasks;dataset=splice_sites_all;matching=kmer_balanced;matching_signature=(8, 'AAA');border_estimator=center_window_kmer_jsd;estimator=center_jsd;window=48;search_radius=24;kmer=2;top_ratio=0.25;score_scale=4.0;motif_weight=0.0;motif_radius=12;score_normalization=train_quantile;raw_border_score=0.163761;border_score=0.875533",0.19470569491386414,0.2133076936006546,0.5919865965843201
test_Seq_261,0,1,"benchmark=nucleotide_transformer_downstream_tasks;dataset=splice_sites_all;matching=kmer_balanced;matching_signature=(6, 'TTT');border_estimator=center_window_kmer_jsd;estimator=center_jsd;window=48;search_radius=24;kmer=2;top_ratio=0.25;score_scale=4.0;motif_weight=0.0;motif_radius=12;score_normalization=train_quantile;raw_border_score=0.428055;border_score=1.192956",0.32360970973968506,0.34574437141418457,0.33064591884613037
test_Seq_464,0,2,"benchmark=nucleotide_transformer_downstream_tasks;dataset=splice_sites_all;matching=kmer_balanced;matching_signature=(8, 'TCT');border_estimator=center_window_kmer_jsd;estimator=center_jsd;window=48;search_radius=24;kmer=2;top_ratio=0.25;score_scale=4.0;motif_weight=0.0;motif_radius=12;score_normalization=train_quantile;raw_border_score=0.172153;border_score=0.896644",0.30353888869285583,0.3205874264240265,0.3758736848831177
test_Seq_220,0,2,"benchmark=nucleotide_transformer_downstream_tasks;dataset=splice_sites_all;matching=kmer_balanced;matching_signature=(5, 'TTT');border_estimator=center_window_kmer_jsd;estimator=center_jsd;window=48;search_radius=24;kmer=2;top_ratio=0.25;score_scale=4.0;motif_weight=0.0;motif_radius=12;score_normalization=train_quantile;raw_border_score=0.253050;border_score=1.084289",0.30480465292930603,0.31938138604164124,0.37581393122673035
test_Seq_650,0,1,"benchmark=nucleotide_transformer_downstream_tasks;dataset=splice_sites_all;matching=kmer_balanced;matching_signature=(7, 'TTT');border_estimator=center_window_kmer_jsd;estimator=center_jsd;window=48;search_radius=24;kmer=2;top_ratio=0.25;score_scale=4.0;motif_weight=0.0;motif_radius=12;score_normalization=train_quantile;raw_border_score=0.281557;border_score=1.125756",0.34561657905578613,0.3584486246109009,0.295934796333313
test_Seq_1019,1,2,"benchmark=nucleotide_transformer_downstream_tasks;dataset=splice_sites_all;matching=kmer_balanced;matching_signature=(10, 'CAG');border_estimator=center_window_kmer_jsd;estimator=center_jsd;window=48;search_radius=24;kmer=2;top_ratio=0.25;score_scale=4.0;motif_weight=0.0;motif_radius=12;score_normalization=train_quantile;raw_border_score=0.303702;border_score=1.149622",0.3179391622543335,0.3221281170845032,0.35993266105651855
test_Seq_979,0,1,"benchmark=nucleotide_transformer_downstream_tasks;dataset=splice_sites_all;matching=kmer_balanced;matching_signature=(7, 'TTT');border_estimator=center_window_kmer_jsd;estimator=center_jsd;window=48;search_radius=24;kmer=2;top_ratio=0.25;score_scale=4.0;motif_weight=0.0;motif_radius=12;score_normalization=train_quantile;raw_border_score=0.204047;border_score=0.981711",0.3438813388347626,0.35038337111473083,0.30573534965515137
test_Seq_1570,1,2,"benchmark=nucleotide_transformer_downstream_tasks;dataset=splice_sites_all;matching=kmer_balanced;matching_signature=(10, 'AAA');border_estimator=center_window_kmer_jsd;estimator=center_jsd;window=48;search_radius=24;kmer=2;top_ratio=0.25;score_scale=4.0;motif_weight=0.0;motif_radius=12;score_normalization=train_quantile;raw_border_score=0.219460;border_score=1.017400",0.319707989692688,0.3383813202381134,0.3419106900691986
test_Seq_1868,1,2,"benchmark=nucleotide_transformer_downstream_tasks;dataset=splice_sites_all;matching=kmer_balanced;matching_signature=(9, 'TTT');border_estimator=center_window_kmer_jsd;estimator=center_jsd;window=48;search_radius=24;kmer=2;top_ratio=0.25;score_scale=4.0;motif_weight=0.0;motif_radius=12;score_normalization=train_quantile;raw_border_score=0.197576;border_score=0.964511",0.3219349980354309,0.33790895342826843,0.34015604853630066
test_Seq_1840,1,1,"benchmark=nucleotide_transformer_downstream_tasks;dataset=splice_sites_all;matching=kmer_balanced;matching_signature=(6, 'TTT');border_estimator=center_window_kmer_jsd;estimator=center_jsd;window=48;search_radius=24;kmer=2;top_ratio=0.25;score_scale=4.0;motif_weight=0.0;motif_radius=12;score_normalization=train_quantile;raw_border_score=0.356588;border_score=1.179400",0.3199859857559204,0.3477669954299927,0.3322470486164093
test_Seq_2014,2,2,"benchmark=nucleotide_transformer_downstream_tasks;dataset=splice_sites_all;matching=kmer_balanced;matching_signature=(9, 'TTT');border_estimator=center_window_kmer_jsd;estimator=center_jsd;window=48;search_radius=24;kmer=2;top_ratio=0.25;score_scale=4.0;motif_weight=0.0;motif_radius=12;score_normalization=train_quantile;raw_border_score=0.318032;border_score=1.159711",0.20637892186641693,0.22327493131160736,0.5703461170196533
test_Seq_567,0,2,"benchmark=nucleotide_transformer_downstream_tasks;dataset=splice_sites_all;matching=kmer_balanced;matching_signature=(11, 'CAG');border_estimator=center_window_kmer_jsd;estimator=center_jsd;window=48;search_radius=24;kmer=2;top_ratio=0.25;score_scale=4.0;motif_weight=0.0;motif_radius=12;score_normalization=train_quantile;raw_border_score=0.304726;border_score=1.150111",0.2980875074863434,0.31027939915657043,0.3916330635547638
test_Seq_2978,2,2,"benchmark=nucleotide_transformer_downstream_tasks;dataset=splice_sites_all;matching=kmer_balanced;matching_signature=(7, 'AAA');border_estimator=center_window_kmer_jsd;estimator=center_jsd;window=48;search_radius=24;kmer=2;top_ratio=0.25;score_scale=4.0;motif_weight=0.0;motif_radius=12;score_normalization=train_quantile;raw_border_score=0.141963;border_score=0.833889",0.15373370051383972,0.17484866082668304,0.6714175939559937
test_Seq_1125,1,2,"benchmark=nucleotide_transformer_downstream_tasks;dataset=splice_sites_all;matching=kmer_balanced;matching_signature=(11, 'GAG');border_estimator=center_window_kmer_jsd;estimator=center_jsd;window=48;search_radius=24;kmer=2;top_ratio=0.25;score_scale=4.0;motif_weight=0.0;motif_radius=12;score_normalization=train_quantile;raw_border_score=0.265873;border_score=1.104778",0.21992185711860657,0.2481922209262848,0.5318859219551086
test_Seq_271,0,2,"benchmark=nucleotide_transformer_downstream_tasks;dataset=splice_sites_all;matching=kmer_balanced;matching_signature=(6, 'TTT');border_estimator=center_window_kmer_jsd;estimator=center_jsd;window=48;search_radius=24;kmer=2;top_ratio=0.25;score_scale=4.0;motif_weight=0.0;motif_radius=12;score_normalization=train_quantile;raw_border_score=0.181427;border_score=0.921533",0.28993871808052063,0.31696179509162903,0.39309948682785034
test_Seq_1522,1,2,"benchmark=nucleotide_transformer_downstream_tasks;dataset=splice_sites_all;matching=kmer_balanced;matching_signature=(10, 'CCC');border_estimator=center_window_kmer_jsd;estimator=center_jsd;window=48;search_radius=24;kmer=2;top_ratio=0.25;score_scale=4.0;motif_weight=0.0;motif_radius=12;score_normalization=train_quantile;raw_border_score=0.185996;border_score=0.933178",0.30009618401527405,0.313632994890213,0.3862708508968353
test_Seq_1954,1,2,"benchmark=nucleotide_transformer_downstream_tasks;dataset=splice_sites_all;matching=kmer_balanced;matching_signature=(8, 'AAA');border_estimator=center_window_kmer_jsd;estimator=center_jsd;window=48;search_radius=24;kmer=2;top_ratio=0.25;score_scale=4.0;motif_weight=0.0;motif_radius=12;score_normalization=train_quantile;raw_border_score=0.197734;border_score=0.965000",0.2604680359363556,0.27662160992622375,0.46291041374206543
test_Seq_433,0,2,"benchmark=nucleotide_transformer_downstream_tasks;dataset=splice_sites_all;matching=kmer_balanced;matching_signature=(7, 'TTT');border_estimator=center_window_kmer_jsd;estimator=center_jsd;window=48;search_radius=24;kmer=2;top_ratio=0.25;score_scale=4.0;motif_weight=0.0;motif_radius=12;score_normalization=train_quantile;raw_border_score=0.274898;border_score=1.117133",0.32048892974853516,0.33127450942993164,0.348236620426178
test_Seq_1393,1,2,"benchmark=nucleotide_transformer_downstream_tasks;dataset=splice_sites_all;matching=kmer_balanced;matching_signature=(8, 'TTT');border_estimator=center_window_kmer_jsd;estimator=center_jsd;window=48;search_radius=24;kmer=2;top_ratio=0.25;score_scale=4.0;motif_weight=0.0;motif_radius=12;score_normalization=train_quantile;raw_border_score=0.453462;border_score=1.195978",0.28936997056007385,0.29310423135757446,0.4175257682800293
test_Seq_935,0,2,"benchmark=nucleotide_transformer_downstream_tasks;dataset=splice_sites_all;matching=kmer_balanced;matching_signature=(5, 'TTT');border_estimator=center_window_kmer_jsd;estimator=center_jsd;window=48;search_radius=24;kmer=2;top_ratio=0.25;score_scale=4.0;motif_weight=0.0;motif_radius=12;score_normalization=train_quantile;raw_border_score=0.176323;border_score=0.909133",0.3209732472896576,0.3338347375392914,0.345192015171051
test_Seq_2427,2,2,"benchmark=nucleotide_transformer_downstream_tasks;dataset=splice_sites_all;matching=kmer_balanced;matching_signature=(7, 'TTT');border_estimator=center_window_kmer_jsd;estimator=center_jsd;window=48;search_radius=24;kmer=2;top_ratio=0.25;score_scale=4.0;motif_weight=0.0;motif_radius=12;score_normalization=train_quantile;raw_border_score=0.253415;border_score=1.084822",0.3045297861099243,0.33224183320999146,0.36322835087776184
test_Seq_1178,1,2,"benchmark=nucleotide_transformer_downstream_tasks;dataset=splice_sites_all;matching=kmer_balanced;matching_signature=(12, 'CAG');border_estimator=center_window_kmer_jsd;estimator=center_jsd;window=48;search_radius=24;kmer=2;top_ratio=0.25;score_scale=4.0;motif_weight=0.0;motif_radius=12;score_normalization=train_quantile;raw_border_score=0.201138;border_score=0.973756",0.22507086396217346,0.24572603404521942,0.5292030572891235
test_Seq_479,0,1,"benchmark=nucleotide_transformer_downstream_tasks;dataset=splice_sites_all;matching=kmer_balanced;matching_signature=(7, 'AAA');border_estimator=center_window_kmer_jsd;estimator=center_jsd;window=48;search_radius=24;kmer=2;top_ratio=0.25;score_scale=4.0;motif_weight=0.0;motif_radius=12;score_normalization=train_quantile;raw_border_score=0.241243;border_score=1.061444",0.3438318073749542,0.35353976488113403,0.30262842774391174
test_Seq_1961,1,2,"benchmark=nucleotide_transformer_downstream_tasks;dataset=splice_sites_all;matching=kmer_balanced;matching_signature=(8, 'AAA');border_estimator=center_window_kmer_jsd;estimator=center_jsd;window=48;search_radius=24;kmer=2;top_ratio=0.25;score_scale=4.0;motif_weight=0.0;motif_radius=12;score_normalization=train_quantile;raw_border_score=0.143590;border_score=0.836644",0.24107161164283752,0.26685768365859985,0.4920707046985626
test_Seq_1828,1,0,"benchmark=nucleotide_transformer_downstream_tasks;dataset=splice_sites_all;matching=kmer_balanced;matching_signature=(11, 'GGG');border_estimator=center_window_kmer_jsd;estimator=center_jsd;window=48;search_radius=24;kmer=2;top_ratio=0.25;score_scale=4.0;motif_weight=0.0;motif_radius=12;score_normalization=train_quantile;raw_border_score=0.281927;border_score=1.126200",0.37711301445961,0.3750529885292053,0.24783405661582947
test_Seq_821,0,2,"benchmark=nucleotide_transformer_downstream_tasks;dataset=splice_sites_all;matching=kmer_balanced;matching_signature=(8, 'AAA');border_estimator=center_window_kmer_jsd;estimator=center_jsd;window=48;search_radius=24;kmer=2;top_ratio=0.25;score_scale=4.0;motif_weight=0.0;motif_radius=12;score_normalization=train_quantile;raw_border_score=0.221663;border_score=1.022911",0.2951933741569519,0.3087889850139618,0.3960176408290863
test_Seq_259,0,2,"benchmark=nucleotide_transformer_downstream_tasks;dataset=splice_sites_all;matching=kmer_balanced;matching_signature=(12, 'CTG');border_estimator=center_window_kmer_jsd;estimator=center_jsd;window=48;search_radius=24;kmer=2;top_ratio=0.25;score_scale=4.0;motif_weight=0.0;motif_radius=12;score_normalization=train_quantile;raw_border_score=0.303235;border_score=1.149178",0.3268183469772339,0.32486557960510254,0.34831610321998596
test_Seq_2070,2,2,"benchmark=nucleotide_transformer_downstream_tasks;dataset=splice_sites_all;matching=kmer_balanced;matching_signature=(6, 'AAA');border_estimator=center_window_kmer_jsd;estimator=center_jsd;window=48;search_radius=24;kmer=2;top_ratio=0.25;score_scale=4.0;motif_weight=0.0;motif_radius=12;score_normalization=train_quantile;raw_border_score=0.291069;border_score=1.137311",0.26216357946395874,0.2805875539779663,0.45724889636039734
test_Seq_2464,2,2,"benchmark=nucleotide_transformer_downstream_tasks;dataset=splice_sites_all;matching=kmer_balanced;matching_signature=(7, 'TTT');border_estimator=center_window_kmer_jsd;estimator=center_jsd;window=48;search_radius=24;kmer=2;top_ratio=0.25;score_scale=4.0;motif_weight=0.0;motif_radius=12;score_normalization=train_quantile;raw_border_score=0.156105;border_score=0.859489",0.20986126363277435,0.22507211565971375,0.5650666356086731
test_Seq_596,0,2,"benchmark=nucleotide_transformer_downstream_tasks;dataset=splice_sites_all;matching=kmer_balanced;matching_signature=(7, 'TTT');border_estimator=center_window_kmer_jsd;estimator=center_jsd;window=48;search_radius=24;kmer=2;top_ratio=0.25;score_scale=4.0;motif_weight=0.0;motif_radius=12;score_normalization=train_quantile;raw_border_score=0.292529;border_score=1.138867",0.27682286500930786,0.29811224341392517,0.42506489157676697
test_Seq_1736,1,2,"benchmark=nucleotide_transformer_downstream_tasks;dataset=splice_sites_all;matching=kmer_balanced;matching_signature=(9, 'TTT');border_estimator=center_window_kmer_jsd;estimator=center_jsd;window=48;search_radius=24;kmer=2;top_ratio=0.25;score_scale=4.0;motif_weight=0.0;motif_radius=12;score_normalization=train_quantile;raw_border_score=0.133338;border_score=0.823267",0.2460736334323883,0.2758609354496002,0.47806546092033386
test_Seq_1759,1,2,"benchmark=nucleotide_transformer_downstream_tasks;dataset=splice_sites_all;matching=kmer_balanced;matching_signature=(13, 'CCC');border_estimator=center_window_kmer_jsd;estimator=center_jsd;window=48;search_radius=24;kmer=2;top_ratio=0.25;score_scale=4.0;motif_weight=0.0;motif_radius=12;score_normalization=train_quantile;raw_border_score=0.191876;border_score=0.949133",0.3048941195011139,0.301181435585022,0.39392441511154175
test_Seq_72,0,2,"benchmark=nucleotide_transformer_downstream_tasks;dataset=splice_sites_all;matching=kmer_balanced;matching_signature=(6, 'TTT');border_estimator=center_window_kmer_jsd;estimator=center_jsd;window=48;search_radius=24;kmer=2;top_ratio=0.25;score_scale=4.0;motif_weight=0.0;motif_radius=12;score_normalization=train_quantile;raw_border_score=0.225689;border_score=1.031311",0.27984216809272766,0.2938300669193268,0.4263277053833008
test_Seq_918,0,2,"benchmark=nucleotide_transformer_downstream_tasks;dataset=splice_sites_all;matching=kmer_balanced;matching_signature=(10, 'TCT');border_estimator=center_window_kmer_jsd;estimator=center_jsd;window=48;search_radius=24;kmer=2;top_ratio=0.25;score_scale=4.0;motif_weight=0.0;motif_radius=12;score_normalization=train_quantile;raw_border_score=0.170649;border_score=0.892244",0.24648034572601318,0.2663286030292511,0.48719102144241333
test_Seq_2507,2,2,"benchmark=nucleotide_transformer_downstream_tasks;dataset=splice_sites_all;matching=kmer_balanced;matching_signature=(9, 'TTT');border_estimator=center_window_kmer_jsd;estimator=center_jsd;window=48;search_radius=24;kmer=2;top_ratio=0.25;score_scale=4.0;motif_weight=0.0;motif_radius=12;score_normalization=train_quantile;raw_border_score=0.166086;border_score=0.881311",0.10925282537937164,0.12790796160697937,0.762839138507843
test_Seq_357,0,2,"benchmark=nucleotide_transformer_downstream_tasks;dataset=splice_sites_all;matching=kmer_balanced;matching_signature=(7, 'TTT');border_estimator=center_window_kmer_jsd;estimator=center_jsd;window=48;search_radius=24;kmer=2;top_ratio=0.25;score_scale=4.0;motif_weight=0.0;motif_radius=12;score_normalization=train_quantile;raw_border_score=0.135904;border_score=0.826467",0.31260621547698975,0.3247039318084717,0.36268988251686096
test_Seq_839,0,2,"benchmark=nucleotide_transformer_downstream_tasks;dataset=splice_sites_all;matching=kmer_balanced;matching_signature=(8, 'TTT');border_estimator=center_window_kmer_jsd;estimator=center_jsd;window=48;search_radius=24;kmer=2;top_ratio=0.25;score_scale=4.0;motif_weight=0.0;motif_radius=12;score_normalization=train_quantile;raw_border_score=0.283065;border_score=1.127933",0.24141159653663635,0.2677696645259857,0.4908188283443451
test_Seq_634,0,2,"benchmark=nucleotide_transformer_downstream_tasks;dataset=splice_sites_all;matching=kmer_balanced;matching_signature=(6, 'TTT');border_estimator=center_window_kmer_jsd;estimator=center_jsd;window=48;search_radius=24;kmer=2;top_ratio=0.25;score_scale=4.0;motif_weight=0.0;motif_radius=12;score_normalization=train_quantile;raw_border_score=0.219806;border_score=1.018289",0.24297013878822327,0.2667803168296814,0.4902496039867401
test_Seq_1756,1,0,"benchmark=nucleotide_transformer_downstream_tasks;dataset=splice_sites_all;matching=kmer_balanced;matching_signature=(7, 'AGA');border_estimator=center_window_kmer_jsd;estimator=center_jsd;window=48;search_radius=24;kmer=2;top_ratio=0.25;score_scale=4.0;motif_weight=0.0;motif_radius=12;score_normalization=train_quantile;raw_border_score=0.187201;border_score=0.936600",0.35136568546295166,0.34611693024635315,0.3025173842906952
test_Seq_1818,1,2,"benchmark=nucleotide_transformer_downstream_tasks;dataset=splice_sites_all;matching=kmer_balanced;matching_signature=(6, 'TTT');border_estimator=center_window_kmer_jsd;estimator=center_jsd;window=48;search_radius=24;kmer=2;top_ratio=0.25;score_scale=4.0;motif_weight=0.0;motif_radius=12;score_normalization=train_quantile;raw_border_score=0.220355;border_score=1.019400",0.24723093211650848,0.27267590165138245,0.4800931513309479
test_Seq_2783,2,2,"benchmark=nucleotide_transformer_downstream_tasks;dataset=splice_sites_all;matching=kmer_balanced;matching_signature=(7, 'TTT');border_estimator=center_window_kmer_jsd;estimator=center_jsd;window=48;search_radius=24;kmer=2;top_ratio=0.25;score_scale=4.0;motif_weight=0.0;motif_radius=12;score_normalization=train_quantile;raw_border_score=0.171261;border_score=0.893933",0.3015251159667969,0.3160366415977478,0.38243821263313293
test_Seq_635,0,1,"benchmark=nucleotide_transformer_downstream_tasks;dataset=splice_sites_all;matching=kmer_balanced;matching_signature=(7, 'TTT');border_estimator=center_window_kmer_jsd;estimator=center_jsd;window=48;search_radius=24;kmer=2;top_ratio=0.25;score_scale=4.0;motif_weight=0.0;motif_radius=12;score_normalization=train_quantile;raw_border_score=0.239928;border_score=1.058156",0.35659143328666687,0.36971980333328247,0.27368879318237305
test_Seq_2735,2,2,"benchmark=nucleotide_transformer_downstream_tasks;dataset=splice_sites_all;matching=kmer_balanced;matching_signature=(8, 'TTT');border_estimator=center_window_kmer_jsd;estimator=center_jsd;window=48;search_radius=24;kmer=2;top_ratio=0.25;score_scale=4.0;motif_weight=0.0;motif_radius=12;score_normalization=train_quantile;raw_border_score=0.262523;border_score=1.100111",0.19941778481006622,0.21405218541622162,0.5865300297737122
test_Seq_1880,1,2,"benchmark=nucleotide_transformer_downstream_tasks;dataset=splice_sites_all;matching=kmer_balanced;matching_signature=(8, 'TTT');border_estimator=center_window_kmer_jsd;estimator=center_jsd;window=48;search_radius=24;kmer=2;top_ratio=0.25;score_scale=4.0;motif_weight=0.0;motif_radius=12;score_normalization=train_quantile;raw_border_score=0.453462;border_score=1.195978",0.28936997056007385,0.29310426115989685,0.4175257384777069
test_Seq_917,0,2,"benchmark=nucleotide_transformer_downstream_tasks;dataset=splice_sites_all;matching=kmer_balanced;matching_signature=(9, 'TTT');border_estimator=center_window_kmer_jsd;estimator=center_jsd;window=48;search_radius=24;kmer=2;top_ratio=0.25;score_scale=4.0;motif_weight=0.0;motif_radius=12;score_normalization=train_quantile;raw_border_score=0.278005;border_score=1.121489",0.20926707983016968,0.23664963245391846,0.5540832281112671
test_Seq_1684,1,2,"benchmark=nucleotide_transformer_downstream_tasks;dataset=splice_sites_all;matching=kmer_balanced;matching_signature=(7, 'TTT');border_estimator=center_window_kmer_jsd;estimator=center_jsd;window=48;search_radius=24;kmer=2;top_ratio=0.25;score_scale=4.0;motif_weight=0.0;motif_radius=12;score_normalization=train_quantile;raw_border_score=0.278881;border_score=1.122733",0.25660786032676697,0.2750664949417114,0.4683256447315216
test_Seq_2114,2,2,"benchmark=nucleotide_transformer_downstream_tasks;dataset=splice_sites_all;matching=kmer_balanced;matching_signature=(9, 'GTG');border_estimator=center_window_kmer_jsd;estimator=center_jsd;window=48;search_radius=24;kmer=2;top_ratio=0.25;score_scale=4.0;motif_weight=0.0;motif_radius=12;score_normalization=train_quantile;raw_border_score=0.182685;border_score=0.924289",0.14546197652816772,0.1693725883960724,0.6851654648780823
test_Seq_1474,1,2,"benchmark=nucleotide_transformer_downstream_tasks;dataset=splice_sites_all;matching=kmer_balanced;matching_signature=(11, 'CCC');border_estimator=center_window_kmer_jsd;estimator=center_jsd;window=48;search_radius=24;kmer=2;top_ratio=0.25;score_scale=4.0;motif_weight=0.0;motif_radius=12;score_normalization=train_quantile;raw_border_score=0.182055;border_score=0.922556",0.173071026802063,0.19889473915100098,0.6280341744422913
test_Seq_1376,1,2,"benchmark=nucleotide_transformer_downstream_tasks;dataset=splice_sites_all;matching=kmer_balanced;matching_signature=(13, 'CTG');border_estimator=center_window_kmer_jsd;estimator=center_jsd;window=48;search_radius=24;kmer=2;top_ratio=0.25;score_scale=4.0;motif_weight=0.0;motif_radius=12;score_normalization=train_quantile;raw_border_score=0.188206;border_score=0.939444",0.2991148829460144,0.3152976334095001,0.38558751344680786
test_Seq_1123,1,2,"benchmark=nucleotide_transformer_downstream_tasks;dataset=splice_sites_all;matching=kmer_balanced;matching_signature=(10, 'CAG');border_estimator=center_window_kmer_jsd;estimator=center_jsd;window=48;search_radius=24;kmer=2;top_ratio=0.25;score_scale=4.0;motif_weight=0.0;motif_radius=12;score_normalization=train_quantile;raw_border_score=0.168920;border_score=0.888467",0.29063481092453003,0.31215259432792664,0.39721256494522095
test_Seq_1045,1,2,"benchmark=nucleotide_transformer_downstream_tasks;dataset=splice_sites_all;matching=kmer_balanced;matching_signature=(10, 'TGG');border_estimator=center_window_kmer_jsd;estimator=center_jsd;window=48;search_radius=24;kmer=2;top_ratio=0.25;score_scale=4.0;motif_weight=0.0;motif_radius=12;score_normalization=train_quantile;raw_border_score=0.276040;border_score=1.118644",0.3124816119670868,0.32696467638015747,0.3605537414550781
test_Seq_2513,2,2,"benchmark=nucleotide_transformer_downstream_tasks;dataset=splice_sites_all;matching=kmer_balanced;matching_signature=(13, 'CCC');border_estimator=center_window_kmer_jsd;estimator=center_jsd;window=48;search_radius=24;kmer=2;top_ratio=0.25;score_scale=4.0;motif_weight=0.0;motif_radius=12;score_normalization=train_quantile;raw_border_score=0.192871;border_score=0.951622",0.27603408694267273,0.2893862724304199,0.43457964062690735
test_Seq_1331,1,2,"benchmark=nucleotide_transformer_downstream_tasks;dataset=splice_sites_all;matching=kmer_balanced;matching_signature=(8, 'AAA');border_estimator=center_window_kmer_jsd;estimator=center_jsd;window=48;search_radius=24;kmer=2;top_ratio=0.25;score_scale=4.0;motif_weight=0.0;motif_radius=12;score_normalization=train_quantile;raw_border_score=0.263001;border_score=1.101044",0.20849400758743286,0.23143240809440613,0.5600736141204834
test_Seq_2111,2,2,"benchmark=nucleotide_transformer_downstream_tasks;dataset=splice_sites_all;matching=kmer_balanced;matching_signature=(6, 'TTT');border_estimator=center_window_kmer_jsd;estimator=center_jsd;window=48;search_radius=24;kmer=2;top_ratio=0.25;score_scale=4.0;motif_weight=0.0;motif_radius=12;score_normalization=train_quantile;raw_border_score=0.171107;border_score=0.893311",0.18737952411174774,0.2172199934720993,0.5954004526138306
test_Seq_2927,2,2,"benchmark=nucleotide_transformer_downstream_tasks;dataset=splice_sites_all;matching=kmer_balanced;matching_signature=(11, 'CCC');border_estimator=center_window_kmer_jsd;estimator=center_jsd;window=48;search_radius=24;kmer=2;top_ratio=0.25;score_scale=4.0;motif_weight=0.0;motif_radius=12;score_normalization=train_quantile;raw_border_score=0.245078;border_score=1.069667",0.2739756405353546,0.280428022146225,0.4455963969230652
test_Seq_544,0,1,"benchmark=nucleotide_transformer_downstream_tasks;dataset=splice_sites_all;matching=kmer_balanced;matching_signature=(9, 'TTT');border_estimator=center_window_kmer_jsd;estimator=center_jsd;window=48;search_radius=24;kmer=2;top_ratio=0.25;score_scale=4.0;motif_weight=0.0;motif_radius=12;score_normalization=train_quantile;raw_border_score=0.358294;border_score=1.180244",0.320704847574234,0.34640756249427795,0.3328876197338104
test_Seq_2719,2,2,"benchmark=nucleotide_transformer_downstream_tasks;dataset=splice_sites_all;matching=kmer_balanced;matching_signature=(8, 'TTT');border_estimator=center_window_kmer_jsd;estimator=center_jsd;window=48;search_radius=24;kmer=2;top_ratio=0.25;score_scale=4.0;motif_weight=0.0;motif_radius=12;score_normalization=train_quantile;raw_border_score=0.137693;border_score=0.828956",0.23243612051010132,0.25784265995025635,0.5097211599349976
test_Seq_624,0,1,"benchmark=nucleotide_transformer_downstream_tasks;dataset=splice_sites_all;matching=kmer_balanced;matching_signature=(7, 'TTT');border_estimator=center_window_kmer_jsd;estimator=center_jsd;window=48;search_radius=24;kmer=2;top_ratio=0.25;score_scale=4.0;motif_weight=0.0;motif_radius=12;score_normalization=train_quantile;raw_border_score=0.256759;border_score=1.090156",0.33741024136543274,0.3518017530441284,0.31078797578811646
test_Seq_1378,1,2,"benchmark=nucleotide_transformer_downstream_tasks;dataset=splice_sites_all;matching=kmer_balanced;matching_signature=(13, 'GGG');border_estimator=center_window_kmer_jsd;estimator=center_jsd;window=48;search_radius=24;kmer=2;top_ratio=0.25;score_scale=4.0;motif_weight=0.0;motif_radius=12;score_normalization=train_quantile;raw_border_score=0.157930;border_score=0.862822",0.30936646461486816,0.3217678964138031,0.3688656985759735
test_Seq_2748,2,2,"benchmark=nucleotide_transformer_downstream_tasks;dataset=splice_sites_all;matching=kmer_balanced;matching_signature=(7, 'AAA');border_estimator=center_window_kmer_jsd;estimator=center_jsd;window=48;search_radius=24;kmer=2;top_ratio=0.25;score_scale=4.0;motif_weight=0.0;motif_radius=12;score_normalization=train_quantile;raw_border_score=0.215685;border_score=1.007889",0.28504088521003723,0.3035684823989868,0.41139060258865356
test_Seq_2262,2,1,"benchmark=nucleotide_transformer_downstream_tasks;dataset=splice_sites_all;matching=kmer_balanced;matching_signature=(14, 'CCC');border_estimator=center_window_kmer_jsd;estimator=center_jsd;window=48;search_radius=24;kmer=2;top_ratio=0.25;score_scale=4.0;motif_weight=0.0;motif_radius=12;score_normalization=train_quantile;raw_border_score=0.272393;border_score=1.113844",0.3432019352912903,0.3494942784309387,0.3073038160800934
test_Seq_2774,2,2,"benchmark=nucleotide_transformer_downstream_tasks;dataset=splice_sites_all;matching=kmer_balanced;matching_signature=(10, 'CCT');border_estimator=center_window_kmer_jsd;estimator=center_jsd;window=48;search_radius=24;kmer=2;top_ratio=0.25;score_scale=4.0;motif_weight=0.0;motif_radius=12;score_normalization=train_quantile;raw_border_score=0.160416;border_score=0.868200",0.3121059238910675,0.32465851306915283,0.3632355332374573
test_Seq_2675,2,2,"benchmark=nucleotide_transformer_downstream_tasks;dataset=splice_sites_all;matching=kmer_balanced;matching_signature=(7, 'TTT');border_estimator=center_window_kmer_jsd;estimator=center_jsd;window=48;search_radius=24;kmer=2;top_ratio=0.25;score_scale=4.0;motif_weight=0.0;motif_radius=12;score_normalization=train_quantile;raw_border_score=0.216138;border_score=1.009178",0.3043505549430847,0.318512499332428,0.3771369159221649
test_Seq_1748,1,2,"benchmark=nucleotide_transformer_downstream_tasks;dataset=splice_sites_all;matching=kmer_balanced;matching_signature=(7, 'AAA');border_estimator=center_window_kmer_jsd;estimator=center_jsd;window=48;search_radius=24;kmer=2;top_ratio=0.25;score_scale=4.0;motif_weight=0.0;motif_radius=12;score_normalization=train_quantile;raw_border_score=0.159780;border_score=0.867089",0.23667936027050018,0.253475159406662,0.509845495223999
test_Seq_1076,1,2,"benchmark=nucleotide_transformer_downstream_tasks;dataset=splice_sites_all;matching=kmer_balanced;matching_signature=(11, 'CCC');border_estimator=center_window_kmer_jsd;estimator=center_jsd;window=48;search_radius=24;kmer=2;top_ratio=0.25;score_scale=4.0;motif_weight=0.0;motif_radius=12;score_normalization=train_quantile;raw_border_score=0.310477;border_score=1.154556",0.20327115058898926,0.22186891734600067,0.5748599171638489
test_Seq_1441,1,2,"benchmark=nucleotide_transformer_downstream_tasks;dataset=splice_sites_all;matching=kmer_balanced;matching_signature=(12, 'CTG');border_estimator=center_window_kmer_jsd;estimator=center_jsd;window=48;search_radius=24;kmer=2;top_ratio=0.25;score_scale=4.0;motif_weight=0.0;motif_radius=12;score_normalization=train_quantile;raw_border_score=0.193051;border_score=0.952333",0.25447455048561096,0.26948311924934387,0.4760423004627228
test_Seq_2339,2,1,"benchmark=nucleotide_transformer_downstream_tasks;dataset=splice_sites_all;matching=kmer_balanced;matching_signature=(13, 'GGG');border_estimator=center_window_kmer_jsd;estimator=center_jsd;window=48;search_radius=24;kmer=2;top_ratio=0.25;score_scale=4.0;motif_weight=0.0;motif_radius=12;score_normalization=train_quantile;raw_border_score=0.381505;border_score=1.186733",0.34861811995506287,0.35063332319259644,0.3007485270500183
test_Seq_2659,2,2,"benchmark=nucleotide_transformer_downstream_tasks;dataset=splice_sites_all;matching=kmer_balanced;matching_signature=(10, 'GGG');border_estimator=center_window_kmer_jsd;estimator=center_jsd;window=48;search_radius=24;kmer=2;top_ratio=0.25;score_scale=4.0;motif_weight=0.0;motif_radius=12;score_normalization=train_quantile;raw_border_score=0.247330;border_score=1.073667",0.289737731218338,0.30544599890708923,0.40481629967689514
test_Seq_1810,1,1,"benchmark=nucleotide_transformer_downstream_tasks;dataset=splice_sites_all;matching=kmer_balanced;matching_signature=(7, 'TTT');border_estimator=center_window_kmer_jsd;estimator=center_jsd;window=48;search_radius=24;kmer=2;top_ratio=0.25;score_scale=4.0;motif_weight=0.0;motif_radius=12;score_normalization=train_quantile;raw_border_score=0.223622;border_score=1.027400",0.35119372606277466,0.355880469083786,0.29292577505111694
test_Seq_435,0,2,"benchmark=nucleotide_transformer_downstream_tasks;dataset=splice_sites_all;matching=kmer_balanced;matching_signature=(8, 'GAA');border_estimator=center_window_kmer_jsd;estimator=center_jsd;window=48;search_radius=24;kmer=2;top_ratio=0.25;score_scale=4.0;motif_weight=0.0;motif_radius=12;score_normalization=train_quantile;raw_border_score=0.238105;border_score=1.054822",0.2601507604122162,0.28172633051872253,0.4581228494644165
test_Seq_1598,1,2,"benchmark=nucleotide_transformer_downstream_tasks;dataset=splice_sites_all;matching=kmer_balanced;matching_signature=(10, 'TTT');border_estimator=center_window_kmer_jsd;estimator=center_jsd;window=48;search_radius=24;kmer=2;top_ratio=0.25;score_scale=4.0;motif_weight=0.0;motif_radius=12;score_normalization=train_quantile;raw_border_score=0.200814;border_score=0.972911",0.28089070320129395,0.2925635576248169,0.42654576897621155
test_Seq_916,0,2,"benchmark=nucleotide_transformer_downstream_tasks;dataset=splice_sites_all;matching=kmer_balanced;matching_signature=(6, 'TTT');border_estimator=center_window_kmer_jsd;estimator=center_jsd;window=48;search_radius=24;kmer=2;top_ratio=0.25;score_scale=4.0;motif_weight=0.0;motif_radius=12;score_normalization=train_quantile;raw_border_score=0.264879;border_score=1.103356",0.2655918002128601,0.27604764699935913,0.4583605229854584
test_Seq_2010,2,2,"benchmark=nucleotide_transformer_downstream_tasks;dataset=splice_sites_all;matching=kmer_balanced;matching_signature=(13, 'CCC');border_estimator=center_window_kmer_jsd;estimator=center_jsd;window=48;search_radius=24;kmer=2;top_ratio=0.25;score_scale=4.0;motif_weight=0.0;motif_radius=12;score_normalization=train_quantile;raw_border_score=0.270701;border_score=1.111178",0.262529581785202,0.2682752311229706,0.4691952168941498
test_Seq_1912,1,2,"benchmark=nucleotide_transformer_downstream_tasks;dataset=splice_sites_all;matching=kmer_balanced;matching_signature=(8, 'TTT');border_estimator=center_window_kmer_jsd;estimator=center_jsd;window=48;search_radius=24;kmer=2;top_ratio=0.25;score_scale=4.0;motif_weight=0.0;motif_radius=12;score_normalization=train_quantile;raw_border_score=0.233401;border_score=1.046244",0.22918064892292023,0.251747727394104,0.519071638584137
test_Seq_981,0,2,"benchmark=nucleotide_transformer_downstream_tasks;dataset=splice_sites_all;matching=kmer_balanced;matching_signature=(9, 'GAG');border_estimator=center_window_kmer_jsd;estimator=center_jsd;window=48;search_radius=24;kmer=2;top_ratio=0.25;score_scale=4.0;motif_weight=0.0;motif_radius=12;score_normalization=train_quantile;raw_border_score=0.272898;border_score=1.114467",0.286428838968277,0.3070000112056732,0.4065711498260498
test_Seq_244,0,2,"benchmark=nucleotide_transformer_downstream_tasks;dataset=splice_sites_all;matching=kmer_balanced;matching_signature=(10, 'TTT');border_estimator=center_window_kmer_jsd;estimator=center_jsd;window=48;search_radius=24;kmer=2;top_ratio=0.25;score_scale=4.0;motif_weight=0.0;motif_radius=12;score_normalization=train_quantile;raw_border_score=0.241421;border_score=1.061800",0.30977433919906616,0.32569244503974915,0.3645331859588623
test_Seq_196,0,0,"benchmark=nucleotide_transformer_downstream_tasks;dataset=splice_sites_all;matching=kmer_balanced;matching_signature=(12, 'GCC');border_estimator=center_window_kmer_jsd;estimator=center_jsd;window=48;search_radius=24;kmer=2;top_ratio=0.25;score_scale=4.0;motif_weight=0.0;motif_radius=12;score_normalization=train_quantile;raw_border_score=0.332978;border_score=1.167711",0.3483388423919678,0.34441614151000977,0.30724504590034485
test_Seq_1481,1,2,"benchmark=nucleotide_transformer_downstream_tasks;dataset=splice_sites_all;matching=kmer_balanced;matching_signature=(7, 'TTT');border_estimator=center_window_kmer_jsd;estimator=center_jsd;window=48;search_radius=24;kmer=2;top_ratio=0.25;score_scale=4.0;motif_weight=0.0;motif_radius=12;score_normalization=train_quantile;raw_border_score=0.209600;border_score=0.994289",0.29919999837875366,0.3179258406162262,0.38287410140037537
test_Seq_1971,1,2,"benchmark=nucleotide_transformer_downstream_tasks;dataset=splice_sites_all;matching=kmer_balanced;matching_signature=(9, 'TTT');border_estimator=center_window_kmer_jsd;estimator=center_jsd;window=48;search_radius=24;kmer=2;top_ratio=0.25;score_scale=4.0;motif_weight=0.0;motif_radius=12;score_normalization=train_quantile;raw_border_score=0.165911;border_score=0.881133",0.26588115096092224,0.2869590222835541,0.44715985655784607
test_Seq_2162,2,1,"benchmark=nucleotide_transformer_downstream_tasks;dataset=splice_sites_all;matching=kmer_balanced;matching_signature=(10, 'GGA');border_estimator=center_window_kmer_jsd;estimator=center_jsd;window=48;search_radius=24;kmer=2;top_ratio=0.25;score_scale=4.0;motif_weight=0.0;motif_radius=12;score_normalization=train_quantile;raw_border_score=0.147453;border_score=0.843222",0.3296533524990082,0.3428491950035095,0.3274974822998047
test_Seq_1310,1,2,"benchmark=nucleotide_transformer_downstream_tasks;dataset=splice_sites_all;matching=kmer_balanced;matching_signature=(6, 'TTT');border_estimator=center_window_kmer_jsd;estimator=center_jsd;window=48;search_radius=24;kmer=2;top_ratio=0.25;score_scale=4.0;motif_weight=0.0;motif_radius=12;score_normalization=train_quantile;raw_border_score=0.156401;border_score=0.859978",0.2087293118238449,0.2346194088459015,0.5566512942314148
test_Seq_1105,1,2,"benchmark=nucleotide_transformer_downstream_tasks;dataset=splice_sites_all;matching=kmer_balanced;matching_signature=(7, 'AAA');border_estimator=center_window_kmer_jsd;estimator=center_jsd;window=48;search_radius=24;kmer=2;top_ratio=0.25;score_scale=4.0;motif_weight=0.0;motif_radius=12;score_normalization=train_quantile;raw_border_score=0.307476;border_score=1.151756",0.32056522369384766,0.3394624888896942,0.33997225761413574
test_Seq_1537,1,2,"benchmark=nucleotide_transformer_downstream_tasks;dataset=splice_sites_all;matching=kmer_balanced;matching_signature=(8, 'TTT');border_estimator=center_window_kmer_jsd;estimator=center_jsd;window=48;search_radius=24;kmer=2;top_ratio=0.25;score_scale=4.0;motif_weight=0.0;motif_radius=12;score_normalization=train_quantile;raw_border_score=0.300116;border_score=1.146289",0.2069641798734665,0.22500690817832947,0.5680289268493652
test_Seq_2474,2,2,"benchmark=nucleotide_transformer_downstream_tasks;dataset=splice_sites_all;matching=kmer_balanced;matching_signature=(7, 'ATA');border_estimator=center_window_kmer_jsd;estimator=center_jsd;window=48;search_radius=24;kmer=2;top_ratio=0.25;score_scale=4.0;motif_weight=0.0;motif_radius=12;score_normalization=train_quantile;raw_border_score=0.222687;border_score=1.024956",0.27425631880760193,0.29707765579223633,0.42866605520248413
test_Seq_776,0,2,"benchmark=nucleotide_transformer_downstream_tasks;dataset=splice_sites_all;matching=kmer_balanced;matching_signature=(10, 'CAG');border_estimator=center_window_kmer_jsd;estimator=center_jsd;window=48;search_radius=24;kmer=2;top_ratio=0.25;score_scale=4.0;motif_weight=0.0;motif_radius=12;score_normalization=train_quantile;raw_border_score=0.236769;border_score=1.052378",0.29532724618911743,0.31412315368652344,0.3905496299266815
test_Seq_863,0,2,"benchmark=nucleotide_transformer_downstream_tasks;dataset=splice_sites_all;matching=kmer_balanced;matching_signature=(7, 'TTT');border_estimator=center_window_kmer_jsd;estimator=center_jsd;window=48;search_radius=24;kmer=2;top_ratio=0.25;score_scale=4.0;motif_weight=0.0;motif_radius=12;score_normalization=train_quantile;raw_border_score=0.318983;border_score=1.160422",0.22132277488708496,0.24836643040180206,0.5303108096122742
test_Seq_334,0,2,"benchmark=nucleotide_transformer_downstream_tasks;dataset=splice_sites_all;matching=kmer_balanced;matching_signature=(9, 'AAA');border_estimator=center_window_kmer_jsd;estimator=center_jsd;window=48;search_radius=24;kmer=2;top_ratio=0.25;score_scale=4.0;motif_weight=0.0;motif_radius=12;score_normalization=train_quantile;raw_border_score=0.240644;border_score=1.060422",0.1697607785463333,0.18730022013187408,0.6429389119148254
test_Seq_2058,2,2,"benchmark=nucleotide_transformer_downstream_tasks;dataset=splice_sites_all;matching=kmer_balanced;matching_signature=(6, 'TTT');border_estimator=center_window_kmer_jsd;estimator=center_jsd;window=48;search_radius=24;kmer=2;top_ratio=0.25;score_scale=4.0;motif_weight=0.0;motif_radius=12;score_normalization=train_quantile;raw_border_score=0.427852;border_score=1.192867",0.30598050355911255,0.321071058511734,0.3729484975337982
test_Seq_841,0,2,"benchmark=nucleotide_transformer_downstream_tasks;dataset=splice_sites_all;matching=kmer_balanced;matching_signature=(6, 'TTA');border_estimator=center_window_kmer_jsd;estimator=center_jsd;window=48;search_radius=24;kmer=2;top_ratio=0.25;score_scale=4.0;motif_weight=0.0;motif_radius=12;score_normalization=train_quantile;raw_border_score=0.376348;border_score=1.185844",0.2654027044773102,0.28499898314476013,0.4495983123779297
test_Seq_513,0,1,"benchmark=nucleotide_transformer_downstream_tasks;dataset=splice_sites_all;matching=kmer_balanced;matching_signature=(7, 'TGT');border_estimator=center_window_kmer_jsd;estimator=center_jsd;window=48;search_radius=24;kmer=2;top_ratio=0.25;score_scale=4.0;motif_weight=0.0;motif_radius=12;score_normalization=train_quantile;raw_border_score=0.219959;border_score=1.018689",0.3257950246334076,0.34174132347106934,0.33246371150016785
test_Seq_2278,2,2,"benchmark=nucleotide_transformer_downstream_tasks;dataset=splice_sites_all;matching=kmer_balanced;matching_signature=(7, 'TTT');border_estimator=center_window_kmer_jsd;estimator=center_jsd;window=48;search_radius=24;kmer=2;top_ratio=0.25;score_scale=4.0;motif_weight=0.0;motif_radius=12;score_normalization=train_quantile;raw_border_score=0.202034;border_score=0.976111",0.29782968759536743,0.31598523259162903,0.38618507981300354
test_Seq_1466,1,1,"benchmark=nucleotide_transformer_downstream_tasks;dataset=splice_sites_all;matching=kmer_balanced;matching_signature=(8, 'TTT');border_estimator=center_window_kmer_jsd;estimator=center_jsd;window=48;search_radius=24;kmer=2;top_ratio=0.25;score_scale=4.0;motif_weight=0.0;motif_radius=12;score_normalization=train_quantile;raw_border_score=0.214790;border_score=1.005533",0.33356887102127075,0.34645363688468933,0.31997746229171753
test_Seq_911,0,2,"benchmark=nucleotide_transformer_downstream_tasks;dataset=splice_sites_all;matching=kmer_balanced;matching_signature=(7, 'ATA');border_estimator=center_window_kmer_jsd;estimator=center_jsd;window=48;search_radius=24;kmer=2;top_ratio=0.25;score_scale=4.0;motif_weight=0.0;motif_radius=12;score_normalization=train_quantile;raw_border_score=0.280090;border_score=1.124111",0.2231554538011551,0.25848251581192017,0.5183620452880859
test_Seq_1095,1,2,"benchmark=nucleotide_transformer_downstream_tasks;dataset=splice_sites_all;matching=kmer_balanced;matching_signature=(13, 'GGG');border_estimator=center_window_kmer_jsd;estimator=center_jsd;window=48;search_radius=24;kmer=2;top_ratio=0.25;score_scale=4.0;motif_weight=0.0;motif_radius=12;score_normalization=train_quantile;raw_border_score=0.127683;border_score=0.816956",0.321988046169281,0.3357667028903961,0.34224528074264526
test_Seq_1998,1,1,"benchmark=nucleotide_transformer_downstream_tasks;dataset=splice_sites_all;matching=kmer_balanced;matching_signature=(14, 'GGG');border_estimator=center_window_kmer_jsd;estimator=center_jsd;window=48;search_radius=24;kmer=2;top_ratio=0.25;score_scale=4.0;motif_weight=0.0;motif_radius=12;score_normalization=train_quantile;raw_border_score=0.219612;border_score=1.017578",0.3383806645870209,0.33939146995544434,0.3222278654575348
test_Seq_698,0,2,"benchmark=nucleotide_transformer_downstream_tasks;dataset=splice_sites_all;matching=kmer_balanced;matching_signature=(8, 'TTT');border_estimator=center_window_kmer_jsd;estimator=center_jsd;window=48;search_radius=24;kmer=2;top_ratio=0.25;score_scale=4.0;motif_weight=0.0;motif_radius=12;score_normalization=train_quantile;raw_border_score=0.411818;border_score=1.191400",0.25725257396698,0.28220534324645996,0.46054208278656006
test_Seq_497,0,2,"benchmark=nucleotide_transformer_downstream_tasks;dataset=splice_sites_all;matching=kmer_balanced;matching_signature=(11, 'CCC');border_estimator=center_window_kmer_jsd;estimator=center_jsd;window=48;search_radius=24;kmer=2;top_ratio=0.25;score_scale=4.0;motif_weight=0.0;motif_radius=12;score_normalization=train_quantile;raw_border_score=0.209983;border_score=0.995044",0.24907848238945007,0.2655507028102875,0.4853707253932953
test_Seq_1922,1,2,"benchmark=nucleotide_transformer_downstream_tasks;dataset=splice_sites_all;matching=kmer_balanced;matching_signature=(7, 'TTT');border_estimator=center_window_kmer_jsd;estimator=center_jsd;window=48;search_radius=24;kmer=2;top_ratio=0.25;score_scale=4.0;motif_weight=0.0;motif_radius=12;score_normalization=train_quantile;raw_border_score=0.162644;border_score=0.873222",0.19031259417533875,0.21096111834049225,0.5987262725830078
test_Seq_1086,1,2,"benchmark=nucleotide_transformer_downstream_tasks;dataset=splice_sites_all;matching=kmer_balanced;matching_signature=(12, 'GGG');border_estimator=center_window_kmer_jsd;estimator=center_jsd;window=48;search_radius=24;kmer=2;top_ratio=0.25;score_scale=4.0;motif_weight=0.0;motif_radius=12;score_normalization=train_quantile;raw_border_score=0.179368;border_score=0.916378",0.31812605261802673,0.32472407817840576,0.3571498990058899
test_Seq_2657,2,2,"benchmark=nucleotide_transformer_downstream_tasks;dataset=splice_sites_all;matching=kmer_balanced;matching_signature=(7, 'TTT');border_estimator=center_window_kmer_jsd;estimator=center_jsd;window=48;search_radius=24;kmer=2;top_ratio=0.25;score_scale=4.0;motif_weight=0.0;motif_radius=12;score_normalization=train_quantile;raw_border_score=0.292910;border_score=1.139133",0.24090576171875,0.2633054256439209,0.4957888126373291
test_Seq_1846,1,2,"benchmark=nucleotide_transformer_downstream_tasks;dataset=splice_sites_all;matching=kmer_balanced;matching_signature=(13, 'CCC');border_estimator=center_window_kmer_jsd;estimator=center_jsd;window=48;search_radius=24;kmer=2;top_ratio=0.25;score_scale=4.0;motif_weight=0.0;motif_radius=12;score_normalization=train_quantile;raw_border_score=0.284676;border_score=1.129844",0.2895714044570923,0.29287195205688477,0.41755664348602295
test_Seq_771,0,2,"benchmark=nucleotide_transformer_downstream_tasks;dataset=splice_sites_all;matching=kmer_balanced;matching_signature=(8, 'AAA');border_estimator=center_window_kmer_jsd;estimator=center_jsd;window=48;search_radius=24;kmer=2;top_ratio=0.25;score_scale=4.0;motif_weight=0.0;motif_radius=12;score_normalization=train_quantile;raw_border_score=0.158653;border_score=0.864467",0.2616182565689087,0.27779266238212585,0.4605889916419983
test_Seq_1643,1,2,"benchmark=nucleotide_transformer_downstream_tasks;dataset=splice_sites_all;matching=kmer_balanced;matching_signature=(8, 'TTT');border_estimator=center_window_kmer_jsd;estimator=center_jsd;window=48;search_radius=24;kmer=2;top_ratio=0.25;score_scale=4.0;motif_weight=0.0;motif_radius=12;score_normalization=train_quantile;raw_border_score=0.248564;border_score=1.076289",0.14185263216495514,0.16128793358802795,0.6968594789505005
test_Seq_1347,1,2,"benchmark=nucleotide_transformer_downstream_tasks;dataset=splice_sites_all;matching=kmer_balanced;matching_signature=(12, 'GGG');border_estimator=center_window_kmer_jsd;estimator=center_jsd;window=48;search_radius=24;kmer=2;top_ratio=0.25;score_scale=4.0;motif_weight=0.0;motif_radius=12;score_normalization=train_quantile;raw_border_score=0.147931;border_score=0.843844",0.28582146763801575,0.2996315062046051,0.4145470857620239
test_Seq_2667,2,2,"benchmark=nucleotide_transformer_downstream_tasks;dataset=splice_sites_all;matching=kmer_balanced;matching_signature=(7, 'TTT');border_estimator=center_window_kmer_jsd;estimator=center_jsd;window=48;search_radius=24;kmer=2;top_ratio=0.25;score_scale=4.0;motif_weight=0.0;motif_radius=12;score_normalization=train_quantile;raw_border_score=0.167836;border_score=0.886378",0.2930005192756653,0.30706846714019775,0.39993104338645935
test_Seq_218,0,2,"benchmark=nucleotide_transformer_downstream_tasks;dataset=splice_sites_all;matching=kmer_balanced;matching_signature=(11, 'GGG');border_estimator=center_window_kmer_jsd;estimator=center_jsd;window=48;search_radius=24;kmer=2;top_ratio=0.25;score_scale=4.0;motif_weight=0.0;motif_radius=12;score_normalization=train_quantile;raw_border_score=0.213702;border_score=1.003622",0.27029910683631897,0.2870786190032959,0.4426223039627075
test_Seq_2042,2,2,"benchmark=nucleotide_transformer_downstream_tasks;dataset=splice_sites_all;matching=kmer_balanced;matching_signature=(13, 'CTG');border_estimator=center_window_kmer_jsd;estimator=center_jsd;window=48;search_radius=24;kmer=2;top_ratio=0.25;score_scale=4.0;motif_weight=0.0;motif_radius=12;score_normalization=train_quantile;raw_border_score=0.175439;border_score=0.906156",0.21560953557491302,0.2409268617630005,0.5434635877609253
test_Seq_1800,1,2,"benchmark=nucleotide_transformer_downstream_tasks;dataset=splice_sites_all;matching=kmer_balanced;matching_signature=(11, 'CCC');border_estimator=center_window_kmer_jsd;estimator=center_jsd;window=48;search_radius=24;kmer=2;top_ratio=0.25;score_scale=4.0;motif_weight=0.0;motif_radius=12;score_normalization=train_quantile;raw_border_score=0.150511;border_score=0.848422",0.3015604615211487,0.3196311891078949,0.3788083493709564
test_Seq_988,0,2,"benchmark=nucleotide_transformer_downstream_tasks;dataset=splice_sites_all;matching=kmer_balanced;matching_signature=(8, 'AAG');border_estimator=center_window_kmer_jsd;estimator=center_jsd;window=48;search_radius=24;kmer=2;top_ratio=0.25;score_scale=4.0;motif_weight=0.0;motif_radius=12;score_normalization=train_quantile;raw_border_score=0.279746;border_score=1.123711",0.29983460903167725,0.3147607445716858,0.38540464639663696
test_Seq_1157,1,2,"benchmark=nucleotide_transformer_downstream_tasks;dataset=splice_sites_all;matching=kmer_balanced;matching_signature=(8, 'TTT');border_estimator=center_window_kmer_jsd;estimator=center_jsd;window=48;search_radius=24;kmer=2;top_ratio=0.25;score_scale=4.0;motif_weight=0.0;motif_radius=12;score_normalization=train_quantile;raw_border_score=0.276023;border_score=1.118644",0.312019407749176,0.3309684991836548,0.3570120930671692
test_Seq_323,0,2,"benchmark=nucleotide_transformer_downstream_tasks;dataset=splice_sites_all;matching=kmer_balanced;matching_signature=(8, 'TCT');border_estimator=center_window_kmer_jsd;estimator=center_jsd;window=48;search_radius=24;kmer=2;top_ratio=0.25;score_scale=4.0;motif_weight=0.0;motif_radius=12;score_normalization=train_quantile;raw_border_score=0.344622;border_score=1.174467",0.2821316719055176,0.3055148720741272,0.4123534560203552
test_Seq_2928,2,1,"benchmark=nucleotide_transformer_downstream_tasks;dataset=splice_sites_all;matching=kmer_balanced;matching_signature=(8, 'TTT');border_estimator=center_window_kmer_jsd;estimator=center_jsd;window=48;search_radius=24;kmer=2;top_ratio=0.25;score_scale=4.0;motif_weight=0.0;motif_radius=12;score_normalization=train_quantile;raw_border_score=0.369177;border_score=1.183844",0.34074488282203674,0.3585551679134369,0.300699919462204
test_Seq_2209,2,0,"benchmark=nucleotide_transformer_downstream_tasks;dataset=splice_sites_all;matching=kmer_balanced;matching_signature=(11, 'GGG');border_estimator=center_window_kmer_jsd;estimator=center_jsd;window=48;search_radius=24;kmer=2;top_ratio=0.25;score_scale=4.0;motif_weight=0.0;motif_radius=12;score_normalization=train_quantile;raw_border_score=0.271824;border_score=1.112956",0.3779306411743164,0.3742755949497223,0.24779373407363892
test_Seq_952,0,1,"benchmark=nucleotide_transformer_downstream_tasks;dataset=splice_sites_all;matching=kmer_balanced;matching_signature=(9, 'TTT');border_estimator=center_window_kmer_jsd;estimator=center_jsd;window=48;search_radius=24;kmer=2;top_ratio=0.25;score_scale=4.0;motif_weight=0.0;motif_radius=12;score_normalization=train_quantile;raw_border_score=0.200883;border_score=0.973089",0.3311995565891266,0.34387844800949097,0.32492199540138245
test_Seq_2280,2,2,"benchmark=nucleotide_transformer_downstream_tasks;dataset=splice_sites_all;matching=kmer_balanced;matching_signature=(7, 'TTT');border_estimator=center_window_kmer_jsd;estimator=center_jsd;window=48;search_radius=24;kmer=2;top_ratio=0.25;score_scale=4.0;motif_weight=0.0;motif_radius=12;score_normalization=train_quantile;raw_border_score=0.212947;border_score=1.001844",0.3143978416919708,0.3241654336452484,0.36143678426742554
test_Seq_1410,1,2,"benchmark=nucleotide_transformer_downstream_tasks;dataset=splice_sites_all;matching=kmer_balanced;matching_signature=(9, 'GGG');border_estimator=center_window_kmer_jsd;estimator=center_jsd;window=48;search_radius=24;kmer=2;top_ratio=0.25;score_scale=4.0;motif_weight=0.0;motif_radius=12;score_normalization=train_quantile;raw_border_score=0.158025;border_score=0.862822",0.2445063591003418,0.2639941871166229,0.49149951338768005
test_Seq_1417,1,2,"benchmark=nucleotide_transformer_downstream_tasks;dataset=splice_sites_all;matching=kmer_balanced;matching_signature=(8, 'AAA');border_estimator=center_window_kmer_jsd;estimator=center_jsd;window=48;search_radius=24;kmer=2;top_ratio=0.25;score_scale=4.0;motif_weight=0.0;motif_radius=12;score_normalization=train_quantile;raw_border_score=0.159981;border_score=0.867622",0.29979443550109863,0.3181288540363312,0.3820766806602478
test_Seq_2060,2,2,"benchmark=nucleotide_transformer_downstream_tasks;dataset=splice_sites_all;matching=kmer_balanced;matching_signature=(10, 'CTG');border_estimator=center_window_kmer_jsd;estimator=center_jsd;window=48;search_radius=24;kmer=2;top_ratio=0.25;score_scale=4.0;motif_weight=0.0;motif_radius=12;score_normalization=train_quantile;raw_border_score=0.221363;border_score=1.022333",0.2845434546470642,0.3071037232875824,0.4083528518676758
test_Seq_1223,1,2,"benchmark=nucleotide_transformer_downstream_tasks;dataset=splice_sites_all;matching=kmer_balanced;matching_signature=(8, 'TTT');border_estimator=center_window_kmer_jsd;estimator=center_jsd;window=48;search_radius=24;kmer=2;top_ratio=0.25;score_scale=4.0;motif_weight=0.0;motif_radius=12;score_normalization=train_quantile;raw_border_score=0.262435;border_score=1.099933",0.3070782423019409,0.32933464646339417,0.36358708143234253
test_Seq_1865,1,2,"benchmark=nucleotide_transformer_downstream_tasks;dataset=splice_sites_all;matching=kmer_balanced;matching_signature=(7, 'TTT');border_estimator=center_window_kmer_jsd;estimator=center_jsd;window=48;search_radius=24;kmer=2;top_ratio=0.25;score_scale=4.0;motif_weight=0.0;motif_radius=12;score_normalization=train_quantile;raw_border_score=0.217990;border_score=1.013800",0.2936873733997345,0.312069296836853,0.3942433297634125
test_Seq_134,0,2,"benchmark=nucleotide_transformer_downstream_tasks;dataset=splice_sites_all;matching=kmer_balanced;matching_signature=(9, 'TGT');border_estimator=center_window_kmer_jsd;estimator=center_jsd;window=48;search_radius=24;kmer=2;top_ratio=0.25;score_scale=4.0;motif_weight=0.0;motif_radius=12;score_normalization=train_quantile;raw_border_score=0.200628;border_score=0.972600",0.23187710344791412,0.25136783719062805,0.5167549848556519
test_Seq_2570,2,2,"benchmark=nucleotide_transformer_downstream_tasks;dataset=splice_sites_all;matching=kmer_balanced;matching_signature=(10, 'AGG');border_estimator=center_window_kmer_jsd;estimator=center_jsd;window=48;search_radius=24;kmer=2;top_ratio=0.25;score_scale=4.0;motif_weight=0.0;motif_radius=12;score_normalization=train_quantile;raw_border_score=0.136918;border_score=0.827622",0.23129259049892426,0.2517736852169037,0.5169337391853333
test_Seq_2696,2,2,"benchmark=nucleotide_transformer_downstream_tasks;dataset=splice_sites_all;matching=kmer_balanced;matching_signature=(8, 'AAA');border_estimator=center_window_kmer_jsd;estimator=center_jsd;window=48;search_radius=24;kmer=2;top_ratio=0.25;score_scale=4.0;motif_weight=0.0;motif_radius=12;score_normalization=train_quantile;raw_border_score=0.189419;border_score=0.942333",0.15688128769397736,0.17425619065761566,0.668862521648407
test_Seq_1155,1,2,"benchmark=nucleotide_transformer_downstream_tasks;dataset=splice_sites_all;matching=kmer_balanced;matching_signature=(9, 'CTG');border_estimator=center_window_kmer_jsd;estimator=center_jsd;window=48;search_radius=24;kmer=2;top_ratio=0.25;score_scale=4.0;motif_weight=0.0;motif_radius=12;score_normalization=train_quantile;raw_border_score=0.172177;border_score=0.896644",0.3178875744342804,0.3385693430900574,0.3435431122779846
test_Seq_870,0,2,"benchmark=nucleotide_transformer_downstream_tasks;dataset=splice_sites_all;matching=kmer_balanced;matching_signature=(8, 'TTT');border_estimator=center_window_kmer_jsd;estimator=center_jsd;window=48;search_radius=24;kmer=2;top_ratio=0.25;score_scale=4.0;motif_weight=0.0;motif_radius=12;score_normalization=train_quantile;raw_border_score=0.271107;border_score=1.111711",0.19653435051441193,0.21855966746807098,0.5849059820175171
test_Seq_1454,1,1,"benchmark=nucleotide_transformer_downstream_tasks;dataset=splice_sites_all;matching=kmer_balanced;matching_signature=(5, 'TTT');border_estimator=center_window_kmer_jsd;estimator=center_jsd;window=48;search_radius=24;kmer=2;top_ratio=0.25;score_scale=4.0;motif_weight=0.0;motif_radius=12;score_normalization=train_quantile;raw_border_score=0.244386;border_score=1.068156",0.3384862542152405,0.3486223816871643,0.3128913938999176
test_Seq_1801,1,2,"benchmark=nucleotide_transformer_downstream_tasks;dataset=splice_sites_all;matching=kmer_balanced;matching_signature=(9, 'TTT');border_estimator=center_window_kmer_jsd;estimator=center_jsd;window=48;search_radius=24;kmer=2;top_ratio=0.25;score_scale=4.0;motif_weight=0.0;motif_radius=12;score_normalization=train_quantile;raw_border_score=0.241110;border_score=1.061222",0.30135631561279297,0.32867446541786194,0.3699691891670227
test_Seq_217,0,1,"benchmark=nucleotide_transformer_downstream_tasks;dataset=splice_sites_all;matching=kmer_balanced;matching_signature=(8, 'TTT');border_estimator=center_window_kmer_jsd;estimator=center_jsd;window=48;search_radius=24;kmer=2;top_ratio=0.25;score_scale=4.0;motif_weight=0.0;motif_radius=12;score_normalization=train_quantile;raw_border_score=0.205509;border_score=0.985267",0.36214423179626465,0.3681586980819702,0.26969707012176514
test_Seq_2896,2,2,"benchmark=nucleotide_transformer_downstream_tasks;dataset=splice_sites_all;matching=kmer_balanced;matching_signature=(5, 'AAA');border_estimator=center_window_kmer_jsd;estimator=center_jsd;window=48;search_radius=24;kmer=2;top_ratio=0.25;score_scale=4.0;motif_weight=0.0;motif_radius=12;score_normalization=train_quantile;raw_border_score=0.157884;border_score=0.862778",0.2671339511871338,0.2929033041000366,0.4399627447128296
test_Seq_2778,2,2,"benchmark=nucleotide_transformer_downstream_tasks;dataset=splice_sites_all;matching=kmer_balanced;matching_signature=(9, 'CTG');border_estimator=center_window_kmer_jsd;estimator=center_jsd;window=48;search_radius=24;kmer=2;top_ratio=0.25;score_scale=4.0;motif_weight=0.0;motif_radius=12;score_normalization=train_quantile;raw_border_score=0.396597;border_score=1.189356",0.3063772916793823,0.32894185185432434,0.36468085646629333
test_Seq_1525,1,2,"benchmark=nucleotide_transformer_downstream_tasks;dataset=splice_sites_all;matching=kmer_balanced;matching_signature=(10, 'CAG');border_estimator=center_window_kmer_jsd;estimator=center_jsd;window=48;search_radius=24;kmer=2;top_ratio=0.25;score_scale=4.0;motif_weight=0.0;motif_radius=12;score_normalization=train_quantile;raw_border_score=0.182307;border_score=0.923089",0.3105719983577728,0.31686121225357056,0.372566819190979
test_Seq_2710,2,2,"benchmark=nucleotide_transformer_downstream_tasks;dataset=splice_sites_all;matching=kmer_balanced;matching_signature=(7, 'AAA');border_estimator=center_window_kmer_jsd;estimator=center_jsd;window=48;search_radius=24;kmer=2;top_ratio=0.25;score_scale=4.0;motif_weight=0.0;motif_radius=12;score_normalization=train_quantile;raw_border_score=0.162104;border_score=0.871578",0.26906251907348633,0.2858456075191498,0.4450919032096863
test_Seq_1507,1,2,"benchmark=nucleotide_transformer_downstream_tasks;dataset=splice_sites_all;matching=kmer_balanced;matching_signature=(7, 'TTT');border_estimator=center_window_kmer_jsd;estimator=center_jsd;window=48;search_radius=24;kmer=2;top_ratio=0.25;score_scale=4.0;motif_weight=0.0;motif_radius=12;score_normalization=train_quantile;raw_border_score=0.120696;border_score=0.811400",0.25912800431251526,0.2730220854282379,0.46784988045692444
test_Seq_1741,1,2,"benchmark=nucleotide_transformer_downstream_tasks;dataset=splice_sites_all;matching=kmer_balanced;matching_signature=(6, 'TTT');border_estimator=center_window_kmer_jsd;estimator=center_jsd;window=48;search_radius=24;kmer=2;top_ratio=0.25;score_scale=4.0;motif_weight=0.0;motif_radius=12;score_normalization=train_quantile;raw_border_score=0.179355;border_score=0.916333",0.2722911238670349,0.3022569715976715,0.4254518747329712
test_Seq_1278,1,2,"benchmark=nucleotide_transformer_downstream_tasks;dataset=splice_sites_all;matching=kmer_balanced;matching_signature=(11, 'CAG');border_estimator=center_window_kmer_jsd;estimator=center_jsd;window=48;search_radius=24;kmer=2;top_ratio=0.25;score_scale=4.0;motif_weight=0.0;motif_radius=12;score_normalization=train_quantile;raw_border_score=0.200170;border_score=0.971800",0.29673418402671814,0.315575510263443,0.38769030570983887
test_Seq_381,0,2,"benchmark=nucleotide_transformer_downstream_tasks;dataset=splice_sites_all;matching=kmer_balanced;matching_signature=(7, 'TTT');border_estimator=center_window_kmer_jsd;estimator=center_jsd;window=48;search_radius=24;kmer=2;top_ratio=0.25;score_scale=4.0;motif_weight=0.0;motif_radius=12;score_normalization=train_quantile;raw_border_score=0.291718;border_score=1.138111",0.2777508497238159,0.29920685291290283,0.4230422377586365
test_Seq_2126,2,2,"benchmark=nucleotide_transformer_downstream_tasks;dataset=splice_sites_all;matching=kmer_balanced;matching_signature=(10, 'TTT');border_estimator=center_window_kmer_jsd;estimator=center_jsd;window=48;search_radius=24;kmer=2;top_ratio=0.25;score_scale=4.0;motif_weight=0.0;motif_radius=12;score_normalization=train_quantile;raw_border_score=0.095141;border_score=0.801756",0.25151917338371277,0.27169832587242126,0.4767824709415436
test_Seq_209,0,2,"benchmark=nucleotide_transformer_downstream_tasks;dataset=splice_sites_all;matching=kmer_balanced;matching_signature=(8, 'TTT');border_estimator=center_window_kmer_jsd;estimator=center_jsd;window=48;search_radius=24;kmer=2;top_ratio=0.25;score_scale=4.0;motif_weight=0.0;motif_radius=12;score_normalization=train_quantile;raw_border_score=0.167676;border_score=0.885978",0.29676732420921326,0.31775549054145813,0.3854772448539734
test_Seq_1763,1,2,"benchmark=nucleotide_transformer_downstream_tasks;dataset=splice_sites_all;matching=kmer_balanced;matching_signature=(7, 'TTT');border_estimator=center_window_kmer_jsd;estimator=center_jsd;window=48;search_radius=24;kmer=2;top_ratio=0.25;score_scale=4.0;motif_weight=0.0;motif_radius=12;score_normalization=train_quantile;raw_border_score=0.256334;border_score=1.089711",0.310170978307724,0.33588945865631104,0.35393959283828735
test_Seq_317,0,2,"benchmark=nucleotide_transformer_downstream_tasks;dataset=splice_sites_all;matching=kmer_balanced;matching_signature=(8, 'AAA');border_estimator=center_window_kmer_jsd;estimator=center_jsd;window=48;search_radius=24;kmer=2;top_ratio=0.25;score_scale=4.0;motif_weight=0.0;motif_radius=12;score_normalization=train_quantile;raw_border_score=0.145559;border_score=0.839711",0.31003186106681824,0.3261550962924957,0.3638130724430084
test_Seq_2957,2,1,"benchmark=nucleotide_transformer_downstream_tasks;dataset=splice_sites_all;matching=kmer_balanced;matching_signature=(10, 'CTG');border_estimator=center_window_kmer_jsd;estimator=center_jsd;window=48;search_radius=24;kmer=2;top_ratio=0.25;score_scale=4.0;motif_weight=0.0;motif_radius=12;score_normalization=train_quantile;raw_border_score=0.200128;border_score=0.971622",0.32163578271865845,0.34463584423065186,0.3337283730506897
test_Seq_2935,2,1,"benchmark=nucleotide_transformer_downstream_tasks;dataset=splice_sites_all;matching=kmer_balanced;matching_signature=(8, 'TTT');border_estimator=center_window_kmer_jsd;estimator=center_jsd;window=48;search_radius=24;kmer=2;top_ratio=0.25;score_scale=4.0;motif_weight=0.0;motif_radius=12;score_normalization=train_quantile;raw_border_score=0.205093;border_score=0.984467",0.36437860131263733,0.3732372224330902,0.26238420605659485
test_Seq_120,0,2,"benchmark=nucleotide_transformer_downstream_tasks;dataset=splice_sites_all;matching=kmer_balanced;matching_signature=(7, 'TTT');border_estimator=center_window_kmer_jsd;estimator=center_jsd;window=48;search_radius=24;kmer=2;top_ratio=0.25;score_scale=4.0;motif_weight=0.0;motif_radius=12;score_normalization=train_quantile;raw_border_score=0.169244;border_score=0.889000",0.2636946141719818,0.29296937584877014,0.4433360695838928
test_Seq_1585,1,2,"benchmark=nucleotide_transformer_downstream_tasks;dataset=splice_sites_all;matching=kmer_balanced;matching_signature=(7, 'TTT');border_estimator=center_window_kmer_jsd;estimator=center_jsd;window=48;search_radius=24;kmer=2;top_ratio=0.25;score_scale=4.0;motif_weight=0.0;motif_radius=12;score_normalization=train_quantile;raw_border_score=0.339074;border_score=1.171489",0.2213956117630005,0.2468743771314621,0.5317299962043762
test_Seq_617,0,2,"benchmark=nucleotide_transformer_downstream_tasks;dataset=splice_sites_all;matching=kmer_balanced;matching_signature=(11, 'GGG');border_estimator=center_window_kmer_jsd;estimator=center_jsd;window=48;search_radius=24;kmer=2;top_ratio=0.25;score_scale=4.0;motif_weight=0.0;motif_radius=12;score_normalization=train_quantile;raw_border_score=0.142033;border_score=0.834067",0.2940033972263336,0.3099886476993561,0.3960079848766327
test_Seq_186,0,2,"benchmark=nucleotide_transformer_downstream_tasks;dataset=splice_sites_all;matching=kmer_balanced;matching_signature=(6, 'TTT');border_estimator=center_window_kmer_jsd;estimator=center_jsd;window=48;search_radius=24;kmer=2;top_ratio=0.25;score_scale=4.0;motif_weight=0.0;motif_radius=12;score_normalization=train_quantile;raw_border_score=0.120760;border_score=0.811400",0.28048110008239746,0.2966863512992859,0.42283251881599426
test_Seq_1602,1,2,"benchmark=nucleotide_transformer_downstream_tasks;dataset=splice_sites_all;matching=kmer_balanced;matching_signature=(9, 'TTT');border_estimator=center_window_kmer_jsd;estimator=center_jsd;window=48;search_radius=24;kmer=2;top_ratio=0.25;score_scale=4.0;motif_weight=0.0;motif_radius=12;score_normalization=train_quantile;raw_border_score=0.267779;border_score=1.106867",0.3077111840248108,0.32000455260276794,0.37228429317474365
test_Seq_2044,2,2,"benchmark=nucleotide_transformer_downstream_tasks;dataset=splice_sites_all;matching=kmer_balanced;matching_signature=(12, 'CAG');border_estimator=center_window_kmer_jsd;estimator=center_jsd;window=48;search_radius=24;kmer=2;top_ratio=0.25;score_scale=4.0;motif_weight=0.0;motif_radius=12;score_normalization=train_quantile;raw_border_score=0.156528;border_score=0.860467",0.3183853030204773,0.3289974629878998,0.3526172339916229
test_Seq_1836,1,0,"benchmark=nucleotide_transformer_downstream_tasks;dataset=splice_sites_all;matching=kmer_balanced;matching_signature=(12, 'CCC');border_estimator=center_window_kmer_jsd;estimator=center_jsd;window=48;search_radius=24;kmer=2;top_ratio=0.25;score_scale=4.0;motif_weight=0.0;motif_radius=12;score_normalization=train_quantile;raw_border_score=0.192359;border_score=0.950689",0.3510778844356537,0.34755319356918335,0.3013688921928406
test_Seq_1742,1,2,"benchmark=nucleotide_transformer_downstream_tasks;dataset=splice_sites_all;matching=kmer_balanced;matching_signature=(14, 'GGG');border_estimator=center_window_kmer_jsd;estimator=center_jsd;window=48;search_radius=24;kmer=2;top_ratio=0.25;score_scale=4.0;motif_weight=0.0;motif_radius=12;score_normalization=train_quantile;raw_border_score=0.246671;border_score=1.072467",0.2745247483253479,0.2833947539329529,0.44208046793937683
test_Seq_1302,1,2,"benchmark=nucleotide_transformer_downstream_tasks;dataset=splice_sites_all;matching=kmer_balanced;matching_signature=(7, 'AAA');border_estimator=center_window_kmer_jsd;estimator=center_jsd;window=48;search_radius=24;kmer=2;top_ratio=0.25;score_scale=4.0;motif_weight=0.0;motif_radius=12;score_normalization=train_quantile;raw_border_score=0.179404;border_score=0.916422",0.2872115969657898,0.296775758266449,0.4160126745700836
test_Seq_810,0,2,"benchmark=nucleotide_transformer_downstream_tasks;dataset=splice_sites_all;matching=kmer_balanced;matching_signature=(7, 'TTT');border_estimator=center_window_kmer_jsd;estimator=center_jsd;window=48;search_radius=24;kmer=2;top_ratio=0.25;score_scale=4.0;motif_weight=0.0;motif_radius=12;score_normalization=train_quantile;raw_border_score=0.249359;border_score=1.077844",0.30382251739501953,0.3201126158237457,0.37606483697891235
test_Seq_392,0,2,"benchmark=nucleotide_transformer_downstream_tasks;dataset=splice_sites_all;matching=kmer_balanced;matching_signature=(12, 'GGG');border_estimator=center_window_kmer_jsd;estimator=center_jsd;window=48;search_radius=24;kmer=2;top_ratio=0.25;score_scale=4.0;motif_weight=0.0;motif_radius=12;score_normalization=train_quantile;raw_border_score=0.384800;border_score=1.187622",0.2927822768688202,0.2910711467266083,0.41614657640457153
test_Seq_2524,2,2,"benchmark=nucleotide_transformer_downstream_tasks;dataset=splice_sites_all;matching=kmer_balanced;matching_signature=(6, 'TTT');border_estimator=center_window_kmer_jsd;estimator=center_jsd;window=48;search_radius=24;kmer=2;top_ratio=0.25;score_scale=4.0;motif_weight=0.0;motif_radius=12;score_normalization=train_quantile;raw_border_score=0.238881;border_score=1.056111",0.2302197515964508,0.25839754939079285,0.5113827586174011
test_Seq_975,0,2,"benchmark=nucleotide_transformer_downstream_tasks;dataset=splice_sites_all;matching=kmer_balanced;matching_signature=(7, 'TTT');border_estimator=center_window_kmer_jsd;estimator=center_jsd;window=48;search_radius=24;kmer=2;top_ratio=0.25;score_scale=4.0;motif_weight=0.0;motif_radius=12;score_normalization=train_quantile;raw_border_score=0.259498;border_score=1.094733",0.2528892457485199,0.2715684771537781,0.47554224729537964
test_Seq_1977,1,2,"benchmark=nucleotide_transformer_downstream_tasks;dataset=splice_sites_all;matching=kmer_balanced;matching_signature=(13, 'CCC');border_estimator=center_window_kmer_jsd;estimator=center_jsd;window=48;search_radius=24;kmer=2;top_ratio=0.25;score_scale=4.0;motif_weight=0.0;motif_radius=12;score_normalization=train_quantile;raw_border_score=0.143281;border_score=0.836022",0.3036491274833679,0.3057730793952942,0.3905777931213379
test_Seq_2212,2,2,"benchmark=nucleotide_transformer_downstream_tasks;dataset=splice_sites_all;matching=kmer_balanced;matching_signature=(9, 'CTT');border_estimator=center_window_kmer_jsd;estimator=center_jsd;window=48;search_radius=24;kmer=2;top_ratio=0.25;score_scale=4.0;motif_weight=0.0;motif_radius=12;score_normalization=train_quantile;raw_border_score=0.214790;border_score=1.005533",0.23822082579135895,0.2661599814891815,0.4956192672252655
test_Seq_1237,1,2,"benchmark=nucleotide_transformer_downstream_tasks;dataset=splice_sites_all;matching=kmer_balanced;matching_signature=(11, 'GGC');border_estimator=center_window_kmer_jsd;estimator=center_jsd;window=48;search_radius=24;kmer=2;top_ratio=0.25;score_scale=4.0;motif_weight=0.0;motif_radius=12;score_normalization=train_quantile;raw_border_score=0.193446;border_score=0.953400",0.3268589675426483,0.3324449062347412,0.34069618582725525
test_Seq_2730,2,2,"benchmark=nucleotide_transformer_downstream_tasks;dataset=splice_sites_all;matching=kmer_balanced;matching_signature=(9, 'CTG');border_estimator=center_window_kmer_jsd;estimator=center_jsd;window=48;search_radius=24;kmer=2;top_ratio=0.25;score_scale=4.0;motif_weight=0.0;motif_radius=12;score_normalization=train_quantile;raw_border_score=0.276394;border_score=1.119000",0.3160684406757355,0.32915428280830383,0.35477733612060547
test_Seq_2915,2,2,"benchmark=nucleotide_transformer_downstream_tasks;dataset=splice_sites_all;matching=kmer_balanced;matching_signature=(7, 'AAA');border_estimator=center_window_kmer_jsd;estimator=center_jsd;window=48;search_radius=24;kmer=2;top_ratio=0.25;score_scale=4.0;motif_weight=0.0;motif_radius=12;score_normalization=train_quantile;raw_border_score=0.189634;border_score=0.943089",0.18416675925254822,0.19851000607013702,0.6173232197761536
test_Seq_2323,2,2,"benchmark=nucleotide_transformer_downstream_tasks;dataset=splice_sites_all;matching=kmer_balanced;matching_signature=(12, 'GGG');border_estimator=center_window_kmer_jsd;estimator=center_jsd;window=48;search_radius=24;kmer=2;top_ratio=0.25;score_scale=4.0;motif_weight=0.0;motif_radius=12;score_normalization=train_quantile;raw_border_score=0.284697;border_score=1.129889",0.30353689193725586,0.3173910975456238,0.379071980714798
test_Seq_1032,1,1,"benchmark=nucleotide_transformer_downstream_tasks;dataset=splice_sites_all;matching=kmer_balanced;matching_signature=(6, 'TTT');border_estimator=center_window_kmer_jsd;estimator=center_jsd;window=48;search_radius=24;kmer=2;top_ratio=0.25;score_scale=4.0;motif_weight=0.0;motif_radius=12;score_normalization=train_quantile;raw_border_score=0.188210;border_score=0.939444",0.3234834372997284,0.3389887809753418,0.3375278413295746
test_Seq_2798,2,2,"benchmark=nucleotide_transformer_downstream_tasks;dataset=splice_sites_all;matching=kmer_balanced;matching_signature=(8, 'TTT');border_estimator=center_window_kmer_jsd;estimator=center_jsd;window=48;search_radius=24;kmer=2;top_ratio=0.25;score_scale=4.0;motif_weight=0.0;motif_radius=12;score_normalization=train_quantile;raw_border_score=0.233685;border_score=1.046778",0.26548781991004944,0.2972188889980316,0.43729326128959656
test_Seq_2016,2,2,"benchmark=nucleotide_transformer_downstream_tasks;dataset=splice_sites_all;matching=kmer_balanced;matching_signature=(7, 'TTT');border_estimator=center_window_kmer_jsd;estimator=center_jsd;window=48;search_radius=24;kmer=2;top_ratio=0.25;score_scale=4.0;motif_weight=0.0;motif_radius=12;score_normalization=train_quantile;raw_border_score=0.180499;border_score=0.919044",0.2732471525669098,0.2984616458415985,0.4282911419868469
test_Seq_2588,2,1,"benchmark=nucleotide_transformer_downstream_tasks;dataset=splice_sites_all;matching=kmer_balanced;matching_signature=(10, 'GGG');border_estimator=center_window_kmer_jsd;estimator=center_jsd;window=48;search_radius=24;kmer=2;top_ratio=0.25;score_scale=4.0;motif_weight=0.0;motif_radius=12;score_normalization=train_quantile;raw_border_score=0.165608;border_score=0.880289",0.3380958139896393,0.35282355546951294,0.3090806305408478
test_Seq_927,0,2,"benchmark=nucleotide_transformer_downstream_tasks;dataset=splice_sites_all;matching=kmer_balanced;matching_signature=(8, 'AAA');border_estimator=center_window_kmer_jsd;estimator=center_jsd;window=48;search_radius=24;kmer=2;top_ratio=0.25;score_scale=4.0;motif_weight=0.0;motif_radius=12;score_normalization=train_quantile;raw_border_score=0.217938;border_score=1.013578",0.270089715719223,0.29668161273002625,0.43322864174842834
test_Seq_2818,2,2,"benchmark=nucleotide_transformer_downstream_tasks;dataset=splice_sites_all;matching=kmer_balanced;matching_signature=(6, 'TTT');border_estimator=center_window_kmer_jsd;estimator=center_jsd;window=48;search_radius=24;kmer=2;top_ratio=0.25;score_scale=4.0;motif_weight=0.0;motif_radius=12;score_normalization=train_quantile;raw_border_score=0.294397;border_score=1.140289",0.2946561872959137,0.31576529145240784,0.38957852125167847
test_Seq_60,0,1,"benchmark=nucleotide_transformer_downstream_tasks;dataset=splice_sites_all;matching=kmer_balanced;matching_signature=(7, 'TTT');border_estimator=center_window_kmer_jsd;estimator=center_jsd;window=48;search_radius=24;kmer=2;top_ratio=0.25;score_scale=4.0;motif_weight=0.0;motif_radius=12;score_normalization=train_quantile;raw_border_score=0.233085;border_score=1.045756",0.3567369282245636,0.35683438181877136,0.28642866015434265
test_Seq_603,0,2,"benchmark=nucleotide_transformer_downstream_tasks;dataset=splice_sites_all;matching=kmer_balanced;matching_signature=(9, 'AGG');border_estimator=center_window_kmer_jsd;estimator=center_jsd;window=48;search_radius=24;kmer=2;top_ratio=0.25;score_scale=4.0;motif_weight=0.0;motif_radius=12;score_normalization=train_quantile;raw_border_score=0.116104;border_score=0.808778",0.21125490963459015,0.23642303049564362,0.5523220896720886
test_Seq_195,0,2,"benchmark=nucleotide_transformer_downstream_tasks;dataset=splice_sites_all;matching=kmer_balanced;matching_signature=(12, 'GGG');border_estimator=center_window_kmer_jsd;estimator=center_jsd;window=48;search_radius=24;kmer=2;top_ratio=0.25;score_scale=4.0;motif_weight=0.0;motif_radius=12;score_normalization=train_quantile;raw_border_score=0.283276;border_score=1.128289",0.25922900438308716,0.2727741003036499,0.46799686551094055
test_Seq_1020,1,2,"benchmark=nucleotide_transformer_downstream_tasks;dataset=splice_sites_all;matching=kmer_balanced;matching_signature=(11, 'GGG');border_estimator=center_window_kmer_jsd;estimator=center_jsd;window=48;search_radius=24;kmer=2;top_ratio=0.25;score_scale=4.0;motif_weight=0.0;motif_radius=12;score_normalization=train_quantile;raw_border_score=0.174351;border_score=0.903178",0.3199693560600281,0.3273599445819855,0.35267072916030884
test_Seq_627,0,2,"benchmark=nucleotide_transformer_downstream_tasks;dataset=splice_sites_all;matching=kmer_balanced;matching_signature=(7, 'AAA');border_estimator=center_window_kmer_jsd;estimator=center_jsd;window=48;search_radius=24;kmer=2;top_ratio=0.25;score_scale=4.0;motif_weight=0.0;motif_radius=12;score_normalization=train_quantile;raw_border_score=0.212004;border_score=0.999711",0.27728864550590515,0.29730403423309326,0.4254072904586792
test_Seq_1497,1,2,"benchmark=nucleotide_transformer_downstream_tasks;dataset=splice_sites_all;matching=kmer_balanced;matching_signature=(8, 'TTT');border_estimator=center_window_kmer_jsd;estimator=center_jsd;window=48;search_radius=24;kmer=2;top_ratio=0.25;score_scale=4.0;motif_weight=0.0;motif_radius=12;score_normalization=train_quantile;raw_border_score=0.282504;border_score=1.127089",0.26336395740509033,0.2779123783111572,0.4587237536907196
test_Seq_2065,2,2,"benchmark=nucleotide_transformer_downstream_tasks;dataset=splice_sites_all;matching=kmer_balanced;matching_signature=(6, 'TTT');border_estimator=center_window_kmer_jsd;estimator=center_jsd;window=48;search_radius=24;kmer=2;top_ratio=0.25;score_scale=4.0;motif_weight=0.0;motif_radius=12;score_normalization=train_quantile;raw_border_score=0.247430;border_score=1.073889",0.274527907371521,0.29593580961227417,0.429536372423172
test_Seq_434,0,2,"benchmark=nucleotide_transformer_downstream_tasks;dataset=splice_sites_all;matching=kmer_balanced;matching_signature=(7, 'TTT');border_estimator=center_window_kmer_jsd;estimator=center_jsd;window=48;search_radius=24;kmer=2;top_ratio=0.25;score_scale=4.0;motif_weight=0.0;motif_radius=12;score_normalization=train_quantile;raw_border_score=0.223863;border_score=1.027889",0.3228539228439331,0.3372795879840851,0.3398664593696594
test_Seq_1591,1,1,"benchmark=nucleotide_transformer_downstream_tasks;dataset=splice_sites_all;matching=kmer_balanced;matching_signature=(6, 'TTT');border_estimator=center_window_kmer_jsd;estimator=center_jsd;window=48;search_radius=24;kmer=2;top_ratio=0.25;score_scale=4.0;motif_weight=0.0;motif_radius=12;score_normalization=train_quantile;raw_border_score=0.134496;border_score=0.824600",0.3226139545440674,0.34242814779281616,0.33495789766311646
test_Seq_1566,1,1,"benchmark=nucleotide_transformer_downstream_tasks;dataset=splice_sites_all;matching=kmer_balanced;matching_signature=(13, 'CCC');border_estimator=center_window_kmer_jsd;estimator=center_jsd;window=48;search_radius=24;kmer=2;top_ratio=0.25;score_scale=4.0;motif_weight=0.0;motif_radius=12;score_normalization=train_quantile;raw_border_score=0.201310;border_score=0.974200",0.32737061381340027,0.3392021656036377,0.33342722058296204
test_Seq_47,0,2,"benchmark=nucleotide_transformer_downstream_tasks;dataset=splice_sites_all;matching=kmer_balanced;matching_signature=(8, 'TTT');border_estimator=center_window_kmer_jsd;estimator=center_jsd;window=48;search_radius=24;kmer=2;top_ratio=0.25;score_scale=4.0;motif_weight=0.0;motif_radius=12;score_normalization=train_quantile;raw_border_score=0.145727;border_score=0.839978",0.29041528701782227,0.3117140531539917,0.39787065982818604
test_Seq_582,0,1,"benchmark=nucleotide_transformer_downstream_tasks;dataset=splice_sites_all;matching=kmer_balanced;matching_signature=(10, 'GGG');border_estimator=center_window_kmer_jsd;estimator=center_jsd;window=48;search_radius=24;kmer=2;top_ratio=0.25;score_scale=4.0;motif_weight=0.0;motif_radius=12;score_normalization=train_quantile;raw_border_score=0.368611;border_score=1.183756",0.3723986744880676,0.38367486000061035,0.24392645061016083
test_Seq_1895,1,2,"benchmark=nucleotide_transformer_downstream_tasks;dataset=splice_sites_all;matching=kmer_balanced;matching_signature=(7, 'TTT');border_estimator=center_window_kmer_jsd;estimator=center_jsd;window=48;search_radius=24;kmer=2;top_ratio=0.25;score_scale=4.0;motif_weight=0.0;motif_radius=12;score_normalization=train_quantile;raw_border_score=0.210237;border_score=0.995667",0.29937049746513367,0.3207477927207947,0.37988173961639404
test_Seq_25,0,2,"benchmark=nucleotide_transformer_downstream_tasks;dataset=splice_sites_all;matching=kmer_balanced;matching_signature=(11, 'CCC');border_estimator=center_window_kmer_jsd;estimator=center_jsd;window=48;search_radius=24;kmer=2;top_ratio=0.25;score_scale=4.0;motif_weight=0.0;motif_radius=12;score_normalization=train_quantile;raw_border_score=0.252242;border_score=1.082689",0.3237122893333435,0.3214851915836334,0.35480254888534546
test_Seq_2163,2,2,"benchmark=nucleotide_transformer_downstream_tasks;dataset=splice_sites_all;matching=kmer_balanced;matching_signature=(8, 'TTT');border_estimator=center_window_kmer_jsd;estimator=center_jsd;window=48;search_radius=24;kmer=2;top_ratio=0.25;score_scale=4.0;motif_weight=0.0;motif_radius=12;score_normalization=train_quantile;raw_border_score=0.374647;border_score=1.185311",0.21082372963428497,0.2410590499639511,0.5481172204017639
test_Seq_2146,2,2,"benchmark=nucleotide_transformer_downstream_tasks;dataset=splice_sites_all;matching=kmer_balanced;matching_signature=(8, 'TTT');border_estimator=center_window_kmer_jsd;estimator=center_jsd;window=48;search_radius=24;kmer=2;top_ratio=0.25;score_scale=4.0;motif_weight=0.0;motif_radius=12;score_normalization=train_quantile;raw_border_score=0.424577;border_score=1.192733",0.22223199903964996,0.24034197628498077,0.5374260544776917
test_Seq_2880,2,2,"benchmark=nucleotide_transformer_downstream_tasks;dataset=splice_sites_all;matching=kmer_balanced;matching_signature=(6, 'AAA');border_estimator=center_window_kmer_jsd;estimator=center_jsd;window=48;search_radius=24;kmer=2;top_ratio=0.25;score_scale=4.0;motif_weight=0.0;motif_radius=12;score_normalization=train_quantile;raw_border_score=0.160566;border_score=0.868333",0.22266292572021484,0.24292497336864471,0.5344120860099792
test_Seq_2967,2,2,"benchmark=nucleotide_transformer_downstream_tasks;dataset=splice_sites_all;matching=kmer_balanced;matching_signature=(11, 'CCT');border_estimator=center_window_kmer_jsd;estimator=center_jsd;window=48;search_radius=24;kmer=2;top_ratio=0.25;score_scale=4.0;motif_weight=0.0;motif_radius=12;score_normalization=train_quantile;raw_border_score=0.238087;border_score=1.054822",0.2898743450641632,0.29679179191589355,0.4133338928222656
test_Seq_1475,1,2,"benchmark=nucleotide_transformer_downstream_tasks;dataset=splice_sites_all;matching=kmer_balanced;matching_signature=(7, 'AAA');border_estimator=center_window_kmer_jsd;estimator=center_jsd;window=48;search_radius=24;kmer=2;top_ratio=0.25;score_scale=4.0;motif_weight=0.0;motif_radius=12;score_normalization=train_quantile;raw_border_score=0.258016;border_score=1.092244",0.30351680517196655,0.3146434426307678,0.3818398118019104
test_Seq_2439,2,2,"benchmark=nucleotide_transformer_downstream_tasks;dataset=splice_sites_all;matching=kmer_balanced;matching_signature=(7, 'TTT');border_estimator=center_window_kmer_jsd;estimator=center_jsd;window=48;search_radius=24;kmer=2;top_ratio=0.25;score_scale=4.0;motif_weight=0.0;motif_radius=12;score_normalization=train_quantile;raw_border_score=0.103126;border_score=0.803489",0.1354464590549469,0.15677060186862946,0.7077829241752625
test_Seq_258,0,1,"benchmark=nucleotide_transformer_downstream_tasks;dataset=splice_sites_all;matching=kmer_balanced;matching_signature=(8, 'AGA');border_estimator=center_window_kmer_jsd;estimator=center_jsd;window=48;search_radius=24;kmer=2;top_ratio=0.25;score_scale=4.0;motif_weight=0.0;motif_radius=12;score_normalization=train_quantile;raw_border_score=0.182403;border_score=0.923267",0.3591148853302002,0.36027923226356506,0.28060591220855713
test_Seq_235,0,2,"benchmark=nucleotide_transformer_downstream_tasks;dataset=splice_sites_all;matching=kmer_balanced;matching_signature=(12, 'CAG');border_estimator=center_window_kmer_jsd;estimator=center_jsd;window=48;search_radius=24;kmer=2;top_ratio=0.25;score_scale=4.0;motif_weight=0.0;motif_radius=12;score_normalization=train_quantile;raw_border_score=0.170328;border_score=0.891400",0.26964864134788513,0.27903518080711365,0.45131614804267883
test_Seq_2037,2,2,"benchmark=nucleotide_transformer_downstream_tasks;dataset=splice_sites_all;matching=kmer_balanced;matching_signature=(13, 'GGG');border_estimator=center_window_kmer_jsd;estimator=center_jsd;window=48;search_radius=24;kmer=2;top_ratio=0.25;score_scale=4.0;motif_weight=0.0;motif_radius=12;score_normalization=train_quantile;raw_border_score=0.124064;border_score=0.813444",0.3200206756591797,0.3159182369709015,0.3640610873699188
test_Seq_2496,2,2,"benchmark=nucleotide_transformer_downstream_tasks;dataset=splice_sites_all;matching=kmer_balanced;matching_signature=(12, 'CAG');border_estimator=center_window_kmer_jsd;estimator=center_jsd;window=48;search_radius=24;kmer=2;top_ratio=0.25;score_scale=4.0;motif_weight=0.0;motif_radius=12;score_normalization=train_quantile;raw_border_score=0.151203;border_score=0.849222",0.2274804413318634,0.24254494905471802,0.5299745798110962
test_Seq_275,0,2,"benchmark=nucleotide_transformer_downstream_tasks;dataset=splice_sites_all;matching=kmer_balanced;matching_signature=(12, 'CCC');border_estimator=center_window_kmer_jsd;estimator=center_jsd;window=48;search_radius=24;kmer=2;top_ratio=0.25;score_scale=4.0;motif_weight=0.0;motif_radius=12;score_normalization=train_quantile;raw_border_score=0.284094;border_score=1.129222",0.30218061804771423,0.3131939172744751,0.38462549448013306
test_Seq_1883,1,2,"benchmark=nucleotide_transformer_downstream_tasks;dataset=splice_sites_all;matching=kmer_balanced;matching_signature=(11, 'CTG');border_estimator=center_window_kmer_jsd;estimator=center_jsd;window=48;search_radius=24;kmer=2;top_ratio=0.25;score_scale=4.0;motif_weight=0.0;motif_radius=12;score_normalization=train_quantile;raw_border_score=0.241665;border_score=1.062422",0.31316065788269043,0.31721770763397217,0.3696216344833374
test_Seq_1210,1,2,"benchmark=nucleotide_transformer_downstream_tasks;dataset=splice_sites_all;matching=kmer_balanced;matching_signature=(12, 'CCT');border_estimator=center_window_kmer_jsd;estimator=center_jsd;window=48;search_radius=24;kmer=2;top_ratio=0.25;score_scale=4.0;motif_weight=0.0;motif_radius=12;score_normalization=train_quantile;raw_border_score=0.235939;border_score=1.050644",0.31951501965522766,0.32306966185569763,0.3574153482913971
test_Seq_1025,1,2,"benchmark=nucleotide_transformer_downstream_tasks;dataset=splice_sites_all;matching=kmer_balanced;matching_signature=(12, 'CTG');border_estimator=center_window_kmer_jsd;estimator=center_jsd;window=48;search_radius=24;kmer=2;top_ratio=0.25;score_scale=4.0;motif_weight=0.0;motif_radius=12;score_normalization=train_quantile;raw_border_score=0.304248;border_score=1.149933",0.31504252552986145,0.310139924287796,0.37481752038002014
test_Seq_1271,1,2,"benchmark=nucleotide_transformer_downstream_tasks;dataset=splice_sites_all;matching=kmer_balanced;matching_signature=(10, 'GGA');border_estimator=center_window_kmer_jsd;estimator=center_jsd;window=48;search_radius=24;kmer=2;top_ratio=0.25;score_scale=4.0;motif_weight=0.0;motif_radius=12;score_normalization=train_quantile;raw_border_score=0.245494;border_score=1.070111",0.2817370593547821,0.30088183283805847,0.4173811078071594
test_Seq_1035,1,2,"benchmark=nucleotide_transformer_downstream_tasks;dataset=splice_sites_all;matching=kmer_balanced;matching_signature=(8, 'TTT');border_estimator=center_window_kmer_jsd;estimator=center_jsd;window=48;search_radius=24;kmer=2;top_ratio=0.25;score_scale=4.0;motif_weight=0.0;motif_radius=12;score_normalization=train_quantile;raw_border_score=0.195074;border_score=0.957178",0.20464996993541718,0.2256099283695221,0.5697400569915771
test_Seq_1679,1,2,"benchmark=nucleotide_transformer_downstream_tasks;dataset=splice_sites_all;matching=kmer_balanced;matching_signature=(6, 'TTT');border_estimator=center_window_kmer_jsd;estimator=center_jsd;window=48;search_radius=24;kmer=2;top_ratio=0.25;score_scale=4.0;motif_weight=0.0;motif_radius=12;score_normalization=train_quantile;raw_border_score=0.238795;border_score=1.056067",0.2607790529727936,0.28076082468032837,0.45846012234687805
test_Seq_2020,2,2,"benchmark=nucleotide_transformer_downstream_tasks;dataset=splice_sites_all;matching=kmer_balanced;matching_signature=(7, 'TTT');border_estimator=center_window_kmer_jsd;estimator=center_jsd;window=48;search_radius=24;kmer=2;top_ratio=0.25;score_scale=4.0;motif_weight=0.0;motif_radius=12;score_normalization=train_quantile;raw_border_score=0.222044;border_score=1.023356",0.30317097902297974,0.32094380259513855,0.3758851885795593
test_Seq_232,0,2,"benchmark=nucleotide_transformer_downstream_tasks;dataset=splice_sites_all;matching=kmer_balanced;matching_signature=(7, 'AAA');border_estimator=center_window_kmer_jsd;estimator=center_jsd;window=48;search_radius=24;kmer=2;top_ratio=0.25;score_scale=4.0;motif_weight=0.0;motif_radius=12;score_normalization=train_quantile;raw_border_score=0.172308;border_score=0.897044",0.30162161588668823,0.3152371346950531,0.3831412196159363
test_Seq_2552,2,2,"benchmark=nucleotide_transformer_downstream_tasks;dataset=splice_sites_all;matching=kmer_balanced;matching_signature=(13, 'CCC');border_estimator=center_window_kmer_jsd;estimator=center_jsd;window=48;search_radius=24;kmer=2;top_ratio=0.25;score_scale=4.0;motif_weight=0.0;motif_radius=12;score_normalization=train_quantile;raw_border_score=0.171040;border_score=0.893222",0.3063817024230957,0.3173774480819702,0.3762408494949341
test_Seq_621,0,2,"benchmark=nucleotide_transformer_downstream_tasks;dataset=splice_sites_all;matching=kmer_balanced;matching_signature=(7, 'TTT');border_estimator=center_window_kmer_jsd;estimator=center_jsd;window=48;search_radius=24;kmer=2;top_ratio=0.25;score_scale=4.0;motif_weight=0.0;motif_radius=12;score_normalization=train_quantile;raw_border_score=0.171175;border_score=0.893533",0.30461159348487854,0.3239246606826782,0.37146374583244324
test_Seq_92,0,2,"benchmark=nucleotide_transformer_downstream_tasks;dataset=splice_sites_all;matching=kmer_balanced;matching_signature=(9, 'TTT');border_estimator=center_window_kmer_jsd;estimator=center_jsd;window=48;search_radius=24;kmer=2;top_ratio=0.25;score_scale=4.0;motif_weight=0.0;motif_radius=12;score_normalization=train_quantile;raw_border_score=0.413969;border_score=1.191622",0.30055105686187744,0.3211253583431244,0.37832358479499817
test_Seq_1269,1,0,"benchmark=nucleotide_transformer_downstream_tasks;dataset=splice_sites_all;matching=kmer_balanced;matching_signature=(10, 'TTT');border_estimator=center_window_kmer_jsd;estimator=center_jsd;window=48;search_radius=24;kmer=2;top_ratio=0.25;score_scale=4.0;motif_weight=0.0;motif_radius=12;score_normalization=train_quantile;raw_border_score=0.264772;border_score=1.103044",0.36164724826812744,0.3612998127937317,0.2770529091358185
test_Seq_439,0,2,"benchmark=nucleotide_transformer_downstream_tasks;dataset=splice_sites_all;matching=kmer_balanced;matching_signature=(9, 'TTT');border_estimator=center_window_kmer_jsd;estimator=center_jsd;window=48;search_radius=24;kmer=2;top_ratio=0.25;score_scale=4.0;motif_weight=0.0;motif_radius=12;score_normalization=train_quantile;raw_border_score=0.302615;border_score=1.148778",0.277288019657135,0.2953657805919647,0.4273461699485779
test_Seq_1430,1,0,"benchmark=nucleotide_transformer_downstream_tasks;dataset=splice_sites_all;matching=kmer_balanced;matching_signature=(13, 'GGG');border_estimator=center_window_kmer_jsd;estimator=center_jsd;window=48;search_radius=24;kmer=2;top_ratio=0.25;score_scale=4.0;motif_weight=0.0;motif_radius=12;score_normalization=train_quantile;raw_border_score=0.223041;border_score=1.026022",0.3678210377693176,0.35971540212631226,0.2724635899066925
test_Seq_644,0,2,"benchmark=nucleotide_transformer_downstream_tasks;dataset=splice_sites_all;matching=kmer_balanced;matching_signature=(9, 'AAA');border_estimator=center_window_kmer_jsd;estimator=center_jsd;window=48;search_radius=24;kmer=2;top_ratio=0.25;score_scale=4.0;motif_weight=0.0;motif_radius=12;score_normalization=train_quantile;raw_border_score=0.279409;border_score=1.123356",0.14405077695846558,0.1597597301006317,0.6961895823478699
test_Seq_2647,2,2,"benchmark=nucleotide_transformer_downstream_tasks;dataset=splice_sites_all;matching=kmer_balanced;matching_signature=(9, 'CTG');border_estimator=center_window_kmer_jsd;estimator=center_jsd;window=48;search_radius=24;kmer=2;top_ratio=0.25;score_scale=4.0;motif_weight=0.0;motif_radius=12;score_normalization=train_quantile;raw_border_score=0.398542;border_score=1.189889",0.3048152029514313,0.31434911489486694,0.38083571195602417
test_Seq_2291,2,2,"benchmark=nucleotide_transformer_downstream_tasks;dataset=splice_sites_all;matching=kmer_balanced;matching_signature=(7, 'TTT');border_estimator=center_window_kmer_jsd;estimator=center_jsd;window=48;search_radius=24;kmer=2;top_ratio=0.25;score_scale=4.0;motif_weight=0.0;motif_radius=12;score_normalization=train_quantile;raw_border_score=0.168989;border_score=0.888600",0.27101191878318787,0.29570695757865906,0.43328115344047546
test_Seq_548,0,2,"benchmark=nucleotide_transformer_downstream_tasks;dataset=splice_sites_all;matching=kmer_balanced;matching_signature=(8, 'TTT');border_estimator=center_window_kmer_jsd;estimator=center_jsd;window=48;search_radius=24;kmer=2;top_ratio=0.25;score_scale=4.0;motif_weight=0.0;motif_radius=12;score_normalization=train_quantile;raw_border_score=0.217513;border_score=1.012511",0.2849673330783844,0.30557921528816223,0.40945345163345337
test_Seq_1841,1,2,"benchmark=nucleotide_transformer_downstream_tasks;dataset=splice_sites_all;matching=kmer_balanced;matching_signature=(11, 'CTG');border_estimator=center_window_kmer_jsd;estimator=center_jsd;window=48;search_radius=24;kmer=2;top_ratio=0.25;score_scale=4.0;motif_weight=0.0;motif_radius=12;score_normalization=train_quantile;raw_border_score=0.163455;border_score=0.874867",0.29522597789764404,0.31723344326019287,0.3875405490398407
test_Seq_2506,2,2,"benchmark=nucleotide_transformer_downstream_tasks;dataset=splice_sites_all;matching=kmer_balanced;matching_signature=(8, 'TTT');border_estimator=center_window_kmer_jsd;estimator=center_jsd;window=48;search_radius=24;kmer=2;top_ratio=0.25;score_scale=4.0;motif_weight=0.0;motif_radius=12;score_normalization=train_quantile;raw_border_score=0.252101;border_score=1.082378",0.2062004804611206,0.22500132024288177,0.5687981843948364
test_Seq_1059,1,2,"benchmark=nucleotide_transformer_downstream_tasks;dataset=splice_sites_all;matching=kmer_balanced;matching_signature=(10, 'AGG');border_estimator=center_window_kmer_jsd;estimator=center_jsd;window=48;search_radius=24;kmer=2;top_ratio=0.25;score_scale=4.0;motif_weight=0.0;motif_radius=12;score_normalization=train_quantile;raw_border_score=0.193338;border_score=0.953044",0.2761165499687195,0.29536959528923035,0.42851391434669495
test_Seq_906,0,2,"benchmark=nucleotide_transformer_downstream_tasks;dataset=splice_sites_all;matching=kmer_balanced;matching_signature=(10, 'CCC');border_estimator=center_window_kmer_jsd;estimator=center_jsd;window=48;search_radius=24;kmer=2;top_ratio=0.25;score_scale=4.0;motif_weight=0.0;motif_radius=12;score_normalization=train_quantile;raw_border_score=0.247409;border_score=1.073889",0.2710719406604767,0.2779545783996582,0.4509734809398651
test_Seq_1705,1,2,"benchmark=nucleotide_transformer_downstream_tasks;dataset=splice_sites_all;matching=kmer_balanced;matching_signature=(11, 'CCA');border_estimator=center_window_kmer_jsd;estimator=center_jsd;window=48;search_radius=24;kmer=2;top_ratio=0.25;score_scale=4.0;motif_weight=0.0;motif_radius=12;score_normalization=train_quantile;raw_border_score=0.168601;border_score=0.887578",0.28153759241104126,0.297414094209671,0.4210483133792877
test_Seq_987,0,2,"benchmark=nucleotide_transformer_downstream_tasks;dataset=splice_sites_all;matching=kmer_balanced;matching_signature=(10, 'AAA');border_estimator=center_window_kmer_jsd;estimator=center_jsd;window=48;search_radius=24;kmer=2;top_ratio=0.25;score_scale=4.0;motif_weight=0.0;motif_radius=12;score_normalization=train_quantile;raw_border_score=0.375922;border_score=1.185711",0.20150040090084076,0.223303884267807,0.5751956701278687
test_Seq_1720,1,2,"benchmark=nucleotide_transformer_downstream_tasks;dataset=splice_sites_all;matching=kmer_balanced;matching_signature=(8, 'TTT');border_estimator=center_window_kmer_jsd;estimator=center_jsd;window=48;search_radius=24;kmer=2;top_ratio=0.25;score_scale=4.0;motif_weight=0.0;motif_radius=12;score_normalization=train_quantile;raw_border_score=0.150023;border_score=0.847756",0.25678151845932007,0.28080472350120544,0.4624137580394745
test_Seq_2160,2,2,"benchmark=nucleotide_transformer_downstream_tasks;dataset=splice_sites_all;matching=kmer_balanced;matching_signature=(6, 'TTT');border_estimator=center_window_kmer_jsd;estimator=center_jsd;window=48;search_radius=24;kmer=2;top_ratio=0.25;score_scale=4.0;motif_weight=0.0;motif_radius=12;score_normalization=train_quantile;raw_border_score=0.157869;border_score=0.862733",0.3198483884334564,0.33609873056411743,0.34405288100242615
test_Seq_2401,2,2,"benchmark=nucleotide_transformer_downstream_tasks;dataset=splice_sites_all;matching=kmer_balanced;matching_signature=(8, 'TCT');border_estimator=center_window_kmer_jsd;estimator=center_jsd;window=48;search_radius=24;kmer=2;top_ratio=0.25;score_scale=4.0;motif_weight=0.0;motif_radius=12;score_normalization=train_quantile;raw_border_score=0.284971;border_score=1.130156",0.2744709253311157,0.30163660645484924,0.42389246821403503
test_Seq_1550,1,2,"benchmark=nucleotide_transformer_downstream_tasks;dataset=splice_sites_all;matching=kmer_balanced;matching_signature=(6, 'TTT');border_estimator=center_window_kmer_jsd;estimator=center_jsd;window=48;search_radius=24;kmer=2;top_ratio=0.25;score_scale=4.0;motif_weight=0.0;motif_radius=12;score_normalization=train_quantile;raw_border_score=0.265384;border_score=1.104067",0.2633773684501648,0.2680604159832001,0.4685622453689575
test_Seq_1334,1,2,"benchmark=nucleotide_transformer_downstream_tasks;dataset=splice_sites_all;matching=kmer_balanced;matching_signature=(5, 'TTT');border_estimator=center_window_kmer_jsd;estimator=center_jsd;window=48;search_radius=24;kmer=2;top_ratio=0.25;score_scale=4.0;motif_weight=0.0;motif_radius=12;score_normalization=train_quantile;raw_border_score=0.198822;border_score=0.968156",0.19792518019676208,0.22574539482593536,0.5763294100761414
test_Seq_331,0,2,"benchmark=nucleotide_transformer_downstream_tasks;dataset=splice_sites_all;matching=kmer_balanced;matching_signature=(10, 'CAG');border_estimator=center_window_kmer_jsd;estimator=center_jsd;window=48;search_radius=24;kmer=2;top_ratio=0.25;score_scale=4.0;motif_weight=0.0;motif_radius=12;score_normalization=train_quantile;raw_border_score=0.254997;border_score=1.087400",0.2851388454437256,0.3055684268474579,0.40929269790649414
test_Seq_1950,1,2,"benchmark=nucleotide_transformer_downstream_tasks;dataset=splice_sites_all;matching=kmer_balanced;matching_signature=(8, 'TGT');border_estimator=center_window_kmer_jsd;estimator=center_jsd;window=48;search_radius=24;kmer=2;top_ratio=0.25;score_scale=4.0;motif_weight=0.0;motif_radius=12;score_normalization=train_quantile;raw_border_score=0.162388;border_score=0.872467",0.2310953587293625,0.25248876214027405,0.5164158940315247
test_Seq_20,0,2,"benchmark=nucleotide_transformer_downstream_tasks;dataset=splice_sites_all;matching=kmer_balanced;matching_signature=(10, 'TTT');border_estimator=center_window_kmer_jsd;estimator=center_jsd;window=48;search_radius=24;kmer=2;top_ratio=0.25;score_scale=4.0;motif_weight=0.0;motif_radius=12;score_normalization=train_quantile;raw_border_score=0.426100;border_score=1.192778",0.2926054000854492,0.3143404424190521,0.3930540978908539
test_Seq_2795,2,2,"benchmark=nucleotide_transformer_downstream_tasks;dataset=splice_sites_all;matching=kmer_balanced;matching_signature=(10, 'TGG');border_estimator=center_window_kmer_jsd;estimator=center_jsd;window=48;search_radius=24;kmer=2;top_ratio=0.25;score_scale=4.0;motif_weight=0.0;motif_radius=12;score_normalization=train_quantile;raw_border_score=0.187791;border_score=0.938111",0.2872738242149353,0.29500001668930054,0.41772618889808655
test_Seq_2505,2,2,"benchmark=nucleotide_transformer_downstream_tasks;dataset=splice_sites_all;matching=kmer_balanced;matching_signature=(8, 'TTT');border_estimator=center_window_kmer_jsd;estimator=center_jsd;window=48;search_radius=24;kmer=2;top_ratio=0.25;score_scale=4.0;motif_weight=0.0;motif_radius=12;score_normalization=train_quantile;raw_border_score=0.179207;border_score=0.915978",0.28239360451698303,0.30021417140960693,0.4173922836780548
test_Seq_2085,2,2,"benchmark=nucleotide_transformer_downstream_tasks;dataset=splice_sites_all;matching=kmer_balanced;matching_signature=(9, 'TTT');border_estimator=center_window_kmer_jsd;estimator=center_jsd;window=48;search_radius=24;kmer=2;top_ratio=0.25;score_scale=4.0;motif_weight=0.0;motif_radius=12;score_normalization=train_quantile;raw_border_score=0.183103;border_score=0.925222",0.210699662566185,0.23012042045593262,0.5591799020767212
test_Seq_1621,1,2,"benchmark=nucleotide_transformer_downstream_tasks;dataset=splice_sites_all;matching=kmer_balanced;matching_signature=(8, 'TTT');border_estimator=center_window_kmer_jsd;estimator=center_jsd;window=48;search_radius=24;kmer=2;top_ratio=0.25;score_scale=4.0;motif_weight=0.0;motif_radius=12;score_normalization=train_quantile;raw_border_score=0.209596;border_score=0.994289",0.2285020798444748,0.2447517365217209,0.5267461538314819
test_Seq_2785,2,2,"benchmark=nucleotide_transformer_downstream_tasks;dataset=splice_sites_all;matching=kmer_balanced;matching_signature=(7, 'TTT');border_estimator=center_window_kmer_jsd;estimator=center_jsd;window=48;search_radius=24;kmer=2;top_ratio=0.25;score_scale=4.0;motif_weight=0.0;motif_radius=12;score_normalization=train_quantile;raw_border_score=0.150409;border_score=0.848200",0.1679922491312027,0.18303927779197693,0.6489684581756592
test_Seq_600,0,2,"benchmark=nucleotide_transformer_downstream_tasks;dataset=splice_sites_all;matching=kmer_balanced;matching_signature=(8, 'TTT');border_estimator=center_window_kmer_jsd;estimator=center_jsd;window=48;search_radius=24;kmer=2;top_ratio=0.25;score_scale=4.0;motif_weight=0.0;motif_radius=12;score_normalization=train_quantile;raw_border_score=0.210773;border_score=0.997178",0.3222736120223999,0.3353930711746216,0.3423333466053009
test_Seq_1274,1,2,"benchmark=nucleotide_transformer_downstream_tasks;dataset=splice_sites_all;matching=kmer_balanced;matching_signature=(7, 'TTT');border_estimator=center_window_kmer_jsd;estimator=center_jsd;window=48;search_radius=24;kmer=2;top_ratio=0.25;score_scale=4.0;motif_weight=0.0;motif_radius=12;score_normalization=train_quantile;raw_border_score=0.256664;border_score=1.090022",0.27969890832901,0.2996280789375305,0.4206729531288147
test_Seq_251,0,2,"benchmark=nucleotide_transformer_downstream_tasks;dataset=splice_sites_all;matching=kmer_balanced;matching_signature=(9, 'AAA');border_estimator=center_window_kmer_jsd;estimator=center_jsd;window=48;search_radius=24;kmer=2;top_ratio=0.25;score_scale=4.0;motif_weight=0.0;motif_radius=12;score_normalization=train_quantile;raw_border_score=0.316203;border_score=1.158422",0.2061249315738678,0.230646550655365,0.5632284879684448
test_Seq_2565,2,2,"benchmark=nucleotide_transformer_downstream_tasks;dataset=splice_sites_all;matching=kmer_balanced;matching_signature=(8, 'AAA');border_estimator=center_window_kmer_jsd;estimator=center_jsd;window=48;search_radius=24;kmer=2;top_ratio=0.25;score_scale=4.0;motif_weight=0.0;motif_radius=12;score_normalization=train_quantile;raw_border_score=0.235526;border_score=1.050022",0.3027353286743164,0.3171856701374054,0.380079060792923
test_Seq_2325,2,2,"benchmark=nucleotide_transformer_downstream_tasks;dataset=splice_sites_all;matching=kmer_balanced;matching_signature=(6, 'AAA');border_estimator=center_window_kmer_jsd;estimator=center_jsd;window=48;search_radius=24;kmer=2;top_ratio=0.25;score_scale=4.0;motif_weight=0.0;motif_radius=12;score_normalization=train_quantile;raw_border_score=0.250289;border_score=1.079889",0.17948682606220245,0.2003304660320282,0.6201826930046082
test_Seq_541,0,2,"benchmark=nucleotide_transformer_downstream_tasks;dataset=splice_sites_all;matching=kmer_balanced;matching_signature=(6, 'TTT');border_estimator=center_window_kmer_jsd;estimator=center_jsd;window=48;search_radius=24;kmer=2;top_ratio=0.25;score_scale=4.0;motif_weight=0.0;motif_radius=12;score_normalization=train_quantile;raw_border_score=0.223396;border_score=1.026733",0.32153719663619995,0.33754342794418335,0.3409193754196167
test_Seq_88,0,2,"benchmark=nucleotide_transformer_downstream_tasks;dataset=splice_sites_all;matching=kmer_balanced;matching_signature=(9, 'TTT');border_estimator=center_window_kmer_jsd;estimator=center_jsd;window=48;search_radius=24;kmer=2;top_ratio=0.25;score_scale=4.0;motif_weight=0.0;motif_radius=12;score_normalization=train_quantile;raw_border_score=0.350788;border_score=1.177133",0.16576454043388367,0.18277212977409363,0.6514632701873779
test_Seq_636,0,1,"benchmark=nucleotide_transformer_downstream_tasks;dataset=splice_sites_all;matching=kmer_balanced;matching_signature=(13, 'GGG');border_estimator=center_window_kmer_jsd;estimator=center_jsd;window=48;search_radius=24;kmer=2;top_ratio=0.25;score_scale=4.0;motif_weight=0.0;motif_radius=12;score_normalization=train_quantile;raw_border_score=0.309282;border_score=1.153578",0.35313332080841064,0.3543979823589325,0.29246869683265686
test_Seq_2843,2,2,"benchmark=nucleotide_transformer_downstream_tasks;dataset=splice_sites_all;matching=kmer_balanced;matching_signature=(11, 'GGG');border_estimator=center_window_kmer_jsd;estimator=center_jsd;window=48;search_radius=24;kmer=2;top_ratio=0.25;score_scale=4.0;motif_weight=0.0;motif_radius=12;score_normalization=train_quantile;raw_border_score=0.236181;border_score=1.051133",0.28166335821151733,0.29771503806114197,0.42062169313430786
test_Seq_1699,1,2,"benchmark=nucleotide_transformer_downstream_tasks;dataset=splice_sites_all;matching=kmer_balanced;matching_signature=(11, 'CCC');border_estimator=center_window_kmer_jsd;estimator=center_jsd;window=48;search_radius=24;kmer=2;top_ratio=0.25;score_scale=4.0;motif_weight=0.0;motif_radius=12;score_normalization=train_quantile;raw_border_score=0.252608;border_score=1.083267",0.273701936006546,0.29403507709503174,0.43226295709609985
test_Seq_69,0,2,"benchmark=nucleotide_transformer_downstream_tasks;dataset=splice_sites_all;matching=kmer_balanced;matching_signature=(11, 'CCC');border_estimator=center_window_kmer_jsd;estimator=center_jsd;window=48;search_radius=24;kmer=2;top_ratio=0.25;score_scale=4.0;motif_weight=0.0;motif_radius=12;score_normalization=train_quantile;raw_border_score=0.332561;border_score=1.167444",0.23972515761852264,0.2559029757976532,0.5043718218803406
test_Seq_2308,2,2,"benchmark=nucleotide_transformer_downstream_tasks;dataset=splice_sites_all;matching=kmer_balanced;matching_signature=(7, 'AAA');border_estimator=center_window_kmer_jsd;estimator=center_jsd;window=48;search_radius=24;kmer=2;top_ratio=0.25;score_scale=4.0;motif_weight=0.0;motif_radius=12;score_normalization=train_quantile;raw_border_score=0.150002;border_score=0.847711",0.18960459530353546,0.21057622134685516,0.5998192429542542
test_Seq_1450,1,2,"benchmark=nucleotide_transformer_downstream_tasks;dataset=splice_sites_all;matching=kmer_balanced;matching_signature=(5, 'TTT');border_estimator=center_window_kmer_jsd;estimator=center_jsd;window=48;search_radius=24;kmer=2;top_ratio=0.25;score_scale=4.0;motif_weight=0.0;motif_radius=12;score_normalization=train_quantile;raw_border_score=0.237097;border_score=1.052867",0.2665541470050812,0.2895699441432953,0.4438759386539459
test_Seq_2784,2,2,"benchmark=nucleotide_transformer_downstream_tasks;dataset=splice_sites_all;matching=kmer_balanced;matching_signature=(10, 'TCC');border_estimator=center_window_kmer_jsd;estimator=center_jsd;window=48;search_radius=24;kmer=2;top_ratio=0.25;score_scale=4.0;motif_weight=0.0;motif_radius=12;score_normalization=train_quantile;raw_border_score=0.172262;border_score=0.896911",0.2579382359981537,0.2858855426311493,0.45617616176605225
test_Seq_2512,2,2,"benchmark=nucleotide_transformer_downstream_tasks;dataset=splice_sites_all;matching=kmer_balanced;matching_signature=(6, 'AAA');border_estimator=center_window_kmer_jsd;estimator=center_jsd;window=48;search_radius=24;kmer=2;top_ratio=0.25;score_scale=4.0;motif_weight=0.0;motif_radius=12;score_normalization=train_quantile;raw_border_score=0.143637;border_score=0.836689",0.32932600378990173,0.332224577665329,0.3384494483470917
test_Seq_29,0,2,"benchmark=nucleotide_transformer_downstream_tasks;dataset=splice_sites_all;matching=kmer_balanced;matching_signature=(6, 'TTT');border_estimator=center_window_kmer_jsd;estimator=center_jsd;window=48;search_radius=24;kmer=2;top_ratio=0.25;score_scale=4.0;motif_weight=0.0;motif_radius=12;score_normalization=train_quantile;raw_border_score=0.232271;border_score=1.044289",0.2825993299484253,0.30546846985816956,0.41193220019340515
test_Seq_2059,2,2,"benchmark=nucleotide_transformer_downstream_tasks;dataset=splice_sites_all;matching=kmer_balanced;matching_signature=(11, 'CCC');border_estimator=center_window_kmer_jsd;estimator=center_jsd;window=48;search_radius=24;kmer=2;top_ratio=0.25;score_scale=4.0;motif_weight=0.0;motif_radius=12;score_normalization=train_quantile;raw_border_score=0.196293;border_score=0.960778",0.28335002064704895,0.30068784952163696,0.4159621000289917
test_Seq_2023,2,2,"benchmark=nucleotide_transformer_downstream_tasks;dataset=splice_sites_all;matching=kmer_balanced;matching_signature=(7, 'AAA');border_estimator=center_window_kmer_jsd;estimator=center_jsd;window=48;search_radius=24;kmer=2;top_ratio=0.25;score_scale=4.0;motif_weight=0.0;motif_radius=12;score_normalization=train_quantile;raw_border_score=0.166064;border_score=0.881311",0.2552860677242279,0.2693400979042053,0.4753738045692444
test_Seq_424,0,2,"benchmark=nucleotide_transformer_downstream_tasks;dataset=splice_sites_all;matching=kmer_balanced;matching_signature=(7, 'TTT');border_estimator=center_window_kmer_jsd;estimator=center_jsd;window=48;search_radius=24;kmer=2;top_ratio=0.25;score_scale=4.0;motif_weight=0.0;motif_radius=12;score_normalization=train_quantile;raw_border_score=0.312425;border_score=1.155800",0.2192322313785553,0.23512865602970123,0.5456390380859375
test_Seq_2708,2,2,"benchmark=nucleotide_transformer_downstream_tasks;dataset=splice_sites_all;matching=kmer_balanced;matching_signature=(7, 'TTT');border_estimator=center_window_kmer_jsd;estimator=center_jsd;window=48;search_radius=24;kmer=2;top_ratio=0.25;score_scale=4.0;motif_weight=0.0;motif_radius=12;score_normalization=train_quantile;raw_border_score=0.241401;border_score=1.061756",0.28681859374046326,0.30236050486564636,0.4108209013938904
test_Seq_2164,2,2,"benchmark=nucleotide_transformer_downstream_tasks;dataset=splice_sites_all;matching=kmer_balanced;matching_signature=(6, 'TTT');border_estimator=center_window_kmer_jsd;estimator=center_jsd;window=48;search_radius=24;kmer=2;top_ratio=0.25;score_scale=4.0;motif_weight=0.0;motif_radius=12;score_normalization=train_quantile;raw_border_score=0.286689;border_score=1.132378",0.23307371139526367,0.24661655724048615,0.5203096866607666
test_Seq_1284,1,2,"benchmark=nucleotide_transformer_downstream_tasks;dataset=splice_sites_all;matching=kmer_balanced;matching_signature=(8, 'AAA');border_estimator=center_window_kmer_jsd;estimator=center_jsd;window=48;search_radius=24;kmer=2;top_ratio=0.25;score_scale=4.0;motif_weight=0.0;motif_radius=12;score_normalization=train_quantile;raw_border_score=0.265579;border_score=1.104333",0.2881565988063812,0.30130723118782043,0.4105362296104431
test_Seq_1513,1,2,"benchmark=nucleotide_transformer_downstream_tasks;dataset=splice_sites_all;matching=kmer_balanced;matching_signature=(7, 'AAA');border_estimator=center_window_kmer_jsd;estimator=center_jsd;window=48;search_radius=24;kmer=2;top_ratio=0.25;score_scale=4.0;motif_weight=0.0;motif_radius=12;score_normalization=train_quantile;raw_border_score=0.162490;border_score=0.872689",0.2319963574409485,0.25156429409980774,0.5164393186569214
test_Seq_2832,2,2,"benchmark=nucleotide_transformer_downstream_tasks;dataset=splice_sites_all;matching=kmer_balanced;matching_signature=(6, 'TTT');border_estimator=center_window_kmer_jsd;estimator=center_jsd;window=48;search_radius=24;kmer=2;top_ratio=0.25;score_scale=4.0;motif_weight=0.0;motif_radius=12;score_normalization=train_quantile;raw_border_score=0.179441;border_score=0.916467",0.21600554883480072,0.24486903846263885,0.539125382900238
test_Seq_86,0,2,"benchmark=nucleotide_transformer_downstream_tasks;dataset=splice_sites_all;matching=kmer_balanced;matching_signature=(6, 'AAA');border_estimator=center_window_kmer_jsd;estimator=center_jsd;window=48;search_radius=24;kmer=2;top_ratio=0.25;score_scale=4.0;motif_weight=0.0;motif_radius=12;score_normalization=train_quantile;raw_border_score=0.355596;border_score=1.179044",0.2411871701478958,0.26339346170425415,0.4954194128513336
test_Seq_593,0,2,"benchmark=nucleotide_transformer_downstream_tasks;dataset=splice_sites_all;matching=kmer_balanced;matching_signature=(7, 'AAA');border_estimator=center_window_kmer_jsd;estimator=center_jsd;window=48;search_radius=24;kmer=2;top_ratio=0.25;score_scale=4.0;motif_weight=0.0;motif_radius=12;score_normalization=train_quantile;raw_border_score=0.155858;border_score=0.859044",0.21366655826568604,0.2453705370426178,0.5409629344940186
test_Seq_2986,2,2,"benchmark=nucleotide_transformer_downstream_tasks;dataset=splice_sites_all;matching=kmer_balanced;matching_signature=(6, 'TTT');border_estimator=center_window_kmer_jsd;estimator=center_jsd;window=48;search_radius=24;kmer=2;top_ratio=0.25;score_scale=4.0;motif_weight=0.0;motif_radius=12;score_normalization=train_quantile;raw_border_score=0.281332;border_score=1.125533",0.24629592895507812,0.26843228936195374,0.48527178168296814
test_Seq_2597,2,2,"benchmark=nucleotide_transformer_downstream_tasks;dataset=splice_sites_all;matching=kmer_balanced;matching_signature=(8, 'TTT');border_estimator=center_window_kmer_jsd;estimator=center_jsd;window=48;search_radius=24;kmer=2;top_ratio=0.25;score_scale=4.0;motif_weight=0.0;motif_radius=12;score_normalization=train_quantile;raw_border_score=0.342364;border_score=1.173133",0.1876230090856552,0.20803773403167725,0.6043392419815063
test_Seq_2929,2,2,"benchmark=nucleotide_transformer_downstream_tasks;dataset=splice_sites_all;matching=kmer_balanced;matching_signature=(10, 'CCC');border_estimator=center_window_kmer_jsd;estimator=center_jsd;window=48;search_radius=24;kmer=2;top_ratio=0.25;score_scale=4.0;motif_weight=0.0;motif_radius=12;score_normalization=train_quantile;raw_border_score=0.344838;border_score=1.174689",0.2930547297000885,0.32133668661117554,0.3856085240840912
test_Seq_1530,1,2,"benchmark=nucleotide_transformer_downstream_tasks;dataset=splice_sites_all;matching=kmer_balanced;matching_signature=(11, 'CCC');border_estimator=center_window_kmer_jsd;estimator=center_jsd;window=48;search_radius=24;kmer=2;top_ratio=0.25;score_scale=4.0;motif_weight=0.0;motif_radius=12;score_normalization=train_quantile;raw_border_score=0.269279;border_score=1.109044",0.17693163454532623,0.19210539758205414,0.6309629082679749
test_Seq_869,0,2,"benchmark=nucleotide_transformer_downstream_tasks;dataset=splice_sites_all;matching=kmer_balanced;matching_signature=(9, 'TGT');border_estimator=center_window_kmer_jsd;estimator=center_jsd;window=48;search_radius=24;kmer=2;top_ratio=0.25;score_scale=4.0;motif_weight=0.0;motif_radius=12;score_normalization=train_quantile;raw_border_score=0.285245;border_score=1.130556",0.212318554520607,0.2368295043706894,0.5508519411087036
test_Seq_715,0,2,"benchmark=nucleotide_transformer_downstream_tasks;dataset=splice_sites_all;matching=kmer_balanced;matching_signature=(10, 'CTG');border_estimator=center_window_kmer_jsd;estimator=center_jsd;window=48;search_radius=24;kmer=2;top_ratio=0.25;score_scale=4.0;motif_weight=0.0;motif_radius=12;score_normalization=train_quantile;raw_border_score=0.152188;border_score=0.851222",0.312801718711853,0.32124558091163635,0.36595267057418823
test_Seq_423,0,2,"benchmark=nucleotide_transformer_downstream_tasks;dataset=splice_sites_all;matching=kmer_balanced;matching_signature=(8, 'TTT');border_estimator=center_window_kmer_jsd;estimator=center_jsd;window=48;search_radius=24;kmer=2;top_ratio=0.25;score_scale=4.0;motif_weight=0.0;motif_radius=12;score_normalization=train_quantile;raw_border_score=0.102314;border_score=0.803356",0.2731969654560089,0.29902809858322144,0.42777496576309204
test_Seq_719,0,2,"benchmark=nucleotide_transformer_downstream_tasks;dataset=splice_sites_all;matching=kmer_balanced;matching_signature=(6, 'TTT');border_estimator=center_window_kmer_jsd;estimator=center_jsd;window=48;search_radius=24;kmer=2;top_ratio=0.25;score_scale=4.0;motif_weight=0.0;motif_radius=12;score_normalization=train_quantile;raw_border_score=0.428103;border_score=1.192956",0.30717459321022034,0.3235650360584259,0.36926037073135376
test_Seq_2125,2,2,"benchmark=nucleotide_transformer_downstream_tasks;dataset=splice_sites_all;matching=kmer_balanced;matching_signature=(13, 'CTG');border_estimator=center_window_kmer_jsd;estimator=center_jsd;window=48;search_radius=24;kmer=2;top_ratio=0.25;score_scale=4.0;motif_weight=0.0;motif_radius=12;score_normalization=train_quantile;raw_border_score=0.205251;border_score=0.984867",0.305878221988678,0.30702799558639526,0.38709378242492676
test_Seq_1694,1,2,"benchmark=nucleotide_transformer_downstream_tasks;dataset=splice_sites_all;matching=kmer_balanced;matching_signature=(7, 'TTT');border_estimator=center_window_kmer_jsd;estimator=center_jsd;window=48;search_radius=24;kmer=2;top_ratio=0.25;score_scale=4.0;motif_weight=0.0;motif_radius=12;score_normalization=train_quantile;raw_border_score=0.155179;border_score=0.857889",0.2185838520526886,0.24188625812530518,0.5395299196243286
test_Seq_2874,2,2,"benchmark=nucleotide_transformer_downstream_tasks;dataset=splice_sites_all;matching=kmer_balanced;matching_signature=(12, 'CAG');border_estimator=center_window_kmer_jsd;estimator=center_jsd;window=48;search_radius=24;kmer=2;top_ratio=0.25;score_scale=4.0;motif_weight=0.0;motif_radius=12;score_normalization=train_quantile;raw_border_score=0.162487;border_score=0.872689",0.2817871868610382,0.2940322458744049,0.4241805374622345
test_Seq_1101,1,2,"benchmark=nucleotide_transformer_downstream_tasks;dataset=splice_sites_all;matching=kmer_balanced;matching_signature=(9, 'GAG');border_estimator=center_window_kmer_jsd;estimator=center_jsd;window=48;search_radius=24;kmer=2;top_ratio=0.25;score_scale=4.0;motif_weight=0.0;motif_radius=12;score_normalization=train_quantile;raw_border_score=0.112542;border_score=0.806911",0.28971946239471436,0.3120855689048767,0.39819493889808655
test_Seq_611,0,2,"benchmark=nucleotide_transformer_downstream_tasks;dataset=splice_sites_all;matching=kmer_balanced;matching_signature=(10, 'CAG');border_estimator=center_window_kmer_jsd;estimator=center_jsd;window=48;search_radius=24;kmer=2;top_ratio=0.25;score_scale=4.0;motif_weight=0.0;motif_radius=12;score_normalization=train_quantile;raw_border_score=0.263290;border_score=1.101356",0.2361931949853897,0.2491067796945572,0.5147000551223755
test_Seq_2083,2,2,"benchmark=nucleotide_transformer_downstream_tasks;dataset=splice_sites_all;matching=kmer_balanced;matching_signature=(8, 'TTT');border_estimator=center_window_kmer_jsd;estimator=center_jsd;window=48;search_radius=24;kmer=2;top_ratio=0.25;score_scale=4.0;motif_weight=0.0;motif_radius=12;score_normalization=train_quantile;raw_border_score=0.206601;border_score=0.987533",0.30679789185523987,0.32665935158729553,0.3665427565574646
test_Seq_1658,1,2,"benchmark=nucleotide_transformer_downstream_tasks;dataset=splice_sites_all;matching=kmer_balanced;matching_signature=(6, 'AAA');border_estimator=center_window_kmer_jsd;estimator=center_jsd;window=48;search_radius=24;kmer=2;top_ratio=0.25;score_scale=4.0;motif_weight=0.0;motif_radius=12;score_normalization=train_quantile;raw_border_score=0.155773;border_score=0.858911",0.2540002763271332,0.283623069524765,0.46237659454345703
test_Seq_2941,2,2,"benchmark=nucleotide_transformer_downstream_tasks;dataset=splice_sites_all;matching=kmer_balanced;matching_signature=(6, 'TTT');border_estimator=center_window_kmer_jsd;estimator=center_jsd;window=48;search_radius=24;kmer=2;top_ratio=0.25;score_scale=4.0;motif_weight=0.0;motif_radius=12;score_normalization=train_quantile;raw_border_score=0.155135;border_score=0.857756",0.2980431020259857,0.3152487576007843,0.38670817017555237
test_Seq_2191,2,2,"benchmark=nucleotide_transformer_downstream_tasks;dataset=splice_sites_all;matching=kmer_balanced;matching_signature=(8, 'AAA');border_estimator=center_window_kmer_jsd;estimator=center_jsd;window=48;search_radius=24;kmer=2;top_ratio=0.25;score_scale=4.0;motif_weight=0.0;motif_radius=12;score_normalization=train_quantile;raw_border_score=0.175136;border_score=0.905267",0.291949599981308,0.3049059808254242,0.40314432978630066
test_Seq_545,0,2,"benchmark=nucleotide_transformer_downstream_tasks;dataset=splice_sites_all;matching=kmer_balanced;matching_signature=(11, 'CAG');border_estimator=center_window_kmer_jsd;estimator=center_jsd;window=48;search_radius=24;kmer=2;top_ratio=0.25;score_scale=4.0;motif_weight=0.0;motif_radius=12;score_normalization=train_quantile;raw_border_score=0.251289;border_score=1.081444",0.31934529542922974,0.33138537406921387,0.3492693603038788
test_Seq_2865,2,2,"benchmark=nucleotide_transformer_downstream_tasks;dataset=splice_sites_all;matching=kmer_balanced;matching_signature=(12, 'GCC');border_estimator=center_window_kmer_jsd;estimator=center_jsd;window=48;search_radius=24;kmer=2;top_ratio=0.25;score_scale=4.0;motif_weight=0.0;motif_radius=12;score_normalization=train_quantile;raw_border_score=0.201098;border_score=0.973667",0.17815741896629333,0.19871819019317627,0.6231244206428528
test_Seq_1824,1,1,"benchmark=nucleotide_transformer_downstream_tasks;dataset=splice_sites_all;matching=kmer_balanced;matching_signature=(10, 'CAG');border_estimator=center_window_kmer_jsd;estimator=center_jsd;window=48;search_radius=24;kmer=2;top_ratio=0.25;score_scale=4.0;motif_weight=0.0;motif_radius=12;score_normalization=train_quantile;raw_border_score=0.325234;border_score=1.163844",0.33806031942367554,0.3511672019958496,0.31077250838279724
test_Seq_2663,2,2,"benchmark=nucleotide_transformer_downstream_tasks;dataset=splice_sites_all;matching=kmer_balanced;matching_signature=(12, 'GGG');border_estimator=center_window_kmer_jsd;estimator=center_jsd;window=48;search_radius=24;kmer=2;top_ratio=0.25;score_scale=4.0;motif_weight=0.0;motif_radius=12;score_normalization=train_quantile;raw_border_score=0.119227;border_score=0.810378",0.27473896741867065,0.28891676664352417,0.4363442361354828
test_Seq_1082,1,1,"benchmark=nucleotide_transformer_downstream_tasks;dataset=splice_sites_all;matching=kmer_balanced;matching_signature=(8, 'AAA');border_estimator=center_window_kmer_jsd;estimator=center_jsd;window=48;search_radius=24;kmer=2;top_ratio=0.25;score_scale=4.0;motif_weight=0.0;motif_radius=12;score_normalization=train_quantile;raw_border_score=0.192944;border_score=0.951933",0.337350070476532,0.34177619218826294,0.3208737075328827
test_Seq_1060,1,2,"benchmark=nucleotide_transformer_downstream_tasks;dataset=splice_sites_all;matching=kmer_balanced;matching_signature=(12, 'GGG');border_estimator=center_window_kmer_jsd;estimator=center_jsd;window=48;search_radius=24;kmer=2;top_ratio=0.25;score_scale=4.0;motif_weight=0.0;motif_radius=12;score_normalization=train_quantile;raw_border_score=0.259841;border_score=1.095311",0.3063690960407257,0.3047045171260834,0.3889263868331909
test_Seq_1498,1,2,"benchmark=nucleotide_transformer_downstream_tasks;dataset=splice_sites_all;matching=kmer_balanced;matching_signature=(6, 'TTT');border_estimator=center_window_kmer_jsd;estimator=center_jsd;window=48;search_radius=24;kmer=2;top_ratio=0.25;score_scale=4.0;motif_weight=0.0;motif_radius=12;score_normalization=train_quantile;raw_border_score=0.275523;border_score=1.117889",0.2367628961801529,0.25868362188339233,0.5045534372329712
test_Seq_934,0,2,"benchmark=nucleotide_transformer_downstream_tasks;dataset=splice_sites_all;matching=kmer_balanced;matching_signature=(6, 'TTT');border_estimator=center_window_kmer_jsd;estimator=center_jsd;window=48;search_radius=24;kmer=2;top_ratio=0.25;score_scale=4.0;motif_weight=0.0;motif_radius=12;score_normalization=train_quantile;raw_border_score=0.180040;border_score=0.917844",0.2111165076494217,0.23411504924297333,0.554768443107605
test_Seq_504,0,2,"benchmark=nucleotide_transformer_downstream_tasks;dataset=splice_sites_all;matching=kmer_balanced;matching_signature=(6, 'AAA');border_estimator=center_window_kmer_jsd;estimator=center_jsd;window=48;search_radius=24;kmer=2;top_ratio=0.25;score_scale=4.0;motif_weight=0.0;motif_radius=12;score_normalization=train_quantile;raw_border_score=0.144428;border_score=0.837978",0.28331080079078674,0.304485023021698,0.41220417618751526
test_Seq_1384,1,2,"benchmark=nucleotide_transformer_downstream_tasks;dataset=splice_sites_all;matching=kmer_balanced;matching_signature=(11, 'CAG');border_estimator=center_window_kmer_jsd;estimator=center_jsd;window=48;search_radius=24;kmer=2;top_ratio=0.25;score_scale=4.0;motif_weight=0.0;motif_radius=12;score_normalization=train_quantile;raw_border_score=0.243121;border_score=1.065800",0.320058137178421,0.33263373374938965,0.34730812907218933
test_Seq_2971,2,2,"benchmark=nucleotide_transformer_downstream_tasks;dataset=splice_sites_all;matching=kmer_balanced;matching_signature=(8, 'TTT');border_estimator=center_window_kmer_jsd;estimator=center_jsd;window=48;search_radius=24;kmer=2;top_ratio=0.25;score_scale=4.0;motif_weight=0.0;motif_radius=12;score_normalization=train_quantile;raw_border_score=0.296390;border_score=1.142378",0.23462340235710144,0.2521444261074066,0.5132321715354919
test_Seq_1649,1,1,"benchmark=nucleotide_transformer_downstream_tasks;dataset=splice_sites_all;matching=kmer_balanced;matching_signature=(10, 'CTG');border_estimator=center_window_kmer_jsd;estimator=center_jsd;window=48;search_radius=24;kmer=2;top_ratio=0.25;score_scale=4.0;motif_weight=0.0;motif_radius=12;score_normalization=train_quantile;raw_border_score=0.154943;border_score=0.857444",0.332194983959198,0.3354085683822632,0.3323964774608612
test_Seq_1389,1,2,"benchmark=nucleotide_transformer_downstream_tasks;dataset=splice_sites_all;matching=kmer_balanced;matching_signature=(7, 'TTT');border_estimator=center_window_kmer_jsd;estimator=center_jsd;window=48;search_radius=24;kmer=2;top_ratio=0.25;score_scale=4.0;motif_weight=0.0;motif_radius=12;score_normalization=train_quantile;raw_border_score=0.169001;border_score=0.888600",0.22314052283763885,0.24504001438617706,0.5318194031715393
test_Seq_859,0,2,"benchmark=nucleotide_transformer_downstream_tasks;dataset=splice_sites_all;matching=kmer_balanced;matching_signature=(10, 'GGG');border_estimator=center_window_kmer_jsd;estimator=center_jsd;window=48;search_radius=24;kmer=2;top_ratio=0.25;score_scale=4.0;motif_weight=0.0;motif_radius=12;score_normalization=train_quantile;raw_border_score=0.247465;border_score=1.073889",0.29802221059799194,0.3125556409358978,0.38942211866378784
test_Seq_2629,2,2,"benchmark=nucleotide_transformer_downstream_tasks;dataset=splice_sites_all;matching=kmer_balanced;matching_signature=(8, 'TTT');border_estimator=center_window_kmer_jsd;estimator=center_jsd;window=48;search_radius=24;kmer=2;top_ratio=0.25;score_scale=4.0;motif_weight=0.0;motif_radius=12;score_normalization=train_quantile;raw_border_score=0.300120;border_score=1.146289",0.1235901340842247,0.14138703048229218,0.7350228428840637
test_Seq_991,0,2,"benchmark=nucleotide_transformer_downstream_tasks;dataset=splice_sites_all;matching=kmer_balanced;matching_signature=(8, 'TTT');border_estimator=center_window_kmer_jsd;estimator=center_jsd;window=48;search_radius=24;kmer=2;top_ratio=0.25;score_scale=4.0;motif_weight=0.0;motif_radius=12;score_normalization=train_quantile;raw_border_score=0.122055;border_score=0.812067",0.2922717332839966,0.3078853487968445,0.39984288811683655
test_Seq_733,0,1,"benchmark=nucleotide_transformer_downstream_tasks;dataset=splice_sites_all;matching=kmer_balanced;matching_signature=(9, 'TGG');border_estimator=center_window_kmer_jsd;estimator=center_jsd;window=48;search_radius=24;kmer=2;top_ratio=0.25;score_scale=4.0;motif_weight=0.0;motif_radius=12;score_normalization=train_quantile;raw_border_score=0.211048;border_score=0.997889",0.337612122297287,0.3489789068698883,0.3134089708328247
test_Seq_1543,1,2,"benchmark=nucleotide_transformer_downstream_tasks;dataset=splice_sites_all;matching=kmer_balanced;matching_signature=(10, 'CCC');border_estimator=center_window_kmer_jsd;estimator=center_jsd;window=48;search_radius=24;kmer=2;top_ratio=0.25;score_scale=4.0;motif_weight=0.0;motif_radius=12;score_normalization=train_quantile;raw_border_score=0.154128;border_score=0.855622",0.2685859501361847,0.2909542918205261,0.4404597580432892
test_Seq_897,0,2,"benchmark=nucleotide_transformer_downstream_tasks;dataset=splice_sites_all;matching=kmer_balanced;matching_signature=(11, 'GGG');border_estimator=center_window_kmer_jsd;estimator=center_jsd;window=48;search_radius=24;kmer=2;top_ratio=0.25;score_scale=4.0;motif_weight=0.0;motif_radius=12;score_normalization=train_quantile;raw_border_score=0.255790;border_score=1.088867",0.3152649402618408,0.3254917860031128,0.3592432141304016
test_Seq_2519,2,2,"benchmark=nucleotide_transformer_downstream_tasks;dataset=splice_sites_all;matching=kmer_balanced;matching_signature=(10, 'CCC');border_estimator=center_window_kmer_jsd;estimator=center_jsd;window=48;search_radius=24;kmer=2;top_ratio=0.25;score_scale=4.0;motif_weight=0.0;motif_radius=12;score_normalization=train_quantile;raw_border_score=0.225431;border_score=1.030956",0.2635853588581085,0.2873702645301819,0.4490443468093872
test_Seq_2395,2,2,"benchmark=nucleotide_transformer_downstream_tasks;dataset=splice_sites_all;matching=kmer_balanced;matching_signature=(8, 'AAA');border_estimator=center_window_kmer_jsd;estimator=center_jsd;window=48;search_radius=24;kmer=2;top_ratio=0.25;score_scale=4.0;motif_weight=0.0;motif_radius=12;score_normalization=train_quantile;raw_border_score=0.355058;border_score=1.178689",0.16567815840244293,0.18598540127277374,0.6483364105224609
test_Seq_1138,1,2,"benchmark=nucleotide_transformer_downstream_tasks;dataset=splice_sites_all;matching=kmer_balanced;matching_signature=(11, 'CCC');border_estimator=center_window_kmer_jsd;estimator=center_jsd;window=48;search_radius=24;kmer=2;top_ratio=0.25;score_scale=4.0;motif_weight=0.0;motif_radius=12;score_normalization=train_quantile;raw_border_score=0.229012;border_score=1.038200",0.275989294052124,0.2967411279678345,0.4272695481777191
test_Seq_2003,2,2,"benchmark=nucleotide_transformer_downstream_tasks;dataset=splice_sites_all;matching=kmer_balanced;matching_signature=(12, 'CTG');border_estimator=center_window_kmer_jsd;estimator=center_jsd;window=48;search_radius=24;kmer=2;top_ratio=0.25;score_scale=4.0;motif_weight=0.0;motif_radius=12;score_normalization=train_quantile;raw_border_score=0.131192;border_score=0.820733",0.2825806736946106,0.2972811162471771,0.42013823986053467
test_Seq_860,0,2,"benchmark=nucleotide_transformer_downstream_tasks;dataset=splice_sites_all;matching=kmer_balanced;matching_signature=(12, 'CTG');border_estimator=center_window_kmer_jsd;estimator=center_jsd;window=48;search_radius=24;kmer=2;top_ratio=0.25;score_scale=4.0;motif_weight=0.0;motif_radius=12;score_normalization=train_quantile;raw_border_score=0.146903;border_score=0.842200",0.3041251003742218,0.3187851309776306,0.37708979845046997
test_Seq_2433,2,2,"benchmark=nucleotide_transformer_downstream_tasks;dataset=splice_sites_all;matching=kmer_balanced;matching_signature=(6, 'TTT');border_estimator=center_window_kmer_jsd;estimator=center_jsd;window=48;search_radius=24;kmer=2;top_ratio=0.25;score_scale=4.0;motif_weight=0.0;motif_radius=12;score_normalization=train_quantile;raw_border_score=0.134818;border_score=0.824956",0.2579602301120758,0.28911954164505005,0.4529202878475189
test_Seq_1704,1,2,"benchmark=nucleotide_transformer_downstream_tasks;dataset=splice_sites_all;matching=kmer_balanced;matching_signature=(13, 'CCC');border_estimator=center_window_kmer_jsd;estimator=center_jsd;window=48;search_radius=24;kmer=2;top_ratio=0.25;score_scale=4.0;motif_weight=0.0;motif_radius=12;score_normalization=train_quantile;raw_border_score=0.293604;border_score=1.139756",0.30691882967948914,0.3245755434036255,0.3685055673122406
test_Seq_174,0,2,"benchmark=nucleotide_transformer_downstream_tasks;dataset=splice_sites_all;matching=kmer_balanced;matching_signature=(6, 'AAA');border_estimator=center_window_kmer_jsd;estimator=center_jsd;window=48;search_radius=24;kmer=2;top_ratio=0.25;score_scale=4.0;motif_weight=0.0;motif_radius=12;score_normalization=train_quantile;raw_border_score=0.283212;border_score=1.128111",0.24535329639911652,0.2650764286518097,0.4895702600479126
test_Seq_1726,1,2,"benchmark=nucleotide_transformer_downstream_tasks;dataset=splice_sites_all;matching=kmer_balanced;matching_signature=(7, 'TTT');border_estimator=center_window_kmer_jsd;estimator=center_jsd;window=48;search_radius=24;kmer=2;top_ratio=0.25;score_scale=4.0;motif_weight=0.0;motif_radius=12;score_normalization=train_quantile;raw_border_score=0.242624;border_score=1.065000",0.2872002124786377,0.30105316638946533,0.411746621131897
test_Seq_1787,1,2,"benchmark=nucleotide_transformer_downstream_tasks;dataset=splice_sites_all;matching=kmer_balanced;matching_signature=(8, 'TTT');border_estimator=center_window_kmer_jsd;estimator=center_jsd;window=48;search_radius=24;kmer=2;top_ratio=0.25;score_scale=4.0;motif_weight=0.0;motif_radius=12;score_normalization=train_quantile;raw_border_score=0.210671;border_score=0.996867",0.14881271123886108,0.1691848486661911,0.6820024251937866
test_Seq_620,0,2,"benchmark=nucleotide_transformer_downstream_tasks;dataset=splice_sites_all;matching=kmer_balanced;matching_signature=(11, 'CTG');border_estimator=center_window_kmer_jsd;estimator=center_jsd;window=48;search_radius=24;kmer=2;top_ratio=0.25;score_scale=4.0;motif_weight=0.0;motif_radius=12;score_normalization=train_quantile;raw_border_score=0.148213;border_score=0.844378",0.26779472827911377,0.2854134440422058,0.4467918574810028
test_Seq_2282,2,2,"benchmark=nucleotide_transformer_downstream_tasks;dataset=splice_sites_all;matching=kmer_balanced;matching_signature=(7, 'AAA');border_estimator=center_window_kmer_jsd;estimator=center_jsd;window=48;search_radius=24;kmer=2;top_ratio=0.25;score_scale=4.0;motif_weight=0.0;motif_radius=12;score_normalization=train_quantile;raw_border_score=0.145971;border_score=0.840378",0.25681596994400024,0.27462413907051086,0.4685598909854889
test_Seq_581,0,2,"benchmark=nucleotide_transformer_downstream_tasks;dataset=splice_sites_all;matching=kmer_balanced;matching_signature=(11, 'CTG');border_estimator=center_window_kmer_jsd;estimator=center_jsd;window=48;search_radius=24;kmer=2;top_ratio=0.25;score_scale=4.0;motif_weight=0.0;motif_radius=12;score_normalization=train_quantile;raw_border_score=0.264958;border_score=1.103489",0.32998353242874146,0.3335464596748352,0.3364700675010681
test_Seq_2307,2,2,"benchmark=nucleotide_transformer_downstream_tasks;dataset=splice_sites_all;matching=kmer_balanced;matching_signature=(8, 'ATT');border_estimator=center_window_kmer_jsd;estimator=center_jsd;window=48;search_radius=24;kmer=2;top_ratio=0.25;score_scale=4.0;motif_weight=0.0;motif_radius=12;score_normalization=train_quantile;raw_border_score=0.207018;border_score=0.988289",0.2609773576259613,0.2815547585487366,0.4574678838253021
test_Seq_2671,2,2,"benchmark=nucleotide_transformer_downstream_tasks;dataset=splice_sites_all;matching=kmer_balanced;matching_signature=(5, 'TTT');border_estimator=center_window_kmer_jsd;estimator=center_jsd;window=48;search_radius=24;kmer=2;top_ratio=0.25;score_scale=4.0;motif_weight=0.0;motif_radius=12;score_normalization=train_quantile;raw_border_score=0.278328;border_score=1.121889",0.2589011490345001,0.28766751289367676,0.45343130826950073
test_Seq_1988,1,2,"benchmark=nucleotide_transformer_downstream_tasks;dataset=splice_sites_all;matching=kmer_balanced;matching_signature=(6, 'AAA');border_estimator=center_window_kmer_jsd;estimator=center_jsd;window=48;search_radius=24;kmer=2;top_ratio=0.25;score_scale=4.0;motif_weight=0.0;motif_radius=12;score_normalization=train_quantile;raw_border_score=0.254505;border_score=1.086556",0.2599929869174957,0.27992838621139526,0.46007856726646423
test_Seq_1503,1,1,"benchmark=nucleotide_transformer_downstream_tasks;dataset=splice_sites_all;matching=kmer_balanced;matching_signature=(8, 'AAA');border_estimator=center_window_kmer_jsd;estimator=center_jsd;window=48;search_radius=24;kmer=2;top_ratio=0.25;score_scale=4.0;motif_weight=0.0;motif_radius=12;score_normalization=train_quantile;raw_border_score=0.173055;border_score=0.899400",0.3349774479866028,0.33914288878440857,0.32587963342666626
test_Seq_1063,1,0,"benchmark=nucleotide_transformer_downstream_tasks;dataset=splice_sites_all;matching=kmer_balanced;matching_signature=(9, 'TCT');border_estimator=center_window_kmer_jsd;estimator=center_jsd;window=48;search_radius=24;kmer=2;top_ratio=0.25;score_scale=4.0;motif_weight=0.0;motif_radius=12;score_normalization=train_quantile;raw_border_score=0.309277;border_score=1.153578",0.37143710255622864,0.36810457706451416,0.2604582905769348
test_Seq_291,0,2,"benchmark=nucleotide_transformer_downstream_tasks;dataset=splice_sites_all;matching=kmer_balanced;matching_signature=(5, 'TTT');border_estimator=center_window_kmer_jsd;estimator=center_jsd;window=48;search_radius=24;kmer=2;top_ratio=0.25;score_scale=4.0;motif_weight=0.0;motif_radius=12;score_normalization=train_quantile;raw_border_score=0.354279;border_score=1.178200",0.2813451886177063,0.3068290650844574,0.4118257462978363
test_Seq_107,0,2,"benchmark=nucleotide_transformer_downstream_tasks;dataset=splice_sites_all;matching=kmer_balanced;matching_signature=(10, 'AGG');border_estimator=center_window_kmer_jsd;estimator=center_jsd;window=48;search_radius=24;kmer=2;top_ratio=0.25;score_scale=4.0;motif_weight=0.0;motif_radius=12;score_normalization=train_quantile;raw_border_score=0.179469;border_score=0.916467",0.24057641625404358,0.2599354386329651,0.4994881749153137
test_Seq_1362,1,2,"benchmark=nucleotide_transformer_downstream_tasks;dataset=splice_sites_all;matching=kmer_balanced;matching_signature=(12, 'GCC');border_estimator=center_window_kmer_jsd;estimator=center_jsd;window=48;search_radius=24;kmer=2;top_ratio=0.25;score_scale=4.0;motif_weight=0.0;motif_radius=12;score_normalization=train_quantile;raw_border_score=0.151953;border_score=0.850822",0.32207345962524414,0.32486966252326965,0.3530568778514862
test_Seq_2984,2,2,"benchmark=nucleotide_transformer_downstream_tasks;dataset=splice_sites_all;matching=kmer_balanced;matching_signature=(8, 'TTT');border_estimator=center_window_kmer_jsd;estimator=center_jsd;window=48;search_radius=24;kmer=2;top_ratio=0.25;score_scale=4.0;motif_weight=0.0;motif_radius=12;score_normalization=train_quantile;raw_border_score=0.196720;border_score=0.962111",0.22370554506778717,0.24409648776054382,0.5321980118751526
test_Seq_482,0,2,"benchmark=nucleotide_transformer_downstream_tasks;dataset=splice_sites_all;matching=kmer_balanced;matching_signature=(9, 'AAA');border_estimator=center_window_kmer_jsd;estimator=center_jsd;window=48;search_radius=24;kmer=2;top_ratio=0.25;score_scale=4.0;motif_weight=0.0;motif_radius=12;score_normalization=train_quantile;raw_border_score=0.556978;border_score=1.199356",0.20349901914596558,0.22383196651935577,0.5726690292358398
test_Seq_2744,2,2,"benchmark=nucleotide_transformer_downstream_tasks;dataset=splice_sites_all;matching=kmer_balanced;matching_signature=(10, 'CCT');border_estimator=center_window_kmer_jsd;estimator=center_jsd;window=48;search_radius=24;kmer=2;top_ratio=0.25;score_scale=4.0;motif_weight=0.0;motif_radius=12;score_normalization=train_quantile;raw_border_score=0.276474;border_score=1.119222",0.30613863468170166,0.32464802265167236,0.3692133128643036
test_Seq_1424,1,2,"benchmark=nucleotide_transformer_downstream_tasks;dataset=splice_sites_all;matching=kmer_balanced;matching_signature=(10, 'TTT');border_estimator=center_window_kmer_jsd;estimator=center_jsd;window=48;search_radius=24;kmer=2;top_ratio=0.25;score_scale=4.0;motif_weight=0.0;motif_radius=12;score_normalization=train_quantile;raw_border_score=0.167979;border_score=0.886644",0.30645015835762024,0.3182552456855774,0.37529462575912476
test_Seq_2324,2,1,"benchmark=nucleotide_transformer_downstream_tasks;dataset=splice_sites_all;matching=kmer_balanced;matching_signature=(10, 'AGG');border_estimator=center_window_kmer_jsd;estimator=center_jsd;window=48;search_radius=24;kmer=2;top_ratio=0.25;score_scale=4.0;motif_weight=0.0;motif_radius=12;score_normalization=train_quantile;raw_border_score=0.171971;border_score=0.896289",0.3568691313266754,0.3622550666332245,0.2808758318424225
test_Seq_2919,2,2,"benchmark=nucleotide_transformer_downstream_tasks;dataset=splice_sites_all;matching=kmer_balanced;matching_signature=(8, 'AAA');border_estimator=center_window_kmer_jsd;estimator=center_jsd;window=48;search_radius=24;kmer=2;top_ratio=0.25;score_scale=4.0;motif_weight=0.0;motif_radius=12;score_normalization=train_quantile;raw_border_score=0.166571;border_score=0.882867",0.25373736023902893,0.2812706232070923,0.46499204635620117
test_Seq_222,0,1,"benchmark=nucleotide_transformer_downstream_tasks;dataset=splice_sites_all;matching=kmer_balanced;matching_signature=(7, 'TTT');border_estimator=center_window_kmer_jsd;estimator=center_jsd;window=48;search_radius=24;kmer=2;top_ratio=0.25;score_scale=4.0;motif_weight=0.0;motif_radius=12;score_normalization=train_quantile;raw_border_score=0.311792;border_score=1.155400",0.3375161588191986,0.34091657400131226,0.32156723737716675
test_Seq_538,0,2,"benchmark=nucleotide_transformer_downstream_tasks;dataset=splice_sites_all;matching=kmer_balanced;matching_signature=(7, 'TTT');border_estimator=center_window_kmer_jsd;estimator=center_jsd;window=48;search_radius=24;kmer=2;top_ratio=0.25;score_scale=4.0;motif_weight=0.0;motif_radius=12;score_normalization=train_quantile;raw_border_score=0.227841;border_score=1.035756",0.1550944447517395,0.17592951655387878,0.6689760088920593
test_Seq_1859,1,2,"benchmark=nucleotide_transformer_downstream_tasks;dataset=splice_sites_all;matching=kmer_balanced;matching_signature=(8, 'TTT');border_estimator=center_window_kmer_jsd;estimator=center_jsd;window=48;search_radius=24;kmer=2;top_ratio=0.25;score_scale=4.0;motif_weight=0.0;motif_radius=12;score_normalization=train_quantile;raw_border_score=0.172662;border_score=0.897844",0.21434588730335236,0.23877905309200287,0.5468750596046448
test_Seq_1622,1,2,"benchmark=nucleotide_transformer_downstream_tasks;dataset=splice_sites_all;matching=kmer_balanced;matching_signature=(11, 'CTC');border_estimator=center_window_kmer_jsd;estimator=center_jsd;window=48;search_radius=24;kmer=2;top_ratio=0.25;score_scale=4.0;motif_weight=0.0;motif_radius=12;score_normalization=train_quantile;raw_border_score=0.242078;border_score=1.063489",0.19029249250888824,0.20676857233047485,0.6029388904571533
test_Seq_2329,2,2,"benchmark=nucleotide_transformer_downstream_tasks;dataset=splice_sites_all;matching=kmer_balanced;matching_signature=(6, 'AAA');border_estimator=center_window_kmer_jsd;estimator=center_jsd;window=48;search_radius=24;kmer=2;top_ratio=0.25;score_scale=4.0;motif_weight=0.0;motif_radius=12;score_normalization=train_quantile;raw_border_score=0.116989;border_score=0.809267",0.17438644170761108,0.1941053420305252,0.6315081715583801
test_Seq_102,0,2,"benchmark=nucleotide_transformer_downstream_tasks;dataset=splice_sites_all;matching=kmer_balanced;matching_signature=(7, 'TTT');border_estimator=center_window_kmer_jsd;estimator=center_jsd;window=48;search_radius=24;kmer=2;top_ratio=0.25;score_scale=4.0;motif_weight=0.0;motif_radius=12;score_normalization=train_quantile;raw_border_score=0.124444;border_score=0.814022",0.3124995231628418,0.31618067622184753,0.37131983041763306
test_Seq_881,0,2,"benchmark=nucleotide_transformer_downstream_tasks;dataset=splice_sites_all;matching=kmer_balanced;matching_signature=(6, 'TTT');border_estimator=center_window_kmer_jsd;estimator=center_jsd;window=48;search_radius=24;kmer=2;top_ratio=0.25;score_scale=4.0;motif_weight=0.0;motif_radius=12;score_normalization=train_quantile;raw_border_score=0.334816;border_score=1.168911",0.28834500908851624,0.30634793639183044,0.40530699491500854
test_Seq_978,0,2,"benchmark=nucleotide_transformer_downstream_tasks;dataset=splice_sites_all;matching=kmer_balanced;matching_signature=(7, 'TTT');border_estimator=center_window_kmer_jsd;estimator=center_jsd;window=48;search_radius=24;kmer=2;top_ratio=0.25;score_scale=4.0;motif_weight=0.0;motif_radius=12;score_normalization=train_quantile;raw_border_score=0.239479;border_score=1.057133",0.2997240424156189,0.31712737679481506,0.38314852118492126
test_Seq_2373,2,2,"benchmark=nucleotide_transformer_downstream_tasks;dataset=splice_sites_all;matching=kmer_balanced;matching_signature=(10, 'AAA');border_estimator=center_window_kmer_jsd;estimator=center_jsd;window=48;search_radius=24;kmer=2;top_ratio=0.25;score_scale=4.0;motif_weight=0.0;motif_radius=12;score_normalization=train_quantile;raw_border_score=0.300031;border_score=1.146289",0.12978042662143707,0.14783096313476562,0.7223886251449585
test_Seq_8,0,2,"benchmark=nucleotide_transformer_downstream_tasks;dataset=splice_sites_all;matching=kmer_balanced;matching_signature=(7, 'TTT');border_estimator=center_window_kmer_jsd;estimator=center_jsd;window=48;search_radius=24;kmer=2;top_ratio=0.25;score_scale=4.0;motif_weight=0.0;motif_radius=12;score_normalization=train_quantile;raw_border_score=0.239194;border_score=1.056556",0.2780066430568695,0.299518883228302,0.4224744141101837
test_Seq_2523,2,2,"benchmark=nucleotide_transformer_downstream_tasks;dataset=splice_sites_all;matching=kmer_balanced;matching_signature=(6, 'AAA');border_estimator=center_window_kmer_jsd;estimator=center_jsd;window=48;search_radius=24;kmer=2;top_ratio=0.25;score_scale=4.0;motif_weight=0.0;motif_radius=12;score_normalization=train_quantile;raw_border_score=0.209843;border_score=0.994822",0.24020187556743622,0.26319122314453125,0.4966069459915161
test_Seq_2392,2,2,"benchmark=nucleotide_transformer_downstream_tasks;dataset=splice_sites_all;matching=kmer_balanced;matching_signature=(9, 'TTT');border_estimator=center_window_kmer_jsd;estimator=center_jsd;window=48;search_radius=24;kmer=2;top_ratio=0.25;score_scale=4.0;motif_weight=0.0;motif_radius=12;score_normalization=train_quantile;raw_border_score=0.405197;border_score=1.190867",0.24564780294895172,0.26553109288215637,0.4888210892677307
test_Seq_2137,2,1,"benchmark=nucleotide_transformer_downstream_tasks;dataset=splice_sites_all;matching=kmer_balanced;matching_signature=(6, 'AAA');border_estimator=center_window_kmer_jsd;estimator=center_jsd;window=48;search_radius=24;kmer=2;top_ratio=0.25;score_scale=4.0;motif_weight=0.0;motif_radius=12;score_normalization=train_quantile;raw_border_score=0.179292;border_score=0.916244",0.3393329977989197,0.3394710421562195,0.32119596004486084
test_Seq_393,0,2,"benchmark=nucleotide_transformer_downstream_tasks;dataset=splice_sites_all;matching=kmer_balanced;matching_signature=(8, 'TTT');border_estimator=center_window_kmer_jsd;estimator=center_jsd;window=48;search_radius=24;kmer=2;top_ratio=0.25;score_scale=4.0;motif_weight=0.0;motif_radius=12;score_normalization=train_quantile;raw_border_score=0.312411;border_score=1.155800",0.3174533247947693,0.3238764703273773,0.3586702346801758
test_Seq_808,0,2,"benchmark=nucleotide_transformer_downstream_tasks;dataset=splice_sites_all;matching=kmer_balanced;matching_signature=(14, 'CGG');border_estimator=center_window_kmer_jsd;estimator=center_jsd;window=48;search_radius=24;kmer=2;top_ratio=0.25;score_scale=4.0;motif_weight=0.0;motif_radius=12;score_normalization=train_quantile;raw_border_score=0.169503;border_score=0.889622",0.3093254566192627,0.3193475306034088,0.37132707238197327
test_Seq_775,0,2,"benchmark=nucleotide_transformer_downstream_tasks;dataset=splice_sites_all;matching=kmer_balanced;matching_signature=(8, 'TTT');border_estimator=center_window_kmer_jsd;estimator=center_jsd;window=48;search_radius=24;kmer=2;top_ratio=0.25;score_scale=4.0;motif_weight=0.0;motif_radius=12;score_normalization=train_quantile;raw_border_score=0.378857;border_score=1.186378",0.11296730488538742,0.1283952295780182,0.7586374878883362
test_Seq_2723,2,1,"benchmark=nucleotide_transformer_downstream_tasks;dataset=splice_sites_all;matching=kmer_balanced;matching_signature=(8, 'TTT');border_estimator=center_window_kmer_jsd;estimator=center_jsd;window=48;search_radius=24;kmer=2;top_ratio=0.25;score_scale=4.0;motif_weight=0.0;motif_radius=12;score_normalization=train_quantile;raw_border_score=0.308819;border_score=1.152956",0.33153122663497925,0.34696272015571594,0.3215060234069824
test_Seq_2814,2,2,"benchmark=nucleotide_transformer_downstream_tasks;dataset=splice_sites_all;matching=kmer_balanced;matching_signature=(6, 'AAA');border_estimator=center_window_kmer_jsd;estimator=center_jsd;window=48;search_radius=24;kmer=2;top_ratio=0.25;score_scale=4.0;motif_weight=0.0;motif_radius=12;score_normalization=train_quantile;raw_border_score=0.209630;border_score=0.994289",0.19034583866596222,0.21189084649085999,0.5977632403373718
test_Seq_2167,2,1,"benchmark=nucleotide_transformer_downstream_tasks;dataset=splice_sites_all;matching=kmer_balanced;matching_signature=(8, 'TTT');border_estimator=center_window_kmer_jsd;estimator=center_jsd;window=48;search_radius=24;kmer=2;top_ratio=0.25;score_scale=4.0;motif_weight=0.0;motif_radius=12;score_normalization=train_quantile;raw_border_score=0.171283;border_score=0.894022",0.34645262360572815,0.3488592505455017,0.30468815565109253
test_Seq_1245,1,2,"benchmark=nucleotide_transformer_downstream_tasks;dataset=splice_sites_all;matching=kmer_balanced;matching_signature=(6, 'AAA');border_estimator=center_window_kmer_jsd;estimator=center_jsd;window=48;search_radius=24;kmer=2;top_ratio=0.25;score_scale=4.0;motif_weight=0.0;motif_radius=12;score_normalization=train_quantile;raw_border_score=0.260140;border_score=1.095978",0.22960376739501953,0.25785335898399353,0.5125429034233093
test_Seq_1067,1,2,"benchmark=nucleotide_transformer_downstream_tasks;dataset=splice_sites_all;matching=kmer_balanced;matching_signature=(6, 'TTT');border_estimator=center_window_kmer_jsd;estimator=center_jsd;window=48;search_radius=24;kmer=2;top_ratio=0.25;score_scale=4.0;motif_weight=0.0;motif_radius=12;score_normalization=train_quantile;raw_border_score=0.154917;border_score=0.857400",0.20723985135555267,0.23091350495815277,0.5618466138839722
test_Seq_429,0,2,"benchmark=nucleotide_transformer_downstream_tasks;dataset=splice_sites_all;matching=kmer_balanced;matching_signature=(6, 'TTT');border_estimator=center_window_kmer_jsd;estimator=center_jsd;window=48;search_radius=24;kmer=2;top_ratio=0.25;score_scale=4.0;motif_weight=0.0;motif_radius=12;score_normalization=train_quantile;raw_border_score=0.259821;border_score=1.095311",0.3002532720565796,0.3102227449417114,0.3895239531993866
test_Seq_1910,1,1,"benchmark=nucleotide_transformer_downstream_tasks;dataset=splice_sites_all;matching=kmer_balanced;matching_signature=(8, 'TTT');border_estimator=center_window_kmer_jsd;estimator=center_jsd;window=48;search_radius=24;kmer=2;top_ratio=0.25;score_scale=4.0;motif_weight=0.0;motif_radius=12;score_normalization=train_quantile;raw_border_score=0.171958;border_score=0.896200",0.33496731519699097,0.36001747846603394,0.3050151765346527
test_Seq_2050,2,1,"benchmark=nucleotide_transformer_downstream_tasks;dataset=splice_sites_all;matching=kmer_balanced;matching_signature=(7, 'AAA');border_estimator=center_window_kmer_jsd;estimator=center_jsd;window=48;search_radius=24;kmer=2;top_ratio=0.25;score_scale=4.0;motif_weight=0.0;motif_radius=12;score_normalization=train_quantile;raw_border_score=0.254942;border_score=1.087356",0.33457231521606445,0.34378981590270996,0.3216378390789032
test_Seq_925,0,1,"benchmark=nucleotide_transformer_downstream_tasks;dataset=splice_sites_all;matching=kmer_balanced;matching_signature=(9, 'GAA');border_estimator=center_window_kmer_jsd;estimator=center_jsd;window=48;search_radius=24;kmer=2;top_ratio=0.25;score_scale=4.0;motif_weight=0.0;motif_radius=12;score_normalization=train_quantile;raw_border_score=0.199397;border_score=0.969533",0.3571693003177643,0.362011194229126,0.28081950545310974
test_Seq_2680,2,2,"benchmark=nucleotide_transformer_downstream_tasks;dataset=splice_sites_all;matching=kmer_balanced;matching_signature=(8, 'TGT');border_estimator=center_window_kmer_jsd;estimator=center_jsd;window=48;search_radius=24;kmer=2;top_ratio=0.25;score_scale=4.0;motif_weight=0.0;motif_radius=12;score_normalization=train_quantile;raw_border_score=0.186750;border_score=0.935311",0.31759122014045715,0.3246488869190216,0.35775992274284363
test_Seq_359,0,2,"benchmark=nucleotide_transformer_downstream_tasks;dataset=splice_sites_all;matching=kmer_balanced;matching_signature=(9, 'AAA');border_estimator=center_window_kmer_jsd;estimator=center_jsd;window=48;search_radius=24;kmer=2;top_ratio=0.25;score_scale=4.0;motif_weight=0.0;motif_radius=12;score_normalization=train_quantile;raw_border_score=0.262397;border_score=1.099844",0.1457691192626953,0.1627870500087738,0.6914438009262085
test_Seq_28,0,2,"benchmark=nucleotide_transformer_downstream_tasks;dataset=splice_sites_all;matching=kmer_balanced;matching_signature=(10, 'CCC');border_estimator=center_window_kmer_jsd;estimator=center_jsd;window=48;search_radius=24;kmer=2;top_ratio=0.25;score_scale=4.0;motif_weight=0.0;motif_radius=12;score_normalization=train_quantile;raw_border_score=0.195227;border_score=0.957800",0.27516862750053406,0.2818581163883209,0.44297319650650024
test_Seq_1739,1,2,"benchmark=nucleotide_transformer_downstream_tasks;dataset=splice_sites_all;matching=kmer_balanced;matching_signature=(9, 'TGA');border_estimator=center_window_kmer_jsd;estimator=center_jsd;window=48;search_radius=24;kmer=2;top_ratio=0.25;score_scale=4.0;motif_weight=0.0;motif_radius=12;score_normalization=train_quantile;raw_border_score=0.217336;border_score=1.011978",0.3212949335575104,0.3347625732421875,0.3439424932003021
test_Seq_985,0,2,"benchmark=nucleotide_transformer_downstream_tasks;dataset=splice_sites_all;matching=kmer_balanced;matching_signature=(9, 'TTT');border_estimator=center_window_kmer_jsd;estimator=center_jsd;window=48;search_radius=24;kmer=2;top_ratio=0.25;score_scale=4.0;motif_weight=0.0;motif_radius=12;score_normalization=train_quantile;raw_border_score=0.250929;border_score=1.080822",0.31207749247550964,0.3197670578956604,0.36815541982650757
test_Seq_240,0,2,"benchmark=nucleotide_transformer_downstream_tasks;dataset=splice_sites_all;matching=kmer_balanced;matching_signature=(6, 'TTT');border_estimator=center_window_kmer_jsd;estimator=center_jsd;window=48;search_radius=24;kmer=2;top_ratio=0.25;score_scale=4.0;motif_weight=0.0;motif_radius=12;score_normalization=train_quantile;raw_border_score=0.234400;border_score=1.048244",0.27782362699508667,0.3033663034439087,0.418810099363327
test_Seq_100,0,2,"benchmark=nucleotide_transformer_downstream_tasks;dataset=splice_sites_all;matching=kmer_balanced;matching_signature=(8, 'AAA');border_estimator=center_window_kmer_jsd;estimator=center_jsd;window=48;search_radius=24;kmer=2;top_ratio=0.25;score_scale=4.0;motif_weight=0.0;motif_radius=12;score_normalization=train_quantile;raw_border_score=0.371221;border_score=1.184733",0.24825860559940338,0.27149727940559387,0.48024415969848633
test_Seq_2170,2,2,"benchmark=nucleotide_transformer_downstream_tasks;dataset=splice_sites_all;matching=kmer_balanced;matching_signature=(11, 'GGG');border_estimator=center_window_kmer_jsd;estimator=center_jsd;window=48;search_radius=24;kmer=2;top_ratio=0.25;score_scale=4.0;motif_weight=0.0;motif_radius=12;score_normalization=train_quantile;raw_border_score=0.196956;border_score=0.962556",0.263690322637558,0.285165011882782,0.4511446952819824
test_Seq_1855,1,0,"benchmark=nucleotide_transformer_downstream_tasks;dataset=splice_sites_all;matching=kmer_balanced;matching_signature=(11, 'GGG');border_estimator=center_window_kmer_jsd;estimator=center_jsd;window=48;search_radius=24;kmer=2;top_ratio=0.25;score_scale=4.0;motif_weight=0.0;motif_radius=12;score_normalization=train_quantile;raw_border_score=0.179821;border_score=0.917311",0.37281137704849243,0.3695830702781677,0.25760549306869507
test_Seq_2530,2,2,"benchmark=nucleotide_transformer_downstream_tasks;dataset=splice_sites_all;matching=kmer_balanced;matching_signature=(5, 'TTT');border_estimator=center_window_kmer_jsd;estimator=center_jsd;window=48;search_radius=24;kmer=2;top_ratio=0.25;score_scale=4.0;motif_weight=0.0;motif_radius=12;score_normalization=train_quantile;raw_border_score=0.175677;border_score=0.907044",0.19267241656780243,0.22345083951950073,0.5838767886161804
test_Seq_2197,2,2,"benchmark=nucleotide_transformer_downstream_tasks;dataset=splice_sites_all;matching=kmer_balanced;matching_signature=(8, 'TTT');border_estimator=center_window_kmer_jsd;estimator=center_jsd;window=48;search_radius=24;kmer=2;top_ratio=0.25;score_scale=4.0;motif_weight=0.0;motif_radius=12;score_normalization=train_quantile;raw_border_score=0.136200;border_score=0.826956",0.23443256318569183,0.2514224052429199,0.514145016670227
test_Seq_536,0,2,"benchmark=nucleotide_transformer_downstream_tasks;dataset=splice_sites_all;matching=kmer_balanced;matching_signature=(9, 'AAA');border_estimator=center_window_kmer_jsd;estimator=center_jsd;window=48;search_radius=24;kmer=2;top_ratio=0.25;score_scale=4.0;motif_weight=0.0;motif_radius=12;score_normalization=train_quantile;raw_border_score=0.314950;border_score=1.157356",0.22060631215572357,0.24282778799533844,0.5365659594535828
test_Seq_862,0,2,"benchmark=nucleotide_transformer_downstream_tasks;dataset=splice_sites_all;matching=kmer_balanced;matching_signature=(10, 'TTT');border_estimator=center_window_kmer_jsd;estimator=center_jsd;window=48;search_radius=24;kmer=2;top_ratio=0.25;score_scale=4.0;motif_weight=0.0;motif_radius=12;score_normalization=train_quantile;raw_border_score=0.220227;border_score=1.019222",0.1881069391965866,0.2102164775133133,0.6016765832901001
test_Seq_1619,1,2,"benchmark=nucleotide_transformer_downstream_tasks;dataset=splice_sites_all;matching=kmer_balanced;matching_signature=(8, 'TTT');border_estimator=center_window_kmer_jsd;estimator=center_jsd;window=48;search_radius=24;kmer=2;top_ratio=0.25;score_scale=4.0;motif_weight=0.0;motif_radius=12;score_normalization=train_quantile;raw_border_score=0.220572;border_score=1.019933",0.2855495810508728,0.30230194330215454,0.4121483862400055
test_Seq_1761,1,2,"benchmark=nucleotide_transformer_downstream_tasks;dataset=splice_sites_all;matching=kmer_balanced;matching_signature=(7, 'TTT');border_estimator=center_window_kmer_jsd;estimator=center_jsd;window=48;search_radius=24;kmer=2;top_ratio=0.25;score_scale=4.0;motif_weight=0.0;motif_radius=12;score_normalization=train_quantile;raw_border_score=0.275168;border_score=1.117533",0.3090831935405731,0.3212737739086151,0.36964306235313416
test_Seq_2511,2,2,"benchmark=nucleotide_transformer_downstream_tasks;dataset=splice_sites_all;matching=kmer_balanced;matching_signature=(6, 'TTT');border_estimator=center_window_kmer_jsd;estimator=center_jsd;window=48;search_radius=24;kmer=2;top_ratio=0.25;score_scale=4.0;motif_weight=0.0;motif_radius=12;score_normalization=train_quantile;raw_border_score=0.234223;border_score=1.048022",0.15609298646450043,0.17214319109916687,0.6717638373374939
test_Seq_1207,1,2,"benchmark=nucleotide_transformer_downstream_tasks;dataset=splice_sites_all;matching=kmer_balanced;matching_signature=(10, 'CCC');border_estimator=center_window_kmer_jsd;estimator=center_jsd;window=48;search_radius=24;kmer=2;top_ratio=0.25;score_scale=4.0;motif_weight=0.0;motif_radius=12;score_normalization=train_quantile;raw_border_score=0.205548;border_score=0.985400",0.3061489760875702,0.310862272977829,0.38298872113227844
test_Seq_2812,2,2,"benchmark=nucleotide_transformer_downstream_tasks;dataset=splice_sites_all;matching=kmer_balanced;matching_signature=(8, 'AAA');border_estimator=center_window_kmer_jsd;estimator=center_jsd;window=48;search_radius=24;kmer=2;top_ratio=0.25;score_scale=4.0;motif_weight=0.0;motif_radius=12;score_normalization=train_quantile;raw_border_score=0.195043;border_score=0.957133",0.31731078028678894,0.34062623977661133,0.34206295013427734
test_Seq_1087,1,0,"benchmark=nucleotide_transformer_downstream_tasks;dataset=splice_sites_all;matching=kmer_balanced;matching_signature=(13, 'GGG');border_estimator=center_window_kmer_jsd;estimator=center_jsd;window=48;search_radius=24;kmer=2;top_ratio=0.25;score_scale=4.0;motif_weight=0.0;motif_radius=12;score_normalization=train_quantile;raw_border_score=0.159673;border_score=0.866911",0.36975347995758057,0.36282989382743835,0.26741668581962585
test_Seq_2394,2,2,"benchmark=nucleotide_transformer_downstream_tasks;dataset=splice_sites_all;matching=kmer_balanced;matching_signature=(6, 'TTT');border_estimator=center_window_kmer_jsd;estimator=center_jsd;window=48;search_radius=24;kmer=2;top_ratio=0.25;score_scale=4.0;motif_weight=0.0;motif_radius=12;score_normalization=train_quantile;raw_border_score=0.182920;border_score=0.924644",0.1719251275062561,0.19440150260925293,0.6336733102798462
test_Seq_646,0,2,"benchmark=nucleotide_transformer_downstream_tasks;dataset=splice_sites_all;matching=kmer_balanced;matching_signature=(10, 'TGG');border_estimator=center_window_kmer_jsd;estimator=center_jsd;window=48;search_radius=24;kmer=2;top_ratio=0.25;score_scale=4.0;motif_weight=0.0;motif_radius=12;score_normalization=train_quantile;raw_border_score=0.150119;border_score=0.847889",0.2702026963233948,0.2928817868232727,0.43691548705101013
test_Seq_764,0,2,"benchmark=nucleotide_transformer_downstream_tasks;dataset=splice_sites_all;matching=kmer_balanced;matching_signature=(11, 'CCC');border_estimator=center_window_kmer_jsd;estimator=center_jsd;window=48;search_radius=24;kmer=2;top_ratio=0.25;score_scale=4.0;motif_weight=0.0;motif_radius=12;score_normalization=train_quantile;raw_border_score=0.152277;border_score=0.851444",0.3209088146686554,0.32943853735923767,0.34965264797210693
test_Seq_333,0,2,"benchmark=nucleotide_transformer_downstream_tasks;dataset=splice_sites_all;matching=kmer_balanced;matching_signature=(6, 'TTT');border_estimator=center_window_kmer_jsd;estimator=center_jsd;window=48;search_radius=24;kmer=2;top_ratio=0.25;score_scale=4.0;motif_weight=0.0;motif_radius=12;score_normalization=train_quantile;raw_border_score=0.345808;border_score=1.175311",0.3268643915653229,0.32934248447418213,0.3437930941581726
test_Seq_1715,1,2,"benchmark=nucleotide_transformer_downstream_tasks;dataset=splice_sites_all;matching=kmer_balanced;matching_signature=(11, 'CCT');border_estimator=center_window_kmer_jsd;estimator=center_jsd;window=48;search_radius=24;kmer=2;top_ratio=0.25;score_scale=4.0;motif_weight=0.0;motif_radius=12;score_normalization=train_quantile;raw_border_score=0.110456;border_score=0.805667",0.2887076735496521,0.3056281507015228,0.40566423535346985
test_Seq_1968,1,2,"benchmark=nucleotide_transformer_downstream_tasks;dataset=splice_sites_all;matching=kmer_balanced;matching_signature=(7, 'AAA');border_estimator=center_window_kmer_jsd;estimator=center_jsd;window=48;search_radius=24;kmer=2;top_ratio=0.25;score_scale=4.0;motif_weight=0.0;motif_radius=12;score_normalization=train_quantile;raw_border_score=0.217058;border_score=1.011578",0.1585465669631958,0.17289723455905914,0.6685562133789062
test_Seq_2827,2,2,"benchmark=nucleotide_transformer_downstream_tasks;dataset=splice_sites_all;matching=kmer_balanced;matching_signature=(8, 'AAA');border_estimator=center_window_kmer_jsd;estimator=center_jsd;window=48;search_radius=24;kmer=2;top_ratio=0.25;score_scale=4.0;motif_weight=0.0;motif_radius=12;score_normalization=train_quantile;raw_border_score=0.140022;border_score=0.831622",0.13569018244743347,0.157615527510643,0.7066942453384399
test_Seq_2094,2,1,"benchmark=nucleotide_transformer_downstream_tasks;dataset=splice_sites_all;matching=kmer_balanced;matching_signature=(8, 'AAG');border_estimator=center_window_kmer_jsd;estimator=center_jsd;window=48;search_radius=24;kmer=2;top_ratio=0.25;score_scale=4.0;motif_weight=0.0;motif_radius=12;score_normalization=train_quantile;raw_border_score=0.293411;border_score=1.139667",0.34431469440460205,0.35556188225746155,0.300123393535614
test_Seq_2161,2,2,"benchmark=nucleotide_transformer_downstream_tasks;dataset=splice_sites_all;matching=kmer_balanced;matching_signature=(8, 'TTT');border_estimator=center_window_kmer_jsd;estimator=center_jsd;window=48;search_radius=24;kmer=2;top_ratio=0.25;score_scale=4.0;motif_weight=0.0;motif_radius=12;score_normalization=train_quantile;raw_border_score=0.318147;border_score=1.159756",0.2392061948776245,0.2611193060874939,0.499674528837204
test_Seq_1075,1,2,"benchmark=nucleotide_transformer_downstream_tasks;dataset=splice_sites_all;matching=kmer_balanced;matching_signature=(8, 'TTT');border_estimator=center_window_kmer_jsd;estimator=center_jsd;window=48;search_radius=24;kmer=2;top_ratio=0.25;score_scale=4.0;motif_weight=0.0;motif_radius=12;score_normalization=train_quantile;raw_border_score=0.175959;border_score=0.907711",0.3246612846851349,0.33449283242225647,0.34084585309028625
test_Seq_1193,1,1,"benchmark=nucleotide_transformer_downstream_tasks;dataset=splice_sites_all;matching=kmer_balanced;matching_signature=(6, 'TTT');border_estimator=center_window_kmer_jsd;estimator=center_jsd;window=48;search_radius=24;kmer=2;top_ratio=0.25;score_scale=4.0;motif_weight=0.0;motif_radius=12;score_normalization=train_quantile;raw_border_score=0.339185;border_score=1.171489",0.34384116530418396,0.35567471385002136,0.3004841208457947
test_Seq_982,0,2,"benchmark=nucleotide_transformer_downstream_tasks;dataset=splice_sites_all;matching=kmer_balanced;matching_signature=(8, 'AAA');border_estimator=center_window_kmer_jsd;estimator=center_jsd;window=48;search_radius=24;kmer=2;top_ratio=0.25;score_scale=4.0;motif_weight=0.0;motif_radius=12;score_normalization=train_quantile;raw_border_score=0.303004;border_score=1.148911",0.31155434250831604,0.33766549825668335,0.3507801294326782
test_Seq_1847,1,2,"benchmark=nucleotide_transformer_downstream_tasks;dataset=splice_sites_all;matching=kmer_balanced;matching_signature=(10, 'CAG');border_estimator=center_window_kmer_jsd;estimator=center_jsd;window=48;search_radius=24;kmer=2;top_ratio=0.25;score_scale=4.0;motif_weight=0.0;motif_radius=12;score_normalization=train_quantile;raw_border_score=0.333532;border_score=1.168067",0.30214598774909973,0.3037254810333252,0.3941285014152527
test_Seq_2526,2,2,"benchmark=nucleotide_transformer_downstream_tasks;dataset=splice_sites_all;matching=kmer_balanced;matching_signature=(9, 'TTT');border_estimator=center_window_kmer_jsd;estimator=center_jsd;window=48;search_radius=24;kmer=2;top_ratio=0.25;score_scale=4.0;motif_weight=0.0;motif_radius=12;score_normalization=train_quantile;raw_border_score=0.202411;border_score=0.977178",0.11602357774972916,0.12968984246253967,0.7542865872383118
test_Seq_736,0,2,"benchmark=nucleotide_transformer_downstream_tasks;dataset=splice_sites_all;matching=kmer_balanced;matching_signature=(7, 'AAA');border_estimator=center_window_kmer_jsd;estimator=center_jsd;window=48;search_radius=24;kmer=2;top_ratio=0.25;score_scale=4.0;motif_weight=0.0;motif_radius=12;score_normalization=train_quantile;raw_border_score=0.274574;border_score=1.116600",0.31414908170700073,0.3312153220176697,0.3546355962753296
test_Seq_117,0,1,"benchmark=nucleotide_transformer_downstream_tasks;dataset=splice_sites_all;matching=kmer_balanced;matching_signature=(8, 'TGT');border_estimator=center_window_kmer_jsd;estimator=center_jsd;window=48;search_radius=24;kmer=2;top_ratio=0.25;score_scale=4.0;motif_weight=0.0;motif_radius=12;score_normalization=train_quantile;raw_border_score=0.242530;border_score=1.064778",0.339043527841568,0.3466989994049072,0.31425750255584717
test_Seq_768,0,2,"benchmark=nucleotide_transformer_downstream_tasks;dataset=splice_sites_all;matching=kmer_balanced;matching_signature=(13, 'GGG');border_estimator=center_window_kmer_jsd;estimator=center_jsd;window=48;search_radius=24;kmer=2;top_ratio=0.25;score_scale=4.0;motif_weight=0.0;motif_radius=12;score_normalization=train_quantile;raw_border_score=0.312403;border_score=1.155800",0.28609150648117065,0.29373133182525635,0.4201771914958954
test_Seq_1235,1,2,"benchmark=nucleotide_transformer_downstream_tasks;dataset=splice_sites_all;matching=kmer_balanced;matching_signature=(5, 'TTT');border_estimator=center_window_kmer_jsd;estimator=center_jsd;window=48;search_radius=24;kmer=2;top_ratio=0.25;score_scale=4.0;motif_weight=0.0;motif_radius=12;score_normalization=train_quantile;raw_border_score=0.546578;border_score=1.199356",0.30248233675956726,0.31788501143455505,0.3796325922012329
test_Seq_1936,1,2,"benchmark=nucleotide_transformer_downstream_tasks;dataset=splice_sites_all;matching=kmer_balanced;matching_signature=(6, 'TTT');border_estimator=center_window_kmer_jsd;estimator=center_jsd;window=48;search_radius=24;kmer=2;top_ratio=0.25;score_scale=4.0;motif_weight=0.0;motif_radius=12;score_normalization=train_quantile;raw_border_score=0.201309;border_score=0.974200",0.2651210427284241,0.2934264838695526,0.4414524435997009
test_Seq_850,0,2,"benchmark=nucleotide_transformer_downstream_tasks;dataset=splice_sites_all;matching=kmer_balanced;matching_signature=(7, 'TTT');border_estimator=center_window_kmer_jsd;estimator=center_jsd;window=48;search_radius=24;kmer=2;top_ratio=0.25;score_scale=4.0;motif_weight=0.0;motif_radius=12;score_normalization=train_quantile;raw_border_score=0.140370;border_score=0.832067",0.24248704314231873,0.2619456350803375,0.49556732177734375
test_Seq_1834,1,2,"benchmark=nucleotide_transformer_downstream_tasks;dataset=splice_sites_all;matching=kmer_balanced;matching_signature=(6, 'AAA');border_estimator=center_window_kmer_jsd;estimator=center_jsd;window=48;search_radius=24;kmer=2;top_ratio=0.25;score_scale=4.0;motif_weight=0.0;motif_radius=12;score_normalization=train_quantile;raw_border_score=0.137278;border_score=0.828244",0.291779488325119,0.3073541522026062,0.4008663594722748
test_Seq_2765,2,2,"benchmark=nucleotide_transformer_downstream_tasks;dataset=splice_sites_all;matching=kmer_balanced;matching_signature=(7, 'TTT');border_estimator=center_window_kmer_jsd;estimator=center_jsd;window=48;search_radius=24;kmer=2;top_ratio=0.25;score_scale=4.0;motif_weight=0.0;motif_radius=12;score_normalization=train_quantile;raw_border_score=0.102174;border_score=0.803311",0.31150567531585693,0.33294618129730225,0.3555481433868408
test_Seq_2418,2,2,"benchmark=nucleotide_transformer_downstream_tasks;dataset=splice_sites_all;matching=kmer_balanced;matching_signature=(7, 'TTT');border_estimator=center_window_kmer_jsd;estimator=center_jsd;window=48;search_radius=24;kmer=2;top_ratio=0.25;score_scale=4.0;motif_weight=0.0;motif_radius=12;score_normalization=train_quantile;raw_border_score=0.279400;border_score=1.123356",0.3159429430961609,0.3224623501300812,0.36159470677375793
test_Seq_1590,1,2,"benchmark=nucleotide_transformer_downstream_tasks;dataset=splice_sites_all;matching=kmer_balanced;matching_signature=(8, 'TTC');border_estimator=center_window_kmer_jsd;estimator=center_jsd;window=48;search_radius=24;kmer=2;top_ratio=0.25;score_scale=4.0;motif_weight=0.0;motif_radius=12;score_normalization=train_quantile;raw_border_score=0.117386;border_score=0.809444",0.3227792978286743,0.33568882942199707,0.3415319621562958
test_Seq_654,0,2,"benchmark=nucleotide_transformer_downstream_tasks;dataset=splice_sites_all;matching=kmer_balanced;matching_signature=(8, 'TTT');border_estimator=center_window_kmer_jsd;estimator=center_jsd;window=48;search_radius=24;kmer=2;top_ratio=0.25;score_scale=4.0;motif_weight=0.0;motif_radius=12;score_normalization=train_quantile;raw_border_score=0.261991;border_score=1.098867",0.2939576208591461,0.31052032113075256,0.39552199840545654
test_Seq_1819,1,0,"benchmark=nucleotide_transformer_downstream_tasks;dataset=splice_sites_all;matching=kmer_balanced;matching_signature=(9, 'TTT');border_estimator=center_window_kmer_jsd;estimator=center_jsd;window=48;search_radius=24;kmer=2;top_ratio=0.25;score_scale=4.0;motif_weight=0.0;motif_radius=12;score_normalization=train_quantile;raw_border_score=0.210914;border_score=0.997311",0.39213505387306213,0.38693317770957947,0.22093170881271362
test_Seq_1929,1,2,"benchmark=nucleotide_transformer_downstream_tasks;dataset=splice_sites_all;matching=kmer_balanced;matching_signature=(9, 'TTT');border_estimator=center_window_kmer_jsd;estimator=center_jsd;window=48;search_radius=24;kmer=2;top_ratio=0.25;score_scale=4.0;motif_weight=0.0;motif_radius=12;score_normalization=train_quantile;raw_border_score=0.244879;border_score=1.069222",0.24686887860298157,0.26779836416244507,0.48533275723457336
test_Seq_1432,1,2,"benchmark=nucleotide_transformer_downstream_tasks;dataset=splice_sites_all;matching=kmer_balanced;matching_signature=(9, 'TTT');border_estimator=center_window_kmer_jsd;estimator=center_jsd;window=48;search_radius=24;kmer=2;top_ratio=0.25;score_scale=4.0;motif_weight=0.0;motif_radius=12;score_normalization=train_quantile;raw_border_score=0.201855;border_score=0.975844",0.2952117621898651,0.30562257766723633,0.39916568994522095
test_Seq_1049,1,2,"benchmark=nucleotide_transformer_downstream_tasks;dataset=splice_sites_all;matching=kmer_balanced;matching_signature=(6, 'TTA');border_estimator=center_window_kmer_jsd;estimator=center_jsd;window=48;search_radius=24;kmer=2;top_ratio=0.25;score_scale=4.0;motif_weight=0.0;motif_radius=12;score_normalization=train_quantile;raw_border_score=0.146911;border_score=0.842200",0.31395500898361206,0.3343048393726349,0.3517402410507202
test_Seq_2939,2,2,"benchmark=nucleotide_transformer_downstream_tasks;dataset=splice_sites_all;matching=kmer_balanced;matching_signature=(10, 'GAG');border_estimator=center_window_kmer_jsd;estimator=center_jsd;window=48;search_radius=24;kmer=2;top_ratio=0.25;score_scale=4.0;motif_weight=0.0;motif_radius=12;score_normalization=train_quantile;raw_border_score=0.150504;border_score=0.848378",0.3212045729160309,0.32600948214530945,0.3527858853340149
test_Seq_2002,2,1,"benchmark=nucleotide_transformer_downstream_tasks;dataset=splice_sites_all;matching=kmer_balanced;matching_signature=(9, 'AGG');border_estimator=center_window_kmer_jsd;estimator=center_jsd;window=48;search_radius=24;kmer=2;top_ratio=0.25;score_scale=4.0;motif_weight=0.0;motif_radius=12;score_normalization=train_quantile;raw_border_score=0.188176;border_score=0.939267",0.3331843316555023,0.35102880001068115,0.31578683853149414
test_Seq_2743,2,2,"benchmark=nucleotide_transformer_downstream_tasks;dataset=splice_sites_all;matching=kmer_balanced;matching_signature=(7, 'TTT');border_estimator=center_window_kmer_jsd;estimator=center_jsd;window=48;search_radius=24;kmer=2;top_ratio=0.25;score_scale=4.0;motif_weight=0.0;motif_radius=12;score_normalization=train_quantile;raw_border_score=0.154474;border_score=0.856289",0.2804858684539795,0.2997887134552002,0.4197254180908203
test_Seq_1850,1,2,"benchmark=nucleotide_transformer_downstream_tasks;dataset=splice_sites_all;matching=kmer_balanced;matching_signature=(7, 'TTT');border_estimator=center_window_kmer_jsd;estimator=center_jsd;window=48;search_radius=24;kmer=2;top_ratio=0.25;score_scale=4.0;motif_weight=0.0;motif_radius=12;score_normalization=train_quantile;raw_border_score=0.300597;border_score=1.146911",0.2693173587322235,0.29351118206977844,0.4371715188026428
test_Seq_1545,1,1,"benchmark=nucleotide_transformer_downstream_tasks;dataset=splice_sites_all;matching=kmer_balanced;matching_signature=(6, 'AAA');border_estimator=center_window_kmer_jsd;estimator=center_jsd;window=48;search_radius=24;kmer=2;top_ratio=0.25;score_scale=4.0;motif_weight=0.0;motif_radius=12;score_normalization=train_quantile;raw_border_score=0.120733;border_score=0.811400",0.33270007371902466,0.35050904750823975,0.3167908787727356
test_Seq_1184,1,1,"benchmark=nucleotide_transformer_downstream_tasks;dataset=splice_sites_all;matching=kmer_balanced;matching_signature=(9, 'TTT');border_estimator=center_window_kmer_jsd;estimator=center_jsd;window=48;search_radius=24;kmer=2;top_ratio=0.25;score_scale=4.0;motif_weight=0.0;motif_radius=12;score_normalization=train_quantile;raw_border_score=0.170295;border_score=0.891311",0.33574509620666504,0.34541013836860657,0.3188447952270508
test_Seq_820,0,2,"benchmark=nucleotide_transformer_downstream_tasks;dataset=splice_sites_all;matching=kmer_balanced;matching_signature=(8, 'ATT');border_estimator=center_window_kmer_jsd;estimator=center_jsd;window=48;search_radius=24;kmer=2;top_ratio=0.25;score_scale=4.0;motif_weight=0.0;motif_radius=12;score_normalization=train_quantile;raw_border_score=0.232487;border_score=1.044511",0.2791021466255188,0.2987561523914337,0.4221417307853699
test_Seq_1788,1,1,"benchmark=nucleotide_transformer_downstream_tasks;dataset=splice_sites_all;matching=kmer_balanced;matching_signature=(11, 'GGG');border_estimator=center_window_kmer_jsd;estimator=center_jsd;window=48;search_radius=24;kmer=2;top_ratio=0.25;score_scale=4.0;motif_weight=0.0;motif_radius=12;score_normalization=train_quantile;raw_border_score=0.336024;border_score=1.169622",0.33327779173851013,0.33873656392097473,0.32798558473587036
test_Seq_2504,2,1,"benchmark=nucleotide_transformer_downstream_tasks;dataset=splice_sites_all;matching=kmer_balanced;matching_signature=(7, 'TTT');border_estimator=center_window_kmer_jsd;estimator=center_jsd;window=48;search_radius=24;kmer=2;top_ratio=0.25;score_scale=4.0;motif_weight=0.0;motif_radius=12;score_normalization=train_quantile;raw_border_score=0.178170;border_score=0.913622",0.33252301812171936,0.34210512042045593,0.3253718316555023
test_Seq_2181,2,2,"benchmark=nucleotide_transformer_downstream_tasks;dataset=splice_sites_all;matching=kmer_balanced;matching_signature=(5, 'TTT');border_estimator=center_window_kmer_jsd;estimator=center_jsd;window=48;search_radius=24;kmer=2;top_ratio=0.25;score_scale=4.0;motif_weight=0.0;motif_radius=12;score_normalization=train_quantile;raw_border_score=0.212012;border_score=0.999711",0.30477258563041687,0.3208633363246918,0.37436404824256897
test_Seq_1395,1,2,"benchmark=nucleotide_transformer_downstream_tasks;dataset=splice_sites_all;matching=kmer_balanced;matching_signature=(7, 'TTT');border_estimator=center_window_kmer_jsd;estimator=center_jsd;window=48;search_radius=24;kmer=2;top_ratio=0.25;score_scale=4.0;motif_weight=0.0;motif_radius=12;score_normalization=train_quantile;raw_border_score=0.166381;border_score=0.882244",0.3018715977668762,0.32748961448669434,0.3706388473510742
test_Seq_2187,2,2,"benchmark=nucleotide_transformer_downstream_tasks;dataset=splice_sites_all;matching=kmer_balanced;matching_signature=(6, 'TTT');border_estimator=center_window_kmer_jsd;estimator=center_jsd;window=48;search_radius=24;kmer=2;top_ratio=0.25;score_scale=4.0;motif_weight=0.0;motif_radius=12;score_normalization=train_quantile;raw_border_score=0.182484;border_score=0.923667",0.3100757896900177,0.3225662112236023,0.36735799908638
test_Seq_2335,2,2,"benchmark=nucleotide_transformer_downstream_tasks;dataset=splice_sites_all;matching=kmer_balanced;matching_signature=(8, 'AAA');border_estimator=center_window_kmer_jsd;estimator=center_jsd;window=48;search_radius=24;kmer=2;top_ratio=0.25;score_scale=4.0;motif_weight=0.0;motif_radius=12;score_normalization=train_quantile;raw_border_score=0.195119;border_score=0.957489",0.3052767813205719,0.31100428104400635,0.38371893763542175
test_Seq_1002,1,2,"benchmark=nucleotide_transformer_downstream_tasks;dataset=splice_sites_all;matching=kmer_balanced;matching_signature=(12, 'CCC');border_estimator=center_window_kmer_jsd;estimator=center_jsd;window=48;search_radius=24;kmer=2;top_ratio=0.25;score_scale=4.0;motif_weight=0.0;motif_radius=12;score_normalization=train_quantile;raw_border_score=0.446625;border_score=1.195089",0.2644553482532501,0.27862095832824707,0.4569237232208252
test_Seq_2132,2,2,"benchmark=nucleotide_transformer_downstream_tasks;dataset=splice_sites_all;matching=kmer_balanced;matching_signature=(10, 'TTT');border_estimator=center_window_kmer_jsd;estimator=center_jsd;window=48;search_radius=24;kmer=2;top_ratio=0.25;score_scale=4.0;motif_weight=0.0;motif_radius=12;score_normalization=train_quantile;raw_border_score=0.245525;border_score=1.070156",0.11965549737215042,0.13482071459293365,0.7455237507820129
test_Seq_830,0,2,"benchmark=nucleotide_transformer_downstream_tasks;dataset=splice_sites_all;matching=kmer_balanced;matching_signature=(11, 'CTG');border_estimator=center_window_kmer_jsd;estimator=center_jsd;window=48;search_radius=24;kmer=2;top_ratio=0.25;score_scale=4.0;motif_weight=0.0;motif_radius=12;score_normalization=train_quantile;raw_border_score=0.333838;border_score=1.168244",0.3178619146347046,0.32156625390052795,0.36057183146476746
test_Seq_1861,1,2,"benchmark=nucleotide_transformer_downstream_tasks;dataset=splice_sites_all;matching=kmer_balanced;matching_signature=(6, 'TTT');border_estimator=center_window_kmer_jsd;estimator=center_jsd;window=48;search_radius=24;kmer=2;top_ratio=0.25;score_scale=4.0;motif_weight=0.0;motif_radius=12;score_normalization=train_quantile;raw_border_score=0.210412;border_score=0.996156",0.2888698875904083,0.30263766646385193,0.40849247574806213
test_Seq_528,0,2,"benchmark=nucleotide_transformer_downstream_tasks;dataset=splice_sites_all;matching=kmer_balanced;matching_signature=(9, 'CTG');border_estimator=center_window_kmer_jsd;estimator=center_jsd;window=48;search_radius=24;kmer=2;top_ratio=0.25;score_scale=4.0;motif_weight=0.0;motif_radius=12;score_normalization=train_quantile;raw_border_score=0.205979;border_score=0.986022",0.19297967851161957,0.2092767208814621,0.597743570804596
test_Seq_2333,2,2,"benchmark=nucleotide_transformer_downstream_tasks;dataset=splice_sites_all;matching=kmer_balanced;matching_signature=(7, 'AAA');border_estimator=center_window_kmer_jsd;estimator=center_jsd;window=48;search_radius=24;kmer=2;top_ratio=0.25;score_scale=4.0;motif_weight=0.0;motif_radius=12;score_normalization=train_quantile;raw_border_score=0.156126;border_score=0.859489",0.3007753789424896,0.3178240954875946,0.38140052556991577
test_Seq_1864,1,2,"benchmark=nucleotide_transformer_downstream_tasks;dataset=splice_sites_all;matching=kmer_balanced;matching_signature=(11, 'CAG');border_estimator=center_window_kmer_jsd;estimator=center_jsd;window=48;search_radius=24;kmer=2;top_ratio=0.25;score_scale=4.0;motif_weight=0.0;motif_radius=12;score_normalization=train_quantile;raw_border_score=0.235490;border_score=1.049978",0.29817426204681396,0.30480441451072693,0.3970213234424591
test_Seq_2734,2,2,"benchmark=nucleotide_transformer_downstream_tasks;dataset=splice_sites_all;matching=kmer_balanced;matching_signature=(10, 'CCC');border_estimator=center_window_kmer_jsd;estimator=center_jsd;window=48;search_radius=24;kmer=2;top_ratio=0.25;score_scale=4.0;motif_weight=0.0;motif_radius=12;score_normalization=train_quantile;raw_border_score=0.285539;border_score=1.130867",0.1529354751110077,0.17889250814914703,0.6681720018386841
test_Seq_858,0,2,"benchmark=nucleotide_transformer_downstream_tasks;dataset=splice_sites_all;matching=kmer_balanced;matching_signature=(12, 'GGG');border_estimator=center_window_kmer_jsd;estimator=center_jsd;window=48;search_radius=24;kmer=2;top_ratio=0.25;score_scale=4.0;motif_weight=0.0;motif_radius=12;score_normalization=train_quantile;raw_border_score=0.319991;border_score=1.161089",0.3104897439479828,0.32944345474243164,0.36006680130958557
test_Seq_104,0,0,"benchmark=nucleotide_transformer_downstream_tasks;dataset=splice_sites_all;matching=kmer_balanced;matching_signature=(13, 'GGG');border_estimator=center_window_kmer_jsd;estimator=center_jsd;window=48;search_radius=24;kmer=2;top_ratio=0.25;score_scale=4.0;motif_weight=0.0;motif_radius=12;score_normalization=train_quantile;raw_border_score=0.228473;border_score=1.036956",0.344186395406723,0.34075403213500977,0.3150595426559448
test_Seq_2198,2,2,"benchmark=nucleotide_transformer_downstream_tasks;dataset=splice_sites_all;matching=kmer_balanced;matching_signature=(5, 'TTT');border_estimator=center_window_kmer_jsd;estimator=center_jsd;window=48;search_radius=24;kmer=2;top_ratio=0.25;score_scale=4.0;motif_weight=0.0;motif_radius=12;score_normalization=train_quantile;raw_border_score=0.096805;border_score=0.802111",0.2708114981651306,0.29239508509635925,0.43679338693618774
test_Seq_387,0,1,"benchmark=nucleotide_transformer_downstream_tasks;dataset=splice_sites_all;matching=kmer_balanced;matching_signature=(7, 'AAA');border_estimator=center_window_kmer_jsd;estimator=center_jsd;window=48;search_radius=24;kmer=2;top_ratio=0.25;score_scale=4.0;motif_weight=0.0;motif_radius=12;score_normalization=train_quantile;raw_border_score=0.241243;border_score=1.061444",0.3438318073749542,0.35353976488113403,0.30262842774391174
test_Seq_505,0,2,"benchmark=nucleotide_transformer_downstream_tasks;dataset=splice_sites_all;matching=kmer_balanced;matching_signature=(7, 'TTT');border_estimator=center_window_kmer_jsd;estimator=center_jsd;window=48;search_radius=24;kmer=2;top_ratio=0.25;score_scale=4.0;motif_weight=0.0;motif_radius=12;score_normalization=train_quantile;raw_border_score=0.295281;border_score=1.140956",0.2345905900001526,0.2609270215034485,0.5044823884963989
test_Seq_1857,1,1,"benchmark=nucleotide_transformer_downstream_tasks;dataset=splice_sites_all;matching=kmer_balanced;matching_signature=(8, 'TCT');border_estimator=center_window_kmer_jsd;estimator=center_jsd;window=48;search_radius=24;kmer=2;top_ratio=0.25;score_scale=4.0;motif_weight=0.0;motif_radius=12;score_normalization=train_quantile;raw_border_score=0.161603;border_score=0.870378",0.34191063046455383,0.3472122251987457,0.3108771741390228
test_Seq_1853,1,2,"benchmark=nucleotide_transformer_downstream_tasks;dataset=splice_sites_all;matching=kmer_balanced;matching_signature=(5, 'TTT');border_estimator=center_window_kmer_jsd;estimator=center_jsd;window=48;search_radius=24;kmer=2;top_ratio=0.25;score_scale=4.0;motif_weight=0.0;motif_radius=12;score_normalization=train_quantile;raw_border_score=0.240391;border_score=1.059844",0.16974523663520813,0.19436921179294586,0.6358855962753296
test_Seq_404,0,2,"benchmark=nucleotide_transformer_downstream_tasks;dataset=splice_sites_all;matching=kmer_balanced;matching_signature=(9, 'CTT');border_estimator=center_window_kmer_jsd;estimator=center_jsd;window=48;search_radius=24;kmer=2;top_ratio=0.25;score_scale=4.0;motif_weight=0.0;motif_radius=12;score_normalization=train_quantile;raw_border_score=0.163655;border_score=0.875311",0.26460304856300354,0.2863432765007019,0.44905370473861694
test_Seq_1010,1,2,"benchmark=nucleotide_transformer_downstream_tasks;dataset=splice_sites_all;matching=kmer_balanced;matching_signature=(7, 'TTT');border_estimator=center_window_kmer_jsd;estimator=center_jsd;window=48;search_radius=24;kmer=2;top_ratio=0.25;score_scale=4.0;motif_weight=0.0;motif_radius=12;score_normalization=train_quantile;raw_border_score=0.194247;border_score=0.955356",0.2873116433620453,0.30571672320365906,0.40697160363197327
test_Seq_2435,2,2,"benchmark=nucleotide_transformer_downstream_tasks;dataset=splice_sites_all;matching=kmer_balanced;matching_signature=(8, 'TTT');border_estimator=center_window_kmer_jsd;estimator=center_jsd;window=48;search_radius=24;kmer=2;top_ratio=0.25;score_scale=4.0;motif_weight=0.0;motif_radius=12;score_normalization=train_quantile;raw_border_score=0.146916;border_score=0.842200",0.1677374690771103,0.1873210221529007,0.644941508769989
test_Seq_132,0,2,"benchmark=nucleotide_transformer_downstream_tasks;dataset=splice_sites_all;matching=kmer_balanced;matching_signature=(8, 'AAA');border_estimator=center_window_kmer_jsd;estimator=center_jsd;window=48;search_radius=24;kmer=2;top_ratio=0.25;score_scale=4.0;motif_weight=0.0;motif_radius=12;score_normalization=train_quantile;raw_border_score=0.266005;border_score=1.104822",0.3209798038005829,0.3374248743057251,0.3415953516960144
test_Seq_1131,1,2,"benchmark=nucleotide_transformer_downstream_tasks;dataset=splice_sites_all;matching=kmer_balanced;matching_signature=(12, 'CCC');border_estimator=center_window_kmer_jsd;estimator=center_jsd;window=48;search_radius=24;kmer=2;top_ratio=0.25;score_scale=4.0;motif_weight=0.0;motif_radius=12;score_normalization=train_quantile;raw_border_score=0.357015;border_score=1.179400",0.2654041349887848,0.2799127995967865,0.45468300580978394
test_Seq_2888,2,2,"benchmark=nucleotide_transformer_downstream_tasks;dataset=splice_sites_all;matching=kmer_balanced;matching_signature=(12, 'CTG');border_estimator=center_window_kmer_jsd;estimator=center_jsd;window=48;search_radius=24;kmer=2;top_ratio=0.25;score_scale=4.0;motif_weight=0.0;motif_radius=12;score_normalization=train_quantile;raw_border_score=0.244527;border_score=1.068422",0.3065183758735657,0.32135647535324097,0.37212517857551575
test_Seq_1297,1,2,"benchmark=nucleotide_transformer_downstream_tasks;dataset=splice_sites_all;matching=kmer_balanced;matching_signature=(10, 'GGG');border_estimator=center_window_kmer_jsd;estimator=center_jsd;window=48;search_radius=24;kmer=2;top_ratio=0.25;score_scale=4.0;motif_weight=0.0;motif_radius=12;score_normalization=train_quantile;raw_border_score=0.324962;border_score=1.163622",0.3056112825870514,0.3321622312068939,0.3622265160083771
test_Seq_75,0,2,"benchmark=nucleotide_transformer_downstream_tasks;dataset=splice_sites_all;matching=kmer_balanced;matching_signature=(7, 'TTT');border_estimator=center_window_kmer_jsd;estimator=center_jsd;window=48;search_radius=24;kmer=2;top_ratio=0.25;score_scale=4.0;motif_weight=0.0;motif_radius=12;score_normalization=train_quantile;raw_border_score=0.235161;border_score=1.049444",0.3093329071998596,0.32081934809684753,0.36984771490097046
test_Seq_532,0,2,"benchmark=nucleotide_transformer_downstream_tasks;dataset=splice_sites_all;matching=kmer_balanced;matching_signature=(8, 'AAA');border_estimator=center_window_kmer_jsd;estimator=center_jsd;window=48;search_radius=24;kmer=2;top_ratio=0.25;score_scale=4.0;motif_weight=0.0;motif_radius=12;score_normalization=train_quantile;raw_border_score=0.323675;border_score=1.163044",0.12496412545442581,0.14423705637454987,0.7307987809181213
test_Seq_1903,1,2,"benchmark=nucleotide_transformer_downstream_tasks;dataset=splice_sites_all;matching=kmer_balanced;matching_signature=(8, 'TTT');border_estimator=center_window_kmer_jsd;estimator=center_jsd;window=48;search_radius=24;kmer=2;top_ratio=0.25;score_scale=4.0;motif_weight=0.0;motif_radius=12;score_normalization=train_quantile;raw_border_score=0.275271;border_score=1.117578",0.20819158852100372,0.23243796825408936,0.5593704581260681
test_Seq_695,0,1,"benchmark=nucleotide_transformer_downstream_tasks;dataset=splice_sites_all;matching=kmer_balanced;matching_signature=(8, 'AAA');border_estimator=center_window_kmer_jsd;estimator=center_jsd;window=48;search_radius=24;kmer=2;top_ratio=0.25;score_scale=4.0;motif_weight=0.0;motif_radius=12;score_normalization=train_quantile;raw_border_score=0.271469;border_score=1.112244",0.32566702365875244,0.3380022644996643,0.33633068203926086
test_Seq_2396,2,2,"benchmark=nucleotide_transformer_downstream_tasks;dataset=splice_sites_all;matching=kmer_balanced;matching_signature=(5, 'TTT');border_estimator=center_window_kmer_jsd;estimator=center_jsd;window=48;search_radius=24;kmer=2;top_ratio=0.25;score_scale=4.0;motif_weight=0.0;motif_radius=12;score_normalization=train_quantile;raw_border_score=0.219635;border_score=1.017622",0.3197357654571533,0.33338117599487305,0.346883088350296
test_Seq_527,0,2,"benchmark=nucleotide_transformer_downstream_tasks;dataset=splice_sites_all;matching=kmer_balanced;matching_signature=(8, 'TTT');border_estimator=center_window_kmer_jsd;estimator=center_jsd;window=48;search_radius=24;kmer=2;top_ratio=0.25;score_scale=4.0;motif_weight=0.0;motif_radius=12;score_normalization=train_quantile;raw_border_score=0.245604;border_score=1.070333",0.2907288670539856,0.308331161737442,0.4009399712085724
test_Seq_1711,1,1,"benchmark=nucleotide_transformer_downstream_tasks;dataset=splice_sites_all;matching=kmer_balanced;matching_signature=(13, 'GGC');border_estimator=center_window_kmer_jsd;estimator=center_jsd;window=48;search_radius=24;kmer=2;top_ratio=0.25;score_scale=4.0;motif_weight=0.0;motif_radius=12;score_normalization=train_quantile;raw_border_score=0.181662;border_score=0.921800",0.3370838463306427,0.3388725221157074,0.3240436613559723
test_Seq_2661,2,2,"benchmark=nucleotide_transformer_downstream_tasks;dataset=splice_sites_all;matching=kmer_balanced;matching_signature=(7, 'TTT');border_estimator=center_window_kmer_jsd;estimator=center_jsd;window=48;search_radius=24;kmer=2;top_ratio=0.25;score_scale=4.0;motif_weight=0.0;motif_radius=12;score_normalization=train_quantile;raw_border_score=0.218100;border_score=1.014022",0.2964029014110565,0.30739304423332214,0.39620405435562134
test_Seq_124,0,2,"benchmark=nucleotide_transformer_downstream_tasks;dataset=splice_sites_all;matching=kmer_balanced;matching_signature=(8, 'TTT');border_estimator=center_window_kmer_jsd;estimator=center_jsd;window=48;search_radius=24;kmer=2;top_ratio=0.25;score_scale=4.0;motif_weight=0.0;motif_radius=12;score_normalization=train_quantile;raw_border_score=0.163410;border_score=0.874822",0.275954008102417,0.2960119843482971,0.42803406715393066
test_Seq_2371,2,2,"benchmark=nucleotide_transformer_downstream_tasks;dataset=splice_sites_all;matching=kmer_balanced;matching_signature=(7, 'TTT');border_estimator=center_window_kmer_jsd;estimator=center_jsd;window=48;search_radius=24;kmer=2;top_ratio=0.25;score_scale=4.0;motif_weight=0.0;motif_radius=12;score_normalization=train_quantile;raw_border_score=0.161063;border_score=0.869444",0.15085099637508392,0.16946998238563538,0.6796790361404419
test_Seq_1974,1,2,"benchmark=nucleotide_transformer_downstream_tasks;dataset=splice_sites_all;matching=kmer_balanced;matching_signature=(11, 'CCT');border_estimator=center_window_kmer_jsd;estimator=center_jsd;window=48;search_radius=24;kmer=2;top_ratio=0.25;score_scale=4.0;motif_weight=0.0;motif_radius=12;score_normalization=train_quantile;raw_border_score=0.232528;border_score=1.044556",0.3136310577392578,0.3285665214061737,0.3578024208545685
test_Seq_2668,2,2,"benchmark=nucleotide_transformer_downstream_tasks;dataset=splice_sites_all;matching=kmer_balanced;matching_signature=(6, 'TTT');border_estimator=center_window_kmer_jsd;estimator=center_jsd;window=48;search_radius=24;kmer=2;top_ratio=0.25;score_scale=4.0;motif_weight=0.0;motif_radius=12;score_normalization=train_quantile;raw_border_score=0.197704;border_score=0.964822",0.17130345106124878,0.19329439103603363,0.6354021430015564
test_Seq_1568,1,1,"benchmark=nucleotide_transformer_downstream_tasks;dataset=splice_sites_all;matching=kmer_balanced;matching_signature=(7, 'TTT');border_estimator=center_window_kmer_jsd;estimator=center_jsd;window=48;search_radius=24;kmer=2;top_ratio=0.25;score_scale=4.0;motif_weight=0.0;motif_radius=12;score_normalization=train_quantile;raw_border_score=0.201748;border_score=0.975311",0.3378472328186035,0.35253801941871643,0.30961474776268005
test_Seq_440,0,2,"benchmark=nucleotide_transformer_downstream_tasks;dataset=splice_sites_all;matching=kmer_balanced;matching_signature=(6, 'TTT');border_estimator=center_window_kmer_jsd;estimator=center_jsd;window=48;search_radius=24;kmer=2;top_ratio=0.25;score_scale=4.0;motif_weight=0.0;motif_radius=12;score_normalization=train_quantile;raw_border_score=0.299526;border_score=1.145756",0.2697015404701233,0.29416364431381226,0.43613478541374207
test_Seq_152,0,2,"benchmark=nucleotide_transformer_downstream_tasks;dataset=splice_sites_all;matching=kmer_balanced;matching_signature=(12, 'CTG');border_estimator=center_window_kmer_jsd;estimator=center_jsd;window=48;search_radius=24;kmer=2;top_ratio=0.25;score_scale=4.0;motif_weight=0.0;motif_radius=12;score_normalization=train_quantile;raw_border_score=0.172490;border_score=0.897489",0.29555368423461914,0.3007694184780121,0.4036768674850464
test_Seq_294,0,2,"benchmark=nucleotide_transformer_downstream_tasks;dataset=splice_sites_all;matching=kmer_balanced;matching_signature=(9, 'TGA');border_estimator=center_window_kmer_jsd;estimator=center_jsd;window=48;search_radius=24;kmer=2;top_ratio=0.25;score_scale=4.0;motif_weight=0.0;motif_radius=12;score_normalization=train_quantile;raw_border_score=0.180822;border_score=0.919978",0.26887011528015137,0.28359249234199524,0.447537362575531
test_Seq_2232,2,2,"benchmark=nucleotide_transformer_downstream_tasks;dataset=splice_sites_all;matching=kmer_balanced;matching_signature=(8, 'TTT');border_estimator=center_window_kmer_jsd;estimator=center_jsd;window=48;search_radius=24;kmer=2;top_ratio=0.25;score_scale=4.0;motif_weight=0.0;motif_radius=12;score_normalization=train_quantile;raw_border_score=0.252063;border_score=1.082333",0.13216549158096313,0.14840875566005707,0.7194256782531738
test_Seq_145,0,2,"benchmark=nucleotide_transformer_downstream_tasks;dataset=splice_sites_all;matching=kmer_balanced;matching_signature=(13, 'GGC');border_estimator=center_window_kmer_jsd;estimator=center_jsd;window=48;search_radius=24;kmer=2;top_ratio=0.25;score_scale=4.0;motif_weight=0.0;motif_radius=12;score_normalization=train_quantile;raw_border_score=0.255320;border_score=1.087889",0.27359339594841003,0.2830025255680084,0.44340410828590393
test_Seq_2492,2,2,"benchmark=nucleotide_transformer_downstream_tasks;dataset=splice_sites_all;matching=kmer_balanced;matching_signature=(10, 'AAA');border_estimator=center_window_kmer_jsd;estimator=center_jsd;window=48;search_radius=24;kmer=2;top_ratio=0.25;score_scale=4.0;motif_weight=0.0;motif_radius=12;score_normalization=train_quantile;raw_border_score=0.181298;border_score=0.921222",0.10814826935529709,0.1215013712644577,0.7703503370285034
test_Seq_2912,2,1,"benchmark=nucleotide_transformer_downstream_tasks;dataset=splice_sites_all;matching=kmer_balanced;matching_signature=(10, 'GGG');border_estimator=center_window_kmer_jsd;estimator=center_jsd;window=48;search_radius=24;kmer=2;top_ratio=0.25;score_scale=4.0;motif_weight=0.0;motif_radius=12;score_normalization=train_quantile;raw_border_score=0.185715;border_score=0.932556",0.34245336055755615,0.3439045250415802,0.31364208459854126
test_Seq_1943,1,2,"benchmark=nucleotide_transformer_downstream_tasks;dataset=splice_sites_all;matching=kmer_balanced;matching_signature=(9, 'AAG');border_estimator=center_window_kmer_jsd;estimator=center_jsd;window=48;search_radius=24;kmer=2;top_ratio=0.25;score_scale=4.0;motif_weight=0.0;motif_radius=12;score_normalization=train_quantile;raw_border_score=0.338236;border_score=1.170956",0.3013715147972107,0.3132203221321106,0.38540810346603394
test_Seq_1518,1,2,"benchmark=nucleotide_transformer_downstream_tasks;dataset=splice_sites_all;matching=kmer_balanced;matching_signature=(12, 'GGG');border_estimator=center_window_kmer_jsd;estimator=center_jsd;window=48;search_radius=24;kmer=2;top_ratio=0.25;score_scale=4.0;motif_weight=0.0;motif_radius=12;score_normalization=train_quantile;raw_border_score=0.175729;border_score=0.907089",0.2715713083744049,0.27797815203666687,0.450450599193573
test_Seq_2004,2,2,"benchmark=nucleotide_transformer_downstream_tasks;dataset=splice_sites_all;matching=kmer_balanced;matching_signature=(8, 'TTT');border_estimator=center_window_kmer_jsd;estimator=center_jsd;window=48;search_radius=24;kmer=2;top_ratio=0.25;score_scale=4.0;motif_weight=0.0;motif_radius=12;score_normalization=train_quantile;raw_border_score=0.295989;border_score=1.141844",0.29240313172340393,0.3170211613178253,0.39057567715644836
test_Seq_2535,2,2,"benchmark=nucleotide_transformer_downstream_tasks;dataset=splice_sites_all;matching=kmer_balanced;matching_signature=(9, 'TTT');border_estimator=center_window_kmer_jsd;estimator=center_jsd;window=48;search_radius=24;kmer=2;top_ratio=0.25;score_scale=4.0;motif_weight=0.0;motif_radius=12;score_normalization=train_quantile;raw_border_score=0.240269;border_score=1.059489",0.31791478395462036,0.33081790804862976,0.3512673079967499
test_Seq_740,0,1,"benchmark=nucleotide_transformer_downstream_tasks;dataset=splice_sites_all;matching=kmer_balanced;matching_signature=(9, 'CTG');border_estimator=center_window_kmer_jsd;estimator=center_jsd;window=48;search_radius=24;kmer=2;top_ratio=0.25;score_scale=4.0;motif_weight=0.0;motif_radius=12;score_normalization=train_quantile;raw_border_score=0.201802;border_score=0.975578",0.3216096758842468,0.34611013531684875,0.3322801887989044
test_Seq_876,0,2,"benchmark=nucleotide_transformer_downstream_tasks;dataset=splice_sites_all;matching=kmer_balanced;matching_signature=(11, 'CTG');border_estimator=center_window_kmer_jsd;estimator=center_jsd;window=48;search_radius=24;kmer=2;top_ratio=0.25;score_scale=4.0;motif_weight=0.0;motif_radius=12;score_normalization=train_quantile;raw_border_score=0.123762;border_score=0.813356",0.3231850862503052,0.3362022638320923,0.34061259031295776
test_Seq_498,0,2,"benchmark=nucleotide_transformer_downstream_tasks;dataset=splice_sites_all;matching=kmer_balanced;matching_signature=(10, 'CCC');border_estimator=center_window_kmer_jsd;estimator=center_jsd;window=48;search_radius=24;kmer=2;top_ratio=0.25;score_scale=4.0;motif_weight=0.0;motif_radius=12;score_normalization=train_quantile;raw_border_score=0.304853;border_score=1.150156",0.23756588995456696,0.2664860785007477,0.49594804644584656
test_Seq_66,0,2,"benchmark=nucleotide_transformer_downstream_tasks;dataset=splice_sites_all;matching=kmer_balanced;matching_signature=(9, 'TTT');border_estimator=center_window_kmer_jsd;estimator=center_jsd;window=48;search_radius=24;kmer=2;top_ratio=0.25;score_scale=4.0;motif_weight=0.0;motif_radius=12;score_normalization=train_quantile;raw_border_score=0.331985;border_score=1.167267",0.15258720517158508,0.1750895082950592,0.6723232865333557
test_Seq_2069,2,2,"benchmark=nucleotide_transformer_downstream_tasks;dataset=splice_sites_all;matching=kmer_balanced;matching_signature=(7, 'TTT');border_estimator=center_window_kmer_jsd;estimator=center_jsd;window=48;search_radius=24;kmer=2;top_ratio=0.25;score_scale=4.0;motif_weight=0.0;motif_radius=12;score_normalization=train_quantile;raw_border_score=0.154540;border_score=0.856511",0.17719297111034393,0.20012333989143372,0.6226836442947388
test_Seq_2889,2,2,"benchmark=nucleotide_transformer_downstream_tasks;dataset=splice_sites_all;matching=kmer_balanced;matching_signature=(7, 'TTT');border_estimator=center_window_kmer_jsd;estimator=center_jsd;window=48;search_radius=24;kmer=2;top_ratio=0.25;score_scale=4.0;motif_weight=0.0;motif_radius=12;score_normalization=train_quantile;raw_border_score=0.286915;border_score=1.132867",0.28163036704063416,0.3024755120277405,0.4158940613269806
test_Seq_2328,2,2,"benchmark=nucleotide_transformer_downstream_tasks;dataset=splice_sites_all;matching=kmer_balanced;matching_signature=(14, 'GGG');border_estimator=center_window_kmer_jsd;estimator=center_jsd;window=48;search_radius=24;kmer=2;top_ratio=0.25;score_scale=4.0;motif_weight=0.0;motif_radius=12;score_normalization=train_quantile;raw_border_score=0.187740;border_score=0.938022",0.2647370994091034,0.29196494817733765,0.4432979226112366
test_Seq_1191,1,2,"benchmark=nucleotide_transformer_downstream_tasks;dataset=splice_sites_all;matching=kmer_balanced;matching_signature=(7, 'TTT');border_estimator=center_window_kmer_jsd;estimator=center_jsd;window=48;search_radius=24;kmer=2;top_ratio=0.25;score_scale=4.0;motif_weight=0.0;motif_radius=12;score_normalization=train_quantile;raw_border_score=0.306595;border_score=1.151178",0.21941953897476196,0.24471145868301392,0.5358690023422241
test_Seq_1243,1,2,"benchmark=nucleotide_transformer_downstream_tasks;dataset=splice_sites_all;matching=kmer_balanced;matching_signature=(12, 'CTG');border_estimator=center_window_kmer_jsd;estimator=center_jsd;window=48;search_radius=24;kmer=2;top_ratio=0.25;score_scale=4.0;motif_weight=0.0;motif_radius=12;score_normalization=train_quantile;raw_border_score=0.226098;border_score=1.032022",0.3134970963001251,0.32900533080101013,0.3574976325035095
test_Seq_50,0,2,"benchmark=nucleotide_transformer_downstream_tasks;dataset=splice_sites_all;matching=kmer_balanced;matching_signature=(10, 'TCT');border_estimator=center_window_kmer_jsd;estimator=center_jsd;window=48;search_radius=24;kmer=2;top_ratio=0.25;score_scale=4.0;motif_weight=0.0;motif_radius=12;score_normalization=train_quantile;raw_border_score=0.175413;border_score=0.906067",0.2382931113243103,0.2584869861602783,0.5032199025154114
test_Seq_732,0,2,"benchmark=nucleotide_transformer_downstream_tasks;dataset=splice_sites_all;matching=kmer_balanced;matching_signature=(12, 'CTG');border_estimator=center_window_kmer_jsd;estimator=center_jsd;window=48;search_radius=24;kmer=2;top_ratio=0.25;score_scale=4.0;motif_weight=0.0;motif_radius=12;score_normalization=train_quantile;raw_border_score=0.150172;border_score=0.847933",0.3047786056995392,0.31310224533081055,0.38211914896965027
test_Seq_2193,2,2,"benchmark=nucleotide_transformer_downstream_tasks;dataset=splice_sites_all;matching=kmer_balanced;matching_signature=(7, 'TTT');border_estimator=center_window_kmer_jsd;estimator=center_jsd;window=48;search_radius=24;kmer=2;top_ratio=0.25;score_scale=4.0;motif_weight=0.0;motif_radius=12;score_normalization=train_quantile;raw_border_score=0.363578;border_score=1.181800",0.2834246754646301,0.3064403533935547,0.4101349413394928
test_Seq_680,0,2,"benchmark=nucleotide_transformer_downstream_tasks;dataset=splice_sites_all;matching=kmer_balanced;matching_signature=(10, 'TGG');border_estimator=center_window_kmer_jsd;estimator=center_jsd;window=48;search_radius=24;kmer=2;top_ratio=0.25;score_scale=4.0;motif_weight=0.0;motif_radius=12;score_normalization=train_quantile;raw_border_score=0.218920;border_score=1.016200",0.2894650101661682,0.3100658655166626,0.4004690945148468
test_Seq_564,0,2,"benchmark=nucleotide_transformer_downstream_tasks;dataset=splice_sites_all;matching=kmer_balanced;matching_signature=(7, 'AAA');border_estimator=center_window_kmer_jsd;estimator=center_jsd;window=48;search_radius=24;kmer=2;top_ratio=0.25;score_scale=4.0;motif_weight=0.0;motif_radius=12;score_normalization=train_quantile;raw_border_score=0.188768;border_score=0.940689",0.24751541018486023,0.2662135362625122,0.4862709641456604
test_Seq_666,0,1,"benchmark=nucleotide_transformer_downstream_tasks;dataset=splice_sites_all;matching=kmer_balanced;matching_signature=(12, 'CAG');border_estimator=center_window_kmer_jsd;estimator=center_jsd;window=48;search_radius=24;kmer=2;top_ratio=0.25;score_scale=4.0;motif_weight=0.0;motif_radius=12;score_normalization=train_quantile;raw_border_score=0.236166;border_score=1.051133",0.3404187858104706,0.3424990773200989,0.31708210706710815
test_Seq_191,0,2,"benchmark=nucleotide_transformer_downstream_tasks;dataset=splice_sites_all;matching=kmer_balanced;matching_signature=(11, 'GGG');border_estimator=center_window_kmer_jsd;estimator=center_jsd;window=48;search_radius=24;kmer=2;top_ratio=0.25;score_scale=4.0;motif_weight=0.0;motif_radius=12;score_normalization=train_quantile;raw_border_score=0.122728;border_score=0.812511",0.30220168828964233,0.30479535460472107,0.3930029571056366
test_Seq_965,0,2,"benchmark=nucleotide_transformer_downstream_tasks;dataset=splice_sites_all;matching=kmer_balanced;matching_signature=(11, 'CTG');border_estimator=center_window_kmer_jsd;estimator=center_jsd;window=48;search_radius=24;kmer=2;top_ratio=0.25;score_scale=4.0;motif_weight=0.0;motif_radius=12;score_normalization=train_quantile;raw_border_score=0.302003;border_score=1.147933",0.2981089949607849,0.30274587869644165,0.3991451561450958
test_Seq_2454,2,2,"benchmark=nucleotide_transformer_downstream_tasks;dataset=splice_sites_all;matching=kmer_balanced;matching_signature=(8, 'TTT');border_estimator=center_window_kmer_jsd;estimator=center_jsd;window=48;search_radius=24;kmer=2;top_ratio=0.25;score_scale=4.0;motif_weight=0.0;motif_radius=12;score_normalization=train_quantile;raw_border_score=0.225643;border_score=1.031311",0.1367044299840927,0.1492035984992981,0.714091956615448
test_Seq_2705,2,2,"benchmark=nucleotide_transformer_downstream_tasks;dataset=splice_sites_all;matching=kmer_balanced;matching_signature=(10, 'CCT');border_estimator=center_window_kmer_jsd;estimator=center_jsd;window=48;search_radius=24;kmer=2;top_ratio=0.25;score_scale=4.0;motif_weight=0.0;motif_radius=12;score_normalization=train_quantile;raw_border_score=0.151588;border_score=0.849933",0.12431228905916214,0.1427040994167328,0.7329836487770081
test_Seq_1016,1,2,"benchmark=nucleotide_transformer_downstream_tasks;dataset=splice_sites_all;matching=kmer_balanced;matching_signature=(14, 'GGG');border_estimator=center_window_kmer_jsd;estimator=center_jsd;window=48;search_radius=24;kmer=2;top_ratio=0.25;score_scale=4.0;motif_weight=0.0;motif_radius=12;score_normalization=train_quantile;raw_border_score=0.197589;border_score=0.964511",0.28515297174453735,0.2879890203475952,0.4268580377101898
test_Seq_1407,1,2,"benchmark=nucleotide_transformer_downstream_tasks;dataset=splice_sites_all;matching=kmer_balanced;matching_signature=(10, 'TCT');border_estimator=center_window_kmer_jsd;estimator=center_jsd;window=48;search_radius=24;kmer=2;top_ratio=0.25;score_scale=4.0;motif_weight=0.0;motif_radius=12;score_normalization=train_quantile;raw_border_score=0.296642;border_score=1.142511",0.2810966372489929,0.30542027950286865,0.4134831130504608
test_Seq_16,0,2,"benchmark=nucleotide_transformer_downstream_tasks;dataset=splice_sites_all;matching=kmer_balanced;matching_signature=(12, 'CCC');border_estimator=center_window_kmer_jsd;estimator=center_jsd;window=48;search_radius=24;kmer=2;top_ratio=0.25;score_scale=4.0;motif_weight=0.0;motif_radius=12;score_normalization=train_quantile;raw_border_score=0.197542;border_score=0.964422",0.2657320201396942,0.2821747660636902,0.452093243598938
test_Seq_2764,2,2,"benchmark=nucleotide_transformer_downstream_tasks;dataset=splice_sites_all;matching=kmer_balanced;matching_signature=(6, 'TTT');border_estimator=center_window_kmer_jsd;estimator=center_jsd;window=48;search_radius=24;kmer=2;top_ratio=0.25;score_scale=4.0;motif_weight=0.0;motif_radius=12;score_normalization=train_quantile;raw_border_score=0.126789;border_score=0.816244",0.24463126063346863,0.26836684346199036,0.4870019257068634
test_Seq_773,0,2,"benchmark=nucleotide_transformer_downstream_tasks;dataset=splice_sites_all;matching=kmer_balanced;matching_signature=(7, 'TTT');border_estimator=center_window_kmer_jsd;estimator=center_jsd;window=48;search_radius=24;kmer=2;top_ratio=0.25;score_scale=4.0;motif_weight=0.0;motif_radius=12;score_normalization=train_quantile;raw_border_score=0.193275;border_score=0.952778",0.31112030148506165,0.33028650283813477,0.3585931658744812
test_Seq_2555,2,2,"benchmark=nucleotide_transformer_downstream_tasks;dataset=splice_sites_all;matching=kmer_balanced;matching_signature=(7, 'TTT');border_estimator=center_window_kmer_jsd;estimator=center_jsd;window=48;search_radius=24;kmer=2;top_ratio=0.25;score_scale=4.0;motif_weight=0.0;motif_radius=12;score_normalization=train_quantile;raw_border_score=0.165449;border_score=0.879933",0.2412780076265335,0.26052165031433105,0.49820035696029663
test_Seq_789,0,2,"benchmark=nucleotide_transformer_downstream_tasks;dataset=splice_sites_all;matching=kmer_balanced;matching_signature=(6, 'TTT');border_estimator=center_window_kmer_jsd;estimator=center_jsd;window=48;search_radius=24;kmer=2;top_ratio=0.25;score_scale=4.0;motif_weight=0.0;motif_radius=12;score_normalization=train_quantile;raw_border_score=0.331575;border_score=1.167089",0.27577340602874756,0.29725781083106995,0.4269687831401825
test_Seq_2694,2,2,"benchmark=nucleotide_transformer_downstream_tasks;dataset=splice_sites_all;matching=kmer_balanced;matching_signature=(12, 'CAG');border_estimator=center_window_kmer_jsd;estimator=center_jsd;window=48;search_radius=24;kmer=2;top_ratio=0.25;score_scale=4.0;motif_weight=0.0;motif_radius=12;score_normalization=train_quantile;raw_border_score=0.245468;border_score=1.070111",0.27172112464904785,0.2887271046638489,0.43955177068710327
test_Seq_2717,2,2,"benchmark=nucleotide_transformer_downstream_tasks;dataset=splice_sites_all;matching=kmer_balanced;matching_signature=(8, 'TTT');border_estimator=center_window_kmer_jsd;estimator=center_jsd;window=48;search_radius=24;kmer=2;top_ratio=0.25;score_scale=4.0;motif_weight=0.0;motif_radius=12;score_normalization=train_quantile;raw_border_score=0.182839;border_score=0.924467",0.2398664653301239,0.2633211314678192,0.4968124032020569
test_Seq_2103,2,2,"benchmark=nucleotide_transformer_downstream_tasks;dataset=splice_sites_all;matching=kmer_balanced;matching_signature=(5, 'TTT');border_estimator=center_window_kmer_jsd;estimator=center_jsd;window=48;search_radius=24;kmer=2;top_ratio=0.25;score_scale=4.0;motif_weight=0.0;motif_radius=12;score_normalization=train_quantile;raw_border_score=0.187902;border_score=0.938644",0.27465590834617615,0.30185240507125854,0.4234917163848877
test_Seq_2838,2,2,"benchmark=nucleotide_transformer_downstream_tasks;dataset=splice_sites_all;matching=kmer_balanced;matching_signature=(8, 'TTT');border_estimator=center_window_kmer_jsd;estimator=center_jsd;window=48;search_radius=24;kmer=2;top_ratio=0.25;score_scale=4.0;motif_weight=0.0;motif_radius=12;score_normalization=train_quantile;raw_border_score=0.133892;border_score=0.824067",0.1929119974374771,0.21635478734970093,0.5907332301139832
test_Seq_1142,1,2,"benchmark=nucleotide_transformer_downstream_tasks;dataset=splice_sites_all;matching=kmer_balanced;matching_signature=(11, 'AGG');border_estimator=center_window_kmer_jsd;estimator=center_jsd;window=48;search_radius=24;kmer=2;top_ratio=0.25;score_scale=4.0;motif_weight=0.0;motif_radius=12;score_normalization=train_quantile;raw_border_score=0.151050;border_score=0.849089",0.31235387921333313,0.3315313160419464,0.35611483454704285
test_Seq_305,0,2,"benchmark=nucleotide_transformer_downstream_tasks;dataset=splice_sites_all;matching=kmer_balanced;matching_signature=(9, 'TTT');border_estimator=center_window_kmer_jsd;estimator=center_jsd;window=48;search_radius=24;kmer=2;top_ratio=0.25;score_scale=4.0;motif_weight=0.0;motif_radius=12;score_normalization=train_quantile;raw_border_score=0.249682;border_score=1.078511",0.2688656449317932,0.29224103689193726,0.4388933479785919
test_Seq_229,0,1,"benchmark=nucleotide_transformer_downstream_tasks;dataset=splice_sites_all;matching=kmer_balanced;matching_signature=(10, 'TCT');border_estimator=center_window_kmer_jsd;estimator=center_jsd;window=48;search_radius=24;kmer=2;top_ratio=0.25;score_scale=4.0;motif_weight=0.0;motif_radius=12;score_normalization=train_quantile;raw_border_score=0.316770;border_score=1.158689",0.33030885457992554,0.34332332015037537,0.3263678252696991
test_Seq_2299,2,2,"benchmark=nucleotide_transformer_downstream_tasks;dataset=splice_sites_all;matching=kmer_balanced;matching_signature=(6, 'AAA');border_estimator=center_window_kmer_jsd;estimator=center_jsd;window=48;search_radius=24;kmer=2;top_ratio=0.25;score_scale=4.0;motif_weight=0.0;motif_radius=12;score_normalization=train_quantile;raw_border_score=0.245963;border_score=1.071044",0.2262563854455948,0.24765338003635406,0.5260902047157288
test_Seq_1906,1,1,"benchmark=nucleotide_transformer_downstream_tasks;dataset=splice_sites_all;matching=kmer_balanced;matching_signature=(8, 'AAA');border_estimator=center_window_kmer_jsd;estimator=center_jsd;window=48;search_radius=24;kmer=2;top_ratio=0.25;score_scale=4.0;motif_weight=0.0;motif_radius=12;score_normalization=train_quantile;raw_border_score=0.134484;border_score=0.824600",0.3370620310306549,0.347615122795105,0.3153229057788849
test_Seq_2722,2,2,"benchmark=nucleotide_transformer_downstream_tasks;dataset=splice_sites_all;matching=kmer_balanced;matching_signature=(10, 'CTG');border_estimator=center_window_kmer_jsd;estimator=center_jsd;window=48;search_radius=24;kmer=2;top_ratio=0.25;score_scale=4.0;motif_weight=0.0;motif_radius=12;score_normalization=train_quantile;raw_border_score=0.281655;border_score=1.125889",0.196701779961586,0.21401353180408478,0.5892847180366516
test_Seq_2618,2,2,"benchmark=nucleotide_transformer_downstream_tasks;dataset=splice_sites_all;matching=kmer_balanced;matching_signature=(10, 'AGG');border_estimator=center_window_kmer_jsd;estimator=center_jsd;window=48;search_radius=24;kmer=2;top_ratio=0.25;score_scale=4.0;motif_weight=0.0;motif_radius=12;score_normalization=train_quantile;raw_border_score=0.208006;border_score=0.990111",0.2854735851287842,0.3096092939376831,0.4049171209335327
test_Seq_1381,1,2,"benchmark=nucleotide_transformer_downstream_tasks;dataset=splice_sites_all;matching=kmer_balanced;matching_signature=(13, 'CCC');border_estimator=center_window_kmer_jsd;estimator=center_jsd;window=48;search_radius=24;kmer=2;top_ratio=0.25;score_scale=4.0;motif_weight=0.0;motif_radius=12;score_normalization=train_quantile;raw_border_score=0.237324;border_score=1.053267",0.29299619793891907,0.30885180830955505,0.39815205335617065
test_Seq_2336,2,2,"benchmark=nucleotide_transformer_downstream_tasks;dataset=splice_sites_all;matching=kmer_balanced;matching_signature=(9, 'TGA');border_estimator=center_window_kmer_jsd;estimator=center_jsd;window=48;search_radius=24;kmer=2;top_ratio=0.25;score_scale=4.0;motif_weight=0.0;motif_radius=12;score_normalization=train_quantile;raw_border_score=0.176257;border_score=0.908867",0.31392109394073486,0.322875052690506,0.36320382356643677
test_Seq_1175,1,2,"benchmark=nucleotide_transformer_downstream_tasks;dataset=splice_sites_all;matching=kmer_balanced;matching_signature=(13, 'CCC');border_estimator=center_window_kmer_jsd;estimator=center_jsd;window=48;search_radius=24;kmer=2;top_ratio=0.25;score_scale=4.0;motif_weight=0.0;motif_radius=12;score_normalization=train_quantile;raw_border_score=0.214646;border_score=1.005356",0.2956691086292267,0.3060196042060852,0.3983112573623657
test_Seq_421,0,2,"benchmark=nucleotide_transformer_downstream_tasks;dataset=splice_sites_all;matching=kmer_balanced;matching_signature=(7, 'TTT');border_estimator=center_window_kmer_jsd;estimator=center_jsd;window=48;search_radius=24;kmer=2;top_ratio=0.25;score_scale=4.0;motif_weight=0.0;motif_radius=12;score_normalization=train_quantile;raw_border_score=0.282499;border_score=1.127044",0.25972864031791687,0.2801233232021332,0.46014806628227234
test_Seq_2636,2,2,"benchmark=nucleotide_transformer_downstream_tasks;dataset=splice_sites_all;matching=kmer_balanced;matching_signature=(7, 'TTT');border_estimator=center_window_kmer_jsd;estimator=center_jsd;window=48;search_radius=24;kmer=2;top_ratio=0.25;score_scale=4.0;motif_weight=0.0;motif_radius=12;score_normalization=train_quantile;raw_border_score=0.242604;border_score=1.065000",0.32371413707733154,0.3320603370666504,0.34422552585601807
test_Seq_2411,2,2,"benchmark=nucleotide_transformer_downstream_tasks;dataset=splice_sites_all;matching=kmer_balanced;matching_signature=(8, 'TTT');border_estimator=center_window_kmer_jsd;estimator=center_jsd;window=48;search_radius=24;kmer=2;top_ratio=0.25;score_scale=4.0;motif_weight=0.0;motif_radius=12;score_normalization=train_quantile;raw_border_score=0.258854;border_score=1.093533",0.1331443190574646,0.15365566313266754,0.713200032711029
test_Seq_2175,2,2,"benchmark=nucleotide_transformer_downstream_tasks;dataset=splice_sites_all;matching=kmer_balanced;matching_signature=(7, 'TTT');border_estimator=center_window_kmer_jsd;estimator=center_jsd;window=48;search_radius=24;kmer=2;top_ratio=0.25;score_scale=4.0;motif_weight=0.0;motif_radius=12;score_normalization=train_quantile;raw_border_score=0.323970;border_score=1.163178",0.2690781056880951,0.28338170051574707,0.44754013419151306
test_Seq_2437,2,2,"benchmark=nucleotide_transformer_downstream_tasks;dataset=splice_sites_all;matching=kmer_balanced;matching_signature=(12, 'GGG');border_estimator=center_window_kmer_jsd;estimator=center_jsd;window=48;search_radius=24;kmer=2;top_ratio=0.25;score_scale=4.0;motif_weight=0.0;motif_radius=12;score_normalization=train_quantile;raw_border_score=0.240353;border_score=1.059667",0.32255879044532776,0.33741021156311035,0.3400309681892395
test_Seq_2613,2,2,"benchmark=nucleotide_transformer_downstream_tasks;dataset=splice_sites_all;matching=kmer_balanced;matching_signature=(6, 'AAA');border_estimator=center_window_kmer_jsd;estimator=center_jsd;window=48;search_radius=24;kmer=2;top_ratio=0.25;score_scale=4.0;motif_weight=0.0;motif_radius=12;score_normalization=train_quantile;raw_border_score=0.129470;border_score=0.818867",0.3004705309867859,0.31079480051994324,0.38873469829559326
test_Seq_1948,1,2,"benchmark=nucleotide_transformer_downstream_tasks;dataset=splice_sites_all;matching=kmer_balanced;matching_signature=(7, 'TTT');border_estimator=center_window_kmer_jsd;estimator=center_jsd;window=48;search_radius=24;kmer=2;top_ratio=0.25;score_scale=4.0;motif_weight=0.0;motif_radius=12;score_normalization=train_quantile;raw_border_score=0.185158;border_score=0.931044",0.2685288190841675,0.2887010872364044,0.4427700936794281
test_Seq_2049,2,2,"benchmark=nucleotide_transformer_downstream_tasks;dataset=splice_sites_all;matching=kmer_balanced;matching_signature=(8, 'TCT');border_estimator=center_window_kmer_jsd;estimator=center_jsd;window=48;search_radius=24;kmer=2;top_ratio=0.25;score_scale=4.0;motif_weight=0.0;motif_radius=12;score_normalization=train_quantile;raw_border_score=0.197340;border_score=0.963889",0.29256492853164673,0.30624067783355713,0.40119439363479614
test_Seq_1255,1,1,"benchmark=nucleotide_transformer_downstream_tasks;dataset=splice_sites_all;matching=kmer_balanced;matching_signature=(8, 'AAA');border_estimator=center_window_kmer_jsd;estimator=center_jsd;window=48;search_radius=24;kmer=2;top_ratio=0.25;score_scale=4.0;motif_weight=0.0;motif_radius=12;score_normalization=train_quantile;raw_border_score=0.270272;border_score=1.110689",0.35343775153160095,0.36833980679512024,0.2782224714756012
test_Seq_265,0,2,"benchmark=nucleotide_transformer_downstream_tasks;dataset=splice_sites_all;matching=kmer_balanced;matching_signature=(13, 'CCC');border_estimator=center_window_kmer_jsd;estimator=center_jsd;window=48;search_radius=24;kmer=2;top_ratio=0.25;score_scale=4.0;motif_weight=0.0;motif_radius=12;score_normalization=train_quantile;raw_border_score=0.156140;border_score=0.859578",0.2847037613391876,0.3040425479412079,0.4112536609172821
test_Seq_1505,1,2,"benchmark=nucleotide_transformer_downstream_tasks;dataset=splice_sites_all;matching=kmer_balanced;matching_signature=(11, 'CTG');border_estimator=center_window_kmer_jsd;estimator=center_jsd;window=48;search_radius=24;kmer=2;top_ratio=0.25;score_scale=4.0;motif_weight=0.0;motif_radius=12;score_normalization=train_quantile;raw_border_score=0.213842;border_score=1.003933",0.29707998037338257,0.30878129601478577,0.39413872361183167
test_Seq_2068,2,0,"benchmark=nucleotide_transformer_downstream_tasks;dataset=splice_sites_all;matching=kmer_balanced;matching_signature=(12, 'GGG');border_estimator=center_window_kmer_jsd;estimator=center_jsd;window=48;search_radius=24;kmer=2;top_ratio=0.25;score_scale=4.0;motif_weight=0.0;motif_radius=12;score_normalization=train_quantile;raw_border_score=0.229585;border_score=1.038956",0.37031978368759155,0.36554858088493347,0.264131635427475
test_Seq_1547,1,2,"benchmark=nucleotide_transformer_downstream_tasks;dataset=splice_sites_all;matching=kmer_balanced;matching_signature=(7, 'AAA');border_estimator=center_window_kmer_jsd;estimator=center_jsd;window=48;search_radius=24;kmer=2;top_ratio=0.25;score_scale=4.0;motif_weight=0.0;motif_radius=12;score_normalization=train_quantile;raw_border_score=0.127649;border_score=0.816956",0.18119460344314575,0.21130527555942535,0.6075000762939453
test_Seq_1283,1,2,"benchmark=nucleotide_transformer_downstream_tasks;dataset=splice_sites_all;matching=kmer_balanced;matching_signature=(7, 'TGA');border_estimator=center_window_kmer_jsd;estimator=center_jsd;window=48;search_radius=24;kmer=2;top_ratio=0.25;score_scale=4.0;motif_weight=0.0;motif_radius=12;score_normalization=train_quantile;raw_border_score=0.217897;border_score=1.013489",0.311411589384079,0.3281693756580353,0.36041903495788574
test_Seq_2948,2,2,"benchmark=nucleotide_transformer_downstream_tasks;dataset=splice_sites_all;matching=kmer_balanced;matching_signature=(7, 'TTT');border_estimator=center_window_kmer_jsd;estimator=center_jsd;window=48;search_radius=24;kmer=2;top_ratio=0.25;score_scale=4.0;motif_weight=0.0;motif_radius=12;score_normalization=train_quantile;raw_border_score=0.159035;border_score=0.865444",0.21280820667743683,0.23600009083747864,0.5511917471885681
test_Seq_630,0,2,"benchmark=nucleotide_transformer_downstream_tasks;dataset=splice_sites_all;matching=kmer_balanced;matching_signature=(12, 'CTG');border_estimator=center_window_kmer_jsd;estimator=center_jsd;window=48;search_radius=24;kmer=2;top_ratio=0.25;score_scale=4.0;motif_weight=0.0;motif_radius=12;score_normalization=train_quantile;raw_border_score=0.310232;border_score=1.154289",0.3082776367664337,0.3194095492362976,0.37231284379959106
test_Seq_1096,1,2,"benchmark=nucleotide_transformer_downstream_tasks;dataset=splice_sites_all;matching=kmer_balanced;matching_signature=(7, 'AAA');border_estimator=center_window_kmer_jsd;estimator=center_jsd;window=48;search_radius=24;kmer=2;top_ratio=0.25;score_scale=4.0;motif_weight=0.0;motif_radius=12;score_normalization=train_quantile;raw_border_score=0.148297;border_score=0.844422",0.23943622410297394,0.26812177896499634,0.49244195222854614
test_Seq_2697,2,2,"benchmark=nucleotide_transformer_downstream_tasks;dataset=splice_sites_all;matching=kmer_balanced;matching_signature=(14, 'GGG');border_estimator=center_window_kmer_jsd;estimator=center_jsd;window=48;search_radius=24;kmer=2;top_ratio=0.25;score_scale=4.0;motif_weight=0.0;motif_radius=12;score_normalization=train_quantile;raw_border_score=0.258345;border_score=1.092733",0.32463568449020386,0.32074522972106934,0.3546191155910492
test_Seq_2314,2,2,"benchmark=nucleotide_transformer_downstream_tasks;dataset=splice_sites_all;matching=kmer_balanced;matching_signature=(9, 'CTC');border_estimator=center_window_kmer_jsd;estimator=center_jsd;window=48;search_radius=24;kmer=2;top_ratio=0.25;score_scale=4.0;motif_weight=0.0;motif_radius=12;score_normalization=train_quantile;raw_border_score=0.289728;border_score=1.136156",0.09241421520709991,0.1078527569770813,0.7997329831123352
test_Seq_1870,1,2,"benchmark=nucleotide_transformer_downstream_tasks;dataset=splice_sites_all;matching=kmer_balanced;matching_signature=(8, 'AAA');border_estimator=center_window_kmer_jsd;estimator=center_jsd;window=48;search_radius=24;kmer=2;top_ratio=0.25;score_scale=4.0;motif_weight=0.0;motif_radius=12;score_normalization=train_quantile;raw_border_score=0.216170;border_score=1.009444",0.17444303631782532,0.19873538613319397,0.6268215775489807
test_Seq_2604,2,1,"benchmark=nucleotide_transformer_downstream_tasks;dataset=splice_sites_all;matching=kmer_balanced;matching_signature=(7, 'TTT');border_estimator=center_window_kmer_jsd;estimator=center_jsd;window=48;search_radius=24;kmer=2;top_ratio=0.25;score_scale=4.0;motif_weight=0.0;motif_radius=12;score_normalization=train_quantile;raw_border_score=0.209504;border_score=0.994156",0.3365182876586914,0.3561706244945526,0.307311087846756
test_Seq_1572,1,2,"benchmark=nucleotide_transformer_downstream_tasks;dataset=splice_sites_all;matching=kmer_balanced;matching_signature=(10, 'GGG');border_estimator=center_window_kmer_jsd;estimator=center_jsd;window=48;search_radius=24;kmer=2;top_ratio=0.25;score_scale=4.0;motif_weight=0.0;motif_radius=12;score_normalization=train_quantile;raw_border_score=0.320997;border_score=1.161622",0.2903068959712982,0.2989349365234375,0.4107581377029419
test_Seq_809,0,2,"benchmark=nucleotide_transformer_downstream_tasks;dataset=splice_sites_all;matching=kmer_balanced;matching_signature=(12, 'GGG');border_estimator=center_window_kmer_jsd;estimator=center_jsd;window=48;search_radius=24;kmer=2;top_ratio=0.25;score_scale=4.0;motif_weight=0.0;motif_radius=12;score_normalization=train_quantile;raw_border_score=0.142163;border_score=0.834289",0.29886242747306824,0.3081141412258148,0.39302346110343933
test_Seq_2684,2,2,"benchmark=nucleotide_transformer_downstream_tasks;dataset=splice_sites_all;matching=kmer_balanced;matching_signature=(7, 'TTT');border_estimator=center_window_kmer_jsd;estimator=center_jsd;window=48;search_radius=24;kmer=2;top_ratio=0.25;score_scale=4.0;motif_weight=0.0;motif_radius=12;score_normalization=train_quantile;raw_border_score=0.274862;border_score=1.117000",0.3109274208545685,0.3354038894176483,0.3536687195301056
test_Seq_2724,2,2,"benchmark=nucleotide_transformer_downstream_tasks;dataset=splice_sites_all;matching=kmer_balanced;matching_signature=(6, 'AAA');border_estimator=center_window_kmer_jsd;estimator=center_jsd;window=48;search_radius=24;kmer=2;top_ratio=0.25;score_scale=4.0;motif_weight=0.0;motif_radius=12;score_normalization=train_quantile;raw_border_score=0.123477;border_score=0.813044",0.2629452347755432,0.2839699685573578,0.4530847668647766
test_Seq_1820,1,2,"benchmark=nucleotide_transformer_downstream_tasks;dataset=splice_sites_all;matching=kmer_balanced;matching_signature=(9, 'TGG');border_estimator=center_window_kmer_jsd;estimator=center_jsd;window=48;search_radius=24;kmer=2;top_ratio=0.25;score_scale=4.0;motif_weight=0.0;motif_radius=12;score_normalization=train_quantile;raw_border_score=0.154561;border_score=0.856511",0.23387309908866882,0.2510945498943329,0.5150323510169983
test_Seq_1093,1,2,"benchmark=nucleotide_transformer_downstream_tasks;dataset=splice_sites_all;matching=kmer_balanced;matching_signature=(6, 'AAA');border_estimator=center_window_kmer_jsd;estimator=center_jsd;window=48;search_radius=24;kmer=2;top_ratio=0.25;score_scale=4.0;motif_weight=0.0;motif_radius=12;score_normalization=train_quantile;raw_border_score=0.188083;border_score=0.939133",0.21391285955905914,0.23522870242595673,0.5508584380149841
test_Seq_1053,1,2,"benchmark=nucleotide_transformer_downstream_tasks;dataset=splice_sites_all;matching=kmer_balanced;matching_signature=(8, 'AAA');border_estimator=center_window_kmer_jsd;estimator=center_jsd;window=48;search_radius=24;kmer=2;top_ratio=0.25;score_scale=4.0;motif_weight=0.0;motif_radius=12;score_normalization=train_quantile;raw_border_score=0.188704;border_score=0.940422",0.2540418207645416,0.27476873993873596,0.47118937969207764
test_Seq_1418,1,2,"benchmark=nucleotide_transformer_downstream_tasks;dataset=splice_sites_all;matching=kmer_balanced;matching_signature=(9, 'AAA');border_estimator=center_window_kmer_jsd;estimator=center_jsd;window=48;search_radius=24;kmer=2;top_ratio=0.25;score_scale=4.0;motif_weight=0.0;motif_radius=12;score_normalization=train_quantile;raw_border_score=0.341972;border_score=1.172911",0.2469298243522644,0.2675997316837311,0.4854704439640045
test_Seq_419,0,2,"benchmark=nucleotide_transformer_downstream_tasks;dataset=splice_sites_all;matching=kmer_balanced;matching_signature=(13, 'CCC');border_estimator=center_window_kmer_jsd;estimator=center_jsd;window=48;search_radius=24;kmer=2;top_ratio=0.25;score_scale=4.0;motif_weight=0.0;motif_radius=12;score_normalization=train_quantile;raw_border_score=0.192129;border_score=0.949978",0.2550140619277954,0.26506853103637695,0.47991740703582764
test_Seq_609,0,2,"benchmark=nucleotide_transformer_downstream_tasks;dataset=splice_sites_all;matching=kmer_balanced;matching_signature=(8, 'TTT');border_estimator=center_window_kmer_jsd;estimator=center_jsd;window=48;search_radius=24;kmer=2;top_ratio=0.25;score_scale=4.0;motif_weight=0.0;motif_radius=12;score_normalization=train_quantile;raw_border_score=0.397926;border_score=1.189756",0.13504622876644135,0.15594732761383057,0.7090064287185669
test_Seq_2991,2,2,"benchmark=nucleotide_transformer_downstream_tasks;dataset=splice_sites_all;matching=kmer_balanced;matching_signature=(6, 'AAA');border_estimator=center_window_kmer_jsd;estimator=center_jsd;window=48;search_radius=24;kmer=2;top_ratio=0.25;score_scale=4.0;motif_weight=0.0;motif_radius=12;score_normalization=train_quantile;raw_border_score=0.170047;border_score=0.890956",0.27807995676994324,0.2947395443916321,0.42718055844306946
test_Seq_2470,2,2,"benchmark=nucleotide_transformer_downstream_tasks;dataset=splice_sites_all;matching=kmer_balanced;matching_signature=(12, 'GGG');border_estimator=center_window_kmer_jsd;estimator=center_jsd;window=48;search_radius=24;kmer=2;top_ratio=0.25;score_scale=4.0;motif_weight=0.0;motif_radius=12;score_normalization=train_quantile;raw_border_score=0.264449;border_score=1.102733",0.09874459356069565,0.1115240752696991,0.7897313833236694
test_Seq_1829,1,1,"benchmark=nucleotide_transformer_downstream_tasks;dataset=splice_sites_all;matching=kmer_balanced;matching_signature=(11, 'AGG');border_estimator=center_window_kmer_jsd;estimator=center_jsd;window=48;search_radius=24;kmer=2;top_ratio=0.25;score_scale=4.0;motif_weight=0.0;motif_radius=12;score_normalization=train_quantile;raw_border_score=0.189491;border_score=0.942644",0.3607829213142395,0.3732427656650543,0.2659743130207062
test_Seq_980,0,2,"benchmark=nucleotide_transformer_downstream_tasks;dataset=splice_sites_all;matching=kmer_balanced;matching_signature=(8, 'TTT');border_estimator=center_window_kmer_jsd;estimator=center_jsd;window=48;search_radius=24;kmer=2;top_ratio=0.25;score_scale=4.0;motif_weight=0.0;motif_radius=12;score_normalization=train_quantile;raw_border_score=0.432908;border_score=1.193444",0.1740296185016632,0.19583097100257874,0.6301394701004028
test_Seq_1068,1,1,"benchmark=nucleotide_transformer_downstream_tasks;dataset=splice_sites_all;matching=kmer_balanced;matching_signature=(9, 'TTT');border_estimator=center_window_kmer_jsd;estimator=center_jsd;window=48;search_radius=24;kmer=2;top_ratio=0.25;score_scale=4.0;motif_weight=0.0;motif_radius=12;score_normalization=train_quantile;raw_border_score=0.289205;border_score=1.135711",0.34296539425849915,0.3531474471092224,0.30388718843460083
test_Seq_1361,1,2,"benchmark=nucleotide_transformer_downstream_tasks;dataset=splice_sites_all;matching=kmer_balanced;matching_signature=(10, 'CCT');border_estimator=center_window_kmer_jsd;estimator=center_jsd;window=48;search_radius=24;kmer=2;top_ratio=0.25;score_scale=4.0;motif_weight=0.0;motif_radius=12;score_normalization=train_quantile;raw_border_score=0.135135;border_score=0.825311",0.1711052507162094,0.19384965300559998,0.635045051574707
test_Seq_2342,2,1,"benchmark=nucleotide_transformer_downstream_tasks;dataset=splice_sites_all;matching=kmer_balanced;matching_signature=(9, 'TTT');border_estimator=center_window_kmer_jsd;estimator=center_jsd;window=48;search_radius=24;kmer=2;top_ratio=0.25;score_scale=4.0;motif_weight=0.0;motif_radius=12;score_normalization=train_quantile;raw_border_score=0.290335;border_score=1.136556",0.3415391147136688,0.35417982935905457,0.304281085729599
test_Seq_625,0,2,"benchmark=nucleotide_transformer_downstream_tasks;dataset=splice_sites_all;matching=kmer_balanced;matching_signature=(10, 'TTT');border_estimator=center_window_kmer_jsd;estimator=center_jsd;window=48;search_radius=24;kmer=2;top_ratio=0.25;score_scale=4.0;motif_weight=0.0;motif_radius=12;score_normalization=train_quantile;raw_border_score=0.290833;border_score=1.137044",0.3067510724067688,0.3193630278110504,0.3738859295845032
test_Seq_1947,1,2,"benchmark=nucleotide_transformer_downstream_tasks;dataset=splice_sites_all;matching=kmer_balanced;matching_signature=(8, 'AAG');border_estimator=center_window_kmer_jsd;estimator=center_jsd;window=48;search_radius=24;kmer=2;top_ratio=0.25;score_scale=4.0;motif_weight=0.0;motif_radius=12;score_normalization=train_quantile;raw_border_score=0.162362;border_score=0.872244",0.2900283634662628,0.3155246078968048,0.3944470286369324
test_Seq_2296,2,2,"benchmark=nucleotide_transformer_downstream_tasks;dataset=splice_sites_all;matching=kmer_balanced;matching_signature=(6, 'TTT');border_estimator=center_window_kmer_jsd;estimator=center_jsd;window=48;search_radius=24;kmer=2;top_ratio=0.25;score_scale=4.0;motif_weight=0.0;motif_radius=12;score_normalization=train_quantile;raw_border_score=0.168150;border_score=0.886911",0.2206483781337738,0.24423280358314514,0.535118818283081
test_Seq_269,0,2,"benchmark=nucleotide_transformer_downstream_tasks;dataset=splice_sites_all;matching=kmer_balanced;matching_signature=(5, 'TTT');border_estimator=center_window_kmer_jsd;estimator=center_jsd;window=48;search_radius=24;kmer=2;top_ratio=0.25;score_scale=4.0;motif_weight=0.0;motif_radius=12;score_normalization=train_quantile;raw_border_score=0.307332;border_score=1.151667",0.30243828892707825,0.3235616385936737,0.37400007247924805
test_Seq_150,0,2,"benchmark=nucleotide_transformer_downstream_tasks;dataset=splice_sites_all;matching=kmer_balanced;matching_signature=(10, 'CTC');border_estimator=center_window_kmer_jsd;estimator=center_jsd;window=48;search_radius=24;kmer=2;top_ratio=0.25;score_scale=4.0;motif_weight=0.0;motif_radius=12;score_normalization=train_quantile;raw_border_score=0.279688;border_score=1.123667",0.29519346356391907,0.3094123899936676,0.39539414644241333
test_Seq_799,0,2,"benchmark=nucleotide_transformer_downstream_tasks;dataset=splice_sites_all;matching=kmer_balanced;matching_signature=(12, 'CAG');border_estimator=center_window_kmer_jsd;estimator=center_jsd;window=48;search_radius=24;kmer=2;top_ratio=0.25;score_scale=4.0;motif_weight=0.0;motif_radius=12;score_normalization=train_quantile;raw_border_score=0.393340;border_score=1.188867",0.3015668988227844,0.3122073709964752,0.38622578978538513
test_Seq_1664,1,2,"benchmark=nucleotide_transformer_downstream_tasks;dataset=splice_sites_all;matching=kmer_balanced;matching_signature=(11, 'GGG');border_estimator=center_window_kmer_jsd;estimator=center_jsd;window=48;search_radius=24;kmer=2;top_ratio=0.25;score_scale=4.0;motif_weight=0.0;motif_radius=12;score_normalization=train_quantile;raw_border_score=0.290580;border_score=1.136644",0.2882603704929352,0.2968102991580963,0.4149293005466461
test_Seq_652,0,2,"benchmark=nucleotide_transformer_downstream_tasks;dataset=splice_sites_all;matching=kmer_balanced;matching_signature=(6, 'TTT');border_estimator=center_window_kmer_jsd;estimator=center_jsd;window=48;search_radius=24;kmer=2;top_ratio=0.25;score_scale=4.0;motif_weight=0.0;motif_radius=12;score_normalization=train_quantile;raw_border_score=0.248916;border_score=1.077000",0.31767821311950684,0.32990068197250366,0.3524210751056671
test_Seq_32,0,2,"benchmark=nucleotide_transformer_downstream_tasks;dataset=splice_sites_all;matching=kmer_balanced;matching_signature=(13, 'GGG');border_estimator=center_window_kmer_jsd;estimator=center_jsd;window=48;search_radius=24;kmer=2;top_ratio=0.25;score_scale=4.0;motif_weight=0.0;motif_radius=12;score_normalization=train_quantile;raw_border_score=0.308898;border_score=1.153133",0.24777646362781525,0.26482829451560974,0.4873952269554138
test_Seq_784,0,2,"benchmark=nucleotide_transformer_downstream_tasks;dataset=splice_sites_all;matching=kmer_balanced;matching_signature=(11, 'CAG');border_estimator=center_window_kmer_jsd;estimator=center_jsd;window=48;search_radius=24;kmer=2;top_ratio=0.25;score_scale=4.0;motif_weight=0.0;motif_radius=12;score_normalization=train_quantile;raw_border_score=0.183543;border_score=0.926200",0.25289708375930786,0.2702000141143799,0.47690287232398987
test_Seq_755,0,2,"benchmark=nucleotide_transformer_downstream_tasks;dataset=splice_sites_all;matching=kmer_balanced;matching_signature=(13, 'CCC');border_estimator=center_window_kmer_jsd;estimator=center_jsd;window=48;search_radius=24;kmer=2;top_ratio=0.25;score_scale=4.0;motif_weight=0.0;motif_radius=12;score_normalization=train_quantile;raw_border_score=0.211976;border_score=0.999667",0.30881738662719727,0.3246767222881317,0.3665059208869934
test_Seq_864,0,2,"benchmark=nucleotide_transformer_downstream_tasks;dataset=splice_sites_all;matching=kmer_balanced;matching_signature=(7, 'AAA');border_estimator=center_window_kmer_jsd;estimator=center_jsd;window=48;search_radius=24;kmer=2;top_ratio=0.25;score_scale=4.0;motif_weight=0.0;motif_radius=12;score_normalization=train_quantile;raw_border_score=0.251519;border_score=1.081622",0.22660832107067108,0.24877536296844482,0.5246163010597229
test_Seq_2860,2,2,"benchmark=nucleotide_transformer_downstream_tasks;dataset=splice_sites_all;matching=kmer_balanced;matching_signature=(6, 'TTT');border_estimator=center_window_kmer_jsd;estimator=center_jsd;window=48;search_radius=24;kmer=2;top_ratio=0.25;score_scale=4.0;motif_weight=0.0;motif_radius=12;score_normalization=train_quantile;raw_border_score=0.325545;border_score=1.164067",0.23440881073474884,0.2574094235897064,0.5081817507743835
test_Seq_685,0,1,"benchmark=nucleotide_transformer_downstream_tasks;dataset=splice_sites_all;matching=kmer_balanced;matching_signature=(7, 'AAA');border_estimator=center_window_kmer_jsd;estimator=center_jsd;window=48;search_radius=24;kmer=2;top_ratio=0.25;score_scale=4.0;motif_weight=0.0;motif_radius=12;score_normalization=train_quantile;raw_border_score=0.317078;border_score=1.159000",0.3393389880657196,0.3433246314525604,0.3173363506793976
test_Seq_1937,1,2,"benchmark=nucleotide_transformer_downstream_tasks;dataset=splice_sites_all;matching=kmer_balanced;matching_signature=(9, 'TTT');border_estimator=center_window_kmer_jsd;estimator=center_jsd;window=48;search_radius=24;kmer=2;top_ratio=0.25;score_scale=4.0;motif_weight=0.0;motif_radius=12;score_normalization=train_quantile;raw_border_score=0.287423;border_score=1.133267",0.28415343165397644,0.3073675036430359,0.40847906470298767
test_Seq_759,0,2,"benchmark=nucleotide_transformer_downstream_tasks;dataset=splice_sites_all;matching=kmer_balanced;matching_signature=(7, 'TTT');border_estimator=center_window_kmer_jsd;estimator=center_jsd;window=48;search_radius=24;kmer=2;top_ratio=0.25;score_scale=4.0;motif_weight=0.0;motif_radius=12;score_normalization=train_quantile;raw_border_score=0.245788;border_score=1.070778",0.2340141087770462,0.25859013199806213,0.5073958039283752
test_Seq_2924,2,2,"benchmark=nucleotide_transformer_downstream_tasks;dataset=splice_sites_all;matching=kmer_balanced;matching_signature=(6, 'TTT');border_estimator=center_window_kmer_jsd;estimator=center_jsd;window=48;search_radius=24;kmer=2;top_ratio=0.25;score_scale=4.0;motif_weight=0.0;motif_radius=12;score_normalization=train_quantile;raw_border_score=0.179475;border_score=0.916467",0.2092045247554779,0.22495462000370026,0.5658407807350159
test_Seq_2360,2,2,"benchmark=nucleotide_transformer_downstream_tasks;dataset=splice_sites_all;matching=kmer_balanced;matching_signature=(11, 'AGG');border_estimator=center_window_kmer_jsd;estimator=center_jsd;window=48;search_radius=24;kmer=2;top_ratio=0.25;score_scale=4.0;motif_weight=0.0;motif_radius=12;score_normalization=train_quantile;raw_border_score=0.238104;border_score=1.054822",0.13694675266742706,0.15420527756214142,0.7088478803634644
test_Seq_832,0,2,"benchmark=nucleotide_transformer_downstream_tasks;dataset=splice_sites_all;matching=kmer_balanced;matching_signature=(8, 'TTT');border_estimator=center_window_kmer_jsd;estimator=center_jsd;window=48;search_radius=24;kmer=2;top_ratio=0.25;score_scale=4.0;motif_weight=0.0;motif_radius=12;score_normalization=train_quantile;raw_border_score=0.154184;border_score=0.855800",0.30887749791145325,0.3384315073490143,0.3526909351348877
test_Seq_188,0,2,"benchmark=nucleotide_transformer_downstream_tasks;dataset=splice_sites_all;matching=kmer_balanced;matching_signature=(7, 'TTT');border_estimator=center_window_kmer_jsd;estimator=center_jsd;window=48;search_radius=24;kmer=2;top_ratio=0.25;score_scale=4.0;motif_weight=0.0;motif_radius=12;score_normalization=train_quantile;raw_border_score=0.274403;border_score=1.116467",0.23736749589443207,0.2628996968269348,0.4997328221797943
test_Seq_2736,2,2,"benchmark=nucleotide_transformer_downstream_tasks;dataset=splice_sites_all;matching=kmer_balanced;matching_signature=(6, 'TTT');border_estimator=center_window_kmer_jsd;estimator=center_jsd;window=48;search_radius=24;kmer=2;top_ratio=0.25;score_scale=4.0;motif_weight=0.0;motif_radius=12;score_normalization=train_quantile;raw_border_score=0.204948;border_score=0.984067",0.23841048777103424,0.2673797905445099,0.4942097067832947
test_Seq_287,0,2,"benchmark=nucleotide_transformer_downstream_tasks;dataset=splice_sites_all;matching=kmer_balanced;matching_signature=(7, 'TTT');border_estimator=center_window_kmer_jsd;estimator=center_jsd;window=48;search_radius=24;kmer=2;top_ratio=0.25;score_scale=4.0;motif_weight=0.0;motif_radius=12;score_normalization=train_quantile;raw_border_score=0.248768;border_score=1.076733",0.28831377625465393,0.3095366358757019,0.40214958786964417
test_Seq_2034,2,1,"benchmark=nucleotide_transformer_downstream_tasks;dataset=splice_sites_all;matching=kmer_balanced;matching_signature=(11, 'CAG');border_estimator=center_window_kmer_jsd;estimator=center_jsd;window=48;search_radius=24;kmer=2;top_ratio=0.25;score_scale=4.0;motif_weight=0.0;motif_radius=12;score_normalization=train_quantile;raw_border_score=0.218158;border_score=1.014111",0.36512473225593567,0.36891409754753113,0.2659611403942108
test_Seq_1972,1,2,"benchmark=nucleotide_transformer_downstream_tasks;dataset=splice_sites_all;matching=kmer_balanced;matching_signature=(8, 'TTT');border_estimator=center_window_kmer_jsd;estimator=center_jsd;window=48;search_radius=24;kmer=2;top_ratio=0.25;score_scale=4.0;motif_weight=0.0;motif_radius=12;score_normalization=train_quantile;raw_border_score=0.195567;border_score=0.958822",0.18902012705802917,0.20310786366462708,0.6078720092773438
test_Seq_2363,2,2,"benchmark=nucleotide_transformer_downstream_tasks;dataset=splice_sites_all;matching=kmer_balanced;matching_signature=(11, 'CTG');border_estimator=center_window_kmer_jsd;estimator=center_jsd;window=48;search_radius=24;kmer=2;top_ratio=0.25;score_scale=4.0;motif_weight=0.0;motif_radius=12;score_normalization=train_quantile;raw_border_score=0.219935;border_score=1.018644",0.13424888253211975,0.1475857049226761,0.718165397644043
test_Seq_2728,2,2,"benchmark=nucleotide_transformer_downstream_tasks;dataset=splice_sites_all;matching=kmer_balanced;matching_signature=(7, 'AAA');border_estimator=center_window_kmer_jsd;estimator=center_jsd;window=48;search_radius=24;kmer=2;top_ratio=0.25;score_scale=4.0;motif_weight=0.0;motif_radius=12;score_normalization=train_quantile;raw_border_score=0.162807;border_score=0.873667",0.20119325816631317,0.2158573865890503,0.5829493403434753
test_Seq_2304,2,2,"benchmark=nucleotide_transformer_downstream_tasks;dataset=splice_sites_all;matching=kmer_balanced;matching_signature=(9, 'AAA');border_estimator=center_window_kmer_jsd;estimator=center_jsd;window=48;search_radius=24;kmer=2;top_ratio=0.25;score_scale=4.0;motif_weight=0.0;motif_radius=12;score_normalization=train_quantile;raw_border_score=0.288822;border_score=1.135267",0.214070126414299,0.22780825197696686,0.5581216216087341
test_Seq_1515,1,2,"benchmark=nucleotide_transformer_downstream_tasks;dataset=splice_sites_all;matching=kmer_balanced;matching_signature=(6, 'TTT');border_estimator=center_window_kmer_jsd;estimator=center_jsd;window=48;search_radius=24;kmer=2;top_ratio=0.25;score_scale=4.0;motif_weight=0.0;motif_radius=12;score_normalization=train_quantile;raw_border_score=0.290882;border_score=1.137178",0.21897362172603607,0.24236907064914703,0.5386573076248169
test_Seq_2755,2,2,"benchmark=nucleotide_transformer_downstream_tasks;dataset=splice_sites_all;matching=kmer_balanced;matching_signature=(6, 'TTT');border_estimator=center_window_kmer_jsd;estimator=center_jsd;window=48;search_radius=24;kmer=2;top_ratio=0.25;score_scale=4.0;motif_weight=0.0;motif_radius=12;score_normalization=train_quantile;raw_border_score=0.157051;border_score=0.861489",0.20579922199249268,0.22738035023212433,0.5668204426765442
test_Seq_339,0,2,"benchmark=nucleotide_transformer_downstream_tasks;dataset=splice_sites_all;matching=kmer_balanced;matching_signature=(6, 'TTT');border_estimator=center_window_kmer_jsd;estimator=center_jsd;window=48;search_radius=24;kmer=2;top_ratio=0.25;score_scale=4.0;motif_weight=0.0;motif_radius=12;score_normalization=train_quantile;raw_border_score=0.163038;border_score=0.873889",0.32117047905921936,0.33550307154655457,0.3433264493942261
test_Seq_1604,1,2,"benchmark=nucleotide_transformer_downstream_tasks;dataset=splice_sites_all;matching=kmer_balanced;matching_signature=(8, 'TTT');border_estimator=center_window_kmer_jsd;estimator=center_jsd;window=48;search_radius=24;kmer=2;top_ratio=0.25;score_scale=4.0;motif_weight=0.0;motif_radius=12;score_normalization=train_quantile;raw_border_score=0.221078;border_score=1.021444",0.2220408320426941,0.2382022589445114,0.5397568941116333
test_Seq_366,0,1,"benchmark=nucleotide_transformer_downstream_tasks;dataset=splice_sites_all;matching=kmer_balanced;matching_signature=(6, 'AAA');border_estimator=center_window_kmer_jsd;estimator=center_jsd;window=48;search_radius=24;kmer=2;top_ratio=0.25;score_scale=4.0;motif_weight=0.0;motif_radius=12;score_normalization=train_quantile;raw_border_score=0.269678;border_score=1.109756",0.3469444513320923,0.36359483003616333,0.289460688829422
test_Seq_2098,2,2,"benchmark=nucleotide_transformer_downstream_tasks;dataset=splice_sites_all;matching=kmer_balanced;matching_signature=(6, 'AAA');border_estimator=center_window_kmer_jsd;estimator=center_jsd;window=48;search_radius=24;kmer=2;top_ratio=0.25;score_scale=4.0;motif_weight=0.0;motif_radius=12;score_normalization=train_quantile;raw_border_score=0.306002;border_score=1.151089",0.3199971616268158,0.33070844411849976,0.34929439425468445
test_Seq_2093,2,1,"benchmark=nucleotide_transformer_downstream_tasks;dataset=splice_sites_all;matching=kmer_balanced;matching_signature=(8, 'TTT');border_estimator=center_window_kmer_jsd;estimator=center_jsd;window=48;search_radius=24;kmer=2;top_ratio=0.25;score_scale=4.0;motif_weight=0.0;motif_radius=12;score_normalization=train_quantile;raw_border_score=0.167370;border_score=0.885133",0.3330099880695343,0.3424006700515747,0.32458940148353577
test_Seq_1669,1,2,"benchmark=nucleotide_transformer_downstream_tasks;dataset=splice_sites_all;matching=kmer_balanced;matching_signature=(11, 'CCT');border_estimator=center_window_kmer_jsd;estimator=center_jsd;window=48;search_radius=24;kmer=2;top_ratio=0.25;score_scale=4.0;motif_weight=0.0;motif_radius=12;score_normalization=train_quantile;raw_border_score=0.250411;border_score=1.079978",0.2977195680141449,0.3161288797855377,0.3861515522003174
test_Seq_741,0,2,"benchmark=nucleotide_transformer_downstream_tasks;dataset=splice_sites_all;matching=kmer_balanced;matching_signature=(12, 'GGG');border_estimator=center_window_kmer_jsd;estimator=center_jsd;window=48;search_radius=24;kmer=2;top_ratio=0.25;score_scale=4.0;motif_weight=0.0;motif_radius=12;score_normalization=train_quantile;raw_border_score=0.146067;border_score=0.840911",0.27057400345802307,0.2858729362487793,0.44355309009552
test_Seq_2174,2,2,"benchmark=nucleotide_transformer_downstream_tasks;dataset=splice_sites_all;matching=kmer_balanced;matching_signature=(11, 'GGG');border_estimator=center_window_kmer_jsd;estimator=center_jsd;window=48;search_radius=24;kmer=2;top_ratio=0.25;score_scale=4.0;motif_weight=0.0;motif_radius=12;score_normalization=train_quantile;raw_border_score=0.254174;border_score=1.085978",0.2579926550388336,0.2827678620815277,0.4592394232749939
test_Seq_1832,1,2,"benchmark=nucleotide_transformer_downstream_tasks;dataset=splice_sites_all;matching=kmer_balanced;matching_signature=(11, 'GGG');border_estimator=center_window_kmer_jsd;estimator=center_jsd;window=48;search_radius=24;kmer=2;top_ratio=0.25;score_scale=4.0;motif_weight=0.0;motif_radius=12;score_normalization=train_quantile;raw_border_score=0.351943;border_score=1.177578",0.2863580286502838,0.3026600778102875,0.41098183393478394
test_Seq_1914,1,2,"benchmark=nucleotide_transformer_downstream_tasks;dataset=splice_sites_all;matching=kmer_balanced;matching_signature=(10, 'TCT');border_estimator=center_window_kmer_jsd;estimator=center_jsd;window=48;search_radius=24;kmer=2;top_ratio=0.25;score_scale=4.0;motif_weight=0.0;motif_radius=12;score_normalization=train_quantile;raw_border_score=0.190728;border_score=0.945889",0.2695590555667877,0.2822665870189667,0.448174387216568
test_Seq_1180,1,2,"benchmark=nucleotide_transformer_downstream_tasks;dataset=splice_sites_all;matching=kmer_balanced;matching_signature=(6, 'AAA');border_estimator=center_window_kmer_jsd;estimator=center_jsd;window=48;search_radius=24;kmer=2;top_ratio=0.25;score_scale=4.0;motif_weight=0.0;motif_radius=12;score_normalization=train_quantile;raw_border_score=0.207294;border_score=0.988911",0.328316330909729,0.3356759250164032,0.3360077738761902
test_Seq_1036,1,1,"benchmark=nucleotide_transformer_downstream_tasks;dataset=splice_sites_all;matching=kmer_balanced;matching_signature=(6, 'TTT');border_estimator=center_window_kmer_jsd;estimator=center_jsd;window=48;search_radius=24;kmer=2;top_ratio=0.25;score_scale=4.0;motif_weight=0.0;motif_radius=12;score_normalization=train_quantile;raw_border_score=0.196169;border_score=0.960467",0.3388247489929199,0.3476126492023468,0.3135625422000885
test_Seq_347,0,2,"benchmark=nucleotide_transformer_downstream_tasks;dataset=splice_sites_all;matching=kmer_balanced;matching_signature=(11, 'CCT');border_estimator=center_window_kmer_jsd;estimator=center_jsd;window=48;search_radius=24;kmer=2;top_ratio=0.25;score_scale=4.0;motif_weight=0.0;motif_radius=12;score_normalization=train_quantile;raw_border_score=0.283419;border_score=1.128378",0.26710888743400574,0.2850567698478699,0.4478343427181244
test_Seq_1510,1,2,"benchmark=nucleotide_transformer_downstream_tasks;dataset=splice_sites_all;matching=kmer_balanced;matching_signature=(11, 'CTG');border_estimator=center_window_kmer_jsd;estimator=center_jsd;window=48;search_radius=24;kmer=2;top_ratio=0.25;score_scale=4.0;motif_weight=0.0;motif_radius=12;score_normalization=train_quantile;raw_border_score=0.276186;border_score=1.118867",0.26572495698928833,0.2833672761917114,0.45090773701667786
test_Seq_803,0,2,"benchmark=nucleotide_transformer_downstream_tasks;dataset=splice_sites_all;matching=kmer_balanced;matching_signature=(6, 'AAA');border_estimator=center_window_kmer_jsd;estimator=center_jsd;window=48;search_radius=24;kmer=2;top_ratio=0.25;score_scale=4.0;motif_weight=0.0;motif_radius=12;score_normalization=train_quantile;raw_border_score=0.185594;border_score=0.932244",0.2769456207752228,0.29783546924591064,0.4252188503742218
test_Seq_919,0,2,"benchmark=nucleotide_transformer_downstream_tasks;dataset=splice_sites_all;matching=kmer_balanced;matching_signature=(9, 'TTT');border_estimator=center_window_kmer_jsd;estimator=center_jsd;window=48;search_radius=24;kmer=2;top_ratio=0.25;score_scale=4.0;motif_weight=0.0;motif_radius=12;score_normalization=train_quantile;raw_border_score=0.306219;border_score=1.151089",0.2958179712295532,0.3166032135486603,0.3875787854194641
test_Seq_783,0,2,"benchmark=nucleotide_transformer_downstream_tasks;dataset=splice_sites_all;matching=kmer_balanced;matching_signature=(6, 'ATT');border_estimator=center_window_kmer_jsd;estimator=center_jsd;window=48;search_radius=24;kmer=2;top_ratio=0.25;score_scale=4.0;motif_weight=0.0;motif_radius=12;score_normalization=train_quantile;raw_border_score=0.326678;border_score=1.164733",0.21437020599842072,0.24292254447937012,0.5427072644233704
test_Seq_2931,2,2,"benchmark=nucleotide_transformer_downstream_tasks;dataset=splice_sites_all;matching=kmer_balanced;matching_signature=(9, 'TTT');border_estimator=center_window_kmer_jsd;estimator=center_jsd;window=48;search_radius=24;kmer=2;top_ratio=0.25;score_scale=4.0;motif_weight=0.0;motif_radius=12;score_normalization=train_quantile;raw_border_score=0.238481;border_score=1.055311",0.11272421479225159,0.12690646946430206,0.7603693008422852
test_Seq_903,0,2,"benchmark=nucleotide_transformer_downstream_tasks;dataset=splice_sites_all;matching=kmer_balanced;matching_signature=(7, 'TGT');border_estimator=center_window_kmer_jsd;estimator=center_jsd;window=48;search_radius=24;kmer=2;top_ratio=0.25;score_scale=4.0;motif_weight=0.0;motif_radius=12;score_normalization=train_quantile;raw_border_score=0.247389;border_score=1.073844",0.2807177007198334,0.30520743131637573,0.41407492756843567
test_Seq_2959,2,2,"benchmark=nucleotide_transformer_downstream_tasks;dataset=splice_sites_all;matching=kmer_balanced;matching_signature=(6, 'TTT');border_estimator=center_window_kmer_jsd;estimator=center_jsd;window=48;search_radius=24;kmer=2;top_ratio=0.25;score_scale=4.0;motif_weight=0.0;motif_radius=12;score_normalization=train_quantile;raw_border_score=0.113148;border_score=0.807178",0.23632431030273438,0.25741690397262573,0.5062587261199951
test_Seq_2976,2,2,"benchmark=nucleotide_transformer_downstream_tasks;dataset=splice_sites_all;matching=kmer_balanced;matching_signature=(8, 'TGA');border_estimator=center_window_kmer_jsd;estimator=center_jsd;window=48;search_radius=24;kmer=2;top_ratio=0.25;score_scale=4.0;motif_weight=0.0;motif_radius=12;score_normalization=train_quantile;raw_border_score=0.205106;border_score=0.984556",0.2994731366634369,0.3121938705444336,0.3883329927921295
test_Seq_1176,1,1,"benchmark=nucleotide_transformer_downstream_tasks;dataset=splice_sites_all;matching=kmer_balanced;matching_signature=(7, 'AAA');border_estimator=center_window_kmer_jsd;estimator=center_jsd;window=48;search_radius=24;kmer=2;top_ratio=0.25;score_scale=4.0;motif_weight=0.0;motif_radius=12;score_normalization=train_quantile;raw_border_score=0.252548;border_score=1.083222",0.33464449644088745,0.3408759534358978,0.3244795799255371
test_Seq_1379,1,2,"benchmark=nucleotide_transformer_downstream_tasks;dataset=splice_sites_all;matching=kmer_balanced;matching_signature=(11, 'CCC');border_estimator=center_window_kmer_jsd;estimator=center_jsd;window=48;search_radius=24;kmer=2;top_ratio=0.25;score_scale=4.0;motif_weight=0.0;motif_radius=12;score_normalization=train_quantile;raw_border_score=0.343527;border_score=1.173622",0.28823909163475037,0.3033781945705414,0.4083826541900635
test_Seq_81,0,2,"benchmark=nucleotide_transformer_downstream_tasks;dataset=splice_sites_all;matching=kmer_balanced;matching_signature=(12, 'CCC');border_estimator=center_window_kmer_jsd;estimator=center_jsd;window=48;search_radius=24;kmer=2;top_ratio=0.25;score_scale=4.0;motif_weight=0.0;motif_radius=12;score_normalization=train_quantile;raw_border_score=0.362683;border_score=1.181400",0.30179351568222046,0.32004040479660034,0.3781660795211792
test_Seq_2609,2,2,"benchmark=nucleotide_transformer_downstream_tasks;dataset=splice_sites_all;matching=kmer_balanced;matching_signature=(7, 'TAT');border_estimator=center_window_kmer_jsd;estimator=center_jsd;window=48;search_radius=24;kmer=2;top_ratio=0.25;score_scale=4.0;motif_weight=0.0;motif_radius=12;score_normalization=train_quantile;raw_border_score=0.291847;border_score=1.138200",0.2955051362514496,0.3099689483642578,0.3945258855819702
test_Seq_1078,1,2,"benchmark=nucleotide_transformer_downstream_tasks;dataset=splice_sites_all;matching=kmer_balanced;matching_signature=(5, 'TTT');border_estimator=center_window_kmer_jsd;estimator=center_jsd;window=48;search_radius=24;kmer=2;top_ratio=0.25;score_scale=4.0;motif_weight=0.0;motif_radius=12;score_normalization=train_quantile;raw_border_score=0.329631;border_score=1.166022",0.2637959122657776,0.289093554019928,0.44711053371429443
test_Seq_1199,1,1,"benchmark=nucleotide_transformer_downstream_tasks;dataset=splice_sites_all;matching=kmer_balanced;matching_signature=(10, 'CAG');border_estimator=center_window_kmer_jsd;estimator=center_jsd;window=48;search_radius=24;kmer=2;top_ratio=0.25;score_scale=4.0;motif_weight=0.0;motif_radius=12;score_normalization=train_quantile;raw_border_score=0.203021;border_score=0.979044",0.3328198790550232,0.3432731330394745,0.3239069879055023
test_Seq_1757,1,2,"benchmark=nucleotide_transformer_downstream_tasks;dataset=splice_sites_all;matching=kmer_balanced;matching_signature=(7, 'AAA');border_estimator=center_window_kmer_jsd;estimator=center_jsd;window=48;search_radius=24;kmer=2;top_ratio=0.25;score_scale=4.0;motif_weight=0.0;motif_radius=12;score_normalization=train_quantile;raw_border_score=0.188386;border_score=0.939800",0.17876778542995453,0.20927609503269196,0.6119561195373535
test_Seq_1413,1,2,"benchmark=nucleotide_transformer_downstream_tasks;dataset=splice_sites_all;matching=kmer_balanced;matching_signature=(6, 'TTT');border_estimator=center_window_kmer_jsd;estimator=center_jsd;window=48;search_radius=24;kmer=2;top_ratio=0.25;score_scale=4.0;motif_weight=0.0;motif_radius=12;score_normalization=train_quantile;raw_border_score=0.239888;border_score=1.058022",0.21227681636810303,0.2352413684129715,0.5524817705154419
test_Seq_337,0,2,"benchmark=nucleotide_transformer_downstream_tasks;dataset=splice_sites_all;matching=kmer_balanced;matching_signature=(13, 'GGG');border_estimator=center_window_kmer_jsd;estimator=center_jsd;window=48;search_radius=24;kmer=2;top_ratio=0.25;score_scale=4.0;motif_weight=0.0;motif_radius=12;score_normalization=train_quantile;raw_border_score=0.168884;border_score=0.888422",0.31368884444236755,0.3223310112953186,0.36398017406463623
test_Seq_1148,1,2,"benchmark=nucleotide_transformer_downstream_tasks;dataset=splice_sites_all;matching=kmer_balanced;matching_signature=(8, 'TTT');border_estimator=center_window_kmer_jsd;estimator=center_jsd;window=48;search_radius=24;kmer=2;top_ratio=0.25;score_scale=4.0;motif_weight=0.0;motif_radius=12;score_normalization=train_quantile;raw_border_score=0.136095;border_score=0.826822",0.3085668087005615,0.32843559980392456,0.36299756169319153
test_Seq_2008,2,1,"benchmark=nucleotide_transformer_downstream_tasks;dataset=splice_sites_all;matching=kmer_balanced;matching_signature=(11, 'CTG');border_estimator=center_window_kmer_jsd;estimator=center_jsd;window=48;search_radius=24;kmer=2;top_ratio=0.25;score_scale=4.0;motif_weight=0.0;motif_radius=12;score_normalization=train_quantile;raw_border_score=0.242146;border_score=1.063978",0.32317930459976196,0.3408750295639038,0.33594566583633423
test_Seq_898,0,2,"benchmark=nucleotide_transformer_downstream_tasks;dataset=splice_sites_all;matching=kmer_balanced;matching_signature=(8, 'TTT');border_estimator=center_window_kmer_jsd;estimator=center_jsd;window=48;search_radius=24;kmer=2;top_ratio=0.25;score_scale=4.0;motif_weight=0.0;motif_radius=12;score_normalization=train_quantile;raw_border_score=0.264040;border_score=1.102378",0.12523411214351654,0.14247030019760132,0.7322956323623657
test_Seq_252,0,2,"benchmark=nucleotide_transformer_downstream_tasks;dataset=splice_sites_all;matching=kmer_balanced;matching_signature=(6, 'TTT');border_estimator=center_window_kmer_jsd;estimator=center_jsd;window=48;search_radius=24;kmer=2;top_ratio=0.25;score_scale=4.0;motif_weight=0.0;motif_radius=12;score_normalization=train_quantile;raw_border_score=0.389260;border_score=1.188156",0.2738129198551178,0.2883959710597992,0.43779119849205017
test_Seq_836,0,2,"benchmark=nucleotide_transformer_downstream_tasks;dataset=splice_sites_all;matching=kmer_balanced;matching_signature=(6, 'TTT');border_estimator=center_window_kmer_jsd;estimator=center_jsd;window=48;search_radius=24;kmer=2;top_ratio=0.25;score_scale=4.0;motif_weight=0.0;motif_radius=12;score_normalization=train_quantile;raw_border_score=0.213295;border_score=1.002911",0.25140678882598877,0.2780306041240692,0.4705626964569092
test_Seq_471,0,2,"benchmark=nucleotide_transformer_downstream_tasks;dataset=splice_sites_all;matching=kmer_balanced;matching_signature=(6, 'TTT');border_estimator=center_window_kmer_jsd;estimator=center_jsd;window=48;search_radius=24;kmer=2;top_ratio=0.25;score_scale=4.0;motif_weight=0.0;motif_radius=12;score_normalization=train_quantile;raw_border_score=0.192998;border_score=0.952067",0.20220300555229187,0.22948047518730164,0.5683165192604065
test_Seq_754,0,2,"benchmark=nucleotide_transformer_downstream_tasks;dataset=splice_sites_all;matching=kmer_balanced;matching_signature=(10, 'CAG');border_estimator=center_window_kmer_jsd;estimator=center_jsd;window=48;search_radius=24;kmer=2;top_ratio=0.25;score_scale=4.0;motif_weight=0.0;motif_radius=12;score_normalization=train_quantile;raw_border_score=0.307427;border_score=1.151711",0.3083249628543854,0.32650548219680786,0.365169495344162
test_Seq_556,0,2,"benchmark=nucleotide_transformer_downstream_tasks;dataset=splice_sites_all;matching=kmer_balanced;matching_signature=(7, 'AAA');border_estimator=center_window_kmer_jsd;estimator=center_jsd;window=48;search_radius=24;kmer=2;top_ratio=0.25;score_scale=4.0;motif_weight=0.0;motif_radius=12;score_normalization=train_quantile;raw_border_score=0.310750;border_score=1.154822",0.2964204251766205,0.30937913060188293,0.39420050382614136
test_Seq_1899,1,2,"benchmark=nucleotide_transformer_downstream_tasks;dataset=splice_sites_all;matching=kmer_balanced;matching_signature=(7, 'TTT');border_estimator=center_window_kmer_jsd;estimator=center_jsd;window=48;search_radius=24;kmer=2;top_ratio=0.25;score_scale=4.0;motif_weight=0.0;motif_radius=12;score_normalization=train_quantile;raw_border_score=0.216822;border_score=1.011044",0.28800779581069946,0.31128838658332825,0.4007037878036499
test_Seq_2612,2,2,"benchmark=nucleotide_transformer_downstream_tasks;dataset=splice_sites_all;matching=kmer_balanced;matching_signature=(8, 'GAA');border_estimator=center_window_kmer_jsd;estimator=center_jsd;window=48;search_radius=24;kmer=2;top_ratio=0.25;score_scale=4.0;motif_weight=0.0;motif_radius=12;score_normalization=train_quantile;raw_border_score=0.139101;border_score=0.830689",0.3175012171268463,0.33410340547561646,0.3483954071998596
test_Seq_2623,2,2,"benchmark=nucleotide_transformer_downstream_tasks;dataset=splice_sites_all;matching=kmer_balanced;matching_signature=(7, 'AAA');border_estimator=center_window_kmer_jsd;estimator=center_jsd;window=48;search_radius=24;kmer=2;top_ratio=0.25;score_scale=4.0;motif_weight=0.0;motif_radius=12;score_normalization=train_quantile;raw_border_score=0.234800;border_score=1.049089",0.1585741937160492,0.17169396579265594,0.6697317957878113
test_Seq_1842,1,2,"benchmark=nucleotide_transformer_downstream_tasks;dataset=splice_sites_all;matching=kmer_balanced;matching_signature=(6, 'TTT');border_estimator=center_window_kmer_jsd;estimator=center_jsd;window=48;search_radius=24;kmer=2;top_ratio=0.25;score_scale=4.0;motif_weight=0.0;motif_radius=12;score_normalization=train_quantile;raw_border_score=0.179415;border_score=0.916422",0.3122904598712921,0.3218819797039032,0.3658275306224823
test_Seq_2455,2,2,"benchmark=nucleotide_transformer_downstream_tasks;dataset=splice_sites_all;matching=kmer_balanced;matching_signature=(8, 'TTT');border_estimator=center_window_kmer_jsd;estimator=center_jsd;window=48;search_radius=24;kmer=2;top_ratio=0.25;score_scale=4.0;motif_weight=0.0;motif_radius=12;score_normalization=train_quantile;raw_border_score=0.204898;border_score=0.984022",0.13604234158992767,0.15542590618133545,0.7085317373275757
test_Seq_1860,1,2,"benchmark=nucleotide_transformer_downstream_tasks;dataset=splice_sites_all;matching=kmer_balanced;matching_signature=(10, 'TCC');border_estimator=center_window_kmer_jsd;estimator=center_jsd;window=48;search_radius=24;kmer=2;top_ratio=0.25;score_scale=4.0;motif_weight=0.0;motif_radius=12;score_normalization=train_quantile;raw_border_score=0.243479;border_score=1.066689",0.2839232087135315,0.28516486287117004,0.4309118688106537
test_Seq_171,0,2,"benchmark=nucleotide_transformer_downstream_tasks;dataset=splice_sites_all;matching=kmer_balanced;matching_signature=(12, 'CTG');border_estimator=center_window_kmer_jsd;estimator=center_jsd;window=48;search_radius=24;kmer=2;top_ratio=0.25;score_scale=4.0;motif_weight=0.0;motif_radius=12;score_normalization=train_quantile;raw_border_score=0.229709;border_score=1.039178",0.2941884696483612,0.31505757570266724,0.39075398445129395
test_Seq_742,0,2,"benchmark=nucleotide_transformer_downstream_tasks;dataset=splice_sites_all;matching=kmer_balanced;matching_signature=(10, 'GGG');border_estimator=center_window_kmer_jsd;estimator=center_jsd;window=48;search_radius=24;kmer=2;top_ratio=0.25;score_scale=4.0;motif_weight=0.0;motif_radius=12;score_normalization=train_quantile;raw_border_score=0.170399;border_score=0.891578",0.3030863404273987,0.3208296597003937,0.37608394026756287
test_Seq_2019,2,2,"benchmark=nucleotide_transformer_downstream_tasks;dataset=splice_sites_all;matching=kmer_balanced;matching_signature=(10, 'CAG');border_estimator=center_window_kmer_jsd;estimator=center_jsd;window=48;search_radius=24;kmer=2;top_ratio=0.25;score_scale=4.0;motif_weight=0.0;motif_radius=12;score_normalization=train_quantile;raw_border_score=0.116657;border_score=0.809089",0.13005410134792328,0.14198996126651764,0.7279559373855591
test_Seq_2824,2,2,"benchmark=nucleotide_transformer_downstream_tasks;dataset=splice_sites_all;matching=kmer_balanced;matching_signature=(10, 'CCA');border_estimator=center_window_kmer_jsd;estimator=center_jsd;window=48;search_radius=24;kmer=2;top_ratio=0.25;score_scale=4.0;motif_weight=0.0;motif_radius=12;score_normalization=train_quantile;raw_border_score=0.208785;border_score=0.992067",0.26045823097229004,0.2780907452106476,0.46145099401474
test_Seq_1236,1,2,"benchmark=nucleotide_transformer_downstream_tasks;dataset=splice_sites_all;matching=kmer_balanced;matching_signature=(10, 'CTG');border_estimator=center_window_kmer_jsd;estimator=center_jsd;window=48;search_radius=24;kmer=2;top_ratio=0.25;score_scale=4.0;motif_weight=0.0;motif_radius=12;score_normalization=train_quantile;raw_border_score=0.119928;border_score=0.810956",0.2872278392314911,0.2993447482585907,0.4134274423122406
test_Seq_1478,1,2,"benchmark=nucleotide_transformer_downstream_tasks;dataset=splice_sites_all;matching=kmer_balanced;matching_signature=(9, 'TTT');border_estimator=center_window_kmer_jsd;estimator=center_jsd;window=48;search_radius=24;kmer=2;top_ratio=0.25;score_scale=4.0;motif_weight=0.0;motif_radius=12;score_normalization=train_quantile;raw_border_score=0.170863;border_score=0.892778",0.2667328119277954,0.280312716960907,0.45295456051826477
test_Seq_1892,1,1,"benchmark=nucleotide_transformer_downstream_tasks;dataset=splice_sites_all;matching=kmer_balanced;matching_signature=(8, 'TGT');border_estimator=center_window_kmer_jsd;estimator=center_jsd;window=48;search_radius=24;kmer=2;top_ratio=0.25;score_scale=4.0;motif_weight=0.0;motif_radius=12;score_normalization=train_quantile;raw_border_score=0.263835;border_score=1.102067",0.3390768766403198,0.3477974832057953,0.3131256103515625
test_Seq_1833,1,2,"benchmark=nucleotide_transformer_downstream_tasks;dataset=splice_sites_all;matching=kmer_balanced;matching_signature=(6, 'AAA');border_estimator=center_window_kmer_jsd;estimator=center_jsd;window=48;search_radius=24;kmer=2;top_ratio=0.25;score_scale=4.0;motif_weight=0.0;motif_radius=12;score_normalization=train_quantile;raw_border_score=0.251950;border_score=1.082200",0.29515987634658813,0.3153117895126343,0.3895283341407776
test_Seq_2295,2,1,"benchmark=nucleotide_transformer_downstream_tasks;dataset=splice_sites_all;matching=kmer_balanced;matching_signature=(9, 'TTT');border_estimator=center_window_kmer_jsd;estimator=center_jsd;window=48;search_radius=24;kmer=2;top_ratio=0.25;score_scale=4.0;motif_weight=0.0;motif_radius=12;score_normalization=train_quantile;raw_border_score=0.150891;border_score=0.848867",0.334094762802124,0.3576010465621948,0.30830419063568115
test_Seq_597,0,2,"benchmark=nucleotide_transformer_downstream_tasks;dataset=splice_sites_all;matching=kmer_balanced;matching_signature=(6, 'TTT');border_estimator=center_window_kmer_jsd;estimator=center_jsd;window=48;search_radius=24;kmer=2;top_ratio=0.25;score_scale=4.0;motif_weight=0.0;motif_radius=12;score_normalization=train_quantile;raw_border_score=0.177440;border_score=0.912156",0.3033410310745239,0.3262563645839691,0.37040257453918457
test_Seq_1551,1,1,"benchmark=nucleotide_transformer_downstream_tasks;dataset=splice_sites_all;matching=kmer_balanced;matching_signature=(9, 'AAA');border_estimator=center_window_kmer_jsd;estimator=center_jsd;window=48;search_radius=24;kmer=2;top_ratio=0.25;score_scale=4.0;motif_weight=0.0;motif_radius=12;score_normalization=train_quantile;raw_border_score=0.179406;border_score=0.916422",0.31855785846710205,0.3444259762763977,0.33701619505882263
test_Seq_1665,1,2,"benchmark=nucleotide_transformer_downstream_tasks;dataset=splice_sites_all;matching=kmer_balanced;matching_signature=(7, 'AAA');border_estimator=center_window_kmer_jsd;estimator=center_jsd;window=48;search_radius=24;kmer=2;top_ratio=0.25;score_scale=4.0;motif_weight=0.0;motif_radius=12;score_normalization=train_quantile;raw_border_score=0.183298;border_score=0.925667",0.30116769671440125,0.3215252757072449,0.37730705738067627
test_Seq_516,0,2,"benchmark=nucleotide_transformer_downstream_tasks;dataset=splice_sites_all;matching=kmer_balanced;matching_signature=(7, 'AAA');border_estimator=center_window_kmer_jsd;estimator=center_jsd;window=48;search_radius=24;kmer=2;top_ratio=0.25;score_scale=4.0;motif_weight=0.0;motif_radius=12;score_normalization=train_quantile;raw_border_score=0.260579;border_score=1.096822",0.2573493719100952,0.27645066380500793,0.46619996428489685
test_Seq_383,0,2,"benchmark=nucleotide_transformer_downstream_tasks;dataset=splice_sites_all;matching=kmer_balanced;matching_signature=(6, 'TTT');border_estimator=center_window_kmer_jsd;estimator=center_jsd;window=48;search_radius=24;kmer=2;top_ratio=0.25;score_scale=4.0;motif_weight=0.0;motif_radius=12;score_normalization=train_quantile;raw_border_score=0.340203;border_score=1.172022",0.22815632820129395,0.24960076808929443,0.5222429037094116
test_Seq_328,0,2,"benchmark=nucleotide_transformer_downstream_tasks;dataset=splice_sites_all;matching=kmer_balanced;matching_signature=(7, 'TTT');border_estimator=center_window_kmer_jsd;estimator=center_jsd;window=48;search_radius=24;kmer=2;top_ratio=0.25;score_scale=4.0;motif_weight=0.0;motif_radius=12;score_normalization=train_quantile;raw_border_score=0.274403;border_score=1.116467",0.23736757040023804,0.2628997564315796,0.49973270297050476
test_Seq_23,0,1,"benchmark=nucleotide_transformer_downstream_tasks;dataset=splice_sites_all;matching=kmer_balanced;matching_signature=(7, 'TTT');border_estimator=center_window_kmer_jsd;estimator=center_jsd;window=48;search_radius=24;kmer=2;top_ratio=0.25;score_scale=4.0;motif_weight=0.0;motif_radius=12;score_normalization=train_quantile;raw_border_score=0.200507;border_score=0.972333",0.33620893955230713,0.3504146337509155,0.31337645649909973
test_Seq_825,0,2,"benchmark=nucleotide_transformer_downstream_tasks;dataset=splice_sites_all;matching=kmer_balanced;matching_signature=(13, 'GGG');border_estimator=center_window_kmer_jsd;estimator=center_jsd;window=48;search_radius=24;kmer=2;top_ratio=0.25;score_scale=4.0;motif_weight=0.0;motif_radius=12;score_normalization=train_quantile;raw_border_score=0.150767;border_score=0.848778",0.3100642263889313,0.31439852714538574,0.37553727626800537
test_Seq_1837,1,2,"benchmark=nucleotide_transformer_downstream_tasks;dataset=splice_sites_all;matching=kmer_balanced;matching_signature=(6, 'AAT');border_estimator=center_window_kmer_jsd;estimator=center_jsd;window=48;search_radius=24;kmer=2;top_ratio=0.25;score_scale=4.0;motif_weight=0.0;motif_radius=12;score_normalization=train_quantile;raw_border_score=0.220803;border_score=1.020644",0.31255391240119934,0.3354673981666565,0.35197871923446655
test_Seq_485,0,1,"benchmark=nucleotide_transformer_downstream_tasks;dataset=splice_sites_all;matching=kmer_balanced;matching_signature=(5, 'AAA');border_estimator=center_window_kmer_jsd;estimator=center_jsd;window=48;search_radius=24;kmer=2;top_ratio=0.25;score_scale=4.0;motif_weight=0.0;motif_radius=12;score_normalization=train_quantile;raw_border_score=0.195434;border_score=0.958378",0.34780076146125793,0.3564554452896118,0.29574376344680786
test_Seq_1827,1,2,"benchmark=nucleotide_transformer_downstream_tasks;dataset=splice_sites_all;matching=kmer_balanced;matching_signature=(7, 'TTT');border_estimator=center_window_kmer_jsd;estimator=center_jsd;window=48;search_radius=24;kmer=2;top_ratio=0.25;score_scale=4.0;motif_weight=0.0;motif_radius=12;score_normalization=train_quantile;raw_border_score=0.214077;border_score=1.004511",0.19889280200004578,0.22204752266407013,0.5790596008300781
test_Seq_1465,1,2,"benchmark=nucleotide_transformer_downstream_tasks;dataset=splice_sites_all;matching=kmer_balanced;matching_signature=(9, 'TTT');border_estimator=center_window_kmer_jsd;estimator=center_jsd;window=48;search_radius=24;kmer=2;top_ratio=0.25;score_scale=4.0;motif_weight=0.0;motif_radius=12;score_normalization=train_quantile;raw_border_score=0.267897;border_score=1.107044",0.3067508637905121,0.32763978838920593,0.36560940742492676
test_Seq_436,0,2,"benchmark=nucleotide_transformer_downstream_tasks;dataset=splice_sites_all;matching=kmer_balanced;matching_signature=(11, 'CCT');border_estimator=center_window_kmer_jsd;estimator=center_jsd;window=48;search_radius=24;kmer=2;top_ratio=0.25;score_scale=4.0;motif_weight=0.0;motif_radius=12;score_normalization=train_quantile;raw_border_score=0.119457;border_score=0.810556",0.306523859500885,0.32346493005752563,0.37001121044158936
test_Seq_1189,1,2,"benchmark=nucleotide_transformer_downstream_tasks;dataset=splice_sites_all;matching=kmer_balanced;matching_signature=(10, 'CTC');border_estimator=center_window_kmer_jsd;estimator=center_jsd;window=48;search_radius=24;kmer=2;top_ratio=0.25;score_scale=4.0;motif_weight=0.0;motif_radius=12;score_normalization=train_quantile;raw_border_score=0.240060;border_score=1.058644",0.3175635039806366,0.33575645089149475,0.34668007493019104
test_Seq_1772,1,2,"benchmark=nucleotide_transformer_downstream_tasks;dataset=splice_sites_all;matching=kmer_balanced;matching_signature=(6, 'AAA');border_estimator=center_window_kmer_jsd;estimator=center_jsd;window=48;search_radius=24;kmer=2;top_ratio=0.25;score_scale=4.0;motif_weight=0.0;motif_radius=12;score_normalization=train_quantile;raw_border_score=0.183547;border_score=0.926200",0.24187438189983368,0.25549715757369995,0.5026284456253052
test_Seq_1313,1,2,"benchmark=nucleotide_transformer_downstream_tasks;dataset=splice_sites_all;matching=kmer_balanced;matching_signature=(9, 'AGG');border_estimator=center_window_kmer_jsd;estimator=center_jsd;window=48;search_radius=24;kmer=2;top_ratio=0.25;score_scale=4.0;motif_weight=0.0;motif_radius=12;score_normalization=train_quantile;raw_border_score=0.301798;border_score=1.147622",0.29569974541664124,0.3131895959377289,0.39111068844795227
test_Seq_1898,1,2,"benchmark=nucleotide_transformer_downstream_tasks;dataset=splice_sites_all;matching=kmer_balanced;matching_signature=(6, 'TTT');border_estimator=center_window_kmer_jsd;estimator=center_jsd;window=48;search_radius=24;kmer=2;top_ratio=0.25;score_scale=4.0;motif_weight=0.0;motif_radius=12;score_normalization=train_quantile;raw_border_score=0.201082;border_score=0.973622",0.21807987987995148,0.24573057889938354,0.5361895561218262
test_Seq_1681,1,1,"benchmark=nucleotide_transformer_downstream_tasks;dataset=splice_sites_all;matching=kmer_balanced;matching_signature=(10, 'TTT');border_estimator=center_window_kmer_jsd;estimator=center_jsd;window=48;search_radius=24;kmer=2;top_ratio=0.25;score_scale=4.0;motif_weight=0.0;motif_radius=12;score_normalization=train_quantile;raw_border_score=0.239817;border_score=1.057889",0.3368324339389801,0.34638044238090515,0.31678709387779236
test_Seq_266,0,2,"benchmark=nucleotide_transformer_downstream_tasks;dataset=splice_sites_all;matching=kmer_balanced;matching_signature=(9, 'TTT');border_estimator=center_window_kmer_jsd;estimator=center_jsd;window=48;search_radius=24;kmer=2;top_ratio=0.25;score_scale=4.0;motif_weight=0.0;motif_radius=12;score_normalization=train_quantile;raw_border_score=0.237254;border_score=1.053133",0.2580629885196686,0.284592866897583,0.4573441445827484
test_Seq_160,0,2,"benchmark=nucleotide_transformer_downstream_tasks;dataset=splice_sites_all;matching=kmer_balanced;matching_signature=(9, 'TTT');border_estimator=center_window_kmer_jsd;estimator=center_jsd;window=48;search_radius=24;kmer=2;top_ratio=0.25;score_scale=4.0;motif_weight=0.0;motif_radius=12;score_normalization=train_quantile;raw_border_score=0.187843;border_score=0.938333",0.2457556277513504,0.25586754083633423,0.49837687611579895
test_Seq_1453,1,2,"benchmark=nucleotide_transformer_downstream_tasks;dataset=splice_sites_all;matching=kmer_balanced;matching_signature=(7, 'ATT');border_estimator=center_window_kmer_jsd;estimator=center_jsd;window=48;search_radius=24;kmer=2;top_ratio=0.25;score_scale=4.0;motif_weight=0.0;motif_radius=12;score_normalization=train_quantile;raw_border_score=0.094228;border_score=0.801489",0.2335597574710846,0.2562647759914398,0.5101754665374756
test_Seq_2007,2,2,"benchmark=nucleotide_transformer_downstream_tasks;dataset=splice_sites_all;matching=kmer_balanced;matching_signature=(9, 'AAA');border_estimator=center_window_kmer_jsd;estimator=center_jsd;window=48;search_radius=24;kmer=2;top_ratio=0.25;score_scale=4.0;motif_weight=0.0;motif_radius=12;score_normalization=train_quantile;raw_border_score=0.194235;border_score=0.955356",0.18056432902812958,0.2012617141008377,0.6181739568710327
test_Seq_1603,1,2,"benchmark=nucleotide_transformer_downstream_tasks;dataset=splice_sites_all;matching=kmer_balanced;matching_signature=(7, 'AAA');border_estimator=center_window_kmer_jsd;estimator=center_jsd;window=48;search_radius=24;kmer=2;top_ratio=0.25;score_scale=4.0;motif_weight=0.0;motif_radius=12;score_normalization=train_quantile;raw_border_score=0.159262;border_score=0.866022",0.20374108850955963,0.2320619821548462,0.5641969442367554
test_Seq_2028,2,2,"benchmark=nucleotide_transformer_downstream_tasks;dataset=splice_sites_all;matching=kmer_balanced;matching_signature=(9, 'GGG');border_estimator=center_window_kmer_jsd;estimator=center_jsd;window=48;search_radius=24;kmer=2;top_ratio=0.25;score_scale=4.0;motif_weight=0.0;motif_radius=12;score_normalization=train_quantile;raw_border_score=0.312400;border_score=1.155800",0.1882791817188263,0.2126920372247696,0.5990287661552429
test_Seq_2334,2,2,"benchmark=nucleotide_transformer_downstream_tasks;dataset=splice_sites_all;matching=kmer_balanced;matching_signature=(9, 'AAA');border_estimator=center_window_kmer_jsd;estimator=center_jsd;window=48;search_radius=24;kmer=2;top_ratio=0.25;score_scale=4.0;motif_weight=0.0;motif_radius=12;score_normalization=train_quantile;raw_border_score=0.493129;border_score=1.198111",0.13115327060222626,0.1477818489074707,0.7210648655891418
test_Seq_2225,2,2,"benchmark=nucleotide_transformer_downstream_tasks;dataset=splice_sites_all;matching=kmer_balanced;matching_signature=(6, 'TTT');border_estimator=center_window_kmer_jsd;estimator=center_jsd;window=48;search_radius=24;kmer=2;top_ratio=0.25;score_scale=4.0;motif_weight=0.0;motif_radius=12;score_normalization=train_quantile;raw_border_score=0.349557;border_score=1.176822",0.19636251032352448,0.2257174551486969,0.5779200792312622
test_Seq_2343,2,2,"benchmark=nucleotide_transformer_downstream_tasks;dataset=splice_sites_all;matching=kmer_balanced;matching_signature=(11, 'GGG');border_estimator=center_window_kmer_jsd;estimator=center_jsd;window=48;search_radius=24;kmer=2;top_ratio=0.25;score_scale=4.0;motif_weight=0.0;motif_radius=12;score_normalization=train_quantile;raw_border_score=0.291167;border_score=1.137489",0.27671054005622864,0.29827526211738586,0.4250141978263855
test_Seq_944,0,2,"benchmark=nucleotide_transformer_downstream_tasks;dataset=splice_sites_all;matching=kmer_balanced;matching_signature=(8, 'TTT');border_estimator=center_window_kmer_jsd;estimator=center_jsd;window=48;search_radius=24;kmer=2;top_ratio=0.25;score_scale=4.0;motif_weight=0.0;motif_radius=12;score_normalization=train_quantile;raw_border_score=0.237937;border_score=1.054689",0.19361858069896698,0.21384026110172272,0.5925411581993103
test_Seq_126,0,2,"benchmark=nucleotide_transformer_downstream_tasks;dataset=splice_sites_all;matching=kmer_balanced;matching_signature=(10, 'CCC');border_estimator=center_window_kmer_jsd;estimator=center_jsd;window=48;search_radius=24;kmer=2;top_ratio=0.25;score_scale=4.0;motif_weight=0.0;motif_radius=12;score_normalization=train_quantile;raw_border_score=0.187981;border_score=0.938911",0.2971316874027252,0.3070027232170105,0.39586561918258667
test_Seq_829,0,1,"benchmark=nucleotide_transformer_downstream_tasks;dataset=splice_sites_all;matching=kmer_balanced;matching_signature=(6, 'TTT');border_estimator=center_window_kmer_jsd;estimator=center_jsd;window=48;search_radius=24;kmer=2;top_ratio=0.25;score_scale=4.0;motif_weight=0.0;motif_radius=12;score_normalization=train_quantile;raw_border_score=0.189535;border_score=0.942733",0.33347412943840027,0.34154295921325684,0.3249828815460205
test_Seq_2977,2,2,"benchmark=nucleotide_transformer_downstream_tasks;dataset=splice_sites_all;matching=kmer_balanced;matching_signature=(6, 'TTT');border_estimator=center_window_kmer_jsd;estimator=center_jsd;window=48;search_radius=24;kmer=2;top_ratio=0.25;score_scale=4.0;motif_weight=0.0;motif_radius=12;score_normalization=train_quantile;raw_border_score=0.196352;border_score=0.961133",0.23699763417243958,0.2660524249076843,0.4969499111175537
test_Seq_2288,2,2,"benchmark=nucleotide_transformer_downstream_tasks;dataset=splice_sites_all;matching=kmer_balanced;matching_signature=(6, 'TTT');border_estimator=center_window_kmer_jsd;estimator=center_jsd;window=48;search_radius=24;kmer=2;top_ratio=0.25;score_scale=4.0;motif_weight=0.0;motif_radius=12;score_normalization=train_quantile;raw_border_score=0.166768;border_score=0.883533",0.21995346248149872,0.24796392023563385,0.5320826172828674
test_Seq_2473,2,1,"benchmark=nucleotide_transformer_downstream_tasks;dataset=splice_sites_all;matching=kmer_balanced;matching_signature=(7, 'TTA');border_estimator=center_window_kmer_jsd;estimator=center_jsd;window=48;search_radius=24;kmer=2;top_ratio=0.25;score_scale=4.0;motif_weight=0.0;motif_radius=12;score_normalization=train_quantile;raw_border_score=0.244487;border_score=1.068289",0.3270246684551239,0.33871370553970337,0.33426159620285034
test_Seq_760,0,2,"benchmark=nucleotide_transformer_downstream_tasks;dataset=splice_sites_all;matching=kmer_balanced;matching_signature=(7, 'AAA');border_estimator=center_window_kmer_jsd;estimator=center_jsd;window=48;search_radius=24;kmer=2;top_ratio=0.25;score_scale=4.0;motif_weight=0.0;motif_radius=12;score_normalization=train_quantile;raw_border_score=0.152748;border_score=0.852911",0.2699146270751953,0.2881297767162323,0.44195565581321716
test_Seq_2367,2,2,"benchmark=nucleotide_transformer_downstream_tasks;dataset=splice_sites_all;matching=kmer_balanced;matching_signature=(7, 'TTT');border_estimator=center_window_kmer_jsd;estimator=center_jsd;window=48;search_radius=24;kmer=2;top_ratio=0.25;score_scale=4.0;motif_weight=0.0;motif_radius=12;score_normalization=train_quantile;raw_border_score=0.121812;border_score=0.812067",0.3152083456516266,0.33388787508010864,0.3509037494659424
test_Seq_488,0,2,"benchmark=nucleotide_transformer_downstream_tasks;dataset=splice_sites_all;matching=kmer_balanced;matching_signature=(6, 'TTT');border_estimator=center_window_kmer_jsd;estimator=center_jsd;window=48;search_radius=24;kmer=2;top_ratio=0.25;score_scale=4.0;motif_weight=0.0;motif_radius=12;score_normalization=train_quantile;raw_border_score=0.213825;border_score=1.003889",0.30796441435813904,0.3242887258529663,0.36774688959121704
test_Seq_2013,2,2,"benchmark=nucleotide_transformer_downstream_tasks;dataset=splice_sites_all;matching=kmer_balanced;matching_signature=(7, 'TTT');border_estimator=center_window_kmer_jsd;estimator=center_jsd;window=48;search_radius=24;kmer=2;top_ratio=0.25;score_scale=4.0;motif_weight=0.0;motif_radius=12;score_normalization=train_quantile;raw_border_score=0.169820;border_score=0.890422",0.1900385469198227,0.21738003194332123,0.5925813913345337
test_Seq_1575,1,1,"benchmark=nucleotide_transformer_downstream_tasks;dataset=splice_sites_all;matching=kmer_balanced;matching_signature=(10, 'TTT');border_estimator=center_window_kmer_jsd;estimator=center_jsd;window=48;search_radius=24;kmer=2;top_ratio=0.25;score_scale=4.0;motif_weight=0.0;motif_radius=12;score_normalization=train_quantile;raw_border_score=0.365555;border_score=1.182733",0.3624784052371979,0.36496126651763916,0.2725602984428406
test_Seq_2399,2,2,"benchmark=nucleotide_transformer_downstream_tasks;dataset=splice_sites_all;matching=kmer_balanced;matching_signature=(8, 'AAA');border_estimator=center_window_kmer_jsd;estimator=center_jsd;window=48;search_radius=24;kmer=2;top_ratio=0.25;score_scale=4.0;motif_weight=0.0;motif_radius=12;score_normalization=train_quantile;raw_border_score=0.271960;border_score=1.113000",0.2200590819120407,0.24293865263462067,0.5370022654533386
test_Seq_2459,2,2,"benchmark=nucleotide_transformer_downstream_tasks;dataset=splice_sites_all;matching=kmer_balanced;matching_signature=(7, 'TTT');border_estimator=center_window_kmer_jsd;estimator=center_jsd;window=48;search_radius=24;kmer=2;top_ratio=0.25;score_scale=4.0;motif_weight=0.0;motif_radius=12;score_normalization=train_quantile;raw_border_score=0.166782;border_score=0.883578",0.21557387709617615,0.23831681907176971,0.5461093187332153
test_Seq_2275,2,0,"benchmark=nucleotide_transformer_downstream_tasks;dataset=splice_sites_all;matching=kmer_balanced;matching_signature=(10, 'CAG');border_estimator=center_window_kmer_jsd;estimator=center_jsd;window=48;search_radius=24;kmer=2;top_ratio=0.25;score_scale=4.0;motif_weight=0.0;motif_radius=12;score_normalization=train_quantile;raw_border_score=0.270860;border_score=1.111533",0.36416396498680115,0.3625984787940979,0.27323758602142334
test_Seq_2484,2,2,"benchmark=nucleotide_transformer_downstream_tasks;dataset=splice_sites_all;matching=kmer_balanced;matching_signature=(12, 'CCC');border_estimator=center_window_kmer_jsd;estimator=center_jsd;window=48;search_radius=24;kmer=2;top_ratio=0.25;score_scale=4.0;motif_weight=0.0;motif_radius=12;score_normalization=train_quantile;raw_border_score=0.214717;border_score=1.005444",0.22759027779102325,0.25119465589523315,0.5212150812149048
test_Seq_293,0,1,"benchmark=nucleotide_transformer_downstream_tasks;dataset=splice_sites_all;matching=kmer_balanced;matching_signature=(8, 'AAA');border_estimator=center_window_kmer_jsd;estimator=center_jsd;window=48;search_radius=24;kmer=2;top_ratio=0.25;score_scale=4.0;motif_weight=0.0;motif_radius=12;score_normalization=train_quantile;raw_border_score=0.231502;border_score=1.042511",0.35554832220077515,0.3615691065788269,0.28288257122039795
test_Seq_1921,1,1,"benchmark=nucleotide_transformer_downstream_tasks;dataset=splice_sites_all;matching=kmer_balanced;matching_signature=(7, 'AAA');border_estimator=center_window_kmer_jsd;estimator=center_jsd;window=48;search_radius=24;kmer=2;top_ratio=0.25;score_scale=4.0;motif_weight=0.0;motif_radius=12;score_normalization=train_quantile;raw_border_score=0.317401;border_score=1.159267",0.32718539237976074,0.3459138572216034,0.32690075039863586
test_Seq_1443,1,2,"benchmark=nucleotide_transformer_downstream_tasks;dataset=splice_sites_all;matching=kmer_balanced;matching_signature=(7, 'TTT');border_estimator=center_window_kmer_jsd;estimator=center_jsd;window=48;search_radius=24;kmer=2;top_ratio=0.25;score_scale=4.0;motif_weight=0.0;motif_radius=12;score_normalization=train_quantile;raw_border_score=0.270082;border_score=1.110200",0.2862219512462616,0.2981418967247009,0.4156361520290375
test_Seq_921,0,2,"benchmark=nucleotide_transformer_downstream_tasks;dataset=splice_sites_all;matching=kmer_balanced;matching_signature=(11, 'CAG');border_estimator=center_window_kmer_jsd;estimator=center_jsd;window=48;search_radius=24;kmer=2;top_ratio=0.25;score_scale=4.0;motif_weight=0.0;motif_radius=12;score_normalization=train_quantile;raw_border_score=0.342641;border_score=1.173178",0.31710588932037354,0.3214980363845825,0.36139604449272156
test_Seq_1544,1,2,"benchmark=nucleotide_transformer_downstream_tasks;dataset=splice_sites_all;matching=kmer_balanced;matching_signature=(8, 'TGA');border_estimator=center_window_kmer_jsd;estimator=center_jsd;window=48;search_radius=24;kmer=2;top_ratio=0.25;score_scale=4.0;motif_weight=0.0;motif_radius=12;score_normalization=train_quantile;raw_border_score=0.265435;border_score=1.104244",0.306340754032135,0.3270218074321747,0.3666374385356903
test_Seq_580,0,2,"benchmark=nucleotide_transformer_downstream_tasks;dataset=splice_sites_all;matching=kmer_balanced;matching_signature=(11, 'GGG');border_estimator=center_window_kmer_jsd;estimator=center_jsd;window=48;search_radius=24;kmer=2;top_ratio=0.25;score_scale=4.0;motif_weight=0.0;motif_radius=12;score_normalization=train_quantile;raw_border_score=0.262434;border_score=1.099933",0.3057805597782135,0.32116276025772095,0.3730567395687103
test_Seq_1812,1,2,"benchmark=nucleotide_transformer_downstream_tasks;dataset=splice_sites_all;matching=kmer_balanced;matching_signature=(8, 'ATT');border_estimator=center_window_kmer_jsd;estimator=center_jsd;window=48;search_radius=24;kmer=2;top_ratio=0.25;score_scale=4.0;motif_weight=0.0;motif_radius=12;score_normalization=train_quantile;raw_border_score=0.232341;border_score=1.044378",0.313996285200119,0.3267494738101959,0.35925424098968506
test_Seq_2882,2,0,"benchmark=nucleotide_transformer_downstream_tasks;dataset=splice_sites_all;matching=kmer_balanced;matching_signature=(12, 'CCC');border_estimator=center_window_kmer_jsd;estimator=center_jsd;window=48;search_radius=24;kmer=2;top_ratio=0.25;score_scale=4.0;motif_weight=0.0;motif_radius=12;score_normalization=train_quantile;raw_border_score=0.239681;border_score=1.057711",0.34249362349510193,0.34080931544303894,0.3166970908641815
test_Seq_1292,1,2,"benchmark=nucleotide_transformer_downstream_tasks;dataset=splice_sites_all;matching=kmer_balanced;matching_signature=(10, 'AGG');border_estimator=center_window_kmer_jsd;estimator=center_jsd;window=48;search_radius=24;kmer=2;top_ratio=0.25;score_scale=4.0;motif_weight=0.0;motif_radius=12;score_normalization=train_quantile;raw_border_score=0.250887;border_score=1.080778",0.28663960099220276,0.3032029867172241,0.4101574718952179
test_Seq_397,0,2,"benchmark=nucleotide_transformer_downstream_tasks;dataset=splice_sites_all;matching=kmer_balanced;matching_signature=(6, 'AAA');border_estimator=center_window_kmer_jsd;estimator=center_jsd;window=48;search_radius=24;kmer=2;top_ratio=0.25;score_scale=4.0;motif_weight=0.0;motif_radius=12;score_normalization=train_quantile;raw_border_score=0.266872;border_score=1.105622",0.2392856478691101,0.2675747871398926,0.4931395649909973
test_Seq_2844,2,1,"benchmark=nucleotide_transformer_downstream_tasks;dataset=splice_sites_all;matching=kmer_balanced;matching_signature=(7, 'TTT');border_estimator=center_window_kmer_jsd;estimator=center_jsd;window=48;search_radius=24;kmer=2;top_ratio=0.25;score_scale=4.0;motif_weight=0.0;motif_radius=12;score_normalization=train_quantile;raw_border_score=0.133640;border_score=0.823533",0.3395262062549591,0.3518652617931366,0.3086085021495819
test_Seq_559,0,2,"benchmark=nucleotide_transformer_downstream_tasks;dataset=splice_sites_all;matching=kmer_balanced;matching_signature=(11, 'CCC');border_estimator=center_window_kmer_jsd;estimator=center_jsd;window=48;search_radius=24;kmer=2;top_ratio=0.25;score_scale=4.0;motif_weight=0.0;motif_radius=12;score_normalization=train_quantile;raw_border_score=0.120315;border_score=0.811222",0.29924920201301575,0.3143351078033447,0.3864157497882843
test_Seq_2709,2,2,"benchmark=nucleotide_transformer_downstream_tasks;dataset=splice_sites_all;matching=kmer_balanced;matching_signature=(13, 'GGG');border_estimator=center_window_kmer_jsd;estimator=center_jsd;window=48;search_radius=24;kmer=2;top_ratio=0.25;score_scale=4.0;motif_weight=0.0;motif_radius=12;score_normalization=train_quantile;raw_border_score=0.167399;border_score=0.885178",0.2891034781932831,0.3023279309272766,0.4085685908794403
test_Seq_1919,1,2,"benchmark=nucleotide_transformer_downstream_tasks;dataset=splice_sites_all;matching=kmer_balanced;matching_signature=(7, 'TTT');border_estimator=center_window_kmer_jsd;estimator=center_jsd;window=48;search_radius=24;kmer=2;top_ratio=0.25;score_scale=4.0;motif_weight=0.0;motif_radius=12;score_normalization=train_quantile;raw_border_score=0.176086;border_score=0.908200",0.32342055439949036,0.33575010299682617,0.34082934260368347
test_Seq_2450,2,2,"benchmark=nucleotide_transformer_downstream_tasks;dataset=splice_sites_all;matching=kmer_balanced;matching_signature=(9, 'AAA');border_estimator=center_window_kmer_jsd;estimator=center_jsd;window=48;search_radius=24;kmer=2;top_ratio=0.25;score_scale=4.0;motif_weight=0.0;motif_radius=12;score_normalization=train_quantile;raw_border_score=0.230400;border_score=1.040511",0.13380379974842072,0.1488747000694275,0.7173215746879578
test_Seq_2558,2,1,"benchmark=nucleotide_transformer_downstream_tasks;dataset=splice_sites_all;matching=kmer_balanced;matching_signature=(9, 'TTT');border_estimator=center_window_kmer_jsd;estimator=center_jsd;window=48;search_radius=24;kmer=2;top_ratio=0.25;score_scale=4.0;motif_weight=0.0;motif_radius=12;score_normalization=train_quantile;raw_border_score=0.143473;border_score=0.836467",0.3451232612133026,0.3599337637424469,0.2949429452419281
test_Seq_1099,1,2,"benchmark=nucleotide_transformer_downstream_tasks;dataset=splice_sites_all;matching=kmer_balanced;matching_signature=(8, 'TTT');border_estimator=center_window_kmer_jsd;estimator=center_jsd;window=48;search_radius=24;kmer=2;top_ratio=0.25;score_scale=4.0;motif_weight=0.0;motif_radius=12;score_normalization=train_quantile;raw_border_score=0.192880;border_score=0.951622",0.21228010952472687,0.2292417585849762,0.5584781169891357
test_Seq_1945,1,2,"benchmark=nucleotide_transformer_downstream_tasks;dataset=splice_sites_all;matching=kmer_balanced;matching_signature=(7, 'TTT');border_estimator=center_window_kmer_jsd;estimator=center_jsd;window=48;search_radius=24;kmer=2;top_ratio=0.25;score_scale=4.0;motif_weight=0.0;motif_radius=12;score_normalization=train_quantile;raw_border_score=0.257526;border_score=1.091489",0.23214907944202423,0.2504367530345917,0.5174142122268677
test_Seq_1902,1,2,"benchmark=nucleotide_transformer_downstream_tasks;dataset=splice_sites_all;matching=kmer_balanced;matching_signature=(6, 'TTT');border_estimator=center_window_kmer_jsd;estimator=center_jsd;window=48;search_radius=24;kmer=2;top_ratio=0.25;score_scale=4.0;motif_weight=0.0;motif_radius=12;score_normalization=train_quantile;raw_border_score=0.254431;border_score=1.086333",0.29494401812553406,0.316442608833313,0.38861343264579773
test_Seq_1437,1,2,"benchmark=nucleotide_transformer_downstream_tasks;dataset=splice_sites_all;matching=kmer_balanced;matching_signature=(10, 'GTG');border_estimator=center_window_kmer_jsd;estimator=center_jsd;window=48;search_radius=24;kmer=2;top_ratio=0.25;score_scale=4.0;motif_weight=0.0;motif_radius=12;score_normalization=train_quantile;raw_border_score=0.208901;border_score=0.992244",0.28287696838378906,0.3028159439563751,0.4143071174621582
test_Seq_202,0,2,"benchmark=nucleotide_transformer_downstream_tasks;dataset=splice_sites_all;matching=kmer_balanced;matching_signature=(8, 'TTT');border_estimator=center_window_kmer_jsd;estimator=center_jsd;window=48;search_radius=24;kmer=2;top_ratio=0.25;score_scale=4.0;motif_weight=0.0;motif_radius=12;score_normalization=train_quantile;raw_border_score=0.355109;border_score=1.178689",0.28010401129722595,0.3020175099372864,0.41787847876548767
test_Seq_1306,1,2,"benchmark=nucleotide_transformer_downstream_tasks;dataset=splice_sites_all;matching=kmer_balanced;matching_signature=(12, 'CTG');border_estimator=center_window_kmer_jsd;estimator=center_jsd;window=48;search_radius=24;kmer=2;top_ratio=0.25;score_scale=4.0;motif_weight=0.0;motif_radius=12;score_normalization=train_quantile;raw_border_score=0.135083;border_score=0.825267",0.31361886858940125,0.3232814371585846,0.3630996346473694
test_Seq_105,0,2,"benchmark=nucleotide_transformer_downstream_tasks;dataset=splice_sites_all;matching=kmer_balanced;matching_signature=(6, 'TTT');border_estimator=center_window_kmer_jsd;estimator=center_jsd;window=48;search_radius=24;kmer=2;top_ratio=0.25;score_scale=4.0;motif_weight=0.0;motif_radius=12;score_normalization=train_quantile;raw_border_score=0.298664;border_score=1.144956",0.29358839988708496,0.3125903606414795,0.3938212990760803
test_Seq_1582,1,2,"benchmark=nucleotide_transformer_downstream_tasks;dataset=splice_sites_all;matching=kmer_balanced;matching_signature=(5, 'TTT');border_estimator=center_window_kmer_jsd;estimator=center_jsd;window=48;search_radius=24;kmer=2;top_ratio=0.25;score_scale=4.0;motif_weight=0.0;motif_radius=12;score_normalization=train_quantile;raw_border_score=0.200660;border_score=0.972689",0.20455746352672577,0.23917578160762787,0.556266725063324
test_Seq_712,0,2,"benchmark=nucleotide_transformer_downstream_tasks;dataset=splice_sites_all;matching=kmer_balanced;matching_signature=(7, 'TTA');border_estimator=center_window_kmer_jsd;estimator=center_jsd;window=48;search_radius=24;kmer=2;top_ratio=0.25;score_scale=4.0;motif_weight=0.0;motif_radius=12;score_normalization=train_quantile;raw_border_score=0.215966;border_score=1.008733",0.2729911804199219,0.28667938709259033,0.4403294622898102
test_Seq_993,0,2,"benchmark=nucleotide_transformer_downstream_tasks;dataset=splice_sites_all;matching=kmer_balanced;matching_signature=(8, 'TTT');border_estimator=center_window_kmer_jsd;estimator=center_jsd;window=48;search_radius=24;kmer=2;top_ratio=0.25;score_scale=4.0;motif_weight=0.0;motif_radius=12;score_normalization=train_quantile;raw_border_score=0.200270;border_score=0.971978",0.25566795468330383,0.279403954744339,0.4649280607700348
test_Seq_118,0,2,"benchmark=nucleotide_transformer_downstream_tasks;dataset=splice_sites_all;matching=kmer_balanced;matching_signature=(13, 'GCC');border_estimator=center_window_kmer_jsd;estimator=center_jsd;window=48;search_radius=24;kmer=2;top_ratio=0.25;score_scale=4.0;motif_weight=0.0;motif_radius=12;score_normalization=train_quantile;raw_border_score=0.236458;border_score=1.051844",0.3103666305541992,0.3041525185108185,0.3854808807373047
test_Seq_2374,2,2,"benchmark=nucleotide_transformer_downstream_tasks;dataset=splice_sites_all;matching=kmer_balanced;matching_signature=(11, 'CCC');border_estimator=center_window_kmer_jsd;estimator=center_jsd;window=48;search_radius=24;kmer=2;top_ratio=0.25;score_scale=4.0;motif_weight=0.0;motif_radius=12;score_normalization=train_quantile;raw_border_score=0.186084;border_score=0.933400",0.2876057028770447,0.3041895031929016,0.4082047641277313
test_Seq_782,0,2,"benchmark=nucleotide_transformer_downstream_tasks;dataset=splice_sites_all;matching=kmer_balanced;matching_signature=(8, 'TTT');border_estimator=center_window_kmer_jsd;estimator=center_jsd;window=48;search_radius=24;kmer=2;top_ratio=0.25;score_scale=4.0;motif_weight=0.0;motif_radius=12;score_normalization=train_quantile;raw_border_score=0.260364;border_score=1.096467",0.3097703158855438,0.32975614070892334,0.36047351360321045
test_Seq_1170,1,0,"benchmark=nucleotide_transformer_downstream_tasks;dataset=splice_sites_all;matching=kmer_balanced;matching_signature=(13, 'GGC');border_estimator=center_window_kmer_jsd;estimator=center_jsd;window=48;search_radius=24;kmer=2;top_ratio=0.25;score_scale=4.0;motif_weight=0.0;motif_radius=12;score_normalization=train_quantile;raw_border_score=0.148609;border_score=0.845267",0.35752809047698975,0.35636499524116516,0.2861069440841675
test_Seq_1,0,2,"benchmark=nucleotide_transformer_downstream_tasks;dataset=splice_sites_all;matching=kmer_balanced;matching_signature=(9, 'TTT');border_estimator=center_window_kmer_jsd;estimator=center_jsd;window=48;search_radius=24;kmer=2;top_ratio=0.25;score_scale=4.0;motif_weight=0.0;motif_radius=12;score_normalization=train_quantile;raw_border_score=0.314159;border_score=1.156778",0.27659496665000916,0.29265037178993225,0.430754691362381
test_Seq_2359,2,2,"benchmark=nucleotide_transformer_downstream_tasks;dataset=splice_sites_all;matching=kmer_balanced;matching_signature=(10, 'CCC');border_estimator=center_window_kmer_jsd;estimator=center_jsd;window=48;search_radius=24;kmer=2;top_ratio=0.25;score_scale=4.0;motif_weight=0.0;motif_radius=12;score_normalization=train_quantile;raw_border_score=0.280147;border_score=1.124244",0.30300652980804443,0.3161180019378662,0.38087546825408936
test_Seq_1815,1,2,"benchmark=nucleotide_transformer_downstream_tasks;dataset=splice_sites_all;matching=kmer_balanced;matching_signature=(7, 'TTT');border_estimator=center_window_kmer_jsd;estimator=center_jsd;window=48;search_radius=24;kmer=2;top_ratio=0.25;score_scale=4.0;motif_weight=0.0;motif_radius=12;score_normalization=train_quantile;raw_border_score=0.182277;border_score=0.922956",0.21534284949302673,0.2319076955318451,0.552749514579773
test_Seq_314,0,2,"benchmark=nucleotide_transformer_downstream_tasks;dataset=splice_sites_all;matching=kmer_balanced;matching_signature=(7, 'TTT');border_estimator=center_window_kmer_jsd;estimator=center_jsd;window=48;search_radius=24;kmer=2;top_ratio=0.25;score_scale=4.0;motif_weight=0.0;motif_radius=12;score_normalization=train_quantile;raw_border_score=0.180100;border_score=0.917978",0.1889684647321701,0.2152416855096817,0.5957898497581482
test_Seq_1150,1,2,"benchmark=nucleotide_transformer_downstream_tasks;dataset=splice_sites_all;matching=kmer_balanced;matching_signature=(7, 'TTT');border_estimator=center_window_kmer_jsd;estimator=center_jsd;window=48;search_radius=24;kmer=2;top_ratio=0.25;score_scale=4.0;motif_weight=0.0;motif_radius=12;score_normalization=train_quantile;raw_border_score=0.223849;border_score=1.027889",0.2807950973510742,0.3080942928791046,0.41111063957214355
test_Seq_1587,1,1,"benchmark=nucleotide_transformer_downstream_tasks;dataset=splice_sites_all;matching=kmer_balanced;matching_signature=(13, 'GGG');border_estimator=center_window_kmer_jsd;estimator=center_jsd;window=48;search_radius=24;kmer=2;top_ratio=0.25;score_scale=4.0;motif_weight=0.0;motif_radius=12;score_normalization=train_quantile;raw_border_score=0.232562;border_score=1.044600",0.3602828085422516,0.36671534180641174,0.27300184965133667
test_Seq_2168,2,2,"benchmark=nucleotide_transformer_downstream_tasks;dataset=splice_sites_all;matching=kmer_balanced;matching_signature=(9, 'CAG');border_estimator=center_window_kmer_jsd;estimator=center_jsd;window=48;search_radius=24;kmer=2;top_ratio=0.25;score_scale=4.0;motif_weight=0.0;motif_radius=12;score_normalization=train_quantile;raw_border_score=0.167094;border_score=0.884422",0.26277947425842285,0.2800939083099365,0.4571266174316406
test_Seq_750,0,2,"benchmark=nucleotide_transformer_downstream_tasks;dataset=splice_sites_all;matching=kmer_balanced;matching_signature=(6, 'AAA');border_estimator=center_window_kmer_jsd;estimator=center_jsd;window=48;search_radius=24;kmer=2;top_ratio=0.25;score_scale=4.0;motif_weight=0.0;motif_radius=12;score_normalization=train_quantile;raw_border_score=0.250288;border_score=1.079844",0.2676072418689728,0.28926122188568115,0.44313156604766846
test_Seq_2676,2,2,"benchmark=nucleotide_transformer_downstream_tasks;dataset=splice_sites_all;matching=kmer_balanced;matching_signature=(11, 'CTC');border_estimator=center_window_kmer_jsd;estimator=center_jsd;window=48;search_radius=24;kmer=2;top_ratio=0.25;score_scale=4.0;motif_weight=0.0;motif_radius=12;score_normalization=train_quantile;raw_border_score=0.308806;border_score=1.152956",0.27590376138687134,0.2960602939128876,0.4280359745025635
test_Seq_2256,2,2,"benchmark=nucleotide_transformer_downstream_tasks;dataset=splice_sites_all;matching=kmer_balanced;matching_signature=(9, 'TTT');border_estimator=center_window_kmer_jsd;estimator=center_jsd;window=48;search_radius=24;kmer=2;top_ratio=0.25;score_scale=4.0;motif_weight=0.0;motif_radius=12;score_normalization=train_quantile;raw_border_score=0.147695;border_score=0.843489",0.20968863368034363,0.22969087958335876,0.5606204271316528
test_Seq_1357,1,2,"benchmark=nucleotide_transformer_downstream_tasks;dataset=splice_sites_all;matching=kmer_balanced;matching_signature=(6, 'TTT');border_estimator=center_window_kmer_jsd;estimator=center_jsd;window=48;search_radius=24;kmer=2;top_ratio=0.25;score_scale=4.0;motif_weight=0.0;motif_radius=12;score_normalization=train_quantile;raw_border_score=0.333805;border_score=1.168200",0.2724321186542511,0.29902181029319763,0.4285460412502289
test_Seq_2252,2,2,"benchmark=nucleotide_transformer_downstream_tasks;dataset=splice_sites_all;matching=kmer_balanced;matching_signature=(9, 'TTT');border_estimator=center_window_kmer_jsd;estimator=center_jsd;window=48;search_radius=24;kmer=2;top_ratio=0.25;score_scale=4.0;motif_weight=0.0;motif_radius=12;score_normalization=train_quantile;raw_border_score=0.170116;border_score=0.891089",0.11719444394111633,0.13415779173374176,0.7486477494239807
test_Seq_1409,1,2,"benchmark=nucleotide_transformer_downstream_tasks;dataset=splice_sites_all;matching=kmer_balanced;matching_signature=(12, 'CCC');border_estimator=center_window_kmer_jsd;estimator=center_jsd;window=48;search_radius=24;kmer=2;top_ratio=0.25;score_scale=4.0;motif_weight=0.0;motif_radius=12;score_normalization=train_quantile;raw_border_score=0.199756;border_score=0.970644",0.292112797498703,0.30162930488586426,0.40625786781311035
test_Seq_2688,2,2,"benchmark=nucleotide_transformer_downstream_tasks;dataset=splice_sites_all;matching=kmer_balanced;matching_signature=(11, 'CTG');border_estimator=center_window_kmer_jsd;estimator=center_jsd;window=48;search_radius=24;kmer=2;top_ratio=0.25;score_scale=4.0;motif_weight=0.0;motif_radius=12;score_normalization=train_quantile;raw_border_score=0.203207;border_score=0.979267",0.19926993548870087,0.22651797533035278,0.5742120742797852
test_Seq_2905,2,1,"benchmark=nucleotide_transformer_downstream_tasks;dataset=splice_sites_all;matching=kmer_balanced;matching_signature=(10, 'CTG');border_estimator=center_window_kmer_jsd;estimator=center_jsd;window=48;search_radius=24;kmer=2;top_ratio=0.25;score_scale=4.0;motif_weight=0.0;motif_radius=12;score_normalization=train_quantile;raw_border_score=0.259028;border_score=1.093933",0.3261203467845917,0.34194135665893555,0.3319382667541504
test_Seq_98,0,2,"benchmark=nucleotide_transformer_downstream_tasks;dataset=splice_sites_all;matching=kmer_balanced;matching_signature=(7, 'AAA');border_estimator=center_window_kmer_jsd;estimator=center_jsd;window=48;search_radius=24;kmer=2;top_ratio=0.25;score_scale=4.0;motif_weight=0.0;motif_radius=12;score_normalization=train_quantile;raw_border_score=0.182605;border_score=0.924244",0.276040643453598,0.2899078130722046,0.434051513671875
test_Seq_1003,1,2,"benchmark=nucleotide_transformer_downstream_tasks;dataset=splice_sites_all;matching=kmer_balanced;matching_signature=(6, 'TTT');border_estimator=center_window_kmer_jsd;estimator=center_jsd;window=48;search_radius=24;kmer=2;top_ratio=0.25;score_scale=4.0;motif_weight=0.0;motif_radius=12;score_normalization=train_quantile;raw_border_score=0.179608;border_score=0.916822",0.21464918553829193,0.23923295736312866,0.5461178421974182
test_Seq_2302,2,2,"benchmark=nucleotide_transformer_downstream_tasks;dataset=splice_sites_all;matching=kmer_balanced;matching_signature=(11, 'CAG');border_estimator=center_window_kmer_jsd;estimator=center_jsd;window=48;search_radius=24;kmer=2;top_ratio=0.25;score_scale=4.0;motif_weight=0.0;motif_radius=12;score_normalization=train_quantile;raw_border_score=0.188025;border_score=0.939044",0.1709277629852295,0.18828730285167694,0.6407849192619324
test_Seq_959,0,2,"benchmark=nucleotide_transformer_downstream_tasks;dataset=splice_sites_all;matching=kmer_balanced;matching_signature=(6, 'TTT');border_estimator=center_window_kmer_jsd;estimator=center_jsd;window=48;search_radius=24;kmer=2;top_ratio=0.25;score_scale=4.0;motif_weight=0.0;motif_radius=12;score_normalization=train_quantile;raw_border_score=0.220574;border_score=1.019933",0.31328868865966797,0.3300086259841919,0.35670265555381775
test_Seq_1337,1,2,"benchmark=nucleotide_transformer_downstream_tasks;dataset=splice_sites_all;matching=kmer_balanced;matching_signature=(7, 'TTT');border_estimator=center_window_kmer_jsd;estimator=center_jsd;window=48;search_radius=24;kmer=2;top_ratio=0.25;score_scale=4.0;motif_weight=0.0;motif_radius=12;score_normalization=train_quantile;raw_border_score=0.186984;border_score=0.935978",0.2966802418231964,0.31331750750541687,0.39000222086906433
test_Seq_114,0,2,"benchmark=nucleotide_transformer_downstream_tasks;dataset=splice_sites_all;matching=kmer_balanced;matching_signature=(10, 'CAG');border_estimator=center_window_kmer_jsd;estimator=center_jsd;window=48;search_radius=24;kmer=2;top_ratio=0.25;score_scale=4.0;motif_weight=0.0;motif_radius=12;score_normalization=train_quantile;raw_border_score=0.163630;border_score=0.875267",0.29542937874794006,0.31677699089050293,0.38779357075691223
test_Seq_874,0,2,"benchmark=nucleotide_transformer_downstream_tasks;dataset=splice_sites_all;matching=kmer_balanced;matching_signature=(5, 'AAA');border_estimator=center_window_kmer_jsd;estimator=center_jsd;window=48;search_radius=24;kmer=2;top_ratio=0.25;score_scale=4.0;motif_weight=0.0;motif_radius=12;score_normalization=train_quantile;raw_border_score=0.305248;border_score=1.150467",0.252597451210022,0.28228509426116943,0.4651174545288086
test_Seq_2553,2,2,"benchmark=nucleotide_transformer_downstream_tasks;dataset=splice_sites_all;matching=kmer_balanced;matching_signature=(9, 'AAA');border_estimator=center_window_kmer_jsd;estimator=center_jsd;window=48;search_radius=24;kmer=2;top_ratio=0.25;score_scale=4.0;motif_weight=0.0;motif_radius=12;score_normalization=train_quantile;raw_border_score=0.232826;border_score=1.045311",0.2747008204460144,0.29257357120513916,0.4327256381511688
test_Seq_385,0,2,"benchmark=nucleotide_transformer_downstream_tasks;dataset=splice_sites_all;matching=kmer_balanced;matching_signature=(7, 'AAA');border_estimator=center_window_kmer_jsd;estimator=center_jsd;window=48;search_radius=24;kmer=2;top_ratio=0.25;score_scale=4.0;motif_weight=0.0;motif_radius=12;score_normalization=train_quantile;raw_border_score=0.193755;border_score=0.954022",0.22446541488170624,0.24550722539424896,0.5300273895263672
test_Seq_531,0,2,"benchmark=nucleotide_transformer_downstream_tasks;dataset=splice_sites_all;matching=kmer_balanced;matching_signature=(9, 'GTG');border_estimator=center_window_kmer_jsd;estimator=center_jsd;window=48;search_radius=24;kmer=2;top_ratio=0.25;score_scale=4.0;motif_weight=0.0;motif_radius=12;score_normalization=train_quantile;raw_border_score=0.272971;border_score=1.114467",0.2604448199272156,0.2742122411727905,0.4653429090976715
test_Seq_576,0,1,"benchmark=nucleotide_transformer_downstream_tasks;dataset=splice_sites_all;matching=kmer_balanced;matching_signature=(11, 'GTG');border_estimator=center_window_kmer_jsd;estimator=center_jsd;window=48;search_radius=24;kmer=2;top_ratio=0.25;score_scale=4.0;motif_weight=0.0;motif_radius=12;score_normalization=train_quantile;raw_border_score=0.314264;border_score=1.156911",0.3465627133846283,0.34892183542251587,0.30451542139053345
test_Seq_237,0,2,"benchmark=nucleotide_transformer_downstream_tasks;dataset=splice_sites_all;matching=kmer_balanced;matching_signature=(13, 'CTG');border_estimator=center_window_kmer_jsd;estimator=center_jsd;window=48;search_radius=24;kmer=2;top_ratio=0.25;score_scale=4.0;motif_weight=0.0;motif_radius=12;score_normalization=train_quantile;raw_border_score=0.183578;border_score=0.926200",0.3253730833530426,0.32548683881759644,0.34914007782936096
test_Seq_2120,2,2,"benchmark=nucleotide_transformer_downstream_tasks;dataset=splice_sites_all;matching=kmer_balanced;matching_signature=(8, 'TGT');border_estimator=center_window_kmer_jsd;estimator=center_jsd;window=48;search_radius=24;kmer=2;top_ratio=0.25;score_scale=4.0;motif_weight=0.0;motif_radius=12;score_normalization=train_quantile;raw_border_score=0.262206;border_score=1.099444",0.11737984418869019,0.13303536176681519,0.7495847940444946
test_Seq_1120,1,2,"benchmark=nucleotide_transformer_downstream_tasks;dataset=splice_sites_all;matching=kmer_balanced;matching_signature=(8, 'GTG');border_estimator=center_window_kmer_jsd;estimator=center_jsd;window=48;search_radius=24;kmer=2;top_ratio=0.25;score_scale=4.0;motif_weight=0.0;motif_radius=12;score_normalization=train_quantile;raw_border_score=0.192960;border_score=0.951978",0.31569644808769226,0.3393852710723877,0.34491822123527527
test_Seq_2408,2,2,"benchmark=nucleotide_transformer_downstream_tasks;dataset=splice_sites_all;matching=kmer_balanced;matching_signature=(12, 'CCC');border_estimator=center_window_kmer_jsd;estimator=center_jsd;window=48;search_radius=24;kmer=2;top_ratio=0.25;score_scale=4.0;motif_weight=0.0;motif_radius=12;score_normalization=train_quantile;raw_border_score=0.139817;border_score=0.831400",0.28017207980155945,0.2921842634677887,0.42764362692832947
test_Seq_2088,2,2,"benchmark=nucleotide_transformer_downstream_tasks;dataset=splice_sites_all;matching=kmer_balanced;matching_signature=(8, 'TTT');border_estimator=center_window_kmer_jsd;estimator=center_jsd;window=48;search_radius=24;kmer=2;top_ratio=0.25;score_scale=4.0;motif_weight=0.0;motif_radius=12;score_normalization=train_quantile;raw_border_score=0.289464;border_score=1.135933",0.24632678925991058,0.26421764492988586,0.48945552110671997
test_Seq_2703,2,2,"benchmark=nucleotide_transformer_downstream_tasks;dataset=splice_sites_all;matching=kmer_balanced;matching_signature=(9, 'CTG');border_estimator=center_window_kmer_jsd;estimator=center_jsd;window=48;search_radius=24;kmer=2;top_ratio=0.25;score_scale=4.0;motif_weight=0.0;motif_radius=12;score_normalization=train_quantile;raw_border_score=0.273985;border_score=1.115933",0.25823643803596497,0.2781756818294525,0.4635878801345825
test_Seq_1368,1,2,"benchmark=nucleotide_transformer_downstream_tasks;dataset=splice_sites_all;matching=kmer_balanced;matching_signature=(8, 'TTT');border_estimator=center_window_kmer_jsd;estimator=center_jsd;window=48;search_radius=24;kmer=2;top_ratio=0.25;score_scale=4.0;motif_weight=0.0;motif_radius=12;score_normalization=train_quantile;raw_border_score=0.147594;border_score=0.843356",0.2946774661540985,0.3055424690246582,0.3997800946235657
test_Seq_1784,1,2,"benchmark=nucleotide_transformer_downstream_tasks;dataset=splice_sites_all;matching=kmer_balanced;matching_signature=(13, 'CCC');border_estimator=center_window_kmer_jsd;estimator=center_jsd;window=48;search_radius=24;kmer=2;top_ratio=0.25;score_scale=4.0;motif_weight=0.0;motif_radius=12;score_normalization=train_quantile;raw_border_score=0.273385;border_score=1.115133",0.2653035521507263,0.26965150237083435,0.4650449752807617
test_Seq_2043,2,2,"benchmark=nucleotide_transformer_downstream_tasks;dataset=splice_sites_all;matching=kmer_balanced;matching_signature=(10, 'CCC');border_estimator=center_window_kmer_jsd;estimator=center_jsd;window=48;search_radius=24;kmer=2;top_ratio=0.25;score_scale=4.0;motif_weight=0.0;motif_radius=12;score_normalization=train_quantile;raw_border_score=0.505878;border_score=1.198778",0.27147582173347473,0.28675806522369385,0.44176608324050903
test_Seq_939,0,2,"benchmark=nucleotide_transformer_downstream_tasks;dataset=splice_sites_all;matching=kmer_balanced;matching_signature=(5, 'TTT');border_estimator=center_window_kmer_jsd;estimator=center_jsd;window=48;search_radius=24;kmer=2;top_ratio=0.25;score_scale=4.0;motif_weight=0.0;motif_radius=12;score_normalization=train_quantile;raw_border_score=0.162977;border_score=0.873800",0.27030283212661743,0.28839677572250366,0.4413004517555237
test_Seq_460,0,2,"benchmark=nucleotide_transformer_downstream_tasks;dataset=splice_sites_all;matching=kmer_balanced;matching_signature=(12, 'CCC');border_estimator=center_window_kmer_jsd;estimator=center_jsd;window=48;search_radius=24;kmer=2;top_ratio=0.25;score_scale=4.0;motif_weight=0.0;motif_radius=12;score_normalization=train_quantile;raw_border_score=0.447797;border_score=1.195133",0.2758829891681671,0.29234564304351807,0.43177133798599243
test_Seq_2210,2,2,"benchmark=nucleotide_transformer_downstream_tasks;dataset=splice_sites_all;matching=kmer_balanced;matching_signature=(7, 'AAA');border_estimator=center_window_kmer_jsd;estimator=center_jsd;window=48;search_radius=24;kmer=2;top_ratio=0.25;score_scale=4.0;motif_weight=0.0;motif_radius=12;score_normalization=train_quantile;raw_border_score=0.241679;border_score=1.062467",0.20005548000335693,0.22346068918704987,0.5764838457107544
test_Seq_1197,1,2,"benchmark=nucleotide_transformer_downstream_tasks;dataset=splice_sites_all;matching=kmer_balanced;matching_signature=(8, 'TTT');border_estimator=center_window_kmer_jsd;estimator=center_jsd;window=48;search_radius=24;kmer=2;top_ratio=0.25;score_scale=4.0;motif_weight=0.0;motif_radius=12;score_normalization=train_quantile;raw_border_score=0.229817;border_score=1.039356",0.2896021008491516,0.29856735467910767,0.4118306040763855
test_Seq_1901,1,2,"benchmark=nucleotide_transformer_downstream_tasks;dataset=splice_sites_all;matching=kmer_balanced;matching_signature=(11, 'CCT');border_estimator=center_window_kmer_jsd;estimator=center_jsd;window=48;search_radius=24;kmer=2;top_ratio=0.25;score_scale=4.0;motif_weight=0.0;motif_radius=12;score_normalization=train_quantile;raw_border_score=0.179953;border_score=0.917667",0.24473567306995392,0.26488596200942993,0.49037835001945496
test_Seq_2866,2,2,"benchmark=nucleotide_transformer_downstream_tasks;dataset=splice_sites_all;matching=kmer_balanced;matching_signature=(7, 'TTT');border_estimator=center_window_kmer_jsd;estimator=center_jsd;window=48;search_radius=24;kmer=2;top_ratio=0.25;score_scale=4.0;motif_weight=0.0;motif_radius=12;score_normalization=train_quantile;raw_border_score=0.202932;border_score=0.978778",0.2870626151561737,0.31421956419944763,0.39871785044670105
test_Seq_976,0,1,"benchmark=nucleotide_transformer_downstream_tasks;dataset=splice_sites_all;matching=kmer_balanced;matching_signature=(8, 'TTT');border_estimator=center_window_kmer_jsd;estimator=center_jsd;window=48;search_radius=24;kmer=2;top_ratio=0.25;score_scale=4.0;motif_weight=0.0;motif_radius=12;score_normalization=train_quantile;raw_border_score=0.208025;border_score=0.990200",0.3436168432235718,0.35774028301239014,0.2986429035663605
test_Seq_584,0,1,"benchmark=nucleotide_transformer_downstream_tasks;dataset=splice_sites_all;matching=kmer_balanced;matching_signature=(6, 'AAA');border_estimator=center_window_kmer_jsd;estimator=center_jsd;window=48;search_radius=24;kmer=2;top_ratio=0.25;score_scale=4.0;motif_weight=0.0;motif_radius=12;score_normalization=train_quantile;raw_border_score=0.256469;border_score=1.089844",0.3297349214553833,0.34129616618156433,0.32896897196769714
test_Seq_2196,2,2,"benchmark=nucleotide_transformer_downstream_tasks;dataset=splice_sites_all;matching=kmer_balanced;matching_signature=(8, 'TTT');border_estimator=center_window_kmer_jsd;estimator=center_jsd;window=48;search_radius=24;kmer=2;top_ratio=0.25;score_scale=4.0;motif_weight=0.0;motif_radius=12;score_normalization=train_quantile;raw_border_score=0.279828;border_score=1.123756",0.2559231221675873,0.2798600196838379,0.4642168879508972
test_Seq_1637,1,2,"benchmark=nucleotide_transformer_downstream_tasks;dataset=splice_sites_all;matching=kmer_balanced;matching_signature=(12, 'CCC');border_estimator=center_window_kmer_jsd;estimator=center_jsd;window=48;search_radius=24;kmer=2;top_ratio=0.25;score_scale=4.0;motif_weight=0.0;motif_radius=12;score_normalization=train_quantile;raw_border_score=0.304285;border_score=1.149933",0.2695994973182678,0.2848198711872101,0.4455806314945221
test_Seq_477,0,1,"benchmark=nucleotide_transformer_downstream_tasks;dataset=splice_sites_all;matching=kmer_balanced;matching_signature=(10, 'TGT');border_estimator=center_window_kmer_jsd;estimator=center_jsd;window=48;search_radius=24;kmer=2;top_ratio=0.25;score_scale=4.0;motif_weight=0.0;motif_radius=12;score_normalization=train_quantile;raw_border_score=0.308540;border_score=1.152689",0.367870032787323,0.37007445096969604,0.26205551624298096
test_Seq_302,0,2,"benchmark=nucleotide_transformer_downstream_tasks;dataset=splice_sites_all;matching=kmer_balanced;matching_signature=(7, 'TTT');border_estimator=center_window_kmer_jsd;estimator=center_jsd;window=48;search_radius=24;kmer=2;top_ratio=0.25;score_scale=4.0;motif_weight=0.0;motif_radius=12;score_normalization=train_quantile;raw_border_score=0.286651;border_score=1.132200",0.27237311005592346,0.2893804609775543,0.4382464289665222
test_Seq_2100,2,2,"benchmark=nucleotide_transformer_downstream_tasks;dataset=splice_sites_all;matching=kmer_balanced;matching_signature=(5, 'TTT');border_estimator=center_window_kmer_jsd;estimator=center_jsd;window=48;search_radius=24;kmer=2;top_ratio=0.25;score_scale=4.0;motif_weight=0.0;motif_radius=12;score_normalization=train_quantile;raw_border_score=0.139664;border_score=0.831222",0.21928434073925018,0.24815626442432404,0.5325593948364258
test_Seq_405,0,1,"benchmark=nucleotide_transformer_downstream_tasks;dataset=splice_sites_all;matching=kmer_balanced;matching_signature=(7, 'TTT');border_estimator=center_window_kmer_jsd;estimator=center_jsd;window=48;search_radius=24;kmer=2;top_ratio=0.25;score_scale=4.0;motif_weight=0.0;motif_radius=12;score_normalization=train_quantile;raw_border_score=0.155026;border_score=0.857489",0.331781268119812,0.3439297080039978,0.3242889940738678
test_Seq_1563,1,2,"benchmark=nucleotide_transformer_downstream_tasks;dataset=splice_sites_all;matching=kmer_balanced;matching_signature=(6, 'AAA');border_estimator=center_window_kmer_jsd;estimator=center_jsd;window=48;search_radius=24;kmer=2;top_ratio=0.25;score_scale=4.0;motif_weight=0.0;motif_radius=12;score_normalization=train_quantile;raw_border_score=0.292661;border_score=1.138911",0.29884475469589233,0.3170951008796692,0.3840601146221161
test_Seq_704,0,2,"benchmark=nucleotide_transformer_downstream_tasks;dataset=splice_sites_all;matching=kmer_balanced;matching_signature=(6, 'AAA');border_estimator=center_window_kmer_jsd;estimator=center_jsd;window=48;search_radius=24;kmer=2;top_ratio=0.25;score_scale=4.0;motif_weight=0.0;motif_radius=12;score_normalization=train_quantile;raw_border_score=0.356365;border_score=1.179311",0.27298080921173096,0.2936631739139557,0.43335598707199097
test_Seq_1580,1,1,"benchmark=nucleotide_transformer_downstream_tasks;dataset=splice_sites_all;matching=kmer_balanced;matching_signature=(8, 'TTT');border_estimator=center_window_kmer_jsd;estimator=center_jsd;window=48;search_radius=24;kmer=2;top_ratio=0.25;score_scale=4.0;motif_weight=0.0;motif_radius=12;score_normalization=train_quantile;raw_border_score=0.355131;border_score=1.178689",0.3365074396133423,0.3532508611679077,0.3102417290210724
test_Seq_341,0,2,"benchmark=nucleotide_transformer_downstream_tasks;dataset=splice_sites_all;matching=kmer_balanced;matching_signature=(10, 'CCT');border_estimator=center_window_kmer_jsd;estimator=center_jsd;window=48;search_radius=24;kmer=2;top_ratio=0.25;score_scale=4.0;motif_weight=0.0;motif_radius=12;score_normalization=train_quantile;raw_border_score=0.196921;border_score=0.962556",0.3233116865158081,0.33167764544487,0.3450106680393219
test_Seq_182,0,2,"benchmark=nucleotide_transformer_downstream_tasks;dataset=splice_sites_all;matching=kmer_balanced;matching_signature=(7, 'AGA');border_estimator=center_window_kmer_jsd;estimator=center_jsd;window=48;search_radius=24;kmer=2;top_ratio=0.25;score_scale=4.0;motif_weight=0.0;motif_radius=12;score_normalization=train_quantile;raw_border_score=0.163679;border_score=0.875356",0.29128825664520264,0.31205829977989197,0.3966534435749054
test_Seq_322,0,2,"benchmark=nucleotide_transformer_downstream_tasks;dataset=splice_sites_all;matching=kmer_balanced;matching_signature=(5, 'TTT');border_estimator=center_window_kmer_jsd;estimator=center_jsd;window=48;search_radius=24;kmer=2;top_ratio=0.25;score_scale=4.0;motif_weight=0.0;motif_radius=12;score_normalization=train_quantile;raw_border_score=0.338827;border_score=1.171222",0.22161811590194702,0.24995192885398865,0.5284299254417419
test_Seq_945,0,2,"benchmark=nucleotide_transformer_downstream_tasks;dataset=splice_sites_all;matching=kmer_balanced;matching_signature=(10, 'GGA');border_estimator=center_window_kmer_jsd;estimator=center_jsd;window=48;search_radius=24;kmer=2;top_ratio=0.25;score_scale=4.0;motif_weight=0.0;motif_radius=12;score_normalization=train_quantile;raw_border_score=0.181592;border_score=0.921756",0.20648632943630219,0.22551009058952332,0.5680035948753357
test_Seq_135,0,2,"benchmark=nucleotide_transformer_downstream_tasks;dataset=splice_sites_all;matching=kmer_balanced;matching_signature=(6, 'TTT');border_estimator=center_window_kmer_jsd;estimator=center_jsd;window=48;search_radius=24;kmer=2;top_ratio=0.25;score_scale=4.0;motif_weight=0.0;motif_radius=12;score_normalization=train_quantile;raw_border_score=0.262035;border_score=1.099000",0.2903246283531189,0.31338757276535034,0.39628779888153076
test_Seq_377,0,2,"benchmark=nucleotide_transformer_downstream_tasks;dataset=splice_sites_all;matching=kmer_balanced;matching_signature=(6, 'AAA');border_estimator=center_window_kmer_jsd;estimator=center_jsd;window=48;search_radius=24;kmer=2;top_ratio=0.25;score_scale=4.0;motif_weight=0.0;motif_radius=12;score_normalization=train_quantile;raw_border_score=0.353821;border_score=1.178111",0.2849186360836029,0.3062916696071625,0.40878963470458984
test_Seq_2669,2,2,"benchmark=nucleotide_transformer_downstream_tasks;dataset=splice_sites_all;matching=kmer_balanced;matching_signature=(7, 'AAA');border_estimator=center_window_kmer_jsd;estimator=center_jsd;window=48;search_radius=24;kmer=2;top_ratio=0.25;score_scale=4.0;motif_weight=0.0;motif_radius=12;score_normalization=train_quantile;raw_border_score=0.165524;border_score=0.880111",0.2839450240135193,0.2913677990436554,0.4246871769428253
test_Seq_1978,1,1,"benchmark=nucleotide_transformer_downstream_tasks;dataset=splice_sites_all;matching=kmer_balanced;matching_signature=(7, 'TTT');border_estimator=center_window_kmer_jsd;estimator=center_jsd;window=48;search_radius=24;kmer=2;top_ratio=0.25;score_scale=4.0;motif_weight=0.0;motif_radius=12;score_normalization=train_quantile;raw_border_score=0.209800;border_score=0.994733",0.31770285964012146,0.3445838987827301,0.33771321177482605
test_Seq_2235,2,2,"benchmark=nucleotide_transformer_downstream_tasks;dataset=splice_sites_all;matching=kmer_balanced;matching_signature=(10, 'CAG');border_estimator=center_window_kmer_jsd;estimator=center_jsd;window=48;search_radius=24;kmer=2;top_ratio=0.25;score_scale=4.0;motif_weight=0.0;motif_radius=12;score_normalization=train_quantile;raw_border_score=0.157919;border_score=0.862822",0.2428310364484787,0.2658297121524811,0.4913392663002014
test_Seq_879,0,2,"benchmark=nucleotide_transformer_downstream_tasks;dataset=splice_sites_all;matching=kmer_balanced;matching_signature=(9, 'TCT');border_estimator=center_window_kmer_jsd;estimator=center_jsd;window=48;search_radius=24;kmer=2;top_ratio=0.25;score_scale=4.0;motif_weight=0.0;motif_radius=12;score_normalization=train_quantile;raw_border_score=0.261660;border_score=1.098378",0.244648739695549,0.26972532272338867,0.4856259822845459
test_Seq_1433,1,2,"benchmark=nucleotide_transformer_downstream_tasks;dataset=splice_sites_all;matching=kmer_balanced;matching_signature=(9, 'TTT');border_estimator=center_window_kmer_jsd;estimator=center_jsd;window=48;search_radius=24;kmer=2;top_ratio=0.25;score_scale=4.0;motif_weight=0.0;motif_radius=12;score_normalization=train_quantile;raw_border_score=0.241480;border_score=1.061889",0.16315610706806183,0.1872319132089615,0.6496120095252991
test_Seq_2796,2,1,"benchmark=nucleotide_transformer_downstream_tasks;dataset=splice_sites_all;matching=kmer_balanced;matching_signature=(11, 'CAG');border_estimator=center_window_kmer_jsd;estimator=center_jsd;window=48;search_radius=24;kmer=2;top_ratio=0.25;score_scale=4.0;motif_weight=0.0;motif_radius=12;score_normalization=train_quantile;raw_border_score=0.251843;border_score=1.082067",0.35188376903533936,0.3546781837940216,0.29343804717063904
test_Seq_1982,1,2,"benchmark=nucleotide_transformer_downstream_tasks;dataset=splice_sites_all;matching=kmer_balanced;matching_signature=(10, 'CTG');border_estimator=center_window_kmer_jsd;estimator=center_jsd;window=48;search_radius=24;kmer=2;top_ratio=0.25;score_scale=4.0;motif_weight=0.0;motif_radius=12;score_normalization=train_quantile;raw_border_score=0.220829;border_score=1.020689",0.24415206909179688,0.26411354541778564,0.49173444509506226
test_Seq_2279,2,2,"benchmark=nucleotide_transformer_downstream_tasks;dataset=splice_sites_all;matching=kmer_balanced;matching_signature=(12, 'CCC');border_estimator=center_window_kmer_jsd;estimator=center_jsd;window=48;search_radius=24;kmer=2;top_ratio=0.25;score_scale=4.0;motif_weight=0.0;motif_radius=12;score_normalization=train_quantile;raw_border_score=0.220306;border_score=1.019356",0.2075558751821518,0.22812555730342865,0.5643185973167419
test_Seq_2542,2,2,"benchmark=nucleotide_transformer_downstream_tasks;dataset=splice_sites_all;matching=kmer_balanced;matching_signature=(7, 'AAA');border_estimator=center_window_kmer_jsd;estimator=center_jsd;window=48;search_radius=24;kmer=2;top_ratio=0.25;score_scale=4.0;motif_weight=0.0;motif_radius=12;score_normalization=train_quantile;raw_border_score=0.196878;border_score=0.962378",0.25991302728652954,0.27667051553726196,0.4634164571762085
test_Seq_1979,1,2,"benchmark=nucleotide_transformer_downstream_tasks;dataset=splice_sites_all;matching=kmer_balanced;matching_signature=(12, 'GGG');border_estimator=center_window_kmer_jsd;estimator=center_jsd;window=48;search_radius=24;kmer=2;top_ratio=0.25;score_scale=4.0;motif_weight=0.0;motif_radius=12;score_normalization=train_quantile;raw_border_score=0.185841;border_score=0.932733",0.24017444252967834,0.25887331366539,0.5009522438049316
test_Seq_895,0,2,"benchmark=nucleotide_transformer_downstream_tasks;dataset=splice_sites_all;matching=kmer_balanced;matching_signature=(8, 'TTT');border_estimator=center_window_kmer_jsd;estimator=center_jsd;window=48;search_radius=24;kmer=2;top_ratio=0.25;score_scale=4.0;motif_weight=0.0;motif_radius=12;score_normalization=train_quantile;raw_border_score=0.154048;border_score=0.855489",0.31405192613601685,0.33786848187446594,0.348079651594162
test_Seq_1995,1,2,"benchmark=nucleotide_transformer_downstream_tasks;dataset=splice_sites_all;matching=kmer_balanced;matching_signature=(12, 'GGG');border_estimator=center_window_kmer_jsd;estimator=center_jsd;window=48;search_radius=24;kmer=2;top_ratio=0.25;score_scale=4.0;motif_weight=0.0;motif_radius=12;score_normalization=train_quantile;raw_border_score=0.159370;border_score=0.866378",0.3203692138195038,0.3208605945110321,0.3587701916694641
test_Seq_2901,2,2,"benchmark=nucleotide_transformer_downstream_tasks;dataset=splice_sites_all;matching=kmer_balanced;matching_signature=(9, 'TTT');border_estimator=center_window_kmer_jsd;estimator=center_jsd;window=48;search_radius=24;kmer=2;top_ratio=0.25;score_scale=4.0;motif_weight=0.0;motif_radius=12;score_normalization=train_quantile;raw_border_score=0.282765;border_score=1.127400",0.2648530602455139,0.2834288477897644,0.4517180323600769
test_Seq_2910,2,2,"benchmark=nucleotide_transformer_downstream_tasks;dataset=splice_sites_all;matching=kmer_balanced;matching_signature=(5, 'TTT');border_estimator=center_window_kmer_jsd;estimator=center_jsd;window=48;search_radius=24;kmer=2;top_ratio=0.25;score_scale=4.0;motif_weight=0.0;motif_radius=12;score_normalization=train_quantile;raw_border_score=0.193574;border_score=0.953711",0.1504962295293808,0.1723676323890686,0.6771361231803894
test_Seq_2124,2,2,"benchmark=nucleotide_transformer_downstream_tasks;dataset=splice_sites_all;matching=kmer_balanced;matching_signature=(6, 'TTT');border_estimator=center_window_kmer_jsd;estimator=center_jsd;window=48;search_radius=24;kmer=2;top_ratio=0.25;score_scale=4.0;motif_weight=0.0;motif_radius=12;score_normalization=train_quantile;raw_border_score=0.228955;border_score=1.037978",0.2854652404785156,0.30776333808898926,0.4067714214324951
test_Seq_659,0,2,"benchmark=nucleotide_transformer_downstream_tasks;dataset=splice_sites_all;matching=kmer_balanced;matching_signature=(6, 'TTT');border_estimator=center_window_kmer_jsd;estimator=center_jsd;window=48;search_radius=24;kmer=2;top_ratio=0.25;score_scale=4.0;motif_weight=0.0;motif_radius=12;score_normalization=train_quantile;raw_border_score=0.231442;border_score=1.042378",0.31866931915283203,0.3341471254825592,0.3471835255622864
test_Seq_2195,2,2,"benchmark=nucleotide_transformer_downstream_tasks;dataset=splice_sites_all;matching=kmer_balanced;matching_signature=(6, 'TTT');border_estimator=center_window_kmer_jsd;estimator=center_jsd;window=48;search_radius=24;kmer=2;top_ratio=0.25;score_scale=4.0;motif_weight=0.0;motif_radius=12;score_normalization=train_quantile;raw_border_score=0.155550;border_score=0.858467",0.3013547956943512,0.3278031647205353,0.37084197998046875
test_Seq_1753,1,2,"benchmark=nucleotide_transformer_downstream_tasks;dataset=splice_sites_all;matching=kmer_balanced;matching_signature=(8, 'TTT');border_estimator=center_window_kmer_jsd;estimator=center_jsd;window=48;search_radius=24;kmer=2;top_ratio=0.25;score_scale=4.0;motif_weight=0.0;motif_radius=12;score_normalization=train_quantile;raw_border_score=0.158252;border_score=0.863267",0.27376028895378113,0.2932756543159485,0.432964026927948
test_Seq_1380,1,1,"benchmark=nucleotide_transformer_downstream_tasks;dataset=splice_sites_all;matching=kmer_balanced;matching_signature=(10, 'CAG');border_estimator=center_window_kmer_jsd;estimator=center_jsd;window=48;search_radius=24;kmer=2;top_ratio=0.25;score_scale=4.0;motif_weight=0.0;motif_radius=12;score_normalization=train_quantile;raw_border_score=0.190882;border_score=0.946422",0.3387204706668854,0.3495839536190033,0.31169557571411133
test_Seq_2048,2,2,"benchmark=nucleotide_transformer_downstream_tasks;dataset=splice_sites_all;matching=kmer_balanced;matching_signature=(13, 'CCC');border_estimator=center_window_kmer_jsd;estimator=center_jsd;window=48;search_radius=24;kmer=2;top_ratio=0.25;score_scale=4.0;motif_weight=0.0;motif_radius=12;score_normalization=train_quantile;raw_border_score=0.099402;border_score=0.802733",0.30903688073158264,0.31670939922332764,0.37425369024276733
test_Seq_1275,1,2,"benchmark=nucleotide_transformer_downstream_tasks;dataset=splice_sites_all;matching=kmer_balanced;matching_signature=(7, 'AAA');border_estimator=center_window_kmer_jsd;estimator=center_jsd;window=48;search_radius=24;kmer=2;top_ratio=0.25;score_scale=4.0;motif_weight=0.0;motif_radius=12;score_normalization=train_quantile;raw_border_score=0.263974;border_score=1.102333",0.30044084787368774,0.32937219738960266,0.3701869547367096
test_Seq_2046,2,2,"benchmark=nucleotide_transformer_downstream_tasks;dataset=splice_sites_all;matching=kmer_balanced;matching_signature=(10, 'CAG');border_estimator=center_window_kmer_jsd;estimator=center_jsd;window=48;search_radius=24;kmer=2;top_ratio=0.25;score_scale=4.0;motif_weight=0.0;motif_radius=12;score_normalization=train_quantile;raw_border_score=0.194949;border_score=0.956822",0.24041567742824554,0.26457837224006653,0.49500593543052673
test_Seq_2823,2,2,"benchmark=nucleotide_transformer_downstream_tasks;dataset=splice_sites_all;matching=kmer_balanced;matching_signature=(6, 'TTT');border_estimator=center_window_kmer_jsd;estimator=center_jsd;window=48;search_radius=24;kmer=2;top_ratio=0.25;score_scale=4.0;motif_weight=0.0;motif_radius=12;score_normalization=train_quantile;raw_border_score=0.248381;border_score=1.075756",0.2599055767059326,0.28517407178878784,0.45492038130760193
test_Seq_690,0,1,"benchmark=nucleotide_transformer_downstream_tasks;dataset=splice_sites_all;matching=kmer_balanced;matching_signature=(8, 'TTT');border_estimator=center_window_kmer_jsd;estimator=center_jsd;window=48;search_radius=24;kmer=2;top_ratio=0.25;score_scale=4.0;motif_weight=0.0;motif_radius=12;score_normalization=train_quantile;raw_border_score=0.325479;border_score=1.164067",0.3386024534702301,0.3541891872882843,0.307208389043808
test_Seq_1173,1,2,"benchmark=nucleotide_transformer_downstream_tasks;dataset=splice_sites_all;matching=kmer_balanced;matching_signature=(8, 'TGT');border_estimator=center_window_kmer_jsd;estimator=center_jsd;window=48;search_radius=24;kmer=2;top_ratio=0.25;score_scale=4.0;motif_weight=0.0;motif_radius=12;score_normalization=train_quantile;raw_border_score=0.187630;border_score=0.937489",0.2566067576408386,0.273301899433136,0.4700913429260254
test_Seq_2707,2,2,"benchmark=nucleotide_transformer_downstream_tasks;dataset=splice_sites_all;matching=kmer_balanced;matching_signature=(13, 'GGG');border_estimator=center_window_kmer_jsd;estimator=center_jsd;window=48;search_radius=24;kmer=2;top_ratio=0.25;score_scale=4.0;motif_weight=0.0;motif_radius=12;score_normalization=train_quantile;raw_border_score=0.064251;border_score=0.800156",0.15646550059318542,0.16987305879592896,0.6736613512039185
test_Seq_151,0,1,"benchmark=nucleotide_transformer_downstream_tasks;dataset=splice_sites_all;matching=kmer_balanced;matching_signature=(7, 'TTT');border_estimator=center_window_kmer_jsd;estimator=center_jsd;window=48;search_radius=24;kmer=2;top_ratio=0.25;score_scale=4.0;motif_weight=0.0;motif_radius=12;score_normalization=train_quantile;raw_border_score=0.160025;border_score=0.867667",0.3216412365436554,0.3433157503604889,0.3350430130958557
test_Seq_892,0,2,"benchmark=nucleotide_transformer_downstream_tasks;dataset=splice_sites_all;matching=kmer_balanced;matching_signature=(8, 'TTT');border_estimator=center_window_kmer_jsd;estimator=center_jsd;window=48;search_radius=24;kmer=2;top_ratio=0.25;score_scale=4.0;motif_weight=0.0;motif_radius=12;score_normalization=train_quantile;raw_border_score=0.181775;border_score=0.922022",0.21376769244670868,0.2309892326593399,0.5552430748939514
test_Seq_2545,2,2,"benchmark=nucleotide_transformer_downstream_tasks;dataset=splice_sites_all;matching=kmer_balanced;matching_signature=(6, 'TTT');border_estimator=center_window_kmer_jsd;estimator=center_jsd;window=48;search_radius=24;kmer=2;top_ratio=0.25;score_scale=4.0;motif_weight=0.0;motif_radius=12;score_normalization=train_quantile;raw_border_score=0.133049;border_score=0.822733",0.14891885221004486,0.17802508175373077,0.6730560660362244
test_Seq_2870,2,2,"benchmark=nucleotide_transformer_downstream_tasks;dataset=splice_sites_all;matching=kmer_balanced;matching_signature=(7, 'TTT');border_estimator=center_window_kmer_jsd;estimator=center_jsd;window=48;search_radius=24;kmer=2;top_ratio=0.25;score_scale=4.0;motif_weight=0.0;motif_radius=12;score_normalization=train_quantile;raw_border_score=0.285355;border_score=1.130733",0.3025766909122467,0.31932151317596436,0.37810179591178894
test_Seq_734,0,2,"benchmark=nucleotide_transformer_downstream_tasks;dataset=splice_sites_all;matching=kmer_balanced;matching_signature=(12, 'CTG');border_estimator=center_window_kmer_jsd;estimator=center_jsd;window=48;search_radius=24;kmer=2;top_ratio=0.25;score_scale=4.0;motif_weight=0.0;motif_radius=12;score_normalization=train_quantile;raw_border_score=0.178904;border_score=0.915311",0.2880178689956665,0.28808608651161194,0.42389601469039917
test_Seq_2184,2,2,"benchmark=nucleotide_transformer_downstream_tasks;dataset=splice_sites_all;matching=kmer_balanced;matching_signature=(8, 'TTT');border_estimator=center_window_kmer_jsd;estimator=center_jsd;window=48;search_radius=24;kmer=2;top_ratio=0.25;score_scale=4.0;motif_weight=0.0;motif_radius=12;score_normalization=train_quantile;raw_border_score=0.388816;border_score=1.188067",0.14737509191036224,0.1670791506767273,0.6855457425117493
test_Seq_1186,1,2,"benchmark=nucleotide_transformer_downstream_tasks;dataset=splice_sites_all;matching=kmer_balanced;matching_signature=(6, 'TTT');border_estimator=center_window_kmer_jsd;estimator=center_jsd;window=48;search_radius=24;kmer=2;top_ratio=0.25;score_scale=4.0;motif_weight=0.0;motif_radius=12;score_normalization=train_quantile;raw_border_score=0.252033;border_score=1.082333",0.24746613204479218,0.27528613805770874,0.47724777460098267
test_Seq_2254,2,2,"benchmark=nucleotide_transformer_downstream_tasks;dataset=splice_sites_all;matching=kmer_balanced;matching_signature=(9, 'TCT');border_estimator=center_window_kmer_jsd;estimator=center_jsd;window=48;search_radius=24;kmer=2;top_ratio=0.25;score_scale=4.0;motif_weight=0.0;motif_radius=12;score_normalization=train_quantile;raw_border_score=0.243268;border_score=1.066244",0.22380508482456207,0.24349837005138397,0.5326964855194092
test_Seq_1326,1,2,"benchmark=nucleotide_transformer_downstream_tasks;dataset=splice_sites_all;matching=kmer_balanced;matching_signature=(8, 'AAA');border_estimator=center_window_kmer_jsd;estimator=center_jsd;window=48;search_radius=24;kmer=2;top_ratio=0.25;score_scale=4.0;motif_weight=0.0;motif_radius=12;score_normalization=train_quantile;raw_border_score=0.225603;border_score=1.031267",0.29204052686691284,0.30442091822624207,0.4035385251045227
test_Seq_878,0,2,"benchmark=nucleotide_transformer_downstream_tasks;dataset=splice_sites_all;matching=kmer_balanced;matching_signature=(6, 'TTT');border_estimator=center_window_kmer_jsd;estimator=center_jsd;window=48;search_radius=24;kmer=2;top_ratio=0.25;score_scale=4.0;motif_weight=0.0;motif_radius=12;score_normalization=train_quantile;raw_border_score=0.323461;border_score=1.162956",0.31152454018592834,0.3280127942562103,0.3604627251625061
test_Seq_2754,2,2,"benchmark=nucleotide_transformer_downstream_tasks;dataset=splice_sites_all;matching=kmer_balanced;matching_signature=(11, 'CTG');border_estimator=center_window_kmer_jsd;estimator=center_jsd;window=48;search_radius=24;kmer=2;top_ratio=0.25;score_scale=4.0;motif_weight=0.0;motif_radius=12;score_normalization=train_quantile;raw_border_score=0.193950;border_score=0.954644",0.28152164816856384,0.301649808883667,0.41682854294776917
test_Seq_703,0,2,"benchmark=nucleotide_transformer_downstream_tasks;dataset=splice_sites_all;matching=kmer_balanced;matching_signature=(12, 'GGG');border_estimator=center_window_kmer_jsd;estimator=center_jsd;window=48;search_radius=24;kmer=2;top_ratio=0.25;score_scale=4.0;motif_weight=0.0;motif_radius=12;score_normalization=train_quantile;raw_border_score=0.477438;border_score=1.197267",0.2982874810695648,0.31473463773727417,0.3869779706001282
test_Seq_1007,1,2,"benchmark=nucleotide_transformer_downstream_tasks;dataset=splice_sites_all;matching=kmer_balanced;matching_signature=(8, 'TTT');border_estimator=center_window_kmer_jsd;estimator=center_jsd;window=48;search_radius=24;kmer=2;top_ratio=0.25;score_scale=4.0;motif_weight=0.0;motif_radius=12;score_normalization=train_quantile;raw_border_score=0.320189;border_score=1.161267",0.3138582706451416,0.32405510544776917,0.36208656430244446
test_Seq_2955,2,2,"benchmark=nucleotide_transformer_downstream_tasks;dataset=splice_sites_all;matching=kmer_balanced;matching_signature=(6, 'TTT');border_estimator=center_window_kmer_jsd;estimator=center_jsd;window=48;search_radius=24;kmer=2;top_ratio=0.25;score_scale=4.0;motif_weight=0.0;motif_radius=12;score_normalization=train_quantile;raw_border_score=0.171584;border_score=0.895178",0.2171495258808136,0.2429160475730896,0.5399343967437744
test_Seq_1823,1,1,"benchmark=nucleotide_transformer_downstream_tasks;dataset=splice_sites_all;matching=kmer_balanced;matching_signature=(9, 'GAA');border_estimator=center_window_kmer_jsd;estimator=center_jsd;window=48;search_radius=24;kmer=2;top_ratio=0.25;score_scale=4.0;motif_weight=0.0;motif_radius=12;score_normalization=train_quantile;raw_border_score=0.162663;border_score=0.873311",0.3389061391353607,0.3536481261253357,0.3074457347393036
test_Seq_2616,2,2,"benchmark=nucleotide_transformer_downstream_tasks;dataset=splice_sites_all;matching=kmer_balanced;matching_signature=(12, 'CCC');border_estimator=center_window_kmer_jsd;estimator=center_jsd;window=48;search_radius=24;kmer=2;top_ratio=0.25;score_scale=4.0;motif_weight=0.0;motif_radius=12;score_normalization=train_quantile;raw_border_score=0.153022;border_score=0.853489",0.29940518736839294,0.2995448708534241,0.4010499119758606
test_Seq_1253,1,1,"benchmark=nucleotide_transformer_downstream_tasks;dataset=splice_sites_all;matching=kmer_balanced;matching_signature=(13, 'GGG');border_estimator=center_window_kmer_jsd;estimator=center_jsd;window=48;search_radius=24;kmer=2;top_ratio=0.25;score_scale=4.0;motif_weight=0.0;motif_radius=12;score_normalization=train_quantile;raw_border_score=0.230790;border_score=1.041044",0.3574221432209015,0.3577483296394348,0.2848295569419861
test_Seq_2916,2,2,"benchmark=nucleotide_transformer_downstream_tasks;dataset=splice_sites_all;matching=kmer_balanced;matching_signature=(10, 'CTG');border_estimator=center_window_kmer_jsd;estimator=center_jsd;window=48;search_radius=24;kmer=2;top_ratio=0.25;score_scale=4.0;motif_weight=0.0;motif_radius=12;score_normalization=train_quantile;raw_border_score=0.209638;border_score=0.994289",0.2513955235481262,0.27054810523986816,0.4780564308166504
test_Seq_1382,1,2,"benchmark=nucleotide_transformer_downstream_tasks;dataset=splice_sites_all;matching=kmer_balanced;matching_signature=(9, 'CCT');border_estimator=center_window_kmer_jsd;estimator=center_jsd;window=48;search_radius=24;kmer=2;top_ratio=0.25;score_scale=4.0;motif_weight=0.0;motif_radius=12;score_normalization=train_quantile;raw_border_score=0.193390;border_score=0.953222",0.32332175970077515,0.336108535528183,0.34056976437568665
test_Seq_2442,2,1,"benchmark=nucleotide_transformer_downstream_tasks;dataset=splice_sites_all;matching=kmer_balanced;matching_signature=(9, 'GAA');border_estimator=center_window_kmer_jsd;estimator=center_jsd;window=48;search_radius=24;kmer=2;top_ratio=0.25;score_scale=4.0;motif_weight=0.0;motif_radius=12;score_normalization=train_quantile;raw_border_score=0.205029;border_score=0.984244",0.3549567461013794,0.3598456084728241,0.2851976454257965
test_Seq_2773,2,1,"benchmark=nucleotide_transformer_downstream_tasks;dataset=splice_sites_all;matching=kmer_balanced;matching_signature=(6, 'TTT');border_estimator=center_window_kmer_jsd;estimator=center_jsd;window=48;search_radius=24;kmer=2;top_ratio=0.25;score_scale=4.0;motif_weight=0.0;motif_radius=12;score_normalization=train_quantile;raw_border_score=0.171686;border_score=0.895711",0.3407531976699829,0.3474629521369934,0.3117837905883789
test_Seq_2533,2,2,"benchmark=nucleotide_transformer_downstream_tasks;dataset=splice_sites_all;matching=kmer_balanced;matching_signature=(6, 'TTT');border_estimator=center_window_kmer_jsd;estimator=center_jsd;window=48;search_radius=24;kmer=2;top_ratio=0.25;score_scale=4.0;motif_weight=0.0;motif_radius=12;score_normalization=train_quantile;raw_border_score=0.232495;border_score=1.044511",0.25236228108406067,0.26898348331451416,0.4786541759967804
test_Seq_1980,1,2,"benchmark=nucleotide_transformer_downstream_tasks;dataset=splice_sites_all;matching=kmer_balanced;matching_signature=(11, 'CTG');border_estimator=center_window_kmer_jsd;estimator=center_jsd;window=48;search_radius=24;kmer=2;top_ratio=0.25;score_scale=4.0;motif_weight=0.0;motif_radius=12;score_normalization=train_quantile;raw_border_score=0.341254;border_score=1.172733",0.29410502314567566,0.3053124248981476,0.40058255195617676
test_Seq_506,0,2,"benchmark=nucleotide_transformer_downstream_tasks;dataset=splice_sites_all;matching=kmer_balanced;matching_signature=(8, 'TTT');border_estimator=center_window_kmer_jsd;estimator=center_jsd;window=48;search_radius=24;kmer=2;top_ratio=0.25;score_scale=4.0;motif_weight=0.0;motif_radius=12;score_normalization=train_quantile;raw_border_score=0.272069;border_score=1.113178",0.21590624749660492,0.2403021901845932,0.5437915325164795
test_Seq_2747,2,1,"benchmark=nucleotide_transformer_downstream_tasks;dataset=splice_sites_all;matching=kmer_balanced;matching_signature=(8, 'AAA');border_estimator=center_window_kmer_jsd;estimator=center_jsd;window=48;search_radius=24;kmer=2;top_ratio=0.25;score_scale=4.0;motif_weight=0.0;motif_radius=12;score_normalization=train_quantile;raw_border_score=0.155711;border_score=0.858733",0.3287445604801178,0.33804863691329956,0.33320680260658264
test_Seq_1925,1,2,"benchmark=nucleotide_transformer_downstream_tasks;dataset=splice_sites_all;matching=kmer_balanced;matching_signature=(11, 'CCT');border_estimator=center_window_kmer_jsd;estimator=center_jsd;window=48;search_radius=24;kmer=2;top_ratio=0.25;score_scale=4.0;motif_weight=0.0;motif_radius=12;score_normalization=train_quantile;raw_border_score=0.170875;border_score=0.892778",0.29377174377441406,0.31287094950675964,0.3933573067188263
test_Seq_553,0,2,"benchmark=nucleotide_transformer_downstream_tasks;dataset=splice_sites_all;matching=kmer_balanced;matching_signature=(11, 'TGG');border_estimator=center_window_kmer_jsd;estimator=center_jsd;window=48;search_radius=24;kmer=2;top_ratio=0.25;score_scale=4.0;motif_weight=0.0;motif_radius=12;score_normalization=train_quantile;raw_border_score=0.324711;border_score=1.163489",0.2885352075099945,0.3023882210254669,0.40907660126686096
test_Seq_1107,1,2,"benchmark=nucleotide_transformer_downstream_tasks;dataset=splice_sites_all;matching=kmer_balanced;matching_signature=(12, 'CTG');border_estimator=center_window_kmer_jsd;estimator=center_jsd;window=48;search_radius=24;kmer=2;top_ratio=0.25;score_scale=4.0;motif_weight=0.0;motif_radius=12;score_normalization=train_quantile;raw_border_score=0.153889;border_score=0.855267",0.2811368405818939,0.29249313473701477,0.4263700842857361
test_Seq_2848,2,2,"benchmark=nucleotide_transformer_downstream_tasks;dataset=splice_sites_all;matching=kmer_balanced;matching_signature=(7, 'TTT');border_estimator=center_window_kmer_jsd;estimator=center_jsd;window=48;search_radius=24;kmer=2;top_ratio=0.25;score_scale=4.0;motif_weight=0.0;motif_radius=12;score_normalization=train_quantile;raw_border_score=0.227161;border_score=1.034778",0.23582614958286285,0.25452232360839844,0.5096515417098999
test_Seq_1559,1,2,"benchmark=nucleotide_transformer_downstream_tasks;dataset=splice_sites_all;matching=kmer_balanced;matching_signature=(11, 'CCC');border_estimator=center_window_kmer_jsd;estimator=center_jsd;window=48;search_radius=24;kmer=2;top_ratio=0.25;score_scale=4.0;motif_weight=0.0;motif_radius=12;score_normalization=train_quantile;raw_border_score=0.322485;border_score=1.162467",0.2966019809246063,0.3137197494506836,0.38967829942703247
test_Seq_13,0,2,"benchmark=nucleotide_transformer_downstream_tasks;dataset=splice_sites_all;matching=kmer_balanced;matching_signature=(12, 'GGG');border_estimator=center_window_kmer_jsd;estimator=center_jsd;window=48;search_radius=24;kmer=2;top_ratio=0.25;score_scale=4.0;motif_weight=0.0;motif_radius=12;score_normalization=train_quantile;raw_border_score=0.137800;border_score=0.828956",0.3336836099624634,0.3309577405452728,0.3353586196899414
test_Seq_1344,1,2,"benchmark=nucleotide_transformer_downstream_tasks;dataset=splice_sites_all;matching=kmer_balanced;matching_signature=(7, 'TTT');border_estimator=center_window_kmer_jsd;estimator=center_jsd;window=48;search_radius=24;kmer=2;top_ratio=0.25;score_scale=4.0;motif_weight=0.0;motif_radius=12;score_normalization=train_quantile;raw_border_score=0.207398;border_score=0.989133",0.21463902294635773,0.2413913458585739,0.5439695715904236
test_Seq_1064,1,2,"benchmark=nucleotide_transformer_downstream_tasks;dataset=splice_sites_all;matching=kmer_balanced;matching_signature=(10, 'CCC');border_estimator=center_window_kmer_jsd;estimator=center_jsd;window=48;search_radius=24;kmer=2;top_ratio=0.25;score_scale=4.0;motif_weight=0.0;motif_radius=12;score_normalization=train_quantile;raw_border_score=0.266645;border_score=1.105489",0.27545857429504395,0.3003625273704529,0.42417892813682556
test_Seq_2777,2,2,"benchmark=nucleotide_transformer_downstream_tasks;dataset=splice_sites_all;matching=kmer_balanced;matching_signature=(8, 'AAA');border_estimator=center_window_kmer_jsd;estimator=center_jsd;window=48;search_radius=24;kmer=2;top_ratio=0.25;score_scale=4.0;motif_weight=0.0;motif_radius=12;score_normalization=train_quantile;raw_border_score=0.231468;border_score=1.042422",0.325796902179718,0.3311537504196167,0.3430493175983429
test_Seq_2695,2,2,"benchmark=nucleotide_transformer_downstream_tasks;dataset=splice_sites_all;matching=kmer_balanced;matching_signature=(9, 'CTG');border_estimator=center_window_kmer_jsd;estimator=center_jsd;window=48;search_radius=24;kmer=2;top_ratio=0.25;score_scale=4.0;motif_weight=0.0;motif_radius=12;score_normalization=train_quantile;raw_border_score=0.145778;border_score=0.840022",0.30532756447792053,0.32840850949287415,0.3662639558315277
test_Seq_722,0,1,"benchmark=nucleotide_transformer_downstream_tasks;dataset=splice_sites_all;matching=kmer_balanced;matching_signature=(6, 'TTT');border_estimator=center_window_kmer_jsd;estimator=center_jsd;window=48;search_radius=24;kmer=2;top_ratio=0.25;score_scale=4.0;motif_weight=0.0;motif_radius=12;score_normalization=train_quantile;raw_border_score=0.212433;border_score=1.000511",0.3319646418094635,0.34864428639411926,0.3193911015987396
test_Seq_1955,1,1,"benchmark=nucleotide_transformer_downstream_tasks;dataset=splice_sites_all;matching=kmer_balanced;matching_signature=(9, 'CTT');border_estimator=center_window_kmer_jsd;estimator=center_jsd;window=48;search_radius=24;kmer=2;top_ratio=0.25;score_scale=4.0;motif_weight=0.0;motif_radius=12;score_normalization=train_quantile;raw_border_score=0.214812;border_score=1.005578",0.35176894068717957,0.3564028739929199,0.2918282151222229
test_Seq_495,0,2,"benchmark=nucleotide_transformer_downstream_tasks;dataset=splice_sites_all;matching=kmer_balanced;matching_signature=(6, 'TTT');border_estimator=center_window_kmer_jsd;estimator=center_jsd;window=48;search_radius=24;kmer=2;top_ratio=0.25;score_scale=4.0;motif_weight=0.0;motif_radius=12;score_normalization=train_quantile;raw_border_score=0.304143;border_score=1.149844",0.2807772159576416,0.30306512117385864,0.41615766286849976
test_Seq_1992,1,2,"benchmark=nucleotide_transformer_downstream_tasks;dataset=splice_sites_all;matching=kmer_balanced;matching_signature=(10, 'CCT');border_estimator=center_window_kmer_jsd;estimator=center_jsd;window=48;search_radius=24;kmer=2;top_ratio=0.25;score_scale=4.0;motif_weight=0.0;motif_radius=12;score_normalization=train_quantile;raw_border_score=0.171337;border_score=0.894378",0.24731189012527466,0.27738627791404724,0.4753018617630005
test_Seq_658,0,2,"benchmark=nucleotide_transformer_downstream_tasks;dataset=splice_sites_all;matching=kmer_balanced;matching_signature=(13, 'GGG');border_estimator=center_window_kmer_jsd;estimator=center_jsd;window=48;search_radius=24;kmer=2;top_ratio=0.25;score_scale=4.0;motif_weight=0.0;motif_radius=12;score_normalization=train_quantile;raw_border_score=0.176745;border_score=0.910378",0.25025686621665955,0.26423290371894836,0.4855102300643921
test_Seq_686,0,2,"benchmark=nucleotide_transformer_downstream_tasks;dataset=splice_sites_all;matching=kmer_balanced;matching_signature=(6, 'TTT');border_estimator=center_window_kmer_jsd;estimator=center_jsd;window=48;search_radius=24;kmer=2;top_ratio=0.25;score_scale=4.0;motif_weight=0.0;motif_radius=12;score_normalization=train_quantile;raw_border_score=0.347600;border_score=1.176022",0.2378232181072235,0.2573893666267395,0.5047874450683594
test_Seq_2412,2,2,"benchmark=nucleotide_transformer_downstream_tasks;dataset=splice_sites_all;matching=kmer_balanced;matching_signature=(7, 'AAA');border_estimator=center_window_kmer_jsd;estimator=center_jsd;window=48;search_radius=24;kmer=2;top_ratio=0.25;score_scale=4.0;motif_weight=0.0;motif_radius=12;score_normalization=train_quantile;raw_border_score=0.257458;border_score=1.091356",0.28069910407066345,0.2965050935745239,0.4227958619594574
