id,true_label,pred_label,metadata,prob_0,prob_1,prob_2
test_Seq_2979,2,2,"benchmark=nucleotide_transformer_downstream_tasks;dataset=splice_sites_all;matching=kmer_balanced;matching_signature=(11, 'CAG');border_estimator=center_window_kmer_jsd;estimator=center_jsd;window=48;search_radius=24;kmer=2;top_ratio=0.25;score_scale=4.0;motif_weight=0.0;motif_radius=12;score_normalization=train_quantile;raw_border_score=0.317606;border_score=1.159356",0.2781853973865509,0.27364423871040344,0.44817039370536804
test_Seq_2853,2,2,"benchmark=nucleotide_transformer_downstream_tasks;dataset=splice_sites_all;matching=kmer_balanced;matching_signature=(8, 'TTC');border_estimator=center_window_kmer_jsd;estimator=center_jsd;window=48;search_radius=24;kmer=2;top_ratio=0.25;score_scale=4.0;motif_weight=0.0;motif_radius=12;score_normalization=train_quantile;raw_border_score=0.209544;border_score=0.994156",0.15851148962974548,0.14795039594173431,0.6935380697250366
test_Seq_2520,2,2,"benchmark=nucleotide_transformer_downstream_tasks;dataset=splice_sites_all;matching=kmer_balanced;matching_signature=(12, 'GGG');border_estimator=center_window_kmer_jsd;estimator=center_jsd;window=48;search_radius=24;kmer=2;top_ratio=0.25;score_scale=4.0;motif_weight=0.0;motif_radius=12;score_normalization=train_quantile;raw_border_score=0.205414;border_score=0.985267",0.23780648410320282,0.2372594028711319,0.5249341130256653
test_Seq_2632,2,1,"benchmark=nucleotide_transformer_downstream_tasks;dataset=splice_sites_all;matching=kmer_balanced;matching_signature=(14, 'CGG');border_estimator=center_window_kmer_jsd;estimator=center_jsd;window=48;search_radius=24;kmer=2;top_ratio=0.25;score_scale=4.0;motif_weight=0.0;motif_radius=12;score_normalization=train_quantile;raw_border_score=0.181279;border_score=0.921178",0.3666630983352661,0.4111204743385315,0.22221645712852478
test_Seq_465,0,2,"benchmark=nucleotide_transformer_downstream_tasks;dataset=splice_sites_all;matching=kmer_balanced;matching_signature=(7, 'TTT');border_estimator=center_window_kmer_jsd;estimator=center_jsd;window=48;search_radius=24;kmer=2;top_ratio=0.25;score_scale=4.0;motif_weight=0.0;motif_radius=12;score_normalization=train_quantile;raw_border_score=0.246821;border_score=1.072689",0.2317279875278473,0.2284660041332245,0.539806067943573
test_Seq_136,0,2,"benchmark=nucleotide_transformer_downstream_tasks;dataset=splice_sites_all;matching=kmer_balanced;matching_signature=(7, 'AAA');border_estimator=center_window_kmer_jsd;estimator=center_jsd;window=48;search_radius=24;kmer=2;top_ratio=0.25;score_scale=4.0;motif_weight=0.0;motif_radius=12;score_normalization=train_quantile;raw_border_score=0.251707;border_score=1.081889",0.13640761375427246,0.13292130827903748,0.7306710481643677
test_Seq_2365,2,1,"benchmark=nucleotide_transformer_downstream_tasks;dataset=splice_sites_all;matching=kmer_balanced;matching_signature=(8, 'GTG');border_estimator=center_window_kmer_jsd;estimator=center_jsd;window=48;search_radius=24;kmer=2;top_ratio=0.25;score_scale=4.0;motif_weight=0.0;motif_radius=12;score_normalization=train_quantile;raw_border_score=0.214478;border_score=1.005044",0.3276452422142029,0.34208717942237854,0.3302675783634186
test_Seq_667,0,2,"benchmark=nucleotide_transformer_downstream_tasks;dataset=splice_sites_all;matching=kmer_balanced;matching_signature=(8, 'TTT');border_estimator=center_window_kmer_jsd;estimator=center_jsd;window=48;search_radius=24;kmer=2;top_ratio=0.25;score_scale=4.0;motif_weight=0.0;motif_radius=12;score_normalization=train_quantile;raw_border_score=0.238838;border_score=1.056111",0.3156642019748688,0.3392443060874939,0.3450915217399597
test_Seq_2704,2,2,"benchmark=nucleotide_transformer_downstream_tasks;dataset=splice_sites_all;matching=kmer_balanced;matching_signature=(7, 'AAA');border_estimator=center_window_kmer_jsd;estimator=center_jsd;window=48;search_radius=24;kmer=2;top_ratio=0.25;score_scale=4.0;motif_weight=0.0;motif_radius=12;score_normalization=train_quantile;raw_border_score=0.169525;border_score=0.889667",0.24288730323314667,0.23858197033405304,0.5185306668281555
test_Seq_2921,2,2,"benchmark=nucleotide_transformer_downstream_tasks;dataset=splice_sites_all;matching=kmer_balanced;matching_signature=(7, 'TTT');border_estimator=center_window_kmer_jsd;estimator=center_jsd;window=48;search_radius=24;kmer=2;top_ratio=0.25;score_scale=4.0;motif_weight=0.0;motif_radius=12;score_normalization=train_quantile;raw_border_score=0.180431;border_score=0.918956",0.17977586388587952,0.17269344627857208,0.6475306749343872
test_Seq_1896,1,2,"benchmark=nucleotide_transformer_downstream_tasks;dataset=splice_sites_all;matching=kmer_balanced;matching_signature=(7, 'TAT');border_estimator=center_window_kmer_jsd;estimator=center_jsd;window=48;search_radius=24;kmer=2;top_ratio=0.25;score_scale=4.0;motif_weight=0.0;motif_radius=12;score_normalization=train_quantile;raw_border_score=0.165309;border_score=0.879800",0.2978494465351105,0.2994963824748993,0.40265414118766785
test_Seq_2417,2,2,"benchmark=nucleotide_transformer_downstream_tasks;dataset=splice_sites_all;matching=kmer_balanced;matching_signature=(8, 'TTT');border_estimator=center_window_kmer_jsd;estimator=center_jsd;window=48;search_radius=24;kmer=2;top_ratio=0.25;score_scale=4.0;motif_weight=0.0;motif_radius=12;score_normalization=train_quantile;raw_border_score=0.159951;border_score=0.867444",0.2375996857881546,0.23202276229858398,0.5303775072097778
test_Seq_1691,1,2,"benchmark=nucleotide_transformer_downstream_tasks;dataset=splice_sites_all;matching=kmer_balanced;matching_signature=(8, 'AAA');border_estimator=center_window_kmer_jsd;estimator=center_jsd;window=48;search_radius=24;kmer=2;top_ratio=0.25;score_scale=4.0;motif_weight=0.0;motif_radius=12;score_normalization=train_quantile;raw_border_score=0.174504;border_score=0.903622",0.12999896705150604,0.125886008143425,0.7441149950027466
test_Seq_1909,1,2,"benchmark=nucleotide_transformer_downstream_tasks;dataset=splice_sites_all;matching=kmer_balanced;matching_signature=(10, 'CCA');border_estimator=center_window_kmer_jsd;estimator=center_jsd;window=48;search_radius=24;kmer=2;top_ratio=0.25;score_scale=4.0;motif_weight=0.0;motif_radius=12;score_normalization=train_quantile;raw_border_score=0.138644;border_score=0.829889",0.14756685495376587,0.13885821402072906,0.7135749459266663
test_Seq_1472,1,2,"benchmark=nucleotide_transformer_downstream_tasks;dataset=splice_sites_all;matching=kmer_balanced;matching_signature=(12, 'CTG');border_estimator=center_window_kmer_jsd;estimator=center_jsd;window=48;search_radius=24;kmer=2;top_ratio=0.25;score_scale=4.0;motif_weight=0.0;motif_radius=12;score_normalization=train_quantile;raw_border_score=0.156291;border_score=0.859800",0.2850775122642517,0.2895123064517975,0.42541012167930603
test_Seq_1839,1,2,"benchmark=nucleotide_transformer_downstream_tasks;dataset=splice_sites_all;matching=kmer_balanced;matching_signature=(5, 'TTT');border_estimator=center_window_kmer_jsd;estimator=center_jsd;window=48;search_radius=24;kmer=2;top_ratio=0.25;score_scale=4.0;motif_weight=0.0;motif_radius=12;score_normalization=train_quantile;raw_border_score=0.221860;border_score=1.023222",0.2914927005767822,0.28660348057746887,0.4219038486480713
test_Seq_1350,1,2,"benchmark=nucleotide_transformer_downstream_tasks;dataset=splice_sites_all;matching=kmer_balanced;matching_signature=(8, 'AAA');border_estimator=center_window_kmer_jsd;estimator=center_jsd;window=48;search_radius=24;kmer=2;top_ratio=0.25;score_scale=4.0;motif_weight=0.0;motif_radius=12;score_normalization=train_quantile;raw_border_score=0.205385;border_score=0.985178",0.20246091485023499,0.19596117734909058,0.601577877998352
test_Seq_633,0,2,"benchmark=nucleotide_transformer_downstream_tasks;dataset=splice_sites_all;matching=kmer_balanced;matching_signature=(8, 'AAA');border_estimator=center_window_kmer_jsd;estimator=center_jsd;window=48;search_radius=24;kmer=2;top_ratio=0.25;score_scale=4.0;motif_weight=0.0;motif_radius=12;score_normalization=train_quantile;raw_border_score=0.269802;border_score=1.109889",0.22655309736728668,0.23105230927467346,0.5423946380615234
test_Seq_2419,2,1,"benchmark=nucleotide_transformer_downstream_tasks;dataset=splice_sites_all;matching=kmer_balanced;matching_signature=(13, 'GGG');border_estimator=center_window_kmer_jsd;estimator=center_jsd;window=48;search_radius=24;kmer=2;top_ratio=0.25;score_scale=4.0;motif_weight=0.0;motif_radius=12;score_normalization=train_quantile;raw_border_score=0.197733;border_score=0.965000",0.3319530487060547,0.33844760060310364,0.32959938049316406
test_Seq_2273,2,2,"benchmark=nucleotide_transformer_downstream_tasks;dataset=splice_sites_all;matching=kmer_balanced;matching_signature=(12, 'GGG');border_estimator=center_window_kmer_jsd;estimator=center_jsd;window=48;search_radius=24;kmer=2;top_ratio=0.25;score_scale=4.0;motif_weight=0.0;motif_radius=12;score_normalization=train_quantile;raw_border_score=0.166918;border_score=0.883933",0.2911086976528168,0.2784517705440521,0.4304395020008087
test_Seq_140,0,2,"benchmark=nucleotide_transformer_downstream_tasks;dataset=splice_sites_all;matching=kmer_balanced;matching_signature=(8, 'AAA');border_estimator=center_window_kmer_jsd;estimator=center_jsd;window=48;search_radius=24;kmer=2;top_ratio=0.25;score_scale=4.0;motif_weight=0.0;motif_radius=12;score_normalization=train_quantile;raw_border_score=0.395331;border_score=1.189000",0.23896491527557373,0.24277547001838684,0.518259584903717
test_Seq_2560,2,2,"benchmark=nucleotide_transformer_downstream_tasks;dataset=splice_sites_all;matching=kmer_balanced;matching_signature=(7, 'TTT');border_estimator=center_window_kmer_jsd;estimator=center_jsd;window=48;search_radius=24;kmer=2;top_ratio=0.25;score_scale=4.0;motif_weight=0.0;motif_radius=12;score_normalization=train_quantile;raw_border_score=0.154750;border_score=0.856733",0.31097015738487244,0.30534452199935913,0.38368532061576843
test_Seq_1667,1,2,"benchmark=nucleotide_transformer_downstream_tasks;dataset=splice_sites_all;matching=kmer_balanced;matching_signature=(8, 'AAA');border_estimator=center_window_kmer_jsd;estimator=center_jsd;window=48;search_radius=24;kmer=2;top_ratio=0.25;score_scale=4.0;motif_weight=0.0;motif_radius=12;score_normalization=train_quantile;raw_border_score=0.176269;border_score=0.908867",0.21732114255428314,0.21731647849082947,0.5653623342514038
test_Seq_2729,2,2,"benchmark=nucleotide_transformer_downstream_tasks;dataset=splice_sites_all;matching=kmer_balanced;matching_signature=(6, 'AAA');border_estimator=center_window_kmer_jsd;estimator=center_jsd;window=48;search_radius=24;kmer=2;top_ratio=0.25;score_scale=4.0;motif_weight=0.0;motif_radius=12;score_normalization=train_quantile;raw_border_score=0.229686;border_score=1.039133",0.21781638264656067,0.21752718091011047,0.5646564364433289
test_Seq_1169,1,2,"benchmark=nucleotide_transformer_downstream_tasks;dataset=splice_sites_all;matching=kmer_balanced;matching_signature=(9, 'TCT');border_estimator=center_window_kmer_jsd;estimator=center_jsd;window=48;search_radius=24;kmer=2;top_ratio=0.25;score_scale=4.0;motif_weight=0.0;motif_radius=12;score_normalization=train_quantile;raw_border_score=0.200967;border_score=0.973178",0.26443541049957275,0.2706683576107025,0.46489623188972473
test_Seq_30,0,2,"benchmark=nucleotide_transformer_downstream_tasks;dataset=splice_sites_all;matching=kmer_balanced;matching_signature=(11, 'GGG');border_estimator=center_window_kmer_jsd;estimator=center_jsd;window=48;search_radius=24;kmer=2;top_ratio=0.25;score_scale=4.0;motif_weight=0.0;motif_radius=12;score_normalization=train_quantile;raw_border_score=0.149944;border_score=0.847667",0.24382582306861877,0.24167893826961517,0.5144952535629272
test_Seq_1473,1,2,"benchmark=nucleotide_transformer_downstream_tasks;dataset=splice_sites_all;matching=kmer_balanced;matching_signature=(9, 'AAA');border_estimator=center_window_kmer_jsd;estimator=center_jsd;window=48;search_radius=24;kmer=2;top_ratio=0.25;score_scale=4.0;motif_weight=0.0;motif_radius=12;score_normalization=train_quantile;raw_border_score=0.118431;border_score=0.810022",0.18713566660881042,0.18565094470977783,0.6272133588790894
test_Seq_2803,2,2,"benchmark=nucleotide_transformer_downstream_tasks;dataset=splice_sites_all;matching=kmer_balanced;matching_signature=(8, 'TTT');border_estimator=center_window_kmer_jsd;estimator=center_jsd;window=48;search_radius=24;kmer=2;top_ratio=0.25;score_scale=4.0;motif_weight=0.0;motif_radius=12;score_normalization=train_quantile;raw_border_score=0.216444;border_score=1.010067",0.30110499262809753,0.32269197702407837,0.3762030303478241
test_Seq_2930,2,2,"benchmark=nucleotide_transformer_downstream_tasks;dataset=splice_sites_all;matching=kmer_balanced;matching_signature=(6, 'TTT');border_estimator=center_window_kmer_jsd;estimator=center_jsd;window=48;search_radius=24;kmer=2;top_ratio=0.25;score_scale=4.0;motif_weight=0.0;motif_radius=12;score_normalization=train_quantile;raw_border_score=0.164815;border_score=0.878556",0.2256934940814972,0.23002824187278748,0.5442782640457153
test_Seq_2106,2,2,"benchmark=nucleotide_transformer_downstream_tasks;dataset=splice_sites_all;matching=kmer_balanced;matching_signature=(9, 'CAG');border_estimator=center_window_kmer_jsd;estimator=center_jsd;window=48;search_radius=24;kmer=2;top_ratio=0.25;score_scale=4.0;motif_weight=0.0;motif_radius=12;score_normalization=train_quantile;raw_border_score=0.349729;border_score=1.176822",0.1440640240907669,0.133004829287529,0.7229311466217041
test_Seq_1104,1,2,"benchmark=nucleotide_transformer_downstream_tasks;dataset=splice_sites_all;matching=kmer_balanced;matching_signature=(8, 'TTT');border_estimator=center_window_kmer_jsd;estimator=center_jsd;window=48;search_radius=24;kmer=2;top_ratio=0.25;score_scale=4.0;motif_weight=0.0;motif_radius=12;score_normalization=train_quantile;raw_border_score=0.184519;border_score=0.928956",0.18182775378227234,0.17203032970428467,0.6461418867111206
test_Seq_1406,1,2,"benchmark=nucleotide_transformer_downstream_tasks;dataset=splice_sites_all;matching=kmer_balanced;matching_signature=(7, 'TTT');border_estimator=center_window_kmer_jsd;estimator=center_jsd;window=48;search_radius=24;kmer=2;top_ratio=0.25;score_scale=4.0;motif_weight=0.0;motif_radius=12;score_normalization=train_quantile;raw_border_score=0.290399;border_score=1.136556",0.14855030179023743,0.14814725518226624,0.7033025026321411
test_Seq_1677,1,2,"benchmark=nucleotide_transformer_downstream_tasks;dataset=splice_sites_all;matching=kmer_balanced;matching_signature=(8, 'TTT');border_estimator=center_window_kmer_jsd;estimator=center_jsd;window=48;search_radius=24;kmer=2;top_ratio=0.25;score_scale=4.0;motif_weight=0.0;motif_radius=12;score_normalization=train_quantile;raw_border_score=0.192714;border_score=0.951444",0.18312394618988037,0.17721675336360931,0.6396592855453491
test_Seq_1264,1,1,"benchmark=nucleotide_transformer_downstream_tasks;dataset=splice_sites_all;matching=kmer_balanced;matching_signature=(9, 'CTG');border_estimator=center_window_kmer_jsd;estimator=center_jsd;window=48;search_radius=24;kmer=2;top_ratio=0.25;score_scale=4.0;motif_weight=0.0;motif_radius=12;score_normalization=train_quantile;raw_border_score=0.157283;border_score=0.861711",0.32354938983917236,0.3428819179534912,0.3335687220096588
test_Seq_1778,1,2,"benchmark=nucleotide_transformer_downstream_tasks;dataset=splice_sites_all;matching=kmer_balanced;matching_signature=(6, 'AAA');border_estimator=center_window_kmer_jsd;estimator=center_jsd;window=48;search_radius=24;kmer=2;top_ratio=0.25;score_scale=4.0;motif_weight=0.0;motif_radius=12;score_normalization=train_quantile;raw_border_score=0.314207;border_score=1.156867",0.22669696807861328,0.219130739569664,0.5541722774505615
test_Seq_2166,2,2,"benchmark=nucleotide_transformer_downstream_tasks;dataset=splice_sites_all;matching=kmer_balanced;matching_signature=(12, 'CCC');border_estimator=center_window_kmer_jsd;estimator=center_jsd;window=48;search_radius=24;kmer=2;top_ratio=0.25;score_scale=4.0;motif_weight=0.0;motif_radius=12;score_normalization=train_quantile;raw_border_score=0.228521;border_score=1.037044",0.17609606683254242,0.17126497626304626,0.6526389122009277
test_Seq_638,0,1,"benchmark=nucleotide_transformer_downstream_tasks;dataset=splice_sites_all;matching=kmer_balanced;matching_signature=(11, 'CTG');border_estimator=center_window_kmer_jsd;estimator=center_jsd;window=48;search_radius=24;kmer=2;top_ratio=0.25;score_scale=4.0;motif_weight=0.0;motif_radius=12;score_normalization=train_quantile;raw_border_score=0.134643;border_score=0.824778",0.33657827973365784,0.35301345586776733,0.31040823459625244
test_Seq_2238,2,2,"benchmark=nucleotide_transformer_downstream_tasks;dataset=splice_sites_all;matching=kmer_balanced;matching_signature=(13, 'GGG');border_estimator=center_window_kmer_jsd;estimator=center_jsd;window=48;search_radius=24;kmer=2;top_ratio=0.25;score_scale=4.0;motif_weight=0.0;motif_radius=12;score_normalization=train_quantile;raw_border_score=0.225393;border_score=1.030867",0.3068665862083435,0.31030312180519104,0.38283026218414307
test_Seq_1346,1,2,"benchmark=nucleotide_transformer_downstream_tasks;dataset=splice_sites_all;matching=kmer_balanced;matching_signature=(9, 'CTG');border_estimator=center_window_kmer_jsd;estimator=center_jsd;window=48;search_radius=24;kmer=2;top_ratio=0.25;score_scale=4.0;motif_weight=0.0;motif_radius=12;score_normalization=train_quantile;raw_border_score=0.242915;border_score=1.065356",0.1749480962753296,0.16449132561683655,0.6605605483055115
test_Seq_1365,1,1,"benchmark=nucleotide_transformer_downstream_tasks;dataset=splice_sites_all;matching=kmer_balanced;matching_signature=(7, 'TTT');border_estimator=center_window_kmer_jsd;estimator=center_jsd;window=48;search_radius=24;kmer=2;top_ratio=0.25;score_scale=4.0;motif_weight=0.0;motif_radius=12;score_normalization=train_quantile;raw_border_score=0.282451;border_score=1.127000",0.33345285058021545,0.3390444219112396,0.3275027275085449
test_Seq_1234,1,2,"benchmark=nucleotide_transformer_downstream_tasks;dataset=splice_sites_all;matching=kmer_balanced;matching_signature=(7, 'TTT');border_estimator=center_window_kmer_jsd;estimator=center_jsd;window=48;search_radius=24;kmer=2;top_ratio=0.25;score_scale=4.0;motif_weight=0.0;motif_radius=12;score_normalization=train_quantile;raw_border_score=0.210312;border_score=0.996022",0.2621433436870575,0.28302860260009766,0.45482808351516724
test_Seq_2456,2,2,"benchmark=nucleotide_transformer_downstream_tasks;dataset=splice_sites_all;matching=kmer_balanced;matching_signature=(9, 'TTT');border_estimator=center_window_kmer_jsd;estimator=center_jsd;window=48;search_radius=24;kmer=2;top_ratio=0.25;score_scale=4.0;motif_weight=0.0;motif_radius=12;score_normalization=train_quantile;raw_border_score=0.255845;border_score=1.088956",0.2798362374305725,0.29414403438568115,0.42601969838142395
test_Seq_481,0,1,"benchmark=nucleotide_transformer_downstream_tasks;dataset=splice_sites_all;matching=kmer_balanced;matching_signature=(10, 'CAG');border_estimator=center_window_kmer_jsd;estimator=center_jsd;window=48;search_radius=24;kmer=2;top_ratio=0.25;score_scale=4.0;motif_weight=0.0;motif_radius=12;score_normalization=train_quantile;raw_border_score=0.210384;border_score=0.996156",0.3819368779659271,0.43676498532295227,0.18129810690879822
test_Seq_1012,1,2,"benchmark=nucleotide_transformer_downstream_tasks;dataset=splice_sites_all;matching=kmer_balanced;matching_signature=(7, 'TTT');border_estimator=center_window_kmer_jsd;estimator=center_jsd;window=48;search_radius=24;kmer=2;top_ratio=0.25;score_scale=4.0;motif_weight=0.0;motif_radius=12;score_normalization=train_quantile;raw_border_score=0.215790;border_score=1.008156",0.24232104420661926,0.24069921672344208,0.5169797539710999
test_Seq_1439,1,1,"benchmark=nucleotide_transformer_downstream_tasks;dataset=splice_sites_all;matching=kmer_balanced;matching_signature=(9, 'CTG');border_estimator=center_window_kmer_jsd;estimator=center_jsd;window=48;search_radius=24;kmer=2;top_ratio=0.25;score_scale=4.0;motif_weight=0.0;motif_radius=12;score_normalization=train_quantile;raw_border_score=0.194698;border_score=0.956244",0.365095853805542,0.39135199785232544,0.24355219304561615
test_Seq_910,0,2,"benchmark=nucleotide_transformer_downstream_tasks;dataset=splice_sites_all;matching=kmer_balanced;matching_signature=(11, 'CCA');border_estimator=center_window_kmer_jsd;estimator=center_jsd;window=48;search_radius=24;kmer=2;top_ratio=0.25;score_scale=4.0;motif_weight=0.0;motif_radius=12;score_normalization=train_quantile;raw_border_score=0.300198;border_score=1.146378",0.2703606188297272,0.2668890357017517,0.4627504050731659
test_Seq_2105,2,2,"benchmark=nucleotide_transformer_downstream_tasks;dataset=splice_sites_all;matching=kmer_balanced;matching_signature=(8, 'AAA');border_estimator=center_window_kmer_jsd;estimator=center_jsd;window=48;search_radius=24;kmer=2;top_ratio=0.25;score_scale=4.0;motif_weight=0.0;motif_radius=12;score_normalization=train_quantile;raw_border_score=0.274746;border_score=1.116956",0.1256338208913803,0.12072500586509705,0.7536411881446838
test_Seq_2945,2,2,"benchmark=nucleotide_transformer_downstream_tasks;dataset=splice_sites_all;matching=kmer_balanced;matching_signature=(10, 'CCA');border_estimator=center_window_kmer_jsd;estimator=center_jsd;window=48;search_radius=24;kmer=2;top_ratio=0.25;score_scale=4.0;motif_weight=0.0;motif_radius=12;score_normalization=train_quantile;raw_border_score=0.261890;border_score=1.098733",0.3112991154193878,0.32619091868400574,0.36250996589660645
test_Seq_1989,1,2,"benchmark=nucleotide_transformer_downstream_tasks;dataset=splice_sites_all;matching=kmer_balanced;matching_signature=(6, 'TTT');border_estimator=center_window_kmer_jsd;estimator=center_jsd;window=48;search_radius=24;kmer=2;top_ratio=0.25;score_scale=4.0;motif_weight=0.0;motif_radius=12;score_normalization=train_quantile;raw_border_score=0.247959;border_score=1.075089",0.24228231608867645,0.24706418812274933,0.5106534957885742
test_Seq_1090,1,2,"benchmark=nucleotide_transformer_downstream_tasks;dataset=splice_sites_all;matching=kmer_balanced;matching_signature=(8, 'TTT');border_estimator=center_window_kmer_jsd;estimator=center_jsd;window=48;search_radius=24;kmer=2;top_ratio=0.25;score_scale=4.0;motif_weight=0.0;motif_radius=12;score_normalization=train_quantile;raw_border_score=0.239577;border_score=1.057489",0.09484608471393585,0.09217042475938797,0.812983512878418
test_Seq_785,0,2,"benchmark=nucleotide_transformer_downstream_tasks;dataset=splice_sites_all;matching=kmer_balanced;matching_signature=(8, 'TTT');border_estimator=center_window_kmer_jsd;estimator=center_jsd;window=48;search_radius=24;kmer=2;top_ratio=0.25;score_scale=4.0;motif_weight=0.0;motif_radius=12;score_normalization=train_quantile;raw_border_score=0.211729;border_score=0.999222",0.17111286520957947,0.1611175537109375,0.6677695512771606
test_Seq_1981,1,2,"benchmark=nucleotide_transformer_downstream_tasks;dataset=splice_sites_all;matching=kmer_balanced;matching_signature=(11, 'GGG');border_estimator=center_window_kmer_jsd;estimator=center_jsd;window=48;search_radius=24;kmer=2;top_ratio=0.25;score_scale=4.0;motif_weight=0.0;motif_radius=12;score_normalization=train_quantile;raw_border_score=0.180717;border_score=0.919667",0.27242201566696167,0.29772084951400757,0.4298571050167084
test_Seq_1804,1,2,"benchmark=nucleotide_transformer_downstream_tasks;dataset=splice_sites_all;matching=kmer_balanced;matching_signature=(6, 'TTT');border_estimator=center_window_kmer_jsd;estimator=center_jsd;window=48;search_radius=24;kmer=2;top_ratio=0.25;score_scale=4.0;motif_weight=0.0;motif_radius=12;score_normalization=train_quantile;raw_border_score=0.191568;border_score=0.948556",0.211825892329216,0.20707672834396362,0.5810973048210144
test_Seq_2380,2,2,"benchmark=nucleotide_transformer_downstream_tasks;dataset=splice_sites_all;matching=kmer_balanced;matching_signature=(8, 'TTT');border_estimator=center_window_kmer_jsd;estimator=center_jsd;window=48;search_radius=24;kmer=2;top_ratio=0.25;score_scale=4.0;motif_weight=0.0;motif_radius=12;score_normalization=train_quantile;raw_border_score=0.187303;border_score=0.936822",0.28175678849220276,0.2854587733745575,0.43278443813323975
test_Seq_2423,2,2,"benchmark=nucleotide_transformer_downstream_tasks;dataset=splice_sites_all;matching=kmer_balanced;matching_signature=(7, 'TTT');border_estimator=center_window_kmer_jsd;estimator=center_jsd;window=48;search_radius=24;kmer=2;top_ratio=0.25;score_scale=4.0;motif_weight=0.0;motif_radius=12;score_normalization=train_quantile;raw_border_score=0.128517;border_score=0.817711",0.2748931646347046,0.27264174818992615,0.4524650573730469
test_Seq_777,0,2,"benchmark=nucleotide_transformer_downstream_tasks;dataset=splice_sites_all;matching=kmer_balanced;matching_signature=(7, 'ATT');border_estimator=center_window_kmer_jsd;estimator=center_jsd;window=48;search_radius=24;kmer=2;top_ratio=0.25;score_scale=4.0;motif_weight=0.0;motif_radius=12;score_normalization=train_quantile;raw_border_score=0.247575;border_score=1.074111",0.13998089730739594,0.13670894503593445,0.723310112953186
test_Seq_2186,2,2,"benchmark=nucleotide_transformer_downstream_tasks;dataset=splice_sites_all;matching=kmer_balanced;matching_signature=(7, 'AAA');border_estimator=center_window_kmer_jsd;estimator=center_jsd;window=48;search_radius=24;kmer=2;top_ratio=0.25;score_scale=4.0;motif_weight=0.0;motif_radius=12;score_normalization=train_quantile;raw_border_score=0.136040;border_score=0.826733",0.18830814957618713,0.19860069453716278,0.6130911707878113
test_Seq_1116,1,2,"benchmark=nucleotide_transformer_downstream_tasks;dataset=splice_sites_all;matching=kmer_balanced;matching_signature=(6, 'AAA');border_estimator=center_window_kmer_jsd;estimator=center_jsd;window=48;search_radius=24;kmer=2;top_ratio=0.25;score_scale=4.0;motif_weight=0.0;motif_radius=12;score_normalization=train_quantile;raw_border_score=0.208159;border_score=0.990600",0.22571706771850586,0.22552229464054108,0.5487606525421143
test_Seq_967,0,2,"benchmark=nucleotide_transformer_downstream_tasks;dataset=splice_sites_all;matching=kmer_balanced;matching_signature=(8, 'TTT');border_estimator=center_window_kmer_jsd;estimator=center_jsd;window=48;search_radius=24;kmer=2;top_ratio=0.25;score_scale=4.0;motif_weight=0.0;motif_radius=12;score_normalization=train_quantile;raw_border_score=0.290994;border_score=1.137267",0.2613717317581177,0.27156707644462585,0.46706122159957886
test_Seq_656,0,2,"benchmark=nucleotide_transformer_downstream_tasks;dataset=splice_sites_all;matching=kmer_balanced;matching_signature=(13, 'GGC');border_estimator=center_window_kmer_jsd;estimator=center_jsd;window=48;search_radius=24;kmer=2;top_ratio=0.25;score_scale=4.0;motif_weight=0.0;motif_radius=12;score_normalization=train_quantile;raw_border_score=0.256349;border_score=1.089756",0.30839264392852783,0.31942713260650635,0.37218019366264343
test_Seq_1889,1,2,"benchmark=nucleotide_transformer_downstream_tasks;dataset=splice_sites_all;matching=kmer_balanced;matching_signature=(8, 'AGA');border_estimator=center_window_kmer_jsd;estimator=center_jsd;window=48;search_radius=24;kmer=2;top_ratio=0.25;score_scale=4.0;motif_weight=0.0;motif_radius=12;score_normalization=train_quantile;raw_border_score=0.291583;border_score=1.137978",0.2831796705722809,0.2937150299549103,0.42310526967048645
test_Seq_190,0,2,"benchmark=nucleotide_transformer_downstream_tasks;dataset=splice_sites_all;matching=kmer_balanced;matching_signature=(8, 'TTT');border_estimator=center_window_kmer_jsd;estimator=center_jsd;window=48;search_radius=24;kmer=2;top_ratio=0.25;score_scale=4.0;motif_weight=0.0;motif_radius=12;score_normalization=train_quantile;raw_border_score=0.491455;border_score=1.198022",0.11948812752962112,0.11918266117572784,0.761329174041748
test_Seq_1732,1,2,"benchmark=nucleotide_transformer_downstream_tasks;dataset=splice_sites_all;matching=kmer_balanced;matching_signature=(6, 'TTT');border_estimator=center_window_kmer_jsd;estimator=center_jsd;window=48;search_radius=24;kmer=2;top_ratio=0.25;score_scale=4.0;motif_weight=0.0;motif_radius=12;score_normalization=train_quantile;raw_border_score=0.171222;border_score=0.893667",0.18493449687957764,0.18135209381580353,0.6337133646011353
test_Seq_1821,1,1,"benchmark=nucleotide_transformer_downstream_tasks;dataset=splice_sites_all;matching=kmer_balanced;matching_signature=(10, 'CTG');border_estimator=center_window_kmer_jsd;estimator=center_jsd;window=48;search_radius=24;kmer=2;top_ratio=0.25;score_scale=4.0;motif_weight=0.0;motif_radius=12;score_normalization=train_quantile;raw_border_score=0.183856;border_score=0.927044",0.3572927415370941,0.3796532154083252,0.2630540132522583
test_Seq_206,0,2,"benchmark=nucleotide_transformer_downstream_tasks;dataset=splice_sites_all;matching=kmer_balanced;matching_signature=(9, 'TTT');border_estimator=center_window_kmer_jsd;estimator=center_jsd;window=48;search_radius=24;kmer=2;top_ratio=0.25;score_scale=4.0;motif_weight=0.0;motif_radius=12;score_normalization=train_quantile;raw_border_score=0.240687;border_score=1.060467",0.23680151998996735,0.23720870912075043,0.5259897708892822
test_Seq_2087,2,2,"benchmark=nucleotide_transformer_downstream_tasks;dataset=splice_sites_all;matching=kmer_balanced;matching_signature=(10, 'TTT');border_estimator=center_window_kmer_jsd;estimator=center_jsd;window=48;search_radius=24;kmer=2;top_ratio=0.25;score_scale=4.0;motif_weight=0.0;motif_radius=12;score_normalization=train_quantile;raw_border_score=0.385226;border_score=1.187667",0.13234999775886536,0.13390326499938965,0.7337467074394226
test_Seq_853,0,2,"benchmark=nucleotide_transformer_downstream_tasks;dataset=splice_sites_all;matching=kmer_balanced;matching_signature=(8, 'TCT');border_estimator=center_window_kmer_jsd;estimator=center_jsd;window=48;search_radius=24;kmer=2;top_ratio=0.25;score_scale=4.0;motif_weight=0.0;motif_radius=12;score_normalization=train_quantile;raw_border_score=0.198794;border_score=0.968111",0.23230941593647003,0.2304658442735672,0.5372247695922852
test_Seq_977,0,2,"benchmark=nucleotide_transformer_downstream_tasks;dataset=splice_sites_all;matching=kmer_balanced;matching_signature=(7, 'TTT');border_estimator=center_window_kmer_jsd;estimator=center_jsd;window=48;search_radius=24;kmer=2;top_ratio=0.25;score_scale=4.0;motif_weight=0.0;motif_radius=12;score_normalization=train_quantile;raw_border_score=0.276634;border_score=1.119489",0.27788591384887695,0.2624621093273163,0.45965197682380676
test_Seq_2260,2,2,"benchmark=nucleotide_transformer_downstream_tasks;dataset=splice_sites_all;matching=kmer_balanced;matching_signature=(7, 'TTT');border_estimator=center_window_kmer_jsd;estimator=center_jsd;window=48;search_radius=24;kmer=2;top_ratio=0.25;score_scale=4.0;motif_weight=0.0;motif_radius=12;score_normalization=train_quantile;raw_border_score=0.148632;border_score=0.845356",0.17219774425029755,0.17117840051651,0.6566238403320312
test_Seq_2151,2,2,"benchmark=nucleotide_transformer_downstream_tasks;dataset=splice_sites_all;matching=kmer_balanced;matching_signature=(6, 'TTA');border_estimator=center_window_kmer_jsd;estimator=center_jsd;window=48;search_radius=24;kmer=2;top_ratio=0.25;score_scale=4.0;motif_weight=0.0;motif_radius=12;score_normalization=train_quantile;raw_border_score=0.250746;border_score=1.080556",0.32972729206085205,0.33184143900871277,0.33843132853507996
test_Seq_1594,1,2,"benchmark=nucleotide_transformer_downstream_tasks;dataset=splice_sites_all;matching=kmer_balanced;matching_signature=(8, 'TTT');border_estimator=center_window_kmer_jsd;estimator=center_jsd;window=48;search_radius=24;kmer=2;top_ratio=0.25;score_scale=4.0;motif_weight=0.0;motif_radius=12;score_normalization=train_quantile;raw_border_score=0.214437;border_score=1.005000",0.19322343170642853,0.1869266778230667,0.6198499202728271
test_Seq_273,0,2,"benchmark=nucleotide_transformer_downstream_tasks;dataset=splice_sites_all;matching=kmer_balanced;matching_signature=(5, 'TTT');border_estimator=center_window_kmer_jsd;estimator=center_jsd;window=48;search_radius=24;kmer=2;top_ratio=0.25;score_scale=4.0;motif_weight=0.0;motif_radius=12;score_normalization=train_quantile;raw_border_score=0.200804;border_score=0.972911",0.24699173867702484,0.25296688079833984,0.5000413656234741
test_Seq_1927,1,2,"benchmark=nucleotide_transformer_downstream_tasks;dataset=splice_sites_all;matching=kmer_balanced;matching_signature=(12, 'CAG');border_estimator=center_window_kmer_jsd;estimator=center_jsd;window=48;search_radius=24;kmer=2;top_ratio=0.25;score_scale=4.0;motif_weight=0.0;motif_radius=12;score_normalization=train_quantile;raw_border_score=0.257381;border_score=1.091222",0.2076469361782074,0.20507356524467468,0.5872795581817627
test_Seq_2244,2,2,"benchmark=nucleotide_transformer_downstream_tasks;dataset=splice_sites_all;matching=kmer_balanced;matching_signature=(11, 'CTG');border_estimator=center_window_kmer_jsd;estimator=center_jsd;window=48;search_radius=24;kmer=2;top_ratio=0.25;score_scale=4.0;motif_weight=0.0;motif_radius=12;score_normalization=train_quantile;raw_border_score=0.188668;border_score=0.940378",0.1564081609249115,0.14836439490318298,0.6952275037765503
test_Seq_113,0,2,"benchmark=nucleotide_transformer_downstream_tasks;dataset=splice_sites_all;matching=kmer_balanced;matching_signature=(8, 'TTT');border_estimator=center_window_kmer_jsd;estimator=center_jsd;window=48;search_radius=24;kmer=2;top_ratio=0.25;score_scale=4.0;motif_weight=0.0;motif_radius=12;score_normalization=train_quantile;raw_border_score=0.326924;border_score=1.164822",0.24609048664569855,0.23779450356960297,0.5161150693893433
test_Seq_2099,2,2,"benchmark=nucleotide_transformer_downstream_tasks;dataset=splice_sites_all;matching=kmer_balanced;matching_signature=(6, 'AAA');border_estimator=center_window_kmer_jsd;estimator=center_jsd;window=48;search_radius=24;kmer=2;top_ratio=0.25;score_scale=4.0;motif_weight=0.0;motif_radius=12;score_normalization=train_quantile;raw_border_score=0.251171;border_score=1.081089",0.2555343210697174,0.2518410384654999,0.4926246106624603
test_Seq_1238,1,2,"benchmark=nucleotide_transformer_downstream_tasks;dataset=splice_sites_all;matching=kmer_balanced;matching_signature=(6, 'AAA');border_estimator=center_window_kmer_jsd;estimator=center_jsd;window=48;search_radius=24;kmer=2;top_ratio=0.25;score_scale=4.0;motif_weight=0.0;motif_radius=12;score_normalization=train_quantile;raw_border_score=0.389653;border_score=1.188244",0.16588115692138672,0.15707093477249146,0.6770479083061218
test_Seq_224,0,2,"benchmark=nucleotide_transformer_downstream_tasks;dataset=splice_sites_all;matching=kmer_balanced;matching_signature=(6, 'TTT');border_estimator=center_window_kmer_jsd;estimator=center_jsd;window=48;search_radius=24;kmer=2;top_ratio=0.25;score_scale=4.0;motif_weight=0.0;motif_radius=12;score_normalization=train_quantile;raw_border_score=0.324594;border_score=1.163400",0.18833953142166138,0.1774825155735016,0.6341779828071594
test_Seq_1171,1,2,"benchmark=nucleotide_transformer_downstream_tasks;dataset=splice_sites_all;matching=kmer_balanced;matching_signature=(6, 'AAA');border_estimator=center_window_kmer_jsd;estimator=center_jsd;window=48;search_radius=24;kmer=2;top_ratio=0.25;score_scale=4.0;motif_weight=0.0;motif_radius=12;score_normalization=train_quantile;raw_border_score=0.139552;border_score=0.831178",0.25631454586982727,0.27395370602607727,0.46973177790641785
test_Seq_1321,1,1,"benchmark=nucleotide_transformer_downstream_tasks;dataset=splice_sites_all;matching=kmer_balanced;matching_signature=(9, 'CTG');border_estimator=center_window_kmer_jsd;estimator=center_jsd;window=48;search_radius=24;kmer=2;top_ratio=0.25;score_scale=4.0;motif_weight=0.0;motif_radius=12;score_normalization=train_quantile;raw_border_score=0.213204;border_score=1.002378",0.3248346745967865,0.3437168002128601,0.3314484655857086
test_Seq_1657,1,2,"benchmark=nucleotide_transformer_downstream_tasks;dataset=splice_sites_all;matching=kmer_balanced;matching_signature=(9, 'TGT');border_estimator=center_window_kmer_jsd;estimator=center_jsd;window=48;search_radius=24;kmer=2;top_ratio=0.25;score_scale=4.0;motif_weight=0.0;motif_radius=12;score_normalization=train_quantile;raw_border_score=0.194596;border_score=0.955889",0.2901380658149719,0.3048495352268219,0.4050123989582062
test_Seq_2969,2,2,"benchmark=nucleotide_transformer_downstream_tasks;dataset=splice_sites_all;matching=kmer_balanced;matching_signature=(8, 'AAA');border_estimator=center_window_kmer_jsd;estimator=center_jsd;window=48;search_radius=24;kmer=2;top_ratio=0.25;score_scale=4.0;motif_weight=0.0;motif_radius=12;score_normalization=train_quantile;raw_border_score=0.115001;border_score=0.808156",0.2500268220901489,0.24544665217399597,0.5045265555381775
test_Seq_390,0,2,"benchmark=nucleotide_transformer_downstream_tasks;dataset=splice_sites_all;matching=kmer_balanced;matching_signature=(12, 'CCC');border_estimator=center_window_kmer_jsd;estimator=center_jsd;window=48;search_radius=24;kmer=2;top_ratio=0.25;score_scale=4.0;motif_weight=0.0;motif_radius=12;score_normalization=train_quantile;raw_border_score=0.275160;border_score=1.117489",0.12493425607681274,0.10986300557851791,0.7652027010917664
test_Seq_529,0,2,"benchmark=nucleotide_transformer_downstream_tasks;dataset=splice_sites_all;matching=kmer_balanced;matching_signature=(12, 'CCC');border_estimator=center_window_kmer_jsd;estimator=center_jsd;window=48;search_radius=24;kmer=2;top_ratio=0.25;score_scale=4.0;motif_weight=0.0;motif_radius=12;score_normalization=train_quantile;raw_border_score=0.252939;border_score=1.083889",0.3267520070075989,0.3319912552833557,0.3412567377090454
test_Seq_2805,2,2,"benchmark=nucleotide_transformer_downstream_tasks;dataset=splice_sites_all;matching=kmer_balanced;matching_signature=(6, 'TTT');border_estimator=center_window_kmer_jsd;estimator=center_jsd;window=48;search_radius=24;kmer=2;top_ratio=0.25;score_scale=4.0;motif_weight=0.0;motif_radius=12;score_normalization=train_quantile;raw_border_score=0.144769;border_score=0.838333",0.2046131044626236,0.2081838995218277,0.5872029662132263
test_Seq_2386,2,2,"benchmark=nucleotide_transformer_downstream_tasks;dataset=splice_sites_all;matching=kmer_balanced;matching_signature=(6, 'TTT');border_estimator=center_window_kmer_jsd;estimator=center_jsd;window=48;search_radius=24;kmer=2;top_ratio=0.25;score_scale=4.0;motif_weight=0.0;motif_radius=12;score_normalization=train_quantile;raw_border_score=0.112300;border_score=0.806644",0.20943091809749603,0.20899634063243866,0.5815727114677429
test_Seq_792,0,2,"benchmark=nucleotide_transformer_downstream_tasks;dataset=splice_sites_all;matching=kmer_balanced;matching_signature=(7, 'TTT');border_estimator=center_window_kmer_jsd;estimator=center_jsd;window=48;search_radius=24;kmer=2;top_ratio=0.25;score_scale=4.0;motif_weight=0.0;motif_radius=12;score_normalization=train_quantile;raw_border_score=0.250814;border_score=1.080556",0.2813977897167206,0.2678379714488983,0.45076417922973633
test_Seq_807,0,2,"benchmark=nucleotide_transformer_downstream_tasks;dataset=splice_sites_all;matching=kmer_balanced;matching_signature=(10, 'CTG');border_estimator=center_window_kmer_jsd;estimator=center_jsd;window=48;search_radius=24;kmer=2;top_ratio=0.25;score_scale=4.0;motif_weight=0.0;motif_radius=12;score_normalization=train_quantile;raw_border_score=0.171064;border_score=0.893311",0.2500159740447998,0.2455267608165741,0.5044572949409485
test_Seq_35,0,2,"benchmark=nucleotide_transformer_downstream_tasks;dataset=splice_sites_all;matching=kmer_balanced;matching_signature=(7, 'TTT');border_estimator=center_window_kmer_jsd;estimator=center_jsd;window=48;search_radius=24;kmer=2;top_ratio=0.25;score_scale=4.0;motif_weight=0.0;motif_radius=12;score_normalization=train_quantile;raw_border_score=0.176308;border_score=0.909133",0.27411702275276184,0.2778136134147644,0.44806939363479614
test_Seq_1516,1,2,"benchmark=nucleotide_transformer_downstream_tasks;dataset=splice_sites_all;matching=kmer_balanced;matching_signature=(5, 'TTT');border_estimator=center_window_kmer_jsd;estimator=center_jsd;window=48;search_radius=24;kmer=2;top_ratio=0.25;score_scale=4.0;motif_weight=0.0;motif_radius=12;score_normalization=train_quantile;raw_border_score=0.203719;border_score=0.980689",0.2186359018087387,0.2192530632019043,0.562110960483551
test_Seq_1724,1,2,"benchmark=nucleotide_transformer_downstream_tasks;dataset=splice_sites_all;matching=kmer_balanced;matching_signature=(9, 'TGT');border_estimator=center_window_kmer_jsd;estimator=center_jsd;window=48;search_radius=24;kmer=2;top_ratio=0.25;score_scale=4.0;motif_weight=0.0;motif_radius=12;score_normalization=train_quantile;raw_border_score=0.144880;border_score=0.838511",0.28052520751953125,0.2869545519351959,0.4325202703475952
test_Seq_227,0,2,"benchmark=nucleotide_transformer_downstream_tasks;dataset=splice_sites_all;matching=kmer_balanced;matching_signature=(12, 'GGG');border_estimator=center_window_kmer_jsd;estimator=center_jsd;window=48;search_radius=24;kmer=2;top_ratio=0.25;score_scale=4.0;motif_weight=0.0;motif_radius=12;score_normalization=train_quantile;raw_border_score=0.246511;border_score=1.072244",0.21409852802753448,0.21238365769386292,0.5735178589820862
test_Seq_2249,2,2,"benchmark=nucleotide_transformer_downstream_tasks;dataset=splice_sites_all;matching=kmer_balanced;matching_signature=(9, 'TGT');border_estimator=center_window_kmer_jsd;estimator=center_jsd;window=48;search_radius=24;kmer=2;top_ratio=0.25;score_scale=4.0;motif_weight=0.0;motif_radius=12;score_normalization=train_quantile;raw_border_score=0.177953;border_score=0.913222",0.20374563336372375,0.20803575217723846,0.588218629360199
test_Seq_2674,2,2,"benchmark=nucleotide_transformer_downstream_tasks;dataset=splice_sites_all;matching=kmer_balanced;matching_signature=(6, 'TTT');border_estimator=center_window_kmer_jsd;estimator=center_jsd;window=48;search_radius=24;kmer=2;top_ratio=0.25;score_scale=4.0;motif_weight=0.0;motif_radius=12;score_normalization=train_quantile;raw_border_score=0.149415;border_score=0.846689",0.24721170961856842,0.2398824393749237,0.5129058361053467
test_Seq_499,0,1,"benchmark=nucleotide_transformer_downstream_tasks;dataset=splice_sites_all;matching=kmer_balanced;matching_signature=(6, 'TTT');border_estimator=center_window_kmer_jsd;estimator=center_jsd;window=48;search_radius=24;kmer=2;top_ratio=0.25;score_scale=4.0;motif_weight=0.0;motif_radius=12;score_normalization=train_quantile;raw_border_score=0.331537;border_score=1.167089",0.33782923221588135,0.36695581674575806,0.2952149510383606
test_Seq_2847,2,2,"benchmark=nucleotide_transformer_downstream_tasks;dataset=splice_sites_all;matching=kmer_balanced;matching_signature=(8, 'TTT');border_estimator=center_window_kmer_jsd;estimator=center_jsd;window=48;search_radius=24;kmer=2;top_ratio=0.25;score_scale=4.0;motif_weight=0.0;motif_radius=12;score_normalization=train_quantile;raw_border_score=0.422681;border_score=1.192600",0.2631288766860962,0.26863983273506165,0.46823129057884216
test_Seq_2892,2,2,"benchmark=nucleotide_transformer_downstream_tasks;dataset=splice_sites_all;matching=kmer_balanced;matching_signature=(9, 'CCT');border_estimator=center_window_kmer_jsd;estimator=center_jsd;window=48;search_radius=24;kmer=2;top_ratio=0.25;score_scale=4.0;motif_weight=0.0;motif_radius=12;score_normalization=train_quantile;raw_border_score=0.157594;border_score=0.862156",0.31511563062667847,0.3295789957046509,0.35530534386634827
test_Seq_568,0,2,"benchmark=nucleotide_transformer_downstream_tasks;dataset=splice_sites_all;matching=kmer_balanced;matching_signature=(9, 'TCT');border_estimator=center_window_kmer_jsd;estimator=center_jsd;window=48;search_radius=24;kmer=2;top_ratio=0.25;score_scale=4.0;motif_weight=0.0;motif_radius=12;score_normalization=train_quantile;raw_border_score=0.232853;border_score=1.045356",0.2534664571285248,0.25111475586891174,0.4954187572002411
test_Seq_843,0,2,"benchmark=nucleotide_transformer_downstream_tasks;dataset=splice_sites_all;matching=kmer_balanced;matching_signature=(7, 'AAA');border_estimator=center_window_kmer_jsd;estimator=center_jsd;window=48;search_radius=24;kmer=2;top_ratio=0.25;score_scale=4.0;motif_weight=0.0;motif_radius=12;score_normalization=train_quantile;raw_border_score=0.229766;border_score=1.039311",0.16649149358272552,0.16196414828300476,0.6715443730354309
test_Seq_2086,2,2,"benchmark=nucleotide_transformer_downstream_tasks;dataset=splice_sites_all;matching=kmer_balanced;matching_signature=(7, 'AAA');border_estimator=center_window_kmer_jsd;estimator=center_jsd;window=48;search_radius=24;kmer=2;top_ratio=0.25;score_scale=4.0;motif_weight=0.0;motif_radius=12;score_normalization=train_quantile;raw_border_score=0.271106;border_score=1.111711",0.2153681367635727,0.22038143873214722,0.5642504096031189
test_Seq_2940,2,2,"benchmark=nucleotide_transformer_downstream_tasks;dataset=splice_sites_all;matching=kmer_balanced;matching_signature=(13, 'GCC');border_estimator=center_window_kmer_jsd;estimator=center_jsd;window=48;search_radius=24;kmer=2;top_ratio=0.25;score_scale=4.0;motif_weight=0.0;motif_radius=12;score_normalization=train_quantile;raw_border_score=0.222148;border_score=1.023533",0.284961462020874,0.2951281666755676,0.41991037130355835
test_Seq_1455,1,1,"benchmark=nucleotide_transformer_downstream_tasks;dataset=splice_sites_all;matching=kmer_balanced;matching_signature=(7, 'TTT');border_estimator=center_window_kmer_jsd;estimator=center_jsd;window=48;search_radius=24;kmer=2;top_ratio=0.25;score_scale=4.0;motif_weight=0.0;motif_radius=12;score_normalization=train_quantile;raw_border_score=0.278895;border_score=1.122778",0.33934977650642395,0.35369330644607544,0.3069569170475006
test_Seq_373,0,2,"benchmark=nucleotide_transformer_downstream_tasks;dataset=splice_sites_all;matching=kmer_balanced;matching_signature=(10, 'TGG');border_estimator=center_window_kmer_jsd;estimator=center_jsd;window=48;search_radius=24;kmer=2;top_ratio=0.25;score_scale=4.0;motif_weight=0.0;motif_radius=12;score_normalization=train_quantile;raw_border_score=0.286421;border_score=1.131844",0.14805607497692108,0.13987556099891663,0.7120683193206787
test_Seq_2063,2,2,"benchmark=nucleotide_transformer_downstream_tasks;dataset=splice_sites_all;matching=kmer_balanced;matching_signature=(7, 'AAA');border_estimator=center_window_kmer_jsd;estimator=center_jsd;window=48;search_radius=24;kmer=2;top_ratio=0.25;score_scale=4.0;motif_weight=0.0;motif_radius=12;score_normalization=train_quantile;raw_border_score=0.208550;border_score=0.991444",0.1710643172264099,0.1627715826034546,0.6661641001701355
test_Seq_369,0,1,"benchmark=nucleotide_transformer_downstream_tasks;dataset=splice_sites_all;matching=kmer_balanced;matching_signature=(8, 'AAA');border_estimator=center_window_kmer_jsd;estimator=center_jsd;window=48;search_radius=24;kmer=2;top_ratio=0.25;score_scale=4.0;motif_weight=0.0;motif_radius=12;score_normalization=train_quantile;raw_border_score=0.285830;border_score=1.131267",0.33629119396209717,0.34739914536476135,0.31630972027778625
test_Seq_1661,1,2,"benchmark=nucleotide_transformer_downstream_tasks;dataset=splice_sites_all;matching=kmer_balanced;matching_signature=(7, 'AAA');border_estimator=center_window_kmer_jsd;estimator=center_jsd;window=48;search_radius=24;kmer=2;top_ratio=0.25;score_scale=4.0;motif_weight=0.0;motif_radius=12;score_normalization=train_quantile;raw_border_score=0.300417;border_score=1.146689",0.18632274866104126,0.18605908751487732,0.6276181936264038
test_Seq_1487,1,2,"benchmark=nucleotide_transformer_downstream_tasks;dataset=splice_sites_all;matching=kmer_balanced;matching_signature=(6, 'TTT');border_estimator=center_window_kmer_jsd;estimator=center_jsd;window=48;search_radius=24;kmer=2;top_ratio=0.25;score_scale=4.0;motif_weight=0.0;motif_radius=12;score_normalization=train_quantile;raw_border_score=0.247983;border_score=1.075089",0.2512829303741455,0.25333306193351746,0.4953840672969818
test_Seq_2340,2,2,"benchmark=nucleotide_transformer_downstream_tasks;dataset=splice_sites_all;matching=kmer_balanced;matching_signature=(8, 'TCT');border_estimator=center_window_kmer_jsd;estimator=center_jsd;window=48;search_radius=24;kmer=2;top_ratio=0.25;score_scale=4.0;motif_weight=0.0;motif_radius=12;score_normalization=train_quantile;raw_border_score=0.178590;border_score=0.914778",0.15678080916404724,0.15719878673553467,0.6860203146934509
test_Seq_1444,1,2,"benchmark=nucleotide_transformer_downstream_tasks;dataset=splice_sites_all;matching=kmer_balanced;matching_signature=(13, 'CCC');border_estimator=center_window_kmer_jsd;estimator=center_jsd;window=48;search_radius=24;kmer=2;top_ratio=0.25;score_scale=4.0;motif_weight=0.0;motif_radius=12;score_normalization=train_quantile;raw_border_score=0.216359;border_score=1.009756",0.21853040158748627,0.2021113783121109,0.5793582201004028
test_Seq_336,0,2,"benchmark=nucleotide_transformer_downstream_tasks;dataset=splice_sites_all;matching=kmer_balanced;matching_signature=(8, 'TCT');border_estimator=center_window_kmer_jsd;estimator=center_jsd;window=48;search_radius=24;kmer=2;top_ratio=0.25;score_scale=4.0;motif_weight=0.0;motif_radius=12;score_normalization=train_quantile;raw_border_score=0.243151;border_score=1.065933",0.25124236941337585,0.25484806299209595,0.4939095973968506
test_Seq_507,0,2,"benchmark=nucleotide_transformer_downstream_tasks;dataset=splice_sites_all;matching=kmer_balanced;matching_signature=(10, 'CTG');border_estimator=center_window_kmer_jsd;estimator=center_jsd;window=48;search_radius=24;kmer=2;top_ratio=0.25;score_scale=4.0;motif_weight=0.0;motif_radius=12;score_normalization=train_quantile;raw_border_score=0.260858;border_score=1.097089",0.28839173913002014,0.2963438630104065,0.41526442766189575
test_Seq_1630,1,2,"benchmark=nucleotide_transformer_downstream_tasks;dataset=splice_sites_all;matching=kmer_balanced;matching_signature=(11, 'GTG');border_estimator=center_window_kmer_jsd;estimator=center_jsd;window=48;search_radius=24;kmer=2;top_ratio=0.25;score_scale=4.0;motif_weight=0.0;motif_radius=12;score_normalization=train_quantile;raw_border_score=0.223904;border_score=1.028022",0.26259976625442505,0.2601345479488373,0.47726568579673767
test_Seq_1330,1,2,"benchmark=nucleotide_transformer_downstream_tasks;dataset=splice_sites_all;matching=kmer_balanced;matching_signature=(8, 'TTT');border_estimator=center_window_kmer_jsd;estimator=center_jsd;window=48;search_radius=24;kmer=2;top_ratio=0.25;score_scale=4.0;motif_weight=0.0;motif_radius=12;score_normalization=train_quantile;raw_border_score=0.180698;border_score=0.919667",0.14948555827140808,0.14451450109481812,0.7059999704360962
test_Seq_1565,1,2,"benchmark=nucleotide_transformer_downstream_tasks;dataset=splice_sites_all;matching=kmer_balanced;matching_signature=(6, 'TTT');border_estimator=center_window_kmer_jsd;estimator=center_jsd;window=48;search_radius=24;kmer=2;top_ratio=0.25;score_scale=4.0;motif_weight=0.0;motif_radius=12;score_normalization=train_quantile;raw_border_score=0.086484;border_score=0.800778",0.14484740793704987,0.14472073316574097,0.7104319334030151
test_Seq_2306,2,2,"benchmark=nucleotide_transformer_downstream_tasks;dataset=splice_sites_all;matching=kmer_balanced;matching_signature=(6, 'TTT');border_estimator=center_window_kmer_jsd;estimator=center_jsd;window=48;search_radius=24;kmer=2;top_ratio=0.25;score_scale=4.0;motif_weight=0.0;motif_radius=12;score_normalization=train_quantile;raw_border_score=0.201795;border_score=0.975578",0.16342154145240784,0.16809415817260742,0.6684842705726624
test_Seq_2605,2,2,"benchmark=nucleotide_transformer_downstream_tasks;dataset=splice_sites_all;matching=kmer_balanced;matching_signature=(6, 'AAA');border_estimator=center_window_kmer_jsd;estimator=center_jsd;window=48;search_radius=24;kmer=2;top_ratio=0.25;score_scale=4.0;motif_weight=0.0;motif_radius=12;score_normalization=train_quantile;raw_border_score=0.190738;border_score=0.945889",0.2225389927625656,0.22164557874202728,0.5558153986930847
test_Seq_1098,1,2,"benchmark=nucleotide_transformer_downstream_tasks;dataset=splice_sites_all;matching=kmer_balanced;matching_signature=(11, 'CTG');border_estimator=center_window_kmer_jsd;estimator=center_jsd;window=48;search_radius=24;kmer=2;top_ratio=0.25;score_scale=4.0;motif_weight=0.0;motif_radius=12;score_normalization=train_quantile;raw_border_score=0.315749;border_score=1.158289",0.3196829557418823,0.33483967185020447,0.3454773724079132
test_Seq_2239,2,2,"benchmark=nucleotide_transformer_downstream_tasks;dataset=splice_sites_all;matching=kmer_balanced;matching_signature=(8, 'TTT');border_estimator=center_window_kmer_jsd;estimator=center_jsd;window=48;search_radius=24;kmer=2;top_ratio=0.25;score_scale=4.0;motif_weight=0.0;motif_radius=12;score_normalization=train_quantile;raw_border_score=0.191342;border_score=0.948111",0.18928298354148865,0.19766080379486084,0.6130561828613281
test_Seq_2361,2,2,"benchmark=nucleotide_transformer_downstream_tasks;dataset=splice_sites_all;matching=kmer_balanced;matching_signature=(12, 'CCC');border_estimator=center_window_kmer_jsd;estimator=center_jsd;window=48;search_radius=24;kmer=2;top_ratio=0.25;score_scale=4.0;motif_weight=0.0;motif_radius=12;score_normalization=train_quantile;raw_border_score=0.099370;border_score=0.802733",0.2838871479034424,0.2901911437511444,0.4259217381477356
test_Seq_2653,2,2,"benchmark=nucleotide_transformer_downstream_tasks;dataset=splice_sites_all;matching=kmer_balanced;matching_signature=(7, 'AAA');border_estimator=center_window_kmer_jsd;estimator=center_jsd;window=48;search_radius=24;kmer=2;top_ratio=0.25;score_scale=4.0;motif_weight=0.0;motif_radius=12;score_normalization=train_quantile;raw_border_score=0.274353;border_score=1.116422",0.2516632080078125,0.2395113706588745,0.5088253617286682
test_Seq_2414,2,2,"benchmark=nucleotide_transformer_downstream_tasks;dataset=splice_sites_all;matching=kmer_balanced;matching_signature=(11, 'CAG');border_estimator=center_window_kmer_jsd;estimator=center_jsd;window=48;search_radius=24;kmer=2;top_ratio=0.25;score_scale=4.0;motif_weight=0.0;motif_radius=12;score_normalization=train_quantile;raw_border_score=0.319675;border_score=1.160956",0.1125311404466629,0.1082509234547615,0.7792178988456726
test_Seq_130,0,2,"benchmark=nucleotide_transformer_downstream_tasks;dataset=splice_sites_all;matching=kmer_balanced;matching_signature=(6, 'AAA');border_estimator=center_window_kmer_jsd;estimator=center_jsd;window=48;search_radius=24;kmer=2;top_ratio=0.25;score_scale=4.0;motif_weight=0.0;motif_radius=12;score_normalization=train_quantile;raw_border_score=0.189059;border_score=0.941578",0.3061807453632355,0.3330633342266083,0.36075595021247864
test_Seq_2294,2,2,"benchmark=nucleotide_transformer_downstream_tasks;dataset=splice_sites_all;matching=kmer_balanced;matching_signature=(12, 'CCC');border_estimator=center_window_kmer_jsd;estimator=center_jsd;window=48;search_radius=24;kmer=2;top_ratio=0.25;score_scale=4.0;motif_weight=0.0;motif_radius=12;score_normalization=train_quantile;raw_border_score=0.128827;border_score=0.818244",0.10480344295501709,0.09688621014356613,0.7983102798461914
test_Seq_281,0,2,"benchmark=nucleotide_transformer_downstream_tasks;dataset=splice_sites_all;matching=kmer_balanced;matching_signature=(10, 'CTG');border_estimator=center_window_kmer_jsd;estimator=center_jsd;window=48;search_radius=24;kmer=2;top_ratio=0.25;score_scale=4.0;motif_weight=0.0;motif_radius=12;score_normalization=train_quantile;raw_border_score=0.246658;border_score=1.072467",0.28176096081733704,0.27658385038375854,0.4416551887989044
test_Seq_1216,1,1,"benchmark=nucleotide_transformer_downstream_tasks;dataset=splice_sites_all;matching=kmer_balanced;matching_signature=(9, 'TTT');border_estimator=center_window_kmer_jsd;estimator=center_jsd;window=48;search_radius=24;kmer=2;top_ratio=0.25;score_scale=4.0;motif_weight=0.0;motif_radius=12;score_normalization=train_quantile;raw_border_score=0.216632;border_score=1.010733",0.34791117906570435,0.3871437609195709,0.26494506001472473
test_Seq_940,0,2,"benchmark=nucleotide_transformer_downstream_tasks;dataset=splice_sites_all;matching=kmer_balanced;matching_signature=(10, 'CCC');border_estimator=center_window_kmer_jsd;estimator=center_jsd;window=48;search_radius=24;kmer=2;top_ratio=0.25;score_scale=4.0;motif_weight=0.0;motif_radius=12;score_normalization=train_quantile;raw_border_score=0.275519;border_score=1.117800",0.2559834122657776,0.25490811467170715,0.48910850286483765
test_Seq_743,0,2,"benchmark=nucleotide_transformer_downstream_tasks;dataset=splice_sites_all;matching=kmer_balanced;matching_signature=(11, 'CTG');border_estimator=center_window_kmer_jsd;estimator=center_jsd;window=48;search_radius=24;kmer=2;top_ratio=0.25;score_scale=4.0;motif_weight=0.0;motif_radius=12;score_normalization=train_quantile;raw_border_score=0.171446;border_score=0.894822",0.3108268976211548,0.3216014504432678,0.3675715923309326
test_Seq_147,0,2,"benchmark=nucleotide_transformer_downstream_tasks;dataset=splice_sites_all;matching=kmer_balanced;matching_signature=(9, 'CTG');border_estimator=center_window_kmer_jsd;estimator=center_jsd;window=48;search_radius=24;kmer=2;top_ratio=0.25;score_scale=4.0;motif_weight=0.0;motif_radius=12;score_normalization=train_quantile;raw_border_score=0.151992;border_score=0.850867",0.1481861174106598,0.14176224172115326,0.7100515961647034
test_Seq_2829,2,2,"benchmark=nucleotide_transformer_downstream_tasks;dataset=splice_sites_all;matching=kmer_balanced;matching_signature=(13, 'GGG');border_estimator=center_window_kmer_jsd;estimator=center_jsd;window=48;search_radius=24;kmer=2;top_ratio=0.25;score_scale=4.0;motif_weight=0.0;motif_radius=12;score_normalization=train_quantile;raw_border_score=0.145272;border_score=0.839311",0.2950722873210907,0.3233998417854309,0.3815278112888336
test_Seq_2628,2,2,"benchmark=nucleotide_transformer_downstream_tasks;dataset=splice_sites_all;matching=kmer_balanced;matching_signature=(9, 'TTT');border_estimator=center_window_kmer_jsd;estimator=center_jsd;window=48;search_radius=24;kmer=2;top_ratio=0.25;score_scale=4.0;motif_weight=0.0;motif_radius=12;score_normalization=train_quantile;raw_border_score=0.150405;border_score=0.848200",0.16156049072742462,0.15918536484241486,0.6792541146278381
test_Seq_2626,2,2,"benchmark=nucleotide_transformer_downstream_tasks;dataset=splice_sites_all;matching=kmer_balanced;matching_signature=(12, 'CTG');border_estimator=center_window_kmer_jsd;estimator=center_jsd;window=48;search_radius=24;kmer=2;top_ratio=0.25;score_scale=4.0;motif_weight=0.0;motif_radius=12;score_normalization=train_quantile;raw_border_score=0.140128;border_score=0.831667",0.1604909747838974,0.1508890688419342,0.6886199116706848
test_Seq_363,0,2,"benchmark=nucleotide_transformer_downstream_tasks;dataset=splice_sites_all;matching=kmer_balanced;matching_signature=(11, 'CTC');border_estimator=center_window_kmer_jsd;estimator=center_jsd;window=48;search_radius=24;kmer=2;top_ratio=0.25;score_scale=4.0;motif_weight=0.0;motif_radius=12;score_normalization=train_quantile;raw_border_score=0.188525;border_score=0.940111",0.283837229013443,0.27861592173576355,0.43754690885543823
test_Seq_2039,2,2,"benchmark=nucleotide_transformer_downstream_tasks;dataset=splice_sites_all;matching=kmer_balanced;matching_signature=(12, 'CTG');border_estimator=center_window_kmer_jsd;estimator=center_jsd;window=48;search_radius=24;kmer=2;top_ratio=0.25;score_scale=4.0;motif_weight=0.0;motif_radius=12;score_normalization=train_quantile;raw_border_score=0.175218;border_score=0.905489",0.26742228865623474,0.2659425437450409,0.4666351079940796
test_Seq_1315,1,2,"benchmark=nucleotide_transformer_downstream_tasks;dataset=splice_sites_all;matching=kmer_balanced;matching_signature=(6, 'AAA');border_estimator=center_window_kmer_jsd;estimator=center_jsd;window=48;search_radius=24;kmer=2;top_ratio=0.25;score_scale=4.0;motif_weight=0.0;motif_radius=12;score_normalization=train_quantile;raw_border_score=0.217765;border_score=1.013133",0.2697826623916626,0.26673638820648193,0.4634809195995331
test_Seq_2424,2,2,"benchmark=nucleotide_transformer_downstream_tasks;dataset=splice_sites_all;matching=kmer_balanced;matching_signature=(6, 'TTT');border_estimator=center_window_kmer_jsd;estimator=center_jsd;window=48;search_radius=24;kmer=2;top_ratio=0.25;score_scale=4.0;motif_weight=0.0;motif_radius=12;score_normalization=train_quantile;raw_border_score=0.143338;border_score=0.836156",0.12390682101249695,0.12023729830980301,0.7558559775352478
test_Seq_267,0,2,"benchmark=nucleotide_transformer_downstream_tasks;dataset=splice_sites_all;matching=kmer_balanced;matching_signature=(8, 'TTT');border_estimator=center_window_kmer_jsd;estimator=center_jsd;window=48;search_radius=24;kmer=2;top_ratio=0.25;score_scale=4.0;motif_weight=0.0;motif_radius=12;score_normalization=train_quantile;raw_border_score=0.222162;border_score=1.023533",0.14335480332374573,0.13915477693080902,0.7174904346466064
test_Seq_1272,1,2,"benchmark=nucleotide_transformer_downstream_tasks;dataset=splice_sites_all;matching=kmer_balanced;matching_signature=(13, 'GGG');border_estimator=center_window_kmer_jsd;estimator=center_jsd;window=48;search_radius=24;kmer=2;top_ratio=0.25;score_scale=4.0;motif_weight=0.0;motif_radius=12;score_normalization=train_quantile;raw_border_score=0.418610;border_score=1.192333",0.31165874004364014,0.315449982881546,0.37289130687713623
test_Seq_1747,1,2,"benchmark=nucleotide_transformer_downstream_tasks;dataset=splice_sites_all;matching=kmer_balanced;matching_signature=(9, 'TTT');border_estimator=center_window_kmer_jsd;estimator=center_jsd;window=48;search_radius=24;kmer=2;top_ratio=0.25;score_scale=4.0;motif_weight=0.0;motif_radius=12;score_normalization=train_quantile;raw_border_score=0.325619;border_score=1.164156",0.2801661491394043,0.27825289964675903,0.44158095121383667
test_Seq_1366,1,2,"benchmark=nucleotide_transformer_downstream_tasks;dataset=splice_sites_all;matching=kmer_balanced;matching_signature=(12, 'CTG');border_estimator=center_window_kmer_jsd;estimator=center_jsd;window=48;search_radius=24;kmer=2;top_ratio=0.25;score_scale=4.0;motif_weight=0.0;motif_radius=12;score_normalization=train_quantile;raw_border_score=0.088299;border_score=0.800911",0.31228402256965637,0.3124120235443115,0.3753039240837097
test_Seq_1634,1,2,"benchmark=nucleotide_transformer_downstream_tasks;dataset=splice_sites_all;matching=kmer_balanced;matching_signature=(6, 'TTT');border_estimator=center_window_kmer_jsd;estimator=center_jsd;window=48;search_radius=24;kmer=2;top_ratio=0.25;score_scale=4.0;motif_weight=0.0;motif_radius=12;score_normalization=train_quantile;raw_border_score=0.244108;border_score=1.067711",0.19609680771827698,0.19103160500526428,0.6128716468811035
test_Seq_1464,1,1,"benchmark=nucleotide_transformer_downstream_tasks;dataset=splice_sites_all;matching=kmer_balanced;matching_signature=(6, 'TTT');border_estimator=center_window_kmer_jsd;estimator=center_jsd;window=48;search_radius=24;kmer=2;top_ratio=0.25;score_scale=4.0;motif_weight=0.0;motif_radius=12;score_normalization=train_quantile;raw_border_score=0.275525;border_score=1.117889",0.3543960154056549,0.3677622079849243,0.2778417766094208
test_Seq_1962,1,2,"benchmark=nucleotide_transformer_downstream_tasks;dataset=splice_sites_all;matching=kmer_balanced;matching_signature=(6, 'TTT');border_estimator=center_window_kmer_jsd;estimator=center_jsd;window=48;search_radius=24;kmer=2;top_ratio=0.25;score_scale=4.0;motif_weight=0.0;motif_radius=12;score_normalization=train_quantile;raw_border_score=0.179109;border_score=0.915711",0.18056052923202515,0.17485088109970093,0.6445885896682739
test_Seq_797,0,2,"benchmark=nucleotide_transformer_downstream_tasks;dataset=splice_sites_all;matching=kmer_balanced;matching_signature=(9, 'CAG');border_estimator=center_window_kmer_jsd;estimator=center_jsd;window=48;search_radius=24;kmer=2;top_ratio=0.25;score_scale=4.0;motif_weight=0.0;motif_radius=12;score_normalization=train_quantile;raw_border_score=0.233891;border_score=1.047400",0.23194895684719086,0.23284372687339783,0.5352072715759277
test_Seq_2582,2,2,"benchmark=nucleotide_transformer_downstream_tasks;dataset=splice_sites_all;matching=kmer_balanced;matching_signature=(11, 'CCC');border_estimator=center_window_kmer_jsd;estimator=center_jsd;window=48;search_radius=24;kmer=2;top_ratio=0.25;score_scale=4.0;motif_weight=0.0;motif_radius=12;score_normalization=train_quantile;raw_border_score=0.212938;border_score=1.001800",0.3213408291339874,0.32145753502845764,0.35720163583755493
test_Seq_2317,2,2,"benchmark=nucleotide_transformer_downstream_tasks;dataset=splice_sites_all;matching=kmer_balanced;matching_signature=(7, 'TTT');border_estimator=center_window_kmer_jsd;estimator=center_jsd;window=48;search_radius=24;kmer=2;top_ratio=0.25;score_scale=4.0;motif_weight=0.0;motif_radius=12;score_normalization=train_quantile;raw_border_score=0.164331;border_score=0.877089",0.2814464569091797,0.2976769804954529,0.42087656259536743
test_Seq_1588,1,2,"benchmark=nucleotide_transformer_downstream_tasks;dataset=splice_sites_all;matching=kmer_balanced;matching_signature=(9, 'TGT');border_estimator=center_window_kmer_jsd;estimator=center_jsd;window=48;search_radius=24;kmer=2;top_ratio=0.25;score_scale=4.0;motif_weight=0.0;motif_radius=12;score_normalization=train_quantile;raw_border_score=0.217118;border_score=1.011578",0.21679995954036713,0.21358804404735565,0.5696120262145996
test_Seq_2341,2,2,"benchmark=nucleotide_transformer_downstream_tasks;dataset=splice_sites_all;matching=kmer_balanced;matching_signature=(9, 'AAG');border_estimator=center_window_kmer_jsd;estimator=center_jsd;window=48;search_radius=24;kmer=2;top_ratio=0.25;score_scale=4.0;motif_weight=0.0;motif_radius=12;score_normalization=train_quantile;raw_border_score=0.155140;border_score=0.857756",0.18015357851982117,0.1822260022163391,0.6376204490661621
test_Seq_1527,1,2,"benchmark=nucleotide_transformer_downstream_tasks;dataset=splice_sites_all;matching=kmer_balanced;matching_signature=(8, 'TTT');border_estimator=center_window_kmer_jsd;estimator=center_jsd;window=48;search_radius=24;kmer=2;top_ratio=0.25;score_scale=4.0;motif_weight=0.0;motif_radius=12;score_normalization=train_quantile;raw_border_score=0.224507;border_score=1.028867",0.2681640088558197,0.2707599997520447,0.461076021194458
test_Seq_431,0,1,"benchmark=nucleotide_transformer_downstream_tasks;dataset=splice_sites_all;matching=kmer_balanced;matching_signature=(10, 'CCT');border_estimator=center_window_kmer_jsd;estimator=center_jsd;window=48;search_radius=24;kmer=2;top_ratio=0.25;score_scale=4.0;motif_weight=0.0;motif_radius=12;score_normalization=train_quantile;raw_border_score=0.231828;border_score=1.043267",0.3567347526550293,0.363325297832489,0.2799399495124817
test_Seq_2444,2,2,"benchmark=nucleotide_transformer_downstream_tasks;dataset=splice_sites_all;matching=kmer_balanced;matching_signature=(9, 'TTT');border_estimator=center_window_kmer_jsd;estimator=center_jsd;window=48;search_radius=24;kmer=2;top_ratio=0.25;score_scale=4.0;motif_weight=0.0;motif_radius=12;score_normalization=train_quantile;raw_border_score=0.143910;border_score=0.837222",0.201027050614357,0.19864630699157715,0.6003265976905823
test_Seq_517,0,1,"benchmark=nucleotide_transformer_downstream_tasks;dataset=splice_sites_all;matching=kmer_balanced;matching_signature=(9, 'TTT');border_estimator=center_window_kmer_jsd;estimator=center_jsd;window=48;search_radius=24;kmer=2;top_ratio=0.25;score_scale=4.0;motif_weight=0.0;motif_radius=12;score_normalization=train_quantile;raw_border_score=0.123930;border_score=0.813356",0.3735177516937256,0.3925028145313263,0.23397938907146454
test_Seq_1764,1,2,"benchmark=nucleotide_transformer_downstream_tasks;dataset=splice_sites_all;matching=kmer_balanced;matching_signature=(9, 'TTT');border_estimator=center_window_kmer_jsd;estimator=center_jsd;window=48;search_radius=24;kmer=2;top_ratio=0.25;score_scale=4.0;motif_weight=0.0;motif_radius=12;score_normalization=train_quantile;raw_border_score=0.188020;border_score=0.939044",0.18489187955856323,0.17861416935920715,0.6364939212799072
test_Seq_1226,1,2,"benchmark=nucleotide_transformer_downstream_tasks;dataset=splice_sites_all;matching=kmer_balanced;matching_signature=(7, 'AAA');border_estimator=center_window_kmer_jsd;estimator=center_jsd;window=48;search_radius=24;kmer=2;top_ratio=0.25;score_scale=4.0;motif_weight=0.0;motif_radius=12;score_normalization=train_quantile;raw_border_score=0.265190;border_score=1.103978",0.2598656117916107,0.2541186809539795,0.4860157072544098
test_Seq_308,0,2,"benchmark=nucleotide_transformer_downstream_tasks;dataset=splice_sites_all;matching=kmer_balanced;matching_signature=(13, 'GGG');border_estimator=center_window_kmer_jsd;estimator=center_jsd;window=48;search_radius=24;kmer=2;top_ratio=0.25;score_scale=4.0;motif_weight=0.0;motif_radius=12;score_normalization=train_quantile;raw_border_score=0.231114;border_score=1.041622",0.25878995656967163,0.2658800780773163,0.4753299057483673
test_Seq_1613,1,2,"benchmark=nucleotide_transformer_downstream_tasks;dataset=splice_sites_all;matching=kmer_balanced;matching_signature=(6, 'TTT');border_estimator=center_window_kmer_jsd;estimator=center_jsd;window=48;search_radius=24;kmer=2;top_ratio=0.25;score_scale=4.0;motif_weight=0.0;motif_radius=12;score_normalization=train_quantile;raw_border_score=0.211167;border_score=0.998111",0.1806168407201767,0.18147139251232147,0.6379117965698242
test_Seq_641,0,1,"benchmark=nucleotide_transformer_downstream_tasks;dataset=splice_sites_all;matching=kmer_balanced;matching_signature=(13, 'GGG');border_estimator=center_window_kmer_jsd;estimator=center_jsd;window=48;search_radius=24;kmer=2;top_ratio=0.25;score_scale=4.0;motif_weight=0.0;motif_radius=12;score_normalization=train_quantile;raw_border_score=0.277295;border_score=1.120467",0.33379918336868286,0.35095712542533875,0.3152437210083008
test_Seq_2460,2,2,"benchmark=nucleotide_transformer_downstream_tasks;dataset=splice_sites_all;matching=kmer_balanced;matching_signature=(8, 'TTT');border_estimator=center_window_kmer_jsd;estimator=center_jsd;window=48;search_radius=24;kmer=2;top_ratio=0.25;score_scale=4.0;motif_weight=0.0;motif_radius=12;score_normalization=train_quantile;raw_border_score=0.252758;border_score=1.083667",0.14420320093631744,0.1469709724187851,0.7088258266448975
test_Seq_1765,1,2,"benchmark=nucleotide_transformer_downstream_tasks;dataset=splice_sites_all;matching=kmer_balanced;matching_signature=(11, 'CCC');border_estimator=center_window_kmer_jsd;estimator=center_jsd;window=48;search_radius=24;kmer=2;top_ratio=0.25;score_scale=4.0;motif_weight=0.0;motif_radius=12;score_normalization=train_quantile;raw_border_score=0.150511;border_score=0.848422",0.2570212185382843,0.25021663308143616,0.49276217818260193
test_Seq_1289,1,2,"benchmark=nucleotide_transformer_downstream_tasks;dataset=splice_sites_all;matching=kmer_balanced;matching_signature=(12, 'CAG');border_estimator=center_window_kmer_jsd;estimator=center_jsd;window=48;search_radius=24;kmer=2;top_ratio=0.25;score_scale=4.0;motif_weight=0.0;motif_radius=12;score_normalization=train_quantile;raw_border_score=0.140272;border_score=0.831978",0.25348734855651855,0.2546546161174774,0.49185794591903687
test_Seq_226,0,2,"benchmark=nucleotide_transformer_downstream_tasks;dataset=splice_sites_all;matching=kmer_balanced;matching_signature=(12, 'CCC');border_estimator=center_window_kmer_jsd;estimator=center_jsd;window=48;search_radius=24;kmer=2;top_ratio=0.25;score_scale=4.0;motif_weight=0.0;motif_radius=12;score_normalization=train_quantile;raw_border_score=0.241306;border_score=1.061489",0.24277839064598083,0.2375667542219162,0.5196548700332642
test_Seq_2573,2,1,"benchmark=nucleotide_transformer_downstream_tasks;dataset=splice_sites_all;matching=kmer_balanced;matching_signature=(14, 'GGG');border_estimator=center_window_kmer_jsd;estimator=center_jsd;window=48;search_radius=24;kmer=2;top_ratio=0.25;score_scale=4.0;motif_weight=0.0;motif_radius=12;score_normalization=train_quantile;raw_border_score=0.187255;border_score=0.936689",0.3126716911792755,0.34439560770988464,0.34293267130851746
test_Seq_2246,2,2,"benchmark=nucleotide_transformer_downstream_tasks;dataset=splice_sites_all;matching=kmer_balanced;matching_signature=(10, 'TGC');border_estimator=center_window_kmer_jsd;estimator=center_jsd;window=48;search_radius=24;kmer=2;top_ratio=0.25;score_scale=4.0;motif_weight=0.0;motif_radius=12;score_normalization=train_quantile;raw_border_score=0.132014;border_score=0.821578",0.1989261955022812,0.19153526425361633,0.6095386147499084
test_Seq_2752,2,2,"benchmark=nucleotide_transformer_downstream_tasks;dataset=splice_sites_all;matching=kmer_balanced;matching_signature=(6, 'TTT');border_estimator=center_window_kmer_jsd;estimator=center_jsd;window=48;search_radius=24;kmer=2;top_ratio=0.25;score_scale=4.0;motif_weight=0.0;motif_radius=12;score_normalization=train_quantile;raw_border_score=0.162742;border_score=0.873356",0.2356949746608734,0.22992701828479767,0.5343779921531677
test_Seq_2154,2,2,"benchmark=nucleotide_transformer_downstream_tasks;dataset=splice_sites_all;matching=kmer_balanced;matching_signature=(7, 'AAA');border_estimator=center_window_kmer_jsd;estimator=center_jsd;window=48;search_radius=24;kmer=2;top_ratio=0.25;score_scale=4.0;motif_weight=0.0;motif_radius=12;score_normalization=train_quantile;raw_border_score=0.173444;border_score=0.900378",0.20005351305007935,0.19484438002109528,0.6051021218299866
test_Seq_868,0,2,"benchmark=nucleotide_transformer_downstream_tasks;dataset=splice_sites_all;matching=kmer_balanced;matching_signature=(7, 'AAA');border_estimator=center_window_kmer_jsd;estimator=center_jsd;window=48;search_radius=24;kmer=2;top_ratio=0.25;score_scale=4.0;motif_weight=0.0;motif_radius=12;score_normalization=train_quantile;raw_border_score=0.153496;border_score=0.854422",0.2709081172943115,0.2666727304458618,0.46241915225982666
test_Seq_245,0,2,"benchmark=nucleotide_transformer_downstream_tasks;dataset=splice_sites_all;matching=kmer_balanced;matching_signature=(6, 'AAA');border_estimator=center_window_kmer_jsd;estimator=center_jsd;window=48;search_radius=24;kmer=2;top_ratio=0.25;score_scale=4.0;motif_weight=0.0;motif_radius=12;score_normalization=train_quantile;raw_border_score=0.228923;border_score=1.037933",0.2388112097978592,0.23723123967647552,0.5239575505256653
test_Seq_2966,2,1,"benchmark=nucleotide_transformer_downstream_tasks;dataset=splice_sites_all;matching=kmer_balanced;matching_signature=(12, 'CTG');border_estimator=center_window_kmer_jsd;estimator=center_jsd;window=48;search_radius=24;kmer=2;top_ratio=0.25;score_scale=4.0;motif_weight=0.0;motif_radius=12;score_normalization=train_quantile;raw_border_score=0.103134;border_score=0.803489",0.36608895659446716,0.3845359981060028,0.24937506020069122
test_Seq_2815,2,2,"benchmark=nucleotide_transformer_downstream_tasks;dataset=splice_sites_all;matching=kmer_balanced;matching_signature=(6, 'TTT');border_estimator=center_window_kmer_jsd;estimator=center_jsd;window=48;search_radius=24;kmer=2;top_ratio=0.25;score_scale=4.0;motif_weight=0.0;motif_radius=12;score_normalization=train_quantile;raw_border_score=0.194568;border_score=0.955844",0.3009786903858185,0.2979539930820465,0.4010673463344574
test_Seq_1770,1,2,"benchmark=nucleotide_transformer_downstream_tasks;dataset=splice_sites_all;matching=kmer_balanced;matching_signature=(6, 'TTT');border_estimator=center_window_kmer_jsd;estimator=center_jsd;window=48;search_radius=24;kmer=2;top_ratio=0.25;score_scale=4.0;motif_weight=0.0;motif_radius=12;score_normalization=train_quantile;raw_border_score=0.282675;border_score=1.127311",0.22735214233398438,0.21944619715213776,0.5532016158103943
test_Seq_752,0,2,"benchmark=nucleotide_transformer_downstream_tasks;dataset=splice_sites_all;matching=kmer_balanced;matching_signature=(8, 'TTT');border_estimator=center_window_kmer_jsd;estimator=center_jsd;window=48;search_radius=24;kmer=2;top_ratio=0.25;score_scale=4.0;motif_weight=0.0;motif_radius=12;score_normalization=train_quantile;raw_border_score=0.348671;border_score=1.176333",0.19180600345134735,0.184359610080719,0.6238343715667725
test_Seq_169,0,1,"benchmark=nucleotide_transformer_downstream_tasks;dataset=splice_sites_all;matching=kmer_balanced;matching_signature=(7, 'TTT');border_estimator=center_window_kmer_jsd;estimator=center_jsd;window=48;search_radius=24;kmer=2;top_ratio=0.25;score_scale=4.0;motif_weight=0.0;motif_radius=12;score_normalization=train_quantile;raw_border_score=0.183667;border_score=0.926511",0.33093851804733276,0.3533152937889099,0.3157462179660797
test_Seq_601,0,2,"benchmark=nucleotide_transformer_downstream_tasks;dataset=splice_sites_all;matching=kmer_balanced;matching_signature=(7, 'AAA');border_estimator=center_window_kmer_jsd;estimator=center_jsd;window=48;search_radius=24;kmer=2;top_ratio=0.25;score_scale=4.0;motif_weight=0.0;motif_radius=12;score_normalization=train_quantile;raw_border_score=0.236901;border_score=1.052422",0.160846546292305,0.1535378098487854,0.685615599155426
test_Seq_2714,2,2,"benchmark=nucleotide_transformer_downstream_tasks;dataset=splice_sites_all;matching=kmer_balanced;matching_signature=(10, 'CTG');border_estimator=center_window_kmer_jsd;estimator=center_jsd;window=48;search_radius=24;kmer=2;top_ratio=0.25;score_scale=4.0;motif_weight=0.0;motif_radius=12;score_normalization=train_quantile;raw_border_score=0.101979;border_score=0.803222",0.10105223953723907,0.09840581566095352,0.8005419969558716
test_Seq_2831,2,2,"benchmark=nucleotide_transformer_downstream_tasks;dataset=splice_sites_all;matching=kmer_balanced;matching_signature=(9, 'TTT');border_estimator=center_window_kmer_jsd;estimator=center_jsd;window=48;search_radius=24;kmer=2;top_ratio=0.25;score_scale=4.0;motif_weight=0.0;motif_radius=12;score_normalization=train_quantile;raw_border_score=0.538496;border_score=1.199311",0.09890677034854889,0.09562486410140991,0.8054683208465576
test_Seq_1436,1,1,"benchmark=nucleotide_transformer_downstream_tasks;dataset=splice_sites_all;matching=kmer_balanced;matching_signature=(14, 'CGG');border_estimator=center_window_kmer_jsd;estimator=center_jsd;window=48;search_radius=24;kmer=2;top_ratio=0.25;score_scale=4.0;motif_weight=0.0;motif_radius=12;score_normalization=train_quantile;raw_border_score=0.255745;border_score=1.088822",0.31022053956985474,0.3553144931793213,0.33446499705314636
test_Seq_2571,2,2,"benchmark=nucleotide_transformer_downstream_tasks;dataset=splice_sites_all;matching=kmer_balanced;matching_signature=(13, 'GGG');border_estimator=center_window_kmer_jsd;estimator=center_jsd;window=48;search_radius=24;kmer=2;top_ratio=0.25;score_scale=4.0;motif_weight=0.0;motif_radius=12;score_normalization=train_quantile;raw_border_score=0.274581;border_score=1.116600",0.2528983950614929,0.260572224855423,0.4865293800830841
test_Seq_1348,1,2,"benchmark=nucleotide_transformer_downstream_tasks;dataset=splice_sites_all;matching=kmer_balanced;matching_signature=(7, 'TTT');border_estimator=center_window_kmer_jsd;estimator=center_jsd;window=48;search_radius=24;kmer=2;top_ratio=0.25;score_scale=4.0;motif_weight=0.0;motif_radius=12;score_normalization=train_quantile;raw_border_score=0.231973;border_score=1.043800",0.2205580174922943,0.2256559431552887,0.553786039352417
test_Seq_1013,1,2,"benchmark=nucleotide_transformer_downstream_tasks;dataset=splice_sites_all;matching=kmer_balanced;matching_signature=(5, 'TTT');border_estimator=center_window_kmer_jsd;estimator=center_jsd;window=48;search_radius=24;kmer=2;top_ratio=0.25;score_scale=4.0;motif_weight=0.0;motif_radius=12;score_normalization=train_quantile;raw_border_score=0.247839;border_score=1.074867",0.2584531903266907,0.26167574524879456,0.47987106442451477
test_Seq_1511,1,2,"benchmark=nucleotide_transformer_downstream_tasks;dataset=splice_sites_all;matching=kmer_balanced;matching_signature=(10, 'CCC');border_estimator=center_window_kmer_jsd;estimator=center_jsd;window=48;search_radius=24;kmer=2;top_ratio=0.25;score_scale=4.0;motif_weight=0.0;motif_radius=12;score_normalization=train_quantile;raw_border_score=0.202431;border_score=0.977178",0.2669788599014282,0.2648078203201294,0.4682133197784424
test_Seq_642,0,2,"benchmark=nucleotide_transformer_downstream_tasks;dataset=splice_sites_all;matching=kmer_balanced;matching_signature=(8, 'AAA');border_estimator=center_window_kmer_jsd;estimator=center_jsd;window=48;search_radius=24;kmer=2;top_ratio=0.25;score_scale=4.0;motif_weight=0.0;motif_radius=12;score_normalization=train_quantile;raw_border_score=0.132972;border_score=0.822733",0.26763367652893066,0.26540592312812805,0.4669603407382965
test_Seq_101,0,1,"benchmark=nucleotide_transformer_downstream_tasks;dataset=splice_sites_all;matching=kmer_balanced;matching_signature=(12, 'GGG');border_estimator=center_window_kmer_jsd;estimator=center_jsd;window=48;search_radius=24;kmer=2;top_ratio=0.25;score_scale=4.0;motif_weight=0.0;motif_radius=12;score_normalization=train_quantile;raw_border_score=0.217903;border_score=1.013489",0.3620089590549469,0.40593209862709045,0.23205891251564026
test_Seq_1730,1,2,"benchmark=nucleotide_transformer_downstream_tasks;dataset=splice_sites_all;matching=kmer_balanced;matching_signature=(10, 'CTG');border_estimator=center_window_kmer_jsd;estimator=center_jsd;window=48;search_radius=24;kmer=2;top_ratio=0.25;score_scale=4.0;motif_weight=0.0;motif_radius=12;score_normalization=train_quantile;raw_border_score=0.215127;border_score=1.006200",0.20153678953647614,0.18335263431072235,0.6151106357574463
test_Seq_2952,2,2,"benchmark=nucleotide_transformer_downstream_tasks;dataset=splice_sites_all;matching=kmer_balanced;matching_signature=(12, 'CCC');border_estimator=center_window_kmer_jsd;estimator=center_jsd;window=48;search_radius=24;kmer=2;top_ratio=0.25;score_scale=4.0;motif_weight=0.0;motif_radius=12;score_normalization=train_quantile;raw_border_score=0.322798;border_score=1.162644",0.3308080732822418,0.3282040059566498,0.3409879207611084
test_Seq_486,0,1,"benchmark=nucleotide_transformer_downstream_tasks;dataset=splice_sites_all;matching=kmer_balanced;matching_signature=(11, 'CCT');border_estimator=center_window_kmer_jsd;estimator=center_jsd;window=48;search_radius=24;kmer=2;top_ratio=0.25;score_scale=4.0;motif_weight=0.0;motif_radius=12;score_normalization=train_quantile;raw_border_score=0.257775;border_score=1.091756",0.3361459970474243,0.349488765001297,0.3143652081489563
test_Seq_1529,1,2,"benchmark=nucleotide_transformer_downstream_tasks;dataset=splice_sites_all;matching=kmer_balanced;matching_signature=(11, 'CTG');border_estimator=center_window_kmer_jsd;estimator=center_jsd;window=48;search_radius=24;kmer=2;top_ratio=0.25;score_scale=4.0;motif_weight=0.0;motif_radius=12;score_normalization=train_quantile;raw_border_score=0.159310;border_score=0.866200",0.22485299408435822,0.2237168550491333,0.5514301657676697
test_Seq_1512,1,2,"benchmark=nucleotide_transformer_downstream_tasks;dataset=splice_sites_all;matching=kmer_balanced;matching_signature=(7, 'TTT');border_estimator=center_window_kmer_jsd;estimator=center_jsd;window=48;search_radius=24;kmer=2;top_ratio=0.25;score_scale=4.0;motif_weight=0.0;motif_radius=12;score_normalization=train_quantile;raw_border_score=0.148834;border_score=0.845711",0.13936296105384827,0.13694456219673157,0.7236924767494202
test_Seq_2972,2,2,"benchmark=nucleotide_transformer_downstream_tasks;dataset=splice_sites_all;matching=kmer_balanced;matching_signature=(13, 'GGG');border_estimator=center_window_kmer_jsd;estimator=center_jsd;window=48;search_radius=24;kmer=2;top_ratio=0.25;score_scale=4.0;motif_weight=0.0;motif_radius=12;score_normalization=train_quantile;raw_border_score=0.241456;border_score=1.061889",0.2941054701805115,0.2994319498538971,0.40646255016326904
test_Seq_2372,2,2,"benchmark=nucleotide_transformer_downstream_tasks;dataset=splice_sites_all;matching=kmer_balanced;matching_signature=(7, 'TTT');border_estimator=center_window_kmer_jsd;estimator=center_jsd;window=48;search_radius=24;kmer=2;top_ratio=0.25;score_scale=4.0;motif_weight=0.0;motif_radius=12;score_normalization=train_quantile;raw_border_score=0.267370;border_score=1.106156",0.29675358533859253,0.2909127473831177,0.41233372688293457
test_Seq_1773,1,1,"benchmark=nucleotide_transformer_downstream_tasks;dataset=splice_sites_all;matching=kmer_balanced;matching_signature=(7, 'AAA');border_estimator=center_window_kmer_jsd;estimator=center_jsd;window=48;search_radius=24;kmer=2;top_ratio=0.25;score_scale=4.0;motif_weight=0.0;motif_radius=12;score_normalization=train_quantile;raw_border_score=0.139039;border_score=0.830511",0.3788677155971527,0.4175354540348053,0.2035968005657196
test_Seq_1206,1,2,"benchmark=nucleotide_transformer_downstream_tasks;dataset=splice_sites_all;matching=kmer_balanced;matching_signature=(12, 'CAG');border_estimator=center_window_kmer_jsd;estimator=center_jsd;window=48;search_radius=24;kmer=2;top_ratio=0.25;score_scale=4.0;motif_weight=0.0;motif_radius=12;score_normalization=train_quantile;raw_border_score=0.244823;border_score=1.069000",0.15077291429042816,0.1397818773984909,0.7094452381134033
test_Seq_1404,1,2,"benchmark=nucleotide_transformer_downstream_tasks;dataset=splice_sites_all;matching=kmer_balanced;matching_signature=(6, 'AAA');border_estimator=center_window_kmer_jsd;estimator=center_jsd;window=48;search_radius=24;kmer=2;top_ratio=0.25;score_scale=4.0;motif_weight=0.0;motif_radius=12;score_normalization=train_quantile;raw_border_score=0.164477;border_score=0.877667",0.2546181082725525,0.26423150300979614,0.481150358915329
test_Seq_1567,1,2,"benchmark=nucleotide_transformer_downstream_tasks;dataset=splice_sites_all;matching=kmer_balanced;matching_signature=(6, 'TTT');border_estimator=center_window_kmer_jsd;estimator=center_jsd;window=48;search_radius=24;kmer=2;top_ratio=0.25;score_scale=4.0;motif_weight=0.0;motif_radius=12;score_normalization=train_quantile;raw_border_score=0.291140;border_score=1.137444",0.19115403294563293,0.1857662796974182,0.6230795979499817
test_Seq_1254,1,2,"benchmark=nucleotide_transformer_downstream_tasks;dataset=splice_sites_all;matching=kmer_balanced;matching_signature=(6, 'TTT');border_estimator=center_window_kmer_jsd;estimator=center_jsd;window=48;search_radius=24;kmer=2;top_ratio=0.25;score_scale=4.0;motif_weight=0.0;motif_radius=12;score_normalization=train_quantile;raw_border_score=0.162770;border_score=0.873444",0.23311510682106018,0.23591558635234833,0.5309693217277527
test_Seq_2051,2,2,"benchmark=nucleotide_transformer_downstream_tasks;dataset=splice_sites_all;matching=kmer_balanced;matching_signature=(9, 'CAG');border_estimator=center_window_kmer_jsd;estimator=center_jsd;window=48;search_radius=24;kmer=2;top_ratio=0.25;score_scale=4.0;motif_weight=0.0;motif_radius=12;score_normalization=train_quantile;raw_border_score=0.198146;border_score=0.966244",0.31716999411582947,0.3270531892776489,0.3557768762111664
test_Seq_2219,2,2,"benchmark=nucleotide_transformer_downstream_tasks;dataset=splice_sites_all;matching=kmer_balanced;matching_signature=(6, 'AAA');border_estimator=center_window_kmer_jsd;estimator=center_jsd;window=48;search_radius=24;kmer=2;top_ratio=0.25;score_scale=4.0;motif_weight=0.0;motif_radius=12;score_normalization=train_quantile;raw_border_score=0.197435;border_score=0.964067",0.0694831907749176,0.06454948335886002,0.865967333316803
test_Seq_164,0,2,"benchmark=nucleotide_transformer_downstream_tasks;dataset=splice_sites_all;matching=kmer_balanced;matching_signature=(11, 'CCC');border_estimator=center_window_kmer_jsd;estimator=center_jsd;window=48;search_radius=24;kmer=2;top_ratio=0.25;score_scale=4.0;motif_weight=0.0;motif_radius=12;score_normalization=train_quantile;raw_border_score=0.307977;border_score=1.152111",0.16458411514759064,0.15799006819725037,0.6774258017539978
test_Seq_560,0,2,"benchmark=nucleotide_transformer_downstream_tasks;dataset=splice_sites_all;matching=kmer_balanced;matching_signature=(13, 'GGG');border_estimator=center_window_kmer_jsd;estimator=center_jsd;window=48;search_radius=24;kmer=2;top_ratio=0.25;score_scale=4.0;motif_weight=0.0;motif_radius=12;score_normalization=train_quantile;raw_border_score=0.225714;border_score=1.031400",0.18111476302146912,0.17592744529247284,0.6429577469825745
test_Seq_427,0,2,"benchmark=nucleotide_transformer_downstream_tasks;dataset=splice_sites_all;matching=kmer_balanced;matching_signature=(7, 'TGA');border_estimator=center_window_kmer_jsd;estimator=center_jsd;window=48;search_radius=24;kmer=2;top_ratio=0.25;score_scale=4.0;motif_weight=0.0;motif_radius=12;score_normalization=train_quantile;raw_border_score=0.190940;border_score=0.946556",0.22146189212799072,0.21949531137943268,0.559042751789093
test_Seq_2092,2,2,"benchmark=nucleotide_transformer_downstream_tasks;dataset=splice_sites_all;matching=kmer_balanced;matching_signature=(11, 'CCT');border_estimator=center_window_kmer_jsd;estimator=center_jsd;window=48;search_radius=24;kmer=2;top_ratio=0.25;score_scale=4.0;motif_weight=0.0;motif_radius=12;score_normalization=train_quantile;raw_border_score=0.153124;border_score=0.853622",0.2198915183544159,0.20237015187740326,0.577738344669342
test_Seq_2240,2,2,"benchmark=nucleotide_transformer_downstream_tasks;dataset=splice_sites_all;matching=kmer_balanced;matching_signature=(9, 'CTG');border_estimator=center_window_kmer_jsd;estimator=center_jsd;window=48;search_radius=24;kmer=2;top_ratio=0.25;score_scale=4.0;motif_weight=0.0;motif_radius=12;score_normalization=train_quantile;raw_border_score=0.141432;border_score=0.833133",0.2001359909772873,0.19887863099575043,0.6009854078292847
test_Seq_1843,1,2,"benchmark=nucleotide_transformer_downstream_tasks;dataset=splice_sites_all;matching=kmer_balanced;matching_signature=(10, 'CTC');border_estimator=center_window_kmer_jsd;estimator=center_jsd;window=48;search_radius=24;kmer=2;top_ratio=0.25;score_scale=4.0;motif_weight=0.0;motif_radius=12;score_normalization=train_quantile;raw_border_score=0.293874;border_score=1.140022",0.21757620573043823,0.2147129625082016,0.5677108764648438
test_Seq_1854,1,1,"benchmark=nucleotide_transformer_downstream_tasks;dataset=splice_sites_all;matching=kmer_balanced;matching_signature=(9, 'CAG');border_estimator=center_window_kmer_jsd;estimator=center_jsd;window=48;search_radius=24;kmer=2;top_ratio=0.25;score_scale=4.0;motif_weight=0.0;motif_radius=12;score_normalization=train_quantile;raw_border_score=0.214473;border_score=1.005044",0.36383184790611267,0.4045428931713104,0.2316252589225769
test_Seq_2040,2,2,"benchmark=nucleotide_transformer_downstream_tasks;dataset=splice_sites_all;matching=kmer_balanced;matching_signature=(5, 'TTT');border_estimator=center_window_kmer_jsd;estimator=center_jsd;window=48;search_radius=24;kmer=2;top_ratio=0.25;score_scale=4.0;motif_weight=0.0;motif_radius=12;score_normalization=train_quantile;raw_border_score=0.168992;border_score=0.888600",0.23087157309055328,0.2379389852285385,0.5311894416809082
test_Seq_2030,2,2,"benchmark=nucleotide_transformer_downstream_tasks;dataset=splice_sites_all;matching=kmer_balanced;matching_signature=(13, 'GGG');border_estimator=center_window_kmer_jsd;estimator=center_jsd;window=48;search_radius=24;kmer=2;top_ratio=0.25;score_scale=4.0;motif_weight=0.0;motif_radius=12;score_normalization=train_quantile;raw_border_score=0.230916;border_score=1.041222",0.23846715688705444,0.2483864277601242,0.5131464004516602
test_Seq_2032,2,2,"benchmark=nucleotide_transformer_downstream_tasks;dataset=splice_sites_all;matching=kmer_balanced;matching_signature=(9, 'TGG');border_estimator=center_window_kmer_jsd;estimator=center_jsd;window=48;search_radius=24;kmer=2;top_ratio=0.25;score_scale=4.0;motif_weight=0.0;motif_radius=12;score_normalization=train_quantile;raw_border_score=0.195918;border_score=0.959667",0.16042301058769226,0.16567401587963104,0.6739029884338379
test_Seq_2988,2,2,"benchmark=nucleotide_transformer_downstream_tasks;dataset=splice_sites_all;matching=kmer_balanced;matching_signature=(6, 'TTT');border_estimator=center_window_kmer_jsd;estimator=center_jsd;window=48;search_radius=24;kmer=2;top_ratio=0.25;score_scale=4.0;motif_weight=0.0;motif_radius=12;score_normalization=train_quantile;raw_border_score=0.124620;border_score=0.814156",0.26798370480537415,0.26643526554107666,0.4655810296535492
test_Seq_2293,2,2,"benchmark=nucleotide_transformer_downstream_tasks;dataset=splice_sites_all;matching=kmer_balanced;matching_signature=(5, 'TTT');border_estimator=center_window_kmer_jsd;estimator=center_jsd;window=48;search_radius=24;kmer=2;top_ratio=0.25;score_scale=4.0;motif_weight=0.0;motif_radius=12;score_normalization=train_quantile;raw_border_score=0.179768;border_score=0.917089",0.16393454372882843,0.15714031457901,0.678925096988678
test_Seq_660,0,2,"benchmark=nucleotide_transformer_downstream_tasks;dataset=splice_sites_all;matching=kmer_balanced;matching_signature=(8, 'TTT');border_estimator=center_window_kmer_jsd;estimator=center_jsd;window=48;search_radius=24;kmer=2;top_ratio=0.25;score_scale=4.0;motif_weight=0.0;motif_radius=12;score_normalization=train_quantile;raw_border_score=0.314880;border_score=1.157311",0.22106163203716278,0.21626125276088715,0.5626771450042725
test_Seq_2917,2,2,"benchmark=nucleotide_transformer_downstream_tasks;dataset=splice_sites_all;matching=kmer_balanced;matching_signature=(6, 'TTT');border_estimator=center_window_kmer_jsd;estimator=center_jsd;window=48;search_radius=24;kmer=2;top_ratio=0.25;score_scale=4.0;motif_weight=0.0;motif_radius=12;score_normalization=train_quantile;raw_border_score=0.193320;border_score=0.952911",0.17995396256446838,0.18748120963573456,0.632564902305603
test_Seq_219,0,2,"benchmark=nucleotide_transformer_downstream_tasks;dataset=splice_sites_all;matching=kmer_balanced;matching_signature=(14, 'CCC');border_estimator=center_window_kmer_jsd;estimator=center_jsd;window=48;search_radius=24;kmer=2;top_ratio=0.25;score_scale=4.0;motif_weight=0.0;motif_radius=12;score_normalization=train_quantile;raw_border_score=0.217508;border_score=1.012511",0.23805291950702667,0.2337082475423813,0.528238832950592
test_Seq_2152,2,2,"benchmark=nucleotide_transformer_downstream_tasks;dataset=splice_sites_all;matching=kmer_balanced;matching_signature=(6, 'TTT');border_estimator=center_window_kmer_jsd;estimator=center_jsd;window=48;search_radius=24;kmer=2;top_ratio=0.25;score_scale=4.0;motif_weight=0.0;motif_radius=12;score_normalization=train_quantile;raw_border_score=0.195411;border_score=0.958289",0.1892015039920807,0.1779727041721344,0.6328257918357849
test_Seq_639,0,2,"benchmark=nucleotide_transformer_downstream_tasks;dataset=splice_sites_all;matching=kmer_balanced;matching_signature=(11, 'TGG');border_estimator=center_window_kmer_jsd;estimator=center_jsd;window=48;search_radius=24;kmer=2;top_ratio=0.25;score_scale=4.0;motif_weight=0.0;motif_radius=12;score_normalization=train_quantile;raw_border_score=0.201251;border_score=0.974022",0.3152870833873749,0.32209375500679016,0.36261922121047974
test_Seq_2603,2,2,"benchmark=nucleotide_transformer_downstream_tasks;dataset=splice_sites_all;matching=kmer_balanced;matching_signature=(13, 'GGG');border_estimator=center_window_kmer_jsd;estimator=center_jsd;window=48;search_radius=24;kmer=2;top_ratio=0.25;score_scale=4.0;motif_weight=0.0;motif_radius=12;score_normalization=train_quantile;raw_border_score=0.354543;border_score=1.178378",0.2655782997608185,0.26515451073646545,0.46926724910736084
test_Seq_2718,2,2,"benchmark=nucleotide_transformer_downstream_tasks;dataset=splice_sites_all;matching=kmer_balanced;matching_signature=(6, 'AAA');border_estimator=center_window_kmer_jsd;estimator=center_jsd;window=48;search_radius=24;kmer=2;top_ratio=0.25;score_scale=4.0;motif_weight=0.0;motif_radius=12;score_normalization=train_quantile;raw_border_score=0.267774;border_score=1.106867",0.2250683307647705,0.22176849842071533,0.5531631708145142
test_Seq_626,0,2,"benchmark=nucleotide_transformer_downstream_tasks;dataset=splice_sites_all;matching=kmer_balanced;matching_signature=(11, 'CCC');border_estimator=center_window_kmer_jsd;estimator=center_jsd;window=48;search_radius=24;kmer=2;top_ratio=0.25;score_scale=4.0;motif_weight=0.0;motif_radius=12;score_normalization=train_quantile;raw_border_score=0.240039;border_score=1.058422",0.23962295055389404,0.27230018377304077,0.4880768358707428
test_Seq_2627,2,2,"benchmark=nucleotide_transformer_downstream_tasks;dataset=splice_sites_all;matching=kmer_balanced;matching_signature=(7, 'TTT');border_estimator=center_window_kmer_jsd;estimator=center_jsd;window=48;search_radius=24;kmer=2;top_ratio=0.25;score_scale=4.0;motif_weight=0.0;motif_radius=12;score_normalization=train_quantile;raw_border_score=0.334319;border_score=1.168733",0.2667748034000397,0.2743423581123352,0.45888280868530273
test_Seq_1589,1,2,"benchmark=nucleotide_transformer_downstream_tasks;dataset=splice_sites_all;matching=kmer_balanced;matching_signature=(6, 'AAA');border_estimator=center_window_kmer_jsd;estimator=center_jsd;window=48;search_radius=24;kmer=2;top_ratio=0.25;score_scale=4.0;motif_weight=0.0;motif_radius=12;score_normalization=train_quantile;raw_border_score=0.353638;border_score=1.178022",0.19840364158153534,0.203490749001503,0.5981056094169617
test_Seq_474,0,2,"benchmark=nucleotide_transformer_downstream_tasks;dataset=splice_sites_all;matching=kmer_balanced;matching_signature=(13, 'CTG');border_estimator=center_window_kmer_jsd;estimator=center_jsd;window=48;search_radius=24;kmer=2;top_ratio=0.25;score_scale=4.0;motif_weight=0.0;motif_radius=12;score_normalization=train_quantile;raw_border_score=0.126898;border_score=0.816378",0.172852024435997,0.16570626199245453,0.6614416837692261
test_Seq_888,0,2,"benchmark=nucleotide_transformer_downstream_tasks;dataset=splice_sites_all;matching=kmer_balanced;matching_signature=(6, 'TTT');border_estimator=center_window_kmer_jsd;estimator=center_jsd;window=48;search_radius=24;kmer=2;top_ratio=0.25;score_scale=4.0;motif_weight=0.0;motif_radius=12;score_normalization=train_quantile;raw_border_score=0.249469;border_score=1.078067",0.23638103902339935,0.24108929932117462,0.522529661655426
test_Seq_833,0,2,"benchmark=nucleotide_transformer_downstream_tasks;dataset=splice_sites_all;matching=kmer_balanced;matching_signature=(9, 'GAA');border_estimator=center_window_kmer_jsd;estimator=center_jsd;window=48;search_radius=24;kmer=2;top_ratio=0.25;score_scale=4.0;motif_weight=0.0;motif_radius=12;score_normalization=train_quantile;raw_border_score=0.193772;border_score=0.954111",0.2370287925004959,0.24475647509098053,0.5182147026062012
test_Seq_2253,2,2,"benchmark=nucleotide_transformer_downstream_tasks;dataset=splice_sites_all;matching=kmer_balanced;matching_signature=(7, 'TTT');border_estimator=center_window_kmer_jsd;estimator=center_jsd;window=48;search_radius=24;kmer=2;top_ratio=0.25;score_scale=4.0;motif_weight=0.0;motif_radius=12;score_normalization=train_quantile;raw_border_score=0.111795;border_score=0.806333",0.17762045562267303,0.18149645626544952,0.6408830881118774
test_Seq_2426,2,2,"benchmark=nucleotide_transformer_downstream_tasks;dataset=splice_sites_all;matching=kmer_balanced;matching_signature=(8, 'TTT');border_estimator=center_window_kmer_jsd;estimator=center_jsd;window=48;search_radius=24;kmer=2;top_ratio=0.25;score_scale=4.0;motif_weight=0.0;motif_radius=12;score_normalization=train_quantile;raw_border_score=0.198881;border_score=0.968200",0.21165931224822998,0.21469029784202576,0.5736504197120667
test_Seq_2346,2,2,"benchmark=nucleotide_transformer_downstream_tasks;dataset=splice_sites_all;matching=kmer_balanced;matching_signature=(9, 'AAA');border_estimator=center_window_kmer_jsd;estimator=center_jsd;window=48;search_radius=24;kmer=2;top_ratio=0.25;score_scale=4.0;motif_weight=0.0;motif_radius=12;score_normalization=train_quantile;raw_border_score=0.307210;border_score=1.151578",0.11888041347265244,0.12221276760101318,0.7589067816734314
test_Seq_1996,1,2,"benchmark=nucleotide_transformer_downstream_tasks;dataset=splice_sites_all;matching=kmer_balanced;matching_signature=(7, 'TTT');border_estimator=center_window_kmer_jsd;estimator=center_jsd;window=48;search_radius=24;kmer=2;top_ratio=0.25;score_scale=4.0;motif_weight=0.0;motif_radius=12;score_normalization=train_quantile;raw_border_score=0.196323;border_score=0.960911",0.15456999838352203,0.14486514031887054,0.7005648016929626
test_Seq_1026,1,1,"benchmark=nucleotide_transformer_downstream_tasks;dataset=splice_sites_all;matching=kmer_balanced;matching_signature=(10, 'CCT');border_estimator=center_window_kmer_jsd;estimator=center_jsd;window=48;search_radius=24;kmer=2;top_ratio=0.25;score_scale=4.0;motif_weight=0.0;motif_radius=12;score_normalization=train_quantile;raw_border_score=0.151099;border_score=0.849133",0.34221768379211426,0.34491071105003357,0.3128715455532074
test_Seq_2863,2,2,"benchmark=nucleotide_transformer_downstream_tasks;dataset=splice_sites_all;matching=kmer_balanced;matching_signature=(8, 'AAA');border_estimator=center_window_kmer_jsd;estimator=center_jsd;window=48;search_radius=24;kmer=2;top_ratio=0.25;score_scale=4.0;motif_weight=0.0;motif_radius=12;score_normalization=train_quantile;raw_border_score=0.171935;border_score=0.896156",0.2787652015686035,0.28811463713645935,0.4331201910972595
test_Seq_68,0,2,"benchmark=nucleotide_transformer_downstream_tasks;dataset=splice_sites_all;matching=kmer_balanced;matching_signature=(6, 'TTT');border_estimator=center_window_kmer_jsd;estimator=center_jsd;window=48;search_radius=24;kmer=2;top_ratio=0.25;score_scale=4.0;motif_weight=0.0;motif_radius=12;score_normalization=train_quantile;raw_border_score=0.180041;border_score=0.917844",0.3032112419605255,0.3050592541694641,0.391729474067688
test_Seq_2096,2,2,"benchmark=nucleotide_transformer_downstream_tasks;dataset=splice_sites_all;matching=kmer_balanced;matching_signature=(10, 'GGG');border_estimator=center_window_kmer_jsd;estimator=center_jsd;window=48;search_radius=24;kmer=2;top_ratio=0.25;score_scale=4.0;motif_weight=0.0;motif_radius=12;score_normalization=train_quantile;raw_border_score=0.354988;border_score=1.178600",0.18475967645645142,0.18540474772453308,0.6298355460166931
test_Seq_170,0,2,"benchmark=nucleotide_transformer_downstream_tasks;dataset=splice_sites_all;matching=kmer_balanced;matching_signature=(8, 'AAA');border_estimator=center_window_kmer_jsd;estimator=center_jsd;window=48;search_radius=24;kmer=2;top_ratio=0.25;score_scale=4.0;motif_weight=0.0;motif_radius=12;score_normalization=train_quantile;raw_border_score=0.248634;border_score=1.076378",0.22002093493938446,0.218001127243042,0.5619779229164124
test_Seq_2950,2,1,"benchmark=nucleotide_transformer_downstream_tasks;dataset=splice_sites_all;matching=kmer_balanced;matching_signature=(12, 'GGG');border_estimator=center_window_kmer_jsd;estimator=center_jsd;window=48;search_radius=24;kmer=2;top_ratio=0.25;score_scale=4.0;motif_weight=0.0;motif_radius=12;score_normalization=train_quantile;raw_border_score=0.166496;border_score=0.882778",0.33243873715400696,0.3569556772708893,0.31060555577278137
test_Seq_2974,2,2,"benchmark=nucleotide_transformer_downstream_tasks;dataset=splice_sites_all;matching=kmer_balanced;matching_signature=(8, 'TTT');border_estimator=center_window_kmer_jsd;estimator=center_jsd;window=48;search_radius=24;kmer=2;top_ratio=0.25;score_scale=4.0;motif_weight=0.0;motif_radius=12;score_normalization=train_quantile;raw_border_score=0.207181;border_score=0.988733",0.1548350304365158,0.15073758363723755,0.6944273710250854
test_Seq_2726,2,2,"benchmark=nucleotide_transformer_downstream_tasks;dataset=splice_sites_all;matching=kmer_balanced;matching_signature=(6, 'TTT');border_estimator=center_window_kmer_jsd;estimator=center_jsd;window=48;search_radius=24;kmer=2;top_ratio=0.25;score_scale=4.0;motif_weight=0.0;motif_radius=12;score_normalization=train_quantile;raw_border_score=0.194901;border_score=0.956689",0.09779543429613113,0.08505181223154068,0.817152738571167
test_Seq_1298,1,2,"benchmark=nucleotide_transformer_downstream_tasks;dataset=splice_sites_all;matching=kmer_balanced;matching_signature=(13, 'GGG');border_estimator=center_window_kmer_jsd;estimator=center_jsd;window=48;search_radius=24;kmer=2;top_ratio=0.25;score_scale=4.0;motif_weight=0.0;motif_radius=12;score_normalization=train_quantile;raw_border_score=0.206459;border_score=0.987044",0.20511962473392487,0.20639336109161377,0.5884870290756226
test_Seq_570,0,2,"benchmark=nucleotide_transformer_downstream_tasks;dataset=splice_sites_all;matching=kmer_balanced;matching_signature=(7, 'TTT');border_estimator=center_window_kmer_jsd;estimator=center_jsd;window=48;search_radius=24;kmer=2;top_ratio=0.25;score_scale=4.0;motif_weight=0.0;motif_radius=12;score_normalization=train_quantile;raw_border_score=0.252045;border_score=1.082333",0.2254045605659485,0.22792567312717438,0.5466697812080383
test_Seq_2716,2,2,"benchmark=nucleotide_transformer_downstream_tasks;dataset=splice_sites_all;matching=kmer_balanced;matching_signature=(7, 'TTT');border_estimator=center_window_kmer_jsd;estimator=center_jsd;window=48;search_radius=24;kmer=2;top_ratio=0.25;score_scale=4.0;motif_weight=0.0;motif_radius=12;score_normalization=train_quantile;raw_border_score=0.182397;border_score=0.923222",0.08459778875112534,0.08700805902481079,0.8283941149711609
test_Seq_1528,1,1,"benchmark=nucleotide_transformer_downstream_tasks;dataset=splice_sites_all;matching=kmer_balanced;matching_signature=(8, 'TTT');border_estimator=center_window_kmer_jsd;estimator=center_jsd;window=48;search_radius=24;kmer=2;top_ratio=0.25;score_scale=4.0;motif_weight=0.0;motif_radius=12;score_normalization=train_quantile;raw_border_score=0.288559;border_score=1.134867",0.3765931725502014,0.4077945053577423,0.21561230719089508
test_Seq_2207,2,2,"benchmark=nucleotide_transformer_downstream_tasks;dataset=splice_sites_all;matching=kmer_balanced;matching_signature=(7, 'AAA');border_estimator=center_window_kmer_jsd;estimator=center_jsd;window=48;search_radius=24;kmer=2;top_ratio=0.25;score_scale=4.0;motif_weight=0.0;motif_radius=12;score_normalization=train_quantile;raw_border_score=0.242084;border_score=1.063533",0.23145084083080292,0.25020748376846313,0.5183416604995728
test_Seq_937,0,2,"benchmark=nucleotide_transformer_downstream_tasks;dataset=splice_sites_all;matching=kmer_balanced;matching_signature=(6, 'AAA');border_estimator=center_window_kmer_jsd;estimator=center_jsd;window=48;search_radius=24;kmer=2;top_ratio=0.25;score_scale=4.0;motif_weight=0.0;motif_radius=12;score_normalization=train_quantile;raw_border_score=0.174677;border_score=0.903978",0.26295608282089233,0.2694850564002991,0.4675588011741638
test_Seq_2313,2,2,"benchmark=nucleotide_transformer_downstream_tasks;dataset=splice_sites_all;matching=kmer_balanced;matching_signature=(9, 'TTT');border_estimator=center_window_kmer_jsd;estimator=center_jsd;window=48;search_radius=24;kmer=2;top_ratio=0.25;score_scale=4.0;motif_weight=0.0;motif_radius=12;score_normalization=train_quantile;raw_border_score=0.299140;border_score=1.145489",0.16026221215724945,0.15404099225997925,0.6856967806816101
test_Seq_948,0,2,"benchmark=nucleotide_transformer_downstream_tasks;dataset=splice_sites_all;matching=kmer_balanced;matching_signature=(10, 'CCC');border_estimator=center_window_kmer_jsd;estimator=center_jsd;window=48;search_radius=24;kmer=2;top_ratio=0.25;score_scale=4.0;motif_weight=0.0;motif_radius=12;score_normalization=train_quantile;raw_border_score=0.215592;border_score=1.007622",0.28455662727355957,0.2815258502960205,0.4339175224304199
test_Seq_406,0,2,"benchmark=nucleotide_transformer_downstream_tasks;dataset=splice_sites_all;matching=kmer_balanced;matching_signature=(7, 'TTT');border_estimator=center_window_kmer_jsd;estimator=center_jsd;window=48;search_radius=24;kmer=2;top_ratio=0.25;score_scale=4.0;motif_weight=0.0;motif_radius=12;score_normalization=train_quantile;raw_border_score=0.370225;border_score=1.184244",0.30874988436698914,0.32519257068634033,0.3660575747489929
test_Seq_1281,1,1,"benchmark=nucleotide_transformer_downstream_tasks;dataset=splice_sites_all;matching=kmer_balanced;matching_signature=(8, 'AAA');border_estimator=center_window_kmer_jsd;estimator=center_jsd;window=48;search_radius=24;kmer=2;top_ratio=0.25;score_scale=4.0;motif_weight=0.0;motif_radius=12;score_normalization=train_quantile;raw_border_score=0.197421;border_score=0.964067",0.3212200403213501,0.34245938062667847,0.3363206386566162
test_Seq_2834,2,2,"benchmark=nucleotide_transformer_downstream_tasks;dataset=splice_sites_all;matching=kmer_balanced;matching_signature=(7, 'TTT');border_estimator=center_window_kmer_jsd;estimator=center_jsd;window=48;search_radius=24;kmer=2;top_ratio=0.25;score_scale=4.0;motif_weight=0.0;motif_radius=12;score_normalization=train_quantile;raw_border_score=0.134471;border_score=0.824511",0.1056256964802742,0.11303890496492386,0.7813354730606079
test_Seq_1886,1,2,"benchmark=nucleotide_transformer_downstream_tasks;dataset=splice_sites_all;matching=kmer_balanced;matching_signature=(8, 'AAA');border_estimator=center_window_kmer_jsd;estimator=center_jsd;window=48;search_radius=24;kmer=2;top_ratio=0.25;score_scale=4.0;motif_weight=0.0;motif_radius=12;score_normalization=train_quantile;raw_border_score=0.380935;border_score=1.186644",0.18438167870044708,0.18201203644275665,0.6336062550544739
test_Seq_578,0,2,"benchmark=nucleotide_transformer_downstream_tasks;dataset=splice_sites_all;matching=kmer_balanced;matching_signature=(13, 'GGG');border_estimator=center_window_kmer_jsd;estimator=center_jsd;window=48;search_radius=24;kmer=2;top_ratio=0.25;score_scale=4.0;motif_weight=0.0;motif_radius=12;score_normalization=train_quantile;raw_border_score=0.209942;border_score=0.994911",0.2460765242576599,0.24213749170303345,0.5117859840393066
test_Seq_2958,2,2,"benchmark=nucleotide_transformer_downstream_tasks;dataset=splice_sites_all;matching=kmer_balanced;matching_signature=(10, 'TCT');border_estimator=center_window_kmer_jsd;estimator=center_jsd;window=48;search_radius=24;kmer=2;top_ratio=0.25;score_scale=4.0;motif_weight=0.0;motif_radius=12;score_normalization=train_quantile;raw_border_score=0.310353;border_score=1.154467",0.29656848311424255,0.29345783591270447,0.40997371077537537
test_Seq_1721,1,2,"benchmark=nucleotide_transformer_downstream_tasks;dataset=splice_sites_all;matching=kmer_balanced;matching_signature=(7, 'AAA');border_estimator=center_window_kmer_jsd;estimator=center_jsd;window=48;search_radius=24;kmer=2;top_ratio=0.25;score_scale=4.0;motif_weight=0.0;motif_radius=12;score_normalization=train_quantile;raw_border_score=0.357073;border_score=1.179400",0.17324286699295044,0.16371867060661316,0.6630384922027588
test_Seq_389,0,2,"benchmark=nucleotide_transformer_downstream_tasks;dataset=splice_sites_all;matching=kmer_balanced;matching_signature=(12, 'CCT');border_estimator=center_window_kmer_jsd;estimator=center_jsd;window=48;search_radius=24;kmer=2;top_ratio=0.25;score_scale=4.0;motif_weight=0.0;motif_radius=12;score_normalization=train_quantile;raw_border_score=0.171229;border_score=0.893711",0.29832619428634644,0.2926902770996094,0.4089835286140442
test_Seq_1260,1,2,"benchmark=nucleotide_transformer_downstream_tasks;dataset=splice_sites_all;matching=kmer_balanced;matching_signature=(12, 'GGG');border_estimator=center_window_kmer_jsd;estimator=center_jsd;window=48;search_radius=24;kmer=2;top_ratio=0.25;score_scale=4.0;motif_weight=0.0;motif_radius=12;score_normalization=train_quantile;raw_border_score=0.376092;border_score=1.185756",0.23278838396072388,0.23119279742240906,0.5360188484191895
test_Seq_1524,1,2,"benchmark=nucleotide_transformer_downstream_tasks;dataset=splice_sites_all;matching=kmer_balanced;matching_signature=(10, 'AGG');border_estimator=center_window_kmer_jsd;estimator=center_jsd;window=48;search_radius=24;kmer=2;top_ratio=0.25;score_scale=4.0;motif_weight=0.0;motif_radius=12;score_normalization=train_quantile;raw_border_score=0.276914;border_score=1.119800",0.2484627366065979,0.2539879381656647,0.49754926562309265
test_Seq_112,0,1,"benchmark=nucleotide_transformer_downstream_tasks;dataset=splice_sites_all;matching=kmer_balanced;matching_signature=(6, 'TTT');border_estimator=center_window_kmer_jsd;estimator=center_jsd;window=48;search_radius=24;kmer=2;top_ratio=0.25;score_scale=4.0;motif_weight=0.0;motif_radius=12;score_normalization=train_quantile;raw_border_score=0.235586;border_score=1.050244",0.353078156709671,0.37563297152519226,0.2712888717651367
test_Seq_1606,1,2,"benchmark=nucleotide_transformer_downstream_tasks;dataset=splice_sites_all;matching=kmer_balanced;matching_signature=(6, 'TTT');border_estimator=center_window_kmer_jsd;estimator=center_jsd;window=48;search_radius=24;kmer=2;top_ratio=0.25;score_scale=4.0;motif_weight=0.0;motif_radius=12;score_normalization=train_quantile;raw_border_score=0.254878;border_score=1.087178",0.3168896734714508,0.3020884096622467,0.3810219466686249
test_Seq_85,0,2,"benchmark=nucleotide_transformer_downstream_tasks;dataset=splice_sites_all;matching=kmer_balanced;matching_signature=(6, 'TTT');border_estimator=center_window_kmer_jsd;estimator=center_jsd;window=48;search_radius=24;kmer=2;top_ratio=0.25;score_scale=4.0;motif_weight=0.0;motif_radius=12;score_normalization=train_quantile;raw_border_score=0.374072;border_score=1.185222",0.2855755686759949,0.27066320180892944,0.44376128911972046
test_Seq_1359,1,2,"benchmark=nucleotide_transformer_downstream_tasks;dataset=splice_sites_all;matching=kmer_balanced;matching_signature=(6, 'TTT');border_estimator=center_window_kmer_jsd;estimator=center_jsd;window=48;search_radius=24;kmer=2;top_ratio=0.25;score_scale=4.0;motif_weight=0.0;motif_radius=12;score_normalization=train_quantile;raw_border_score=0.102117;border_score=0.803267",0.25431910157203674,0.2595195174217224,0.48616141080856323
test_Seq_2188,2,1,"benchmark=nucleotide_transformer_downstream_tasks;dataset=splice_sites_all;matching=kmer_balanced;matching_signature=(11, 'CCA');border_estimator=center_window_kmer_jsd;estimator=center_jsd;window=48;search_radius=24;kmer=2;top_ratio=0.25;score_scale=4.0;motif_weight=0.0;motif_radius=12;score_normalization=train_quantile;raw_border_score=0.172857;border_score=0.898556",0.3327839970588684,0.351413369178772,0.315802663564682
test_Seq_2673,2,2,"benchmark=nucleotide_transformer_downstream_tasks;dataset=splice_sites_all;matching=kmer_balanced;matching_signature=(7, 'TTT');border_estimator=center_window_kmer_jsd;estimator=center_jsd;window=48;search_radius=24;kmer=2;top_ratio=0.25;score_scale=4.0;motif_weight=0.0;motif_radius=12;score_normalization=train_quantile;raw_border_score=0.156671;border_score=0.860822",0.2216310203075409,0.22536291182041168,0.553006112575531
test_Seq_14,0,2,"benchmark=nucleotide_transformer_downstream_tasks;dataset=splice_sites_all;matching=kmer_balanced;matching_signature=(10, 'CTG');border_estimator=center_window_kmer_jsd;estimator=center_jsd;window=48;search_radius=24;kmer=2;top_ratio=0.25;score_scale=4.0;motif_weight=0.0;motif_radius=12;score_normalization=train_quantile;raw_border_score=0.269421;border_score=1.109222",0.2560793161392212,0.26508182287216187,0.4788387715816498
test_Seq_109,0,2,"benchmark=nucleotide_transformer_downstream_tasks;dataset=splice_sites_all;matching=kmer_balanced;matching_signature=(13, 'CCC');border_estimator=center_window_kmer_jsd;estimator=center_jsd;window=48;search_radius=24;kmer=2;top_ratio=0.25;score_scale=4.0;motif_weight=0.0;motif_radius=12;score_normalization=train_quantile;raw_border_score=0.282753;border_score=1.127400",0.12368744611740112,0.11452575773000717,0.7617868185043335
test_Seq_1885,1,1,"benchmark=nucleotide_transformer_downstream_tasks;dataset=splice_sites_all;matching=kmer_balanced;matching_signature=(8, 'TTT');border_estimator=center_window_kmer_jsd;estimator=center_jsd;window=48;search_radius=24;kmer=2;top_ratio=0.25;score_scale=4.0;motif_weight=0.0;motif_radius=12;score_normalization=train_quantile;raw_border_score=0.204447;border_score=0.982822",0.37775295972824097,0.40551885962486267,0.21672818064689636
test_Seq_1485,1,1,"benchmark=nucleotide_transformer_downstream_tasks;dataset=splice_sites_all;matching=kmer_balanced;matching_signature=(7, 'AAA');border_estimator=center_window_kmer_jsd;estimator=center_jsd;window=48;search_radius=24;kmer=2;top_ratio=0.25;score_scale=4.0;motif_weight=0.0;motif_radius=12;score_normalization=train_quantile;raw_border_score=0.269020;border_score=1.108644",0.32799389958381653,0.35057371854782104,0.3214324116706848
test_Seq_2858,2,1,"benchmark=nucleotide_transformer_downstream_tasks;dataset=splice_sites_all;matching=kmer_balanced;matching_signature=(7, 'TTT');border_estimator=center_window_kmer_jsd;estimator=center_jsd;window=48;search_radius=24;kmer=2;top_ratio=0.25;score_scale=4.0;motif_weight=0.0;motif_radius=12;score_normalization=train_quantile;raw_border_score=0.189481;border_score=0.942511",0.35431134700775146,0.38128015398979187,0.26440849900245667
test_Seq_1415,1,2,"benchmark=nucleotide_transformer_downstream_tasks;dataset=splice_sites_all;matching=kmer_balanced;matching_signature=(7, 'TTT');border_estimator=center_window_kmer_jsd;estimator=center_jsd;window=48;search_radius=24;kmer=2;top_ratio=0.25;score_scale=4.0;motif_weight=0.0;motif_radius=12;score_normalization=train_quantile;raw_border_score=0.183227;border_score=0.925578",0.15975207090377808,0.1604839712381363,0.6797639727592468
test_Seq_2932,2,2,"benchmark=nucleotide_transformer_downstream_tasks;dataset=splice_sites_all;matching=kmer_balanced;matching_signature=(5, 'TTT');border_estimator=center_window_kmer_jsd;estimator=center_jsd;window=48;search_radius=24;kmer=2;top_ratio=0.25;score_scale=4.0;motif_weight=0.0;motif_radius=12;score_normalization=train_quantile;raw_border_score=0.181933;border_score=0.922422",0.13355502486228943,0.1320323944091797,0.7344126105308533
test_Seq_2956,2,2,"benchmark=nucleotide_transformer_downstream_tasks;dataset=splice_sites_all;matching=kmer_balanced;matching_signature=(11, 'GGG');border_estimator=center_window_kmer_jsd;estimator=center_jsd;window=48;search_radius=24;kmer=2;top_ratio=0.25;score_scale=4.0;motif_weight=0.0;motif_radius=12;score_normalization=train_quantile;raw_border_score=0.151336;border_score=0.849667",0.14159303903579712,0.13633793592453003,0.7220690846443176
test_Seq_2779,2,2,"benchmark=nucleotide_transformer_downstream_tasks;dataset=splice_sites_all;matching=kmer_balanced;matching_signature=(9, 'CAG');border_estimator=center_window_kmer_jsd;estimator=center_jsd;window=48;search_radius=24;kmer=2;top_ratio=0.25;score_scale=4.0;motif_weight=0.0;motif_radius=12;score_normalization=train_quantile;raw_border_score=0.184729;border_score=0.929622",0.21553394198417664,0.21318385004997253,0.5712822079658508
test_Seq_437,0,1,"benchmark=nucleotide_transformer_downstream_tasks;dataset=splice_sites_all;matching=kmer_balanced;matching_signature=(6, 'TTT');border_estimator=center_window_kmer_jsd;estimator=center_jsd;window=48;search_radius=24;kmer=2;top_ratio=0.25;score_scale=4.0;motif_weight=0.0;motif_radius=12;score_normalization=train_quantile;raw_border_score=0.282829;border_score=1.127533",0.335531085729599,0.3569149374961853,0.3075539469718933
test_Seq_926,0,2,"benchmark=nucleotide_transformer_downstream_tasks;dataset=splice_sites_all;matching=kmer_balanced;matching_signature=(6, 'TTT');border_estimator=center_window_kmer_jsd;estimator=center_jsd;window=48;search_radius=24;kmer=2;top_ratio=0.25;score_scale=4.0;motif_weight=0.0;motif_radius=12;score_normalization=train_quantile;raw_border_score=0.285868;border_score=1.131267",0.2297467291355133,0.22471386194229126,0.5455394387245178
test_Seq_834,0,2,"benchmark=nucleotide_transformer_downstream_tasks;dataset=splice_sites_all;matching=kmer_balanced;matching_signature=(12, 'CTG');border_estimator=center_window_kmer_jsd;estimator=center_jsd;window=48;search_radius=24;kmer=2;top_ratio=0.25;score_scale=4.0;motif_weight=0.0;motif_radius=12;score_normalization=train_quantile;raw_border_score=0.170761;border_score=0.892556",0.3239569664001465,0.3370412290096283,0.3390018045902252
test_Seq_2893,2,2,"benchmark=nucleotide_transformer_downstream_tasks;dataset=splice_sites_all;matching=kmer_balanced;matching_signature=(8, 'TTT');border_estimator=center_window_kmer_jsd;estimator=center_jsd;window=48;search_radius=24;kmer=2;top_ratio=0.25;score_scale=4.0;motif_weight=0.0;motif_radius=12;score_normalization=train_quantile;raw_border_score=0.327267;border_score=1.164956",0.13111580908298492,0.13474436104297638,0.7341398000717163
test_Seq_2310,2,2,"benchmark=nucleotide_transformer_downstream_tasks;dataset=splice_sites_all;matching=kmer_balanced;matching_signature=(8, 'AAA');border_estimator=center_window_kmer_jsd;estimator=center_jsd;window=48;search_radius=24;kmer=2;top_ratio=0.25;score_scale=4.0;motif_weight=0.0;motif_radius=12;score_normalization=train_quantile;raw_border_score=0.293894;border_score=1.140022",0.25265780091285706,0.25895076990127563,0.48839136958122253
test_Seq_300,0,2,"benchmark=nucleotide_transformer_downstream_tasks;dataset=splice_sites_all;matching=kmer_balanced;matching_signature=(10, 'CCC');border_estimator=center_window_kmer_jsd;estimator=center_jsd;window=48;search_radius=24;kmer=2;top_ratio=0.25;score_scale=4.0;motif_weight=0.0;motif_radius=12;score_normalization=train_quantile;raw_border_score=0.286788;border_score=1.132689",0.28282472491264343,0.2877381145954132,0.42943719029426575
test_Seq_1257,1,2,"benchmark=nucleotide_transformer_downstream_tasks;dataset=splice_sites_all;matching=kmer_balanced;matching_signature=(12, 'CTG');border_estimator=center_window_kmer_jsd;estimator=center_jsd;window=48;search_radius=24;kmer=2;top_ratio=0.25;score_scale=4.0;motif_weight=0.0;motif_radius=12;score_normalization=train_quantile;raw_border_score=0.105510;border_score=0.803933",0.19121666252613068,0.18375392258167267,0.6250293850898743
test_Seq_2403,2,2,"benchmark=nucleotide_transformer_downstream_tasks;dataset=splice_sites_all;matching=kmer_balanced;matching_signature=(6, 'AAA');border_estimator=center_window_kmer_jsd;estimator=center_jsd;window=48;search_radius=24;kmer=2;top_ratio=0.25;score_scale=4.0;motif_weight=0.0;motif_radius=12;score_normalization=train_quantile;raw_border_score=0.192894;border_score=0.951667",0.21707721054553986,0.2205834984779358,0.5623392462730408
test_Seq_2123,2,2,"benchmark=nucleotide_transformer_downstream_tasks;dataset=splice_sites_all;matching=kmer_balanced;matching_signature=(10, 'CAG');border_estimator=center_window_kmer_jsd;estimator=center_jsd;window=48;search_radius=24;kmer=2;top_ratio=0.25;score_scale=4.0;motif_weight=0.0;motif_radius=12;score_normalization=train_quantile;raw_border_score=0.201741;border_score=0.975267",0.1842687427997589,0.16575756669044495,0.6499736309051514
test_Seq_563,0,2,"benchmark=nucleotide_transformer_downstream_tasks;dataset=splice_sites_all;matching=kmer_balanced;matching_signature=(6, 'AAA');border_estimator=center_window_kmer_jsd;estimator=center_jsd;window=48;search_radius=24;kmer=2;top_ratio=0.25;score_scale=4.0;motif_weight=0.0;motif_radius=12;score_normalization=train_quantile;raw_border_score=0.221037;border_score=1.021267",0.2422552853822708,0.25419455766677856,0.5035501718521118
test_Seq_290,0,2,"benchmark=nucleotide_transformer_downstream_tasks;dataset=splice_sites_all;matching=kmer_balanced;matching_signature=(13, 'CCC');border_estimator=center_window_kmer_jsd;estimator=center_jsd;window=48;search_radius=24;kmer=2;top_ratio=0.25;score_scale=4.0;motif_weight=0.0;motif_radius=12;score_normalization=train_quantile;raw_border_score=0.146456;border_score=0.841622",0.27883604168891907,0.2743028402328491,0.4468610882759094
test_Seq_2145,2,2,"benchmark=nucleotide_transformer_downstream_tasks;dataset=splice_sites_all;matching=kmer_balanced;matching_signature=(11, 'GGG');border_estimator=center_window_kmer_jsd;estimator=center_jsd;window=48;search_radius=24;kmer=2;top_ratio=0.25;score_scale=4.0;motif_weight=0.0;motif_radius=12;score_normalization=train_quantile;raw_border_score=0.193614;border_score=0.953711",0.18243984878063202,0.1774105578660965,0.6401495337486267
test_Seq_489,0,2,"benchmark=nucleotide_transformer_downstream_tasks;dataset=splice_sites_all;matching=kmer_balanced;matching_signature=(6, 'TTT');border_estimator=center_window_kmer_jsd;estimator=center_jsd;window=48;search_radius=24;kmer=2;top_ratio=0.25;score_scale=4.0;motif_weight=0.0;motif_radius=12;score_normalization=train_quantile;raw_border_score=0.224092;border_score=1.028111",0.20899070799350739,0.2170279622077942,0.5739813446998596
test_Seq_315,0,1,"benchmark=nucleotide_transformer_downstream_tasks;dataset=splice_sites_all;matching=kmer_balanced;matching_signature=(8, 'TTT');border_estimator=center_window_kmer_jsd;estimator=center_jsd;window=48;search_radius=24;kmer=2;top_ratio=0.25;score_scale=4.0;motif_weight=0.0;motif_radius=12;score_normalization=train_quantile;raw_border_score=0.204497;border_score=0.982911",0.3449634909629822,0.375668466091156,0.27936801314353943
test_Seq_1050,1,1,"benchmark=nucleotide_transformer_downstream_tasks;dataset=splice_sites_all;matching=kmer_balanced;matching_signature=(8, 'TTT');border_estimator=center_window_kmer_jsd;estimator=center_jsd;window=48;search_radius=24;kmer=2;top_ratio=0.25;score_scale=4.0;motif_weight=0.0;motif_radius=12;score_normalization=train_quantile;raw_border_score=0.269592;border_score=1.109533",0.3369362950325012,0.3485042452812195,0.3145594596862793
test_Seq_2134,2,2,"benchmark=nucleotide_transformer_downstream_tasks;dataset=splice_sites_all;matching=kmer_balanced;matching_signature=(7, 'TTT');border_estimator=center_window_kmer_jsd;estimator=center_jsd;window=48;search_radius=24;kmer=2;top_ratio=0.25;score_scale=4.0;motif_weight=0.0;motif_radius=12;score_normalization=train_quantile;raw_border_score=0.180780;border_score=0.919800",0.12349709868431091,0.12062594294548035,0.7558770179748535
test_Seq_1894,1,2,"benchmark=nucleotide_transformer_downstream_tasks;dataset=splice_sites_all;matching=kmer_balanced;matching_signature=(6, 'TTT');border_estimator=center_window_kmer_jsd;estimator=center_jsd;window=48;search_radius=24;kmer=2;top_ratio=0.25;score_scale=4.0;motif_weight=0.0;motif_radius=12;score_normalization=train_quantile;raw_border_score=0.187893;border_score=0.938644",0.205369234085083,0.1962963044643402,0.5983344912528992
test_Seq_58,0,2,"benchmark=nucleotide_transformer_downstream_tasks;dataset=splice_sites_all;matching=kmer_balanced;matching_signature=(7, 'TTT');border_estimator=center_window_kmer_jsd;estimator=center_jsd;window=48;search_radius=24;kmer=2;top_ratio=0.25;score_scale=4.0;motif_weight=0.0;motif_radius=12;score_normalization=train_quantile;raw_border_score=0.466666;border_score=1.196778",0.268942654132843,0.27423807978630066,0.45681923627853394
test_Seq_2769,2,2,"benchmark=nucleotide_transformer_downstream_tasks;dataset=splice_sites_all;matching=kmer_balanced;matching_signature=(7, 'TTT');border_estimator=center_window_kmer_jsd;estimator=center_jsd;window=48;search_radius=24;kmer=2;top_ratio=0.25;score_scale=4.0;motif_weight=0.0;motif_radius=12;score_normalization=train_quantile;raw_border_score=0.281493;border_score=1.125667",0.16199517250061035,0.1615111380815506,0.6764936447143555
test_Seq_2398,2,2,"benchmark=nucleotide_transformer_downstream_tasks;dataset=splice_sites_all;matching=kmer_balanced;matching_signature=(13, 'CCC');border_estimator=center_window_kmer_jsd;estimator=center_jsd;window=48;search_radius=24;kmer=2;top_ratio=0.25;score_scale=4.0;motif_weight=0.0;motif_radius=12;score_normalization=train_quantile;raw_border_score=0.197201;border_score=0.963489",0.2915300726890564,0.2973119020462036,0.41115802526474
test_Seq_1822,1,2,"benchmark=nucleotide_transformer_downstream_tasks;dataset=splice_sites_all;matching=kmer_balanced;matching_signature=(8, 'TTT');border_estimator=center_window_kmer_jsd;estimator=center_jsd;window=48;search_radius=24;kmer=2;top_ratio=0.25;score_scale=4.0;motif_weight=0.0;motif_radius=12;score_normalization=train_quantile;raw_border_score=0.187558;border_score=0.937356",0.25774773955345154,0.26307567954063416,0.4791765809059143
test_Seq_2877,2,1,"benchmark=nucleotide_transformer_downstream_tasks;dataset=splice_sites_all;matching=kmer_balanced;matching_signature=(8, 'TTT');border_estimator=center_window_kmer_jsd;estimator=center_jsd;window=48;search_radius=24;kmer=2;top_ratio=0.25;score_scale=4.0;motif_weight=0.0;motif_radius=12;score_normalization=train_quantile;raw_border_score=0.285665;border_score=1.131089",0.335078626871109,0.35321786999702454,0.3117034435272217
test_Seq_1317,1,1,"benchmark=nucleotide_transformer_downstream_tasks;dataset=splice_sites_all;matching=kmer_balanced;matching_signature=(9, 'CTG');border_estimator=center_window_kmer_jsd;estimator=center_jsd;window=48;search_radius=24;kmer=2;top_ratio=0.25;score_scale=4.0;motif_weight=0.0;motif_radius=12;score_normalization=train_quantile;raw_border_score=0.363949;border_score=1.182111",0.32682639360427856,0.35391920804977417,0.3192543685436249
test_Seq_2375,2,2,"benchmark=nucleotide_transformer_downstream_tasks;dataset=splice_sites_all;matching=kmer_balanced;matching_signature=(7, 'TGT');border_estimator=center_window_kmer_jsd;estimator=center_jsd;window=48;search_radius=24;kmer=2;top_ratio=0.25;score_scale=4.0;motif_weight=0.0;motif_radius=12;score_normalization=train_quantile;raw_border_score=0.240625;border_score=1.060422",0.25914129614830017,0.2542252540588379,0.4866335093975067
test_Seq_1866,1,2,"benchmark=nucleotide_transformer_downstream_tasks;dataset=splice_sites_all;matching=kmer_balanced;matching_signature=(9, 'TTT');border_estimator=center_window_kmer_jsd;estimator=center_jsd;window=48;search_radius=24;kmer=2;top_ratio=0.25;score_scale=4.0;motif_weight=0.0;motif_radius=12;score_normalization=train_quantile;raw_border_score=0.275695;border_score=1.118067",0.2652089297771454,0.2621154487133026,0.4726755917072296
test_Seq_549,0,2,"benchmark=nucleotide_transformer_downstream_tasks;dataset=splice_sites_all;matching=kmer_balanced;matching_signature=(7, 'AAA');border_estimator=center_window_kmer_jsd;estimator=center_jsd;window=48;search_radius=24;kmer=2;top_ratio=0.25;score_scale=4.0;motif_weight=0.0;motif_radius=12;score_normalization=train_quantile;raw_border_score=0.373083;border_score=1.185133",0.2686941623687744,0.2669782340526581,0.4643276333808899
test_Seq_400,0,2,"benchmark=nucleotide_transformer_downstream_tasks;dataset=splice_sites_all;matching=kmer_balanced;matching_signature=(8, 'TGT');border_estimator=center_window_kmer_jsd;estimator=center_jsd;window=48;search_radius=24;kmer=2;top_ratio=0.25;score_scale=4.0;motif_weight=0.0;motif_radius=12;score_normalization=train_quantile;raw_border_score=0.187762;border_score=0.938111",0.214127317070961,0.2175459861755371,0.5683266520500183
test_Seq_2369,2,1,"benchmark=nucleotide_transformer_downstream_tasks;dataset=splice_sites_all;matching=kmer_balanced;matching_signature=(11, 'CTG');border_estimator=center_window_kmer_jsd;estimator=center_jsd;window=48;search_radius=24;kmer=2;top_ratio=0.25;score_scale=4.0;motif_weight=0.0;motif_radius=12;score_normalization=train_quantile;raw_border_score=0.168291;border_score=0.887178",0.3651876151561737,0.39280253648757935,0.24200980365276337
test_Seq_2284,2,2,"benchmark=nucleotide_transformer_downstream_tasks;dataset=splice_sites_all;matching=kmer_balanced;matching_signature=(11, 'CCT');border_estimator=center_window_kmer_jsd;estimator=center_jsd;window=48;search_radius=24;kmer=2;top_ratio=0.25;score_scale=4.0;motif_weight=0.0;motif_radius=12;score_normalization=train_quantile;raw_border_score=0.116618;border_score=0.809089",0.26174768805503845,0.26518940925598145,0.4730629026889801
test_Seq_599,0,2,"benchmark=nucleotide_transformer_downstream_tasks;dataset=splice_sites_all;matching=kmer_balanced;matching_signature=(10, 'AAA');border_estimator=center_window_kmer_jsd;estimator=center_jsd;window=48;search_radius=24;kmer=2;top_ratio=0.25;score_scale=4.0;motif_weight=0.0;motif_radius=12;score_normalization=train_quantile;raw_border_score=0.301146;border_score=1.147400",0.13301704823970795,0.13035394251346588,0.7366290092468262
test_Seq_802,0,2,"benchmark=nucleotide_transformer_downstream_tasks;dataset=splice_sites_all;matching=kmer_balanced;matching_signature=(9, 'CAG');border_estimator=center_window_kmer_jsd;estimator=center_jsd;window=48;search_radius=24;kmer=2;top_ratio=0.25;score_scale=4.0;motif_weight=0.0;motif_radius=12;score_normalization=train_quantile;raw_border_score=0.182857;border_score=0.924467",0.14130976796150208,0.1327463686466217,0.7259438633918762
test_Seq_1690,1,2,"benchmark=nucleotide_transformer_downstream_tasks;dataset=splice_sites_all;matching=kmer_balanced;matching_signature=(8, 'TTT');border_estimator=center_window_kmer_jsd;estimator=center_jsd;window=48;search_radius=24;kmer=2;top_ratio=0.25;score_scale=4.0;motif_weight=0.0;motif_radius=12;score_normalization=train_quantile;raw_border_score=0.368019;border_score=1.183489",0.2028616964817047,0.2039131373167038,0.5932251214981079
test_Seq_2370,2,2,"benchmark=nucleotide_transformer_downstream_tasks;dataset=splice_sites_all;matching=kmer_balanced;matching_signature=(10, 'CTC');border_estimator=center_window_kmer_jsd;estimator=center_jsd;window=48;search_radius=24;kmer=2;top_ratio=0.25;score_scale=4.0;motif_weight=0.0;motif_radius=12;score_normalization=train_quantile;raw_border_score=0.240681;border_score=1.060467",0.1054881364107132,0.10147693753242493,0.7930349707603455
test_Seq_1024,1,2,"benchmark=nucleotide_transformer_downstream_tasks;dataset=splice_sites_all;matching=kmer_balanced;matching_signature=(13, 'GGG');border_estimator=center_window_kmer_jsd;estimator=center_jsd;window=48;search_radius=24;kmer=2;top_ratio=0.25;score_scale=4.0;motif_weight=0.0;motif_radius=12;score_normalization=train_quantile;raw_border_score=0.237797;border_score=1.054600",0.19728027284145355,0.19565491378307343,0.6070648431777954
test_Seq_1615,1,2,"benchmark=nucleotide_transformer_downstream_tasks;dataset=splice_sites_all;matching=kmer_balanced;matching_signature=(11, 'CAG');border_estimator=center_window_kmer_jsd;estimator=center_jsd;window=48;search_radius=24;kmer=2;top_ratio=0.25;score_scale=4.0;motif_weight=0.0;motif_radius=12;score_normalization=train_quantile;raw_border_score=0.190939;border_score=0.946556",0.32769039273262024,0.3313482701778412,0.3409613370895386
test_Seq_1760,1,1,"benchmark=nucleotide_transformer_downstream_tasks;dataset=splice_sites_all;matching=kmer_balanced;matching_signature=(8, 'TTT');border_estimator=center_window_kmer_jsd;estimator=center_jsd;window=48;search_radius=24;kmer=2;top_ratio=0.25;score_scale=4.0;motif_weight=0.0;motif_radius=12;score_normalization=train_quantile;raw_border_score=0.239219;border_score=1.056556",0.32856571674346924,0.34178176522254944,0.32965248823165894
test_Seq_2677,2,2,"benchmark=nucleotide_transformer_downstream_tasks;dataset=splice_sites_all;matching=kmer_balanced;matching_signature=(10, 'CAG');border_estimator=center_window_kmer_jsd;estimator=center_jsd;window=48;search_radius=24;kmer=2;top_ratio=0.25;score_scale=4.0;motif_weight=0.0;motif_radius=12;score_normalization=train_quantile;raw_border_score=0.269267;border_score=1.109044",0.1477811634540558,0.13716177642345428,0.7150570154190063
test_Seq_1041,1,2,"benchmark=nucleotide_transformer_downstream_tasks;dataset=splice_sites_all;matching=kmer_balanced;matching_signature=(7, 'AAA');border_estimator=center_window_kmer_jsd;estimator=center_jsd;window=48;search_radius=24;kmer=2;top_ratio=0.25;score_scale=4.0;motif_weight=0.0;motif_radius=12;score_normalization=train_quantile;raw_border_score=0.177727;border_score=0.912778",0.3200763761997223,0.33387312293052673,0.34605053067207336
test_Seq_537,0,2,"benchmark=nucleotide_transformer_downstream_tasks;dataset=splice_sites_all;matching=kmer_balanced;matching_signature=(7, 'TTT');border_estimator=center_window_kmer_jsd;estimator=center_jsd;window=48;search_radius=24;kmer=2;top_ratio=0.25;score_scale=4.0;motif_weight=0.0;motif_radius=12;score_normalization=train_quantile;raw_border_score=0.267194;border_score=1.105933",0.24691447615623474,0.24831901490688324,0.5047665238380432
test_Seq_2311,2,2,"benchmark=nucleotide_transformer_downstream_tasks;dataset=splice_sites_all;matching=kmer_balanced;matching_signature=(9, 'TTT');border_estimator=center_window_kmer_jsd;estimator=center_jsd;window=48;search_radius=24;kmer=2;top_ratio=0.25;score_scale=4.0;motif_weight=0.0;motif_radius=12;score_normalization=train_quantile;raw_border_score=0.261958;border_score=1.098822",0.1816488802433014,0.17834898829460144,0.6400021314620972
test_Seq_1807,1,2,"benchmark=nucleotide_transformer_downstream_tasks;dataset=splice_sites_all;matching=kmer_balanced;matching_signature=(7, 'TTT');border_estimator=center_window_kmer_jsd;estimator=center_jsd;window=48;search_radius=24;kmer=2;top_ratio=0.25;score_scale=4.0;motif_weight=0.0;motif_radius=12;score_normalization=train_quantile;raw_border_score=0.185186;border_score=0.931044",0.1958342045545578,0.19117379188537598,0.612991988658905
test_Seq_964,0,2,"benchmark=nucleotide_transformer_downstream_tasks;dataset=splice_sites_all;matching=kmer_balanced;matching_signature=(7, 'TTT');border_estimator=center_window_kmer_jsd;estimator=center_jsd;window=48;search_radius=24;kmer=2;top_ratio=0.25;score_scale=4.0;motif_weight=0.0;motif_radius=12;score_normalization=train_quantile;raw_border_score=0.255250;border_score=1.087756",0.25413933396339417,0.2602899968624115,0.4855707287788391
test_Seq_1188,1,1,"benchmark=nucleotide_transformer_downstream_tasks;dataset=splice_sites_all;matching=kmer_balanced;matching_signature=(6, 'TTT');border_estimator=center_window_kmer_jsd;estimator=center_jsd;window=48;search_radius=24;kmer=2;top_ratio=0.25;score_scale=4.0;motif_weight=0.0;motif_radius=12;score_normalization=train_quantile;raw_border_score=0.253618;border_score=1.085178",0.3543015420436859,0.37431126832962036,0.2713872194290161
test_Seq_2711,2,2,"benchmark=nucleotide_transformer_downstream_tasks;dataset=splice_sites_all;matching=kmer_balanced;matching_signature=(11, 'CCT');border_estimator=center_window_kmer_jsd;estimator=center_jsd;window=48;search_radius=24;kmer=2;top_ratio=0.25;score_scale=4.0;motif_weight=0.0;motif_radius=12;score_normalization=train_quantile;raw_border_score=0.307747;border_score=1.151933",0.3034544885158539,0.3167441189289093,0.37980136275291443
test_Seq_364,0,1,"benchmark=nucleotide_transformer_downstream_tasks;dataset=splice_sites_all;matching=kmer_balanced;matching_signature=(10, 'GTG');border_estimator=center_window_kmer_jsd;estimator=center_jsd;window=48;search_radius=24;kmer=2;top_ratio=0.25;score_scale=4.0;motif_weight=0.0;motif_radius=12;score_normalization=train_quantile;raw_border_score=0.212607;border_score=1.001000",0.33925861120224,0.350351482629776,0.3103899359703064
test_Seq_2780,2,2,"benchmark=nucleotide_transformer_downstream_tasks;dataset=splice_sites_all;matching=kmer_balanced;matching_signature=(11, 'CAG');border_estimator=center_window_kmer_jsd;estimator=center_jsd;window=48;search_radius=24;kmer=2;top_ratio=0.25;score_scale=4.0;motif_weight=0.0;motif_radius=12;score_normalization=train_quantile;raw_border_score=0.240528;border_score=1.060022",0.12428570538759232,0.11777719110250473,0.7579370737075806
test_Seq_2353,2,2,"benchmark=nucleotide_transformer_downstream_tasks;dataset=splice_sites_all;matching=kmer_balanced;matching_signature=(12, 'GGG');border_estimator=center_window_kmer_jsd;estimator=center_jsd;window=48;search_radius=24;kmer=2;top_ratio=0.25;score_scale=4.0;motif_weight=0.0;motif_radius=12;score_normalization=train_quantile;raw_border_score=0.126377;border_score=0.816022",0.31549718976020813,0.3227236866950989,0.361779123544693
test_Seq_44,0,2,"benchmark=nucleotide_transformer_downstream_tasks;dataset=splice_sites_all;matching=kmer_balanced;matching_signature=(7, 'TTT');border_estimator=center_window_kmer_jsd;estimator=center_jsd;window=48;search_radius=24;kmer=2;top_ratio=0.25;score_scale=4.0;motif_weight=0.0;motif_radius=12;score_normalization=train_quantile;raw_border_score=0.222246;border_score=1.023711",0.20719890296459198,0.2071426957845688,0.5856584310531616
test_Seq_211,0,2,"benchmark=nucleotide_transformer_downstream_tasks;dataset=splice_sites_all;matching=kmer_balanced;matching_signature=(10, 'TTT');border_estimator=center_window_kmer_jsd;estimator=center_jsd;window=48;search_radius=24;kmer=2;top_ratio=0.25;score_scale=4.0;motif_weight=0.0;motif_radius=12;score_normalization=train_quantile;raw_border_score=0.279051;border_score=1.122956",0.08841913938522339,0.085354745388031,0.8262261748313904
test_Seq_2355,2,2,"benchmark=nucleotide_transformer_downstream_tasks;dataset=splice_sites_all;matching=kmer_balanced;matching_signature=(7, 'TTT');border_estimator=center_window_kmer_jsd;estimator=center_jsd;window=48;search_radius=24;kmer=2;top_ratio=0.25;score_scale=4.0;motif_weight=0.0;motif_radius=12;score_normalization=train_quantile;raw_border_score=0.182140;border_score=0.922600",0.09594366699457169,0.08668269217014313,0.8173736929893494
test_Seq_438,0,2,"benchmark=nucleotide_transformer_downstream_tasks;dataset=splice_sites_all;matching=kmer_balanced;matching_signature=(7, 'TTT');border_estimator=center_window_kmer_jsd;estimator=center_jsd;window=48;search_radius=24;kmer=2;top_ratio=0.25;score_scale=4.0;motif_weight=0.0;motif_radius=12;score_normalization=train_quantile;raw_border_score=0.167228;border_score=0.884733",0.18429048359394073,0.18822091817855835,0.6274886131286621
test_Seq_1926,1,2,"benchmark=nucleotide_transformer_downstream_tasks;dataset=splice_sites_all;matching=kmer_balanced;matching_signature=(5, 'TTT');border_estimator=center_window_kmer_jsd;estimator=center_jsd;window=48;search_radius=24;kmer=2;top_ratio=0.25;score_scale=4.0;motif_weight=0.0;motif_radius=12;score_normalization=train_quantile;raw_border_score=0.197715;border_score=0.964822",0.22744427621364594,0.2218216359615326,0.5507341027259827
test_Seq_1162,1,2,"benchmark=nucleotide_transformer_downstream_tasks;dataset=splice_sites_all;matching=kmer_balanced;matching_signature=(8, 'TTT');border_estimator=center_window_kmer_jsd;estimator=center_jsd;window=48;search_radius=24;kmer=2;top_ratio=0.25;score_scale=4.0;motif_weight=0.0;motif_radius=12;score_normalization=train_quantile;raw_border_score=0.394832;border_score=1.188956",0.26215988397598267,0.2646360397338867,0.47320398688316345
test_Seq_2615,2,2,"benchmark=nucleotide_transformer_downstream_tasks;dataset=splice_sites_all;matching=kmer_balanced;matching_signature=(6, 'TTT');border_estimator=center_window_kmer_jsd;estimator=center_jsd;window=48;search_radius=24;kmer=2;top_ratio=0.25;score_scale=4.0;motif_weight=0.0;motif_radius=12;score_normalization=train_quantile;raw_border_score=0.252823;border_score=1.083756",0.17212407290935516,0.17176638543605804,0.6561095714569092
test_Seq_1816,1,1,"benchmark=nucleotide_transformer_downstream_tasks;dataset=splice_sites_all;matching=kmer_balanced;matching_signature=(11, 'CCA');border_estimator=center_window_kmer_jsd;estimator=center_jsd;window=48;search_radius=24;kmer=2;top_ratio=0.25;score_scale=4.0;motif_weight=0.0;motif_radius=12;score_normalization=train_quantile;raw_border_score=0.198446;border_score=0.966911",0.3776663839817047,0.4225546717643738,0.19977888464927673
test_Seq_647,0,2,"benchmark=nucleotide_transformer_downstream_tasks;dataset=splice_sites_all;matching=kmer_balanced;matching_signature=(6, 'TTT');border_estimator=center_window_kmer_jsd;estimator=center_jsd;window=48;search_radius=24;kmer=2;top_ratio=0.25;score_scale=4.0;motif_weight=0.0;motif_radius=12;score_normalization=train_quantile;raw_border_score=0.270533;border_score=1.111000",0.23351991176605225,0.23526149988174438,0.5312185883522034
test_Seq_1639,1,1,"benchmark=nucleotide_transformer_downstream_tasks;dataset=splice_sites_all;matching=kmer_balanced;matching_signature=(11, 'GGG');border_estimator=center_window_kmer_jsd;estimator=center_jsd;window=48;search_radius=24;kmer=2;top_ratio=0.25;score_scale=4.0;motif_weight=0.0;motif_radius=12;score_normalization=train_quantile;raw_border_score=0.224032;border_score=1.028067",0.32790395617485046,0.3466953635215759,0.325400710105896
test_Seq_815,0,2,"benchmark=nucleotide_transformer_downstream_tasks;dataset=splice_sites_all;matching=kmer_balanced;matching_signature=(8, 'TTT');border_estimator=center_window_kmer_jsd;estimator=center_jsd;window=48;search_radius=24;kmer=2;top_ratio=0.25;score_scale=4.0;motif_weight=0.0;motif_radius=12;score_normalization=train_quantile;raw_border_score=0.341287;border_score=1.172778",0.18799912929534912,0.17901277542114258,0.6329880952835083
test_Seq_1794,1,2,"benchmark=nucleotide_transformer_downstream_tasks;dataset=splice_sites_all;matching=kmer_balanced;matching_signature=(8, 'TTT');border_estimator=center_window_kmer_jsd;estimator=center_jsd;window=48;search_radius=24;kmer=2;top_ratio=0.25;score_scale=4.0;motif_weight=0.0;motif_radius=12;score_normalization=train_quantile;raw_border_score=0.408640;border_score=1.191267",0.22626179456710815,0.238190159201622,0.5355480909347534
test_Seq_1177,1,2,"benchmark=nucleotide_transformer_downstream_tasks;dataset=splice_sites_all;matching=kmer_balanced;matching_signature=(10, 'GGG');border_estimator=center_window_kmer_jsd;estimator=center_jsd;window=48;search_radius=24;kmer=2;top_ratio=0.25;score_scale=4.0;motif_weight=0.0;motif_radius=12;score_normalization=train_quantile;raw_border_score=0.222472;border_score=1.024244",0.10715389996767044,0.10362840443849564,0.7892177700996399
test_Seq_2907,2,2,"benchmark=nucleotide_transformer_downstream_tasks;dataset=splice_sites_all;matching=kmer_balanced;matching_signature=(9, 'TGG');border_estimator=center_window_kmer_jsd;estimator=center_jsd;window=48;search_radius=24;kmer=2;top_ratio=0.25;score_scale=4.0;motif_weight=0.0;motif_radius=12;score_normalization=train_quantile;raw_border_score=0.158971;border_score=0.865222",0.2530069351196289,0.24819058179855347,0.49880242347717285
test_Seq_1755,1,2,"benchmark=nucleotide_transformer_downstream_tasks;dataset=splice_sites_all;matching=kmer_balanced;matching_signature=(9, 'TCA');border_estimator=center_window_kmer_jsd;estimator=center_jsd;window=48;search_radius=24;kmer=2;top_ratio=0.25;score_scale=4.0;motif_weight=0.0;motif_radius=12;score_normalization=train_quantile;raw_border_score=0.173966;border_score=0.902022",0.18104007840156555,0.1797432005405426,0.6392167210578918
test_Seq_1731,1,2,"benchmark=nucleotide_transformer_downstream_tasks;dataset=splice_sites_all;matching=kmer_balanced;matching_signature=(9, 'TTT');border_estimator=center_window_kmer_jsd;estimator=center_jsd;window=48;search_radius=24;kmer=2;top_ratio=0.25;score_scale=4.0;motif_weight=0.0;motif_radius=12;score_normalization=train_quantile;raw_border_score=0.236064;border_score=1.050956",0.27188849449157715,0.27251896262168884,0.4555926024913788
test_Seq_2633,2,2,"benchmark=nucleotide_transformer_downstream_tasks;dataset=splice_sites_all;matching=kmer_balanced;matching_signature=(10, 'TTT');border_estimator=center_window_kmer_jsd;estimator=center_jsd;window=48;search_radius=24;kmer=2;top_ratio=0.25;score_scale=4.0;motif_weight=0.0;motif_radius=12;score_normalization=train_quantile;raw_border_score=0.391136;border_score=1.188467",0.20620565116405487,0.20468616485595703,0.5891081690788269
test_Seq_249,0,2,"benchmark=nucleotide_transformer_downstream_tasks;dataset=splice_sites_all;matching=kmer_balanced;matching_signature=(8, 'TTT');border_estimator=center_window_kmer_jsd;estimator=center_jsd;window=48;search_radius=24;kmer=2;top_ratio=0.25;score_scale=4.0;motif_weight=0.0;motif_radius=12;score_normalization=train_quantile;raw_border_score=0.501324;border_score=1.198644",0.27109986543655396,0.27103498578071594,0.4578651487827301
test_Seq_342,0,2,"benchmark=nucleotide_transformer_downstream_tasks;dataset=splice_sites_all;matching=kmer_balanced;matching_signature=(10, 'CCT');border_estimator=center_window_kmer_jsd;estimator=center_jsd;window=48;search_radius=24;kmer=2;top_ratio=0.25;score_scale=4.0;motif_weight=0.0;motif_radius=12;score_normalization=train_quantile;raw_border_score=0.222435;border_score=1.024156",0.19184361398220062,0.17851486802101135,0.6296415328979492
test_Seq_2546,2,2,"benchmark=nucleotide_transformer_downstream_tasks;dataset=splice_sites_all;matching=kmer_balanced;matching_signature=(10, 'CTG');border_estimator=center_window_kmer_jsd;estimator=center_jsd;window=48;search_radius=24;kmer=2;top_ratio=0.25;score_scale=4.0;motif_weight=0.0;motif_radius=12;score_normalization=train_quantile;raw_border_score=0.170567;border_score=0.892022",0.15982091426849365,0.15802130103111267,0.6821576952934265
test_Seq_494,0,1,"benchmark=nucleotide_transformer_downstream_tasks;dataset=splice_sites_all;matching=kmer_balanced;matching_signature=(9, 'TTT');border_estimator=center_window_kmer_jsd;estimator=center_jsd;window=48;search_radius=24;kmer=2;top_ratio=0.25;score_scale=4.0;motif_weight=0.0;motif_radius=12;score_normalization=train_quantile;raw_border_score=0.222360;border_score=1.024022",0.3314788341522217,0.3561367094516754,0.3123844563961029
test_Seq_678,0,2,"benchmark=nucleotide_transformer_downstream_tasks;dataset=splice_sites_all;matching=kmer_balanced;matching_signature=(6, 'AAA');border_estimator=center_window_kmer_jsd;estimator=center_jsd;window=48;search_radius=24;kmer=2;top_ratio=0.25;score_scale=4.0;motif_weight=0.0;motif_radius=12;score_normalization=train_quantile;raw_border_score=0.190035;border_score=0.944378",0.3283725082874298,0.32599568367004395,0.34563180804252625
test_Seq_947,0,2,"benchmark=nucleotide_transformer_downstream_tasks;dataset=splice_sites_all;matching=kmer_balanced;matching_signature=(6, 'AAA');border_estimator=center_window_kmer_jsd;estimator=center_jsd;window=48;search_radius=24;kmer=2;top_ratio=0.25;score_scale=4.0;motif_weight=0.0;motif_radius=12;score_normalization=train_quantile;raw_border_score=0.338060;border_score=1.170911",0.2234092354774475,0.21799498796463013,0.5585957765579224
test_Seq_33,0,2,"benchmark=nucleotide_transformer_downstream_tasks;dataset=splice_sites_all;matching=kmer_balanced;matching_signature=(11, 'CAG');border_estimator=center_window_kmer_jsd;estimator=center_jsd;window=48;search_radius=24;kmer=2;top_ratio=0.25;score_scale=4.0;motif_weight=0.0;motif_radius=12;score_normalization=train_quantile;raw_border_score=0.276510;border_score=1.119267",0.3200790286064148,0.3211398124694824,0.3587811589241028
test_Seq_80,0,1,"benchmark=nucleotide_transformer_downstream_tasks;dataset=splice_sites_all;matching=kmer_balanced;matching_signature=(9, 'AAG');border_estimator=center_window_kmer_jsd;estimator=center_jsd;window=48;search_radius=24;kmer=2;top_ratio=0.25;score_scale=4.0;motif_weight=0.0;motif_radius=12;score_normalization=train_quantile;raw_border_score=0.186138;border_score=0.933578",0.3398257791996002,0.3583191931247711,0.30185505747795105
test_Seq_851,0,2,"benchmark=nucleotide_transformer_downstream_tasks;dataset=splice_sites_all;matching=kmer_balanced;matching_signature=(9, 'CTC');border_estimator=center_window_kmer_jsd;estimator=center_jsd;window=48;search_radius=24;kmer=2;top_ratio=0.25;score_scale=4.0;motif_weight=0.0;motif_radius=12;score_normalization=train_quantile;raw_border_score=0.295658;border_score=1.141311",0.12188246846199036,0.12581473588943481,0.7523028254508972
test_Seq_508,0,2,"benchmark=nucleotide_transformer_downstream_tasks;dataset=splice_sites_all;matching=kmer_balanced;matching_signature=(7, 'TTT');border_estimator=center_window_kmer_jsd;estimator=center_jsd;window=48;search_radius=24;kmer=2;top_ratio=0.25;score_scale=4.0;motif_weight=0.0;motif_radius=12;score_normalization=train_quantile;raw_border_score=0.211146;border_score=0.998111",0.2438586950302124,0.25763624906539917,0.4985050559043884
test_Seq_1689,1,2,"benchmark=nucleotide_transformer_downstream_tasks;dataset=splice_sites_all;matching=kmer_balanced;matching_signature=(14, 'GGC');border_estimator=center_window_kmer_jsd;estimator=center_jsd;window=48;search_radius=24;kmer=2;top_ratio=0.25;score_scale=4.0;motif_weight=0.0;motif_radius=12;score_normalization=train_quantile;raw_border_score=0.199272;border_score=0.969222",0.2658780813217163,0.2686518132686615,0.4654701352119446
test_Seq_1562,1,2,"benchmark=nucleotide_transformer_downstream_tasks;dataset=splice_sites_all;matching=kmer_balanced;matching_signature=(6, 'TTT');border_estimator=center_window_kmer_jsd;estimator=center_jsd;window=48;search_radius=24;kmer=2;top_ratio=0.25;score_scale=4.0;motif_weight=0.0;motif_radius=12;score_normalization=train_quantile;raw_border_score=0.228402;border_score=1.036822",0.23349794745445251,0.25098365545272827,0.5155183672904968
test_Seq_2189,2,2,"benchmark=nucleotide_transformer_downstream_tasks;dataset=splice_sites_all;matching=kmer_balanced;matching_signature=(7, 'TGT');border_estimator=center_window_kmer_jsd;estimator=center_jsd;window=48;search_radius=24;kmer=2;top_ratio=0.25;score_scale=4.0;motif_weight=0.0;motif_radius=12;score_normalization=train_quantile;raw_border_score=0.183074;border_score=0.925133",0.21185587346553802,0.20178286731243134,0.5863612294197083
test_Seq_1521,1,2,"benchmark=nucleotide_transformer_downstream_tasks;dataset=splice_sites_all;matching=kmer_balanced;matching_signature=(6, 'TTT');border_estimator=center_window_kmer_jsd;estimator=center_jsd;window=48;search_radius=24;kmer=2;top_ratio=0.25;score_scale=4.0;motif_weight=0.0;motif_radius=12;score_normalization=train_quantile;raw_border_score=0.326836;border_score=1.164778",0.24353300034999847,0.24448424577713013,0.5119827389717102
test_Seq_2742,2,2,"benchmark=nucleotide_transformer_downstream_tasks;dataset=splice_sites_all;matching=kmer_balanced;matching_signature=(9, 'TGT');border_estimator=center_window_kmer_jsd;estimator=center_jsd;window=48;search_radius=24;kmer=2;top_ratio=0.25;score_scale=4.0;motif_weight=0.0;motif_radius=12;score_normalization=train_quantile;raw_border_score=0.188002;border_score=0.939000",0.2872236669063568,0.29683804512023926,0.41593825817108154
test_Seq_1263,1,2,"benchmark=nucleotide_transformer_downstream_tasks;dataset=splice_sites_all;matching=kmer_balanced;matching_signature=(10, 'GGG');border_estimator=center_window_kmer_jsd;estimator=center_jsd;window=48;search_radius=24;kmer=2;top_ratio=0.25;score_scale=4.0;motif_weight=0.0;motif_radius=12;score_normalization=train_quantile;raw_border_score=0.166125;border_score=0.881444",0.22053192555904388,0.2186359167098999,0.5608322024345398
test_Seq_2315,2,2,"benchmark=nucleotide_transformer_downstream_tasks;dataset=splice_sites_all;matching=kmer_balanced;matching_signature=(9, 'GGG');border_estimator=center_window_kmer_jsd;estimator=center_jsd;window=48;search_radius=24;kmer=2;top_ratio=0.25;score_scale=4.0;motif_weight=0.0;motif_radius=12;score_normalization=train_quantile;raw_border_score=0.399589;border_score=1.190067",0.1249241754412651,0.13299213349819183,0.7420836687088013
test_Seq_230,0,2,"benchmark=nucleotide_transformer_downstream_tasks;dataset=splice_sites_all;matching=kmer_balanced;matching_signature=(7, 'TTT');border_estimator=center_window_kmer_jsd;estimator=center_jsd;window=48;search_radius=24;kmer=2;top_ratio=0.25;score_scale=4.0;motif_weight=0.0;motif_radius=12;score_normalization=train_quantile;raw_border_score=0.170650;border_score=0.892289",0.24846285581588745,0.2385150045156479,0.5130221843719482
test_Seq_2620,2,2,"benchmark=nucleotide_transformer_downstream_tasks;dataset=splice_sites_all;matching=kmer_balanced;matching_signature=(10, 'GGG');border_estimator=center_window_kmer_jsd;estimator=center_jsd;window=48;search_radius=24;kmer=2;top_ratio=0.25;score_scale=4.0;motif_weight=0.0;motif_radius=12;score_normalization=train_quantile;raw_border_score=0.237597;border_score=1.054022",0.1962214708328247,0.19307845830917358,0.6107000708580017
test_Seq_2082,2,2,"benchmark=nucleotide_transformer_downstream_tasks;dataset=splice_sites_all;matching=kmer_balanced;matching_signature=(8, 'TTT');border_estimator=center_window_kmer_jsd;estimator=center_jsd;window=48;search_radius=24;kmer=2;top_ratio=0.25;score_scale=4.0;motif_weight=0.0;motif_radius=12;score_normalization=train_quantile;raw_border_score=0.210392;border_score=0.996156",0.16414785385131836,0.15283924341201782,0.6830129027366638
test_Seq_2536,2,2,"benchmark=nucleotide_transformer_downstream_tasks;dataset=splice_sites_all;matching=kmer_balanced;matching_signature=(8, 'AAA');border_estimator=center_window_kmer_jsd;estimator=center_jsd;window=48;search_radius=24;kmer=2;top_ratio=0.25;score_scale=4.0;motif_weight=0.0;motif_radius=12;score_normalization=train_quantile;raw_border_score=0.178325;border_score=0.913978",0.21845455467700958,0.22017315030097961,0.5613722801208496
test_Seq_1438,1,2,"benchmark=nucleotide_transformer_downstream_tasks;dataset=splice_sites_all;matching=kmer_balanced;matching_signature=(9, 'TGG');border_estimator=center_window_kmer_jsd;estimator=center_jsd;window=48;search_radius=24;kmer=2;top_ratio=0.25;score_scale=4.0;motif_weight=0.0;motif_radius=12;score_normalization=train_quantile;raw_border_score=0.222870;border_score=1.025622",0.18072104454040527,0.18399623036384583,0.6352827548980713
test_Seq_1646,1,2,"benchmark=nucleotide_transformer_downstream_tasks;dataset=splice_sites_all;matching=kmer_balanced;matching_signature=(11, 'TGG');border_estimator=center_window_kmer_jsd;estimator=center_jsd;window=48;search_radius=24;kmer=2;top_ratio=0.25;score_scale=4.0;motif_weight=0.0;motif_radius=12;score_normalization=train_quantile;raw_border_score=0.276898;border_score=1.119756",0.3141760528087616,0.3306126892566681,0.35521119832992554
test_Seq_2760,2,2,"benchmark=nucleotide_transformer_downstream_tasks;dataset=splice_sites_all;matching=kmer_balanced;matching_signature=(12, 'CAG');border_estimator=center_window_kmer_jsd;estimator=center_jsd;window=48;search_radius=24;kmer=2;top_ratio=0.25;score_scale=4.0;motif_weight=0.0;motif_radius=12;score_normalization=train_quantile;raw_border_score=0.188189;border_score=0.939311",0.3093966841697693,0.31160756945610046,0.37899574637413025
test_Seq_972,0,2,"benchmark=nucleotide_transformer_downstream_tasks;dataset=splice_sites_all;matching=kmer_balanced;matching_signature=(8, 'TTT');border_estimator=center_window_kmer_jsd;estimator=center_jsd;window=48;search_radius=24;kmer=2;top_ratio=0.25;score_scale=4.0;motif_weight=0.0;motif_radius=12;score_normalization=train_quantile;raw_border_score=0.112208;border_score=0.806644",0.2905864417552948,0.30138808488845825,0.40802544355392456
test_Seq_2358,2,2,"benchmark=nucleotide_transformer_downstream_tasks;dataset=splice_sites_all;matching=kmer_balanced;matching_signature=(10, 'TCT');border_estimator=center_window_kmer_jsd;estimator=center_jsd;window=48;search_radius=24;kmer=2;top_ratio=0.25;score_scale=4.0;motif_weight=0.0;motif_radius=12;score_normalization=train_quantile;raw_border_score=0.127763;border_score=0.817089",0.23869585990905762,0.23534688353538513,0.5259572863578796
test_Seq_883,0,2,"benchmark=nucleotide_transformer_downstream_tasks;dataset=splice_sites_all;matching=kmer_balanced;matching_signature=(7, 'TTT');border_estimator=center_window_kmer_jsd;estimator=center_jsd;window=48;search_radius=24;kmer=2;top_ratio=0.25;score_scale=4.0;motif_weight=0.0;motif_radius=12;score_normalization=train_quantile;raw_border_score=0.298557;border_score=1.144778",0.1942104697227478,0.1943952441215515,0.6113942861557007
test_Seq_1781,1,2,"benchmark=nucleotide_transformer_downstream_tasks;dataset=splice_sites_all;matching=kmer_balanced;matching_signature=(8, 'TTT');border_estimator=center_window_kmer_jsd;estimator=center_jsd;window=48;search_radius=24;kmer=2;top_ratio=0.25;score_scale=4.0;motif_weight=0.0;motif_radius=12;score_normalization=train_quantile;raw_border_score=0.342676;border_score=1.173178",0.22905322909355164,0.2525920271873474,0.5183547139167786
test_Seq_2525,2,2,"benchmark=nucleotide_transformer_downstream_tasks;dataset=splice_sites_all;matching=kmer_balanced;matching_signature=(10, 'CTC');border_estimator=center_window_kmer_jsd;estimator=center_jsd;window=48;search_radius=24;kmer=2;top_ratio=0.25;score_scale=4.0;motif_weight=0.0;motif_radius=12;score_normalization=train_quantile;raw_border_score=0.165972;border_score=0.881222",0.3071238696575165,0.3016374111175537,0.3912387490272522
test_Seq_414,0,2,"benchmark=nucleotide_transformer_downstream_tasks;dataset=splice_sites_all;matching=kmer_balanced;matching_signature=(6, 'TTT');border_estimator=center_window_kmer_jsd;estimator=center_jsd;window=48;search_radius=24;kmer=2;top_ratio=0.25;score_scale=4.0;motif_weight=0.0;motif_radius=12;score_normalization=train_quantile;raw_border_score=0.293005;border_score=1.139311",0.216105654835701,0.21405117213726044,0.5698431730270386
test_Seq_816,0,2,"benchmark=nucleotide_transformer_downstream_tasks;dataset=splice_sites_all;matching=kmer_balanced;matching_signature=(10, 'CAG');border_estimator=center_window_kmer_jsd;estimator=center_jsd;window=48;search_radius=24;kmer=2;top_ratio=0.25;score_scale=4.0;motif_weight=0.0;motif_radius=12;score_normalization=train_quantile;raw_border_score=0.469079;border_score=1.197000",0.2735963761806488,0.27324771881103516,0.4531559348106384
test_Seq_1884,1,2,"benchmark=nucleotide_transformer_downstream_tasks;dataset=splice_sites_all;matching=kmer_balanced;matching_signature=(10, 'CCT');border_estimator=center_window_kmer_jsd;estimator=center_jsd;window=48;search_radius=24;kmer=2;top_ratio=0.25;score_scale=4.0;motif_weight=0.0;motif_radius=12;score_normalization=train_quantile;raw_border_score=0.208684;border_score=0.991844",0.2194133698940277,0.22390693426132202,0.5566797256469727
test_Seq_2054,2,2,"benchmark=nucleotide_transformer_downstream_tasks;dataset=splice_sites_all;matching=kmer_balanced;matching_signature=(9, 'TGT');border_estimator=center_window_kmer_jsd;estimator=center_jsd;window=48;search_radius=24;kmer=2;top_ratio=0.25;score_scale=4.0;motif_weight=0.0;motif_radius=12;score_normalization=train_quantile;raw_border_score=0.263173;border_score=1.101133",0.19494979083538055,0.19408203661441803,0.6109681129455566
test_Seq_2942,2,2,"benchmark=nucleotide_transformer_downstream_tasks;dataset=splice_sites_all;matching=kmer_balanced;matching_signature=(13, 'CCC');border_estimator=center_window_kmer_jsd;estimator=center_jsd;window=48;search_radius=24;kmer=2;top_ratio=0.25;score_scale=4.0;motif_weight=0.0;motif_radius=12;score_normalization=train_quantile;raw_border_score=0.159297;border_score=0.866200",0.18518321216106415,0.17453178763389587,0.6402850151062012
test_Seq_2540,2,2,"benchmark=nucleotide_transformer_downstream_tasks;dataset=splice_sites_all;matching=kmer_balanced;matching_signature=(6, 'TTT');border_estimator=center_window_kmer_jsd;estimator=center_jsd;window=48;search_radius=24;kmer=2;top_ratio=0.25;score_scale=4.0;motif_weight=0.0;motif_radius=12;score_normalization=train_quantile;raw_border_score=0.158186;border_score=0.863222",0.21162082254886627,0.20747250318527222,0.5809066295623779
test_Seq_2026,2,2,"benchmark=nucleotide_transformer_downstream_tasks;dataset=splice_sites_all;matching=kmer_balanced;matching_signature=(11, 'CCT');border_estimator=center_window_kmer_jsd;estimator=center_jsd;window=48;search_radius=24;kmer=2;top_ratio=0.25;score_scale=4.0;motif_weight=0.0;motif_radius=12;score_normalization=train_quantile;raw_border_score=0.154477;border_score=0.856333",0.17055141925811768,0.16701118648052216,0.6624374389648438
test_Seq_1280,1,2,"benchmark=nucleotide_transformer_downstream_tasks;dataset=splice_sites_all;matching=kmer_balanced;matching_signature=(12, 'CCC');border_estimator=center_window_kmer_jsd;estimator=center_jsd;window=48;search_radius=24;kmer=2;top_ratio=0.25;score_scale=4.0;motif_weight=0.0;motif_radius=12;score_normalization=train_quantile;raw_border_score=0.232709;border_score=1.044867",0.29449519515037537,0.3074397146701813,0.39806509017944336
test_Seq_730,0,2,"benchmark=nucleotide_transformer_downstream_tasks;dataset=splice_sites_all;matching=kmer_balanced;matching_signature=(6, 'AAA');border_estimator=center_window_kmer_jsd;estimator=center_jsd;window=48;search_radius=24;kmer=2;top_ratio=0.25;score_scale=4.0;motif_weight=0.0;motif_radius=12;score_normalization=train_quantile;raw_border_score=0.155658;border_score=0.858689",0.28407812118530273,0.29008597135543823,0.4258359372615814
test_Seq_2970,2,2,"benchmark=nucleotide_transformer_downstream_tasks;dataset=splice_sites_all;matching=kmer_balanced;matching_signature=(6, 'TTT');border_estimator=center_window_kmer_jsd;estimator=center_jsd;window=48;search_radius=24;kmer=2;top_ratio=0.25;score_scale=4.0;motif_weight=0.0;motif_radius=12;score_normalization=train_quantile;raw_border_score=0.216829;border_score=1.011089",0.1856829822063446,0.18808332085609436,0.626233696937561
test_Seq_2452,2,2,"benchmark=nucleotide_transformer_downstream_tasks;dataset=splice_sites_all;matching=kmer_balanced;matching_signature=(10, 'CAG');border_estimator=center_window_kmer_jsd;estimator=center_jsd;window=48;search_radius=24;kmer=2;top_ratio=0.25;score_scale=4.0;motif_weight=0.0;motif_radius=12;score_normalization=train_quantile;raw_border_score=0.221585;border_score=1.022644",0.27005475759506226,0.2614784836769104,0.46846678853034973
test_Seq_1394,1,2,"benchmark=nucleotide_transformer_downstream_tasks;dataset=splice_sites_all;matching=kmer_balanced;matching_signature=(10, 'CCA');border_estimator=center_window_kmer_jsd;estimator=center_jsd;window=48;search_radius=24;kmer=2;top_ratio=0.25;score_scale=4.0;motif_weight=0.0;motif_radius=12;score_normalization=train_quantile;raw_border_score=0.233780;border_score=1.047044",0.20930913090705872,0.20380151271820068,0.586889386177063
test_Seq_1371,1,2,"benchmark=nucleotide_transformer_downstream_tasks;dataset=splice_sites_all;matching=kmer_balanced;matching_signature=(9, 'GAG');border_estimator=center_window_kmer_jsd;estimator=center_jsd;window=48;search_radius=24;kmer=2;top_ratio=0.25;score_scale=4.0;motif_weight=0.0;motif_radius=12;score_normalization=train_quantile;raw_border_score=0.204797;border_score=0.983622",0.31520789861679077,0.3307565748691559,0.35403549671173096
test_Seq_1351,1,2,"benchmark=nucleotide_transformer_downstream_tasks;dataset=splice_sites_all;matching=kmer_balanced;matching_signature=(10, 'TCT');border_estimator=center_window_kmer_jsd;estimator=center_jsd;window=48;search_radius=24;kmer=2;top_ratio=0.25;score_scale=4.0;motif_weight=0.0;motif_radius=12;score_normalization=train_quantile;raw_border_score=0.226240;border_score=1.032289",0.22934837639331818,0.22844278812408447,0.5422087907791138
test_Seq_1061,1,2,"benchmark=nucleotide_transformer_downstream_tasks;dataset=splice_sites_all;matching=kmer_balanced;matching_signature=(12, 'GGG');border_estimator=center_window_kmer_jsd;estimator=center_jsd;window=48;search_radius=24;kmer=2;top_ratio=0.25;score_scale=4.0;motif_weight=0.0;motif_radius=12;score_normalization=train_quantile;raw_border_score=0.165563;border_score=0.880200",0.22736284136772156,0.23507103323936462,0.5375661253929138
test_Seq_891,0,1,"benchmark=nucleotide_transformer_downstream_tasks;dataset=splice_sites_all;matching=kmer_balanced;matching_signature=(8, 'TTT');border_estimator=center_window_kmer_jsd;estimator=center_jsd;window=48;search_radius=24;kmer=2;top_ratio=0.25;score_scale=4.0;motif_weight=0.0;motif_radius=12;score_normalization=train_quantile;raw_border_score=0.190644;border_score=0.945711",0.3364982604980469,0.3536265194416046,0.3098752796649933
test_Seq_1692,1,2,"benchmark=nucleotide_transformer_downstream_tasks;dataset=splice_sites_all;matching=kmer_balanced;matching_signature=(6, 'AAA');border_estimator=center_window_kmer_jsd;estimator=center_jsd;window=48;search_radius=24;kmer=2;top_ratio=0.25;score_scale=4.0;motif_weight=0.0;motif_radius=12;score_normalization=train_quantile;raw_border_score=0.321968;border_score=1.162111",0.21895843744277954,0.22438938915729523,0.5566521286964417
test_Seq_588,0,2,"benchmark=nucleotide_transformer_downstream_tasks;dataset=splice_sites_all;matching=kmer_balanced;matching_signature=(7, 'TTT');border_estimator=center_window_kmer_jsd;estimator=center_jsd;window=48;search_radius=24;kmer=2;top_ratio=0.25;score_scale=4.0;motif_weight=0.0;motif_radius=12;score_normalization=train_quantile;raw_border_score=0.197758;border_score=0.965178",0.1908535361289978,0.18885938823223114,0.6202870607376099
test_Seq_518,0,2,"benchmark=nucleotide_transformer_downstream_tasks;dataset=splice_sites_all;matching=kmer_balanced;matching_signature=(6, 'AAA');border_estimator=center_window_kmer_jsd;estimator=center_jsd;window=48;search_radius=24;kmer=2;top_ratio=0.25;score_scale=4.0;motif_weight=0.0;motif_radius=12;score_normalization=train_quantile;raw_border_score=0.189716;border_score=0.943356",0.2716842293739319,0.2772616446018219,0.45105406641960144
test_Seq_231,0,2,"benchmark=nucleotide_transformer_downstream_tasks;dataset=splice_sites_all;matching=kmer_balanced;matching_signature=(12, 'CCC');border_estimator=center_window_kmer_jsd;estimator=center_jsd;window=48;search_radius=24;kmer=2;top_ratio=0.25;score_scale=4.0;motif_weight=0.0;motif_radius=12;score_normalization=train_quantile;raw_border_score=0.256133;border_score=1.089311",0.2902674376964569,0.2952214181423187,0.41451114416122437
test_Seq_1062,1,2,"benchmark=nucleotide_transformer_downstream_tasks;dataset=splice_sites_all;matching=kmer_balanced;matching_signature=(11, 'CCT');border_estimator=center_window_kmer_jsd;estimator=center_jsd;window=48;search_radius=24;kmer=2;top_ratio=0.25;score_scale=4.0;motif_weight=0.0;motif_radius=12;score_normalization=train_quantile;raw_border_score=0.169968;border_score=0.890867",0.21861149370670319,0.19998548924922943,0.5814030170440674
test_Seq_2625,2,2,"benchmark=nucleotide_transformer_downstream_tasks;dataset=splice_sites_all;matching=kmer_balanced;matching_signature=(10, 'CCT');border_estimator=center_window_kmer_jsd;estimator=center_jsd;window=48;search_radius=24;kmer=2;top_ratio=0.25;score_scale=4.0;motif_weight=0.0;motif_radius=12;score_normalization=train_quantile;raw_border_score=0.170934;border_score=0.892911",0.1316288858652115,0.12907281517982483,0.7392982840538025
test_Seq_356,0,2,"benchmark=nucleotide_transformer_downstream_tasks;dataset=splice_sites_all;matching=kmer_balanced;matching_signature=(7, 'TTT');border_estimator=center_window_kmer_jsd;estimator=center_jsd;window=48;search_radius=24;kmer=2;top_ratio=0.25;score_scale=4.0;motif_weight=0.0;motif_radius=12;score_normalization=train_quantile;raw_border_score=0.326829;border_score=1.164778",0.3130137324333191,0.3064543604850769,0.3805319368839264
test_Seq_1614,1,2,"benchmark=nucleotide_transformer_downstream_tasks;dataset=splice_sites_all;matching=kmer_balanced;matching_signature=(10, 'CCC');border_estimator=center_window_kmer_jsd;estimator=center_jsd;window=48;search_radius=24;kmer=2;top_ratio=0.25;score_scale=4.0;motif_weight=0.0;motif_radius=12;score_normalization=train_quantile;raw_border_score=0.135160;border_score=0.825400",0.18703077733516693,0.180047869682312,0.6329213380813599
test_Seq_1638,1,2,"benchmark=nucleotide_transformer_downstream_tasks;dataset=splice_sites_all;matching=kmer_balanced;matching_signature=(13, 'GGG');border_estimator=center_window_kmer_jsd;estimator=center_jsd;window=48;search_radius=24;kmer=2;top_ratio=0.25;score_scale=4.0;motif_weight=0.0;motif_radius=12;score_normalization=train_quantile;raw_border_score=0.189406;border_score=0.942333",0.3114115297794342,0.3316575884819031,0.3569309115409851
test_Seq_2574,2,2,"benchmark=nucleotide_transformer_downstream_tasks;dataset=splice_sites_all;matching=kmer_balanced;matching_signature=(10, 'TCC');border_estimator=center_window_kmer_jsd;estimator=center_jsd;window=48;search_radius=24;kmer=2;top_ratio=0.25;score_scale=4.0;motif_weight=0.0;motif_radius=12;score_normalization=train_quantile;raw_border_score=0.202592;border_score=0.977800",0.23460505902767181,0.2334829568862915,0.5319119691848755
test_Seq_716,0,2,"benchmark=nucleotide_transformer_downstream_tasks;dataset=splice_sites_all;matching=kmer_balanced;matching_signature=(12, 'CTG');border_estimator=center_window_kmer_jsd;estimator=center_jsd;window=48;search_radius=24;kmer=2;top_ratio=0.25;score_scale=4.0;motif_weight=0.0;motif_radius=12;score_normalization=train_quantile;raw_border_score=0.159400;border_score=0.866556",0.3152100741863251,0.3173982799053192,0.36739158630371094
test_Seq_974,0,2,"benchmark=nucleotide_transformer_downstream_tasks;dataset=splice_sites_all;matching=kmer_balanced;matching_signature=(7, 'TTT');border_estimator=center_window_kmer_jsd;estimator=center_jsd;window=48;search_radius=24;kmer=2;top_ratio=0.25;score_scale=4.0;motif_weight=0.0;motif_radius=12;score_normalization=train_quantile;raw_border_score=0.282269;border_score=1.126778",0.1920187920331955,0.18553951382637024,0.6224416494369507
test_Seq_2242,2,2,"benchmark=nucleotide_transformer_downstream_tasks;dataset=splice_sites_all;matching=kmer_balanced;matching_signature=(10, 'GGG');border_estimator=center_window_kmer_jsd;estimator=center_jsd;window=48;search_radius=24;kmer=2;top_ratio=0.25;score_scale=4.0;motif_weight=0.0;motif_radius=12;score_normalization=train_quantile;raw_border_score=0.267626;border_score=1.106600",0.18987514078617096,0.1917799860239029,0.6183448433876038
test_Seq_2172,2,2,"benchmark=nucleotide_transformer_downstream_tasks;dataset=splice_sites_all;matching=kmer_balanced;matching_signature=(8, 'AAA');border_estimator=center_window_kmer_jsd;estimator=center_jsd;window=48;search_radius=24;kmer=2;top_ratio=0.25;score_scale=4.0;motif_weight=0.0;motif_radius=12;score_normalization=train_quantile;raw_border_score=0.226648;border_score=1.033400",0.13651388883590698,0.14123915135860443,0.7222469449043274
test_Seq_2544,2,2,"benchmark=nucleotide_transformer_downstream_tasks;dataset=splice_sites_all;matching=kmer_balanced;matching_signature=(7, 'TTT');border_estimator=center_window_kmer_jsd;estimator=center_jsd;window=48;search_radius=24;kmer=2;top_ratio=0.25;score_scale=4.0;motif_weight=0.0;motif_radius=12;score_normalization=train_quantile;raw_border_score=0.241239;border_score=1.061400",0.24695292115211487,0.25030794739723206,0.5027391314506531
test_Seq_1795,1,2,"benchmark=nucleotide_transformer_downstream_tasks;dataset=splice_sites_all;matching=kmer_balanced;matching_signature=(11, 'CTG');border_estimator=center_window_kmer_jsd;estimator=center_jsd;window=48;search_radius=24;kmer=2;top_ratio=0.25;score_scale=4.0;motif_weight=0.0;motif_radius=12;score_normalization=train_quantile;raw_border_score=0.339217;border_score=1.171489",0.13688959181308746,0.1295040249824524,0.7336063385009766
test_Seq_1897,1,2,"benchmark=nucleotide_transformer_downstream_tasks;dataset=splice_sites_all;matching=kmer_balanced;matching_signature=(12, 'CCC');border_estimator=center_window_kmer_jsd;estimator=center_jsd;window=48;search_radius=24;kmer=2;top_ratio=0.25;score_scale=4.0;motif_weight=0.0;motif_radius=12;score_normalization=train_quantile;raw_border_score=0.256186;border_score=1.089400",0.13881251215934753,0.1321924328804016,0.7289950251579285
test_Seq_168,0,2,"benchmark=nucleotide_transformer_downstream_tasks;dataset=splice_sites_all;matching=kmer_balanced;matching_signature=(7, 'AAA');border_estimator=center_window_kmer_jsd;estimator=center_jsd;window=48;search_radius=24;kmer=2;top_ratio=0.25;score_scale=4.0;motif_weight=0.0;motif_radius=12;score_normalization=train_quantile;raw_border_score=0.178881;border_score=0.915267",0.2644104063510895,0.27378982305526733,0.4617997407913208
test_Seq_1713,1,2,"benchmark=nucleotide_transformer_downstream_tasks;dataset=splice_sites_all;matching=kmer_balanced;matching_signature=(7, 'TTT');border_estimator=center_window_kmer_jsd;estimator=center_jsd;window=48;search_radius=24;kmer=2;top_ratio=0.25;score_scale=4.0;motif_weight=0.0;motif_radius=12;score_normalization=train_quantile;raw_border_score=0.230599;border_score=1.040822",0.19521982967853546,0.195761039853096,0.6090191602706909
test_Seq_594,0,2,"benchmark=nucleotide_transformer_downstream_tasks;dataset=splice_sites_all;matching=kmer_balanced;matching_signature=(8, 'TTT');border_estimator=center_window_kmer_jsd;estimator=center_jsd;window=48;search_radius=24;kmer=2;top_ratio=0.25;score_scale=4.0;motif_weight=0.0;motif_radius=12;score_normalization=train_quantile;raw_border_score=0.121935;border_score=0.812067",0.22360491752624512,0.21434782445430756,0.5620473027229309
test_Seq_1451,1,2,"benchmark=nucleotide_transformer_downstream_tasks;dataset=splice_sites_all;matching=kmer_balanced;matching_signature=(6, 'AAA');border_estimator=center_window_kmer_jsd;estimator=center_jsd;window=48;search_radius=24;kmer=2;top_ratio=0.25;score_scale=4.0;motif_weight=0.0;motif_radius=12;score_normalization=train_quantile;raw_border_score=0.211023;border_score=0.997667",0.1519097089767456,0.14819668233394623,0.6998936533927917
test_Seq_963,0,2,"benchmark=nucleotide_transformer_downstream_tasks;dataset=splice_sites_all;matching=kmer_balanced;matching_signature=(6, 'AAA');border_estimator=center_window_kmer_jsd;estimator=center_jsd;window=48;search_radius=24;kmer=2;top_ratio=0.25;score_scale=4.0;motif_weight=0.0;motif_radius=12;score_normalization=train_quantile;raw_border_score=0.194439;border_score=0.955622",0.26776519417762756,0.2729632258415222,0.4592715799808502
test_Seq_1656,1,2,"benchmark=nucleotide_transformer_downstream_tasks;dataset=splice_sites_all;matching=kmer_balanced;matching_signature=(8, 'GAA');border_estimator=center_window_kmer_jsd;estimator=center_jsd;window=48;search_radius=24;kmer=2;top_ratio=0.25;score_scale=4.0;motif_weight=0.0;motif_radius=12;score_normalization=train_quantile;raw_border_score=0.169408;border_score=0.889400",0.2762250602245331,0.2696382403373718,0.4541366994380951
test_Seq_239,0,2,"benchmark=nucleotide_transformer_downstream_tasks;dataset=splice_sites_all;matching=kmer_balanced;matching_signature=(9, 'GGG');border_estimator=center_window_kmer_jsd;estimator=center_jsd;window=48;search_radius=24;kmer=2;top_ratio=0.25;score_scale=4.0;motif_weight=0.0;motif_radius=12;score_normalization=train_quantile;raw_border_score=0.241156;border_score=1.061267",0.2463122457265854,0.2504643201828003,0.5032234191894531
test_Seq_1648,1,2,"benchmark=nucleotide_transformer_downstream_tasks;dataset=splice_sites_all;matching=kmer_balanced;matching_signature=(6, 'TTT');border_estimator=center_window_kmer_jsd;estimator=center_jsd;window=48;search_radius=24;kmer=2;top_ratio=0.25;score_scale=4.0;motif_weight=0.0;motif_radius=12;score_normalization=train_quantile;raw_border_score=0.215919;border_score=1.008467",0.1872318983078003,0.17102618515491486,0.6417418718338013
test_Seq_2215,2,2,"benchmark=nucleotide_transformer_downstream_tasks;dataset=splice_sites_all;matching=kmer_balanced;matching_signature=(8, 'AAA');border_estimator=center_window_kmer_jsd;estimator=center_jsd;window=48;search_radius=24;kmer=2;top_ratio=0.25;score_scale=4.0;motif_weight=0.0;motif_radius=12;score_normalization=train_quantile;raw_border_score=0.276490;border_score=1.119222",0.3119978904724121,0.31981584429740906,0.36818626523017883
test_Seq_838,0,2,"benchmark=nucleotide_transformer_downstream_tasks;dataset=splice_sites_all;matching=kmer_balanced;matching_signature=(8, 'TTT');border_estimator=center_window_kmer_jsd;estimator=center_jsd;window=48;search_radius=24;kmer=2;top_ratio=0.25;score_scale=4.0;motif_weight=0.0;motif_radius=12;score_normalization=train_quantile;raw_border_score=0.302983;border_score=1.148911",0.2964792251586914,0.3181098997592926,0.3854108452796936
test_Seq_128,0,2,"benchmark=nucleotide_transformer_downstream_tasks;dataset=splice_sites_all;matching=kmer_balanced;matching_signature=(10, 'GGG');border_estimator=center_window_kmer_jsd;estimator=center_jsd;window=48;search_radius=24;kmer=2;top_ratio=0.25;score_scale=4.0;motif_weight=0.0;motif_radius=12;score_normalization=train_quantile;raw_border_score=0.202618;border_score=0.977889",0.207713320851326,0.2026689648628235,0.5896177291870117
test_Seq_1388,1,2,"benchmark=nucleotide_transformer_downstream_tasks;dataset=splice_sites_all;matching=kmer_balanced;matching_signature=(9, 'TTT');border_estimator=center_window_kmer_jsd;estimator=center_jsd;window=48;search_radius=24;kmer=2;top_ratio=0.25;score_scale=4.0;motif_weight=0.0;motif_radius=12;score_normalization=train_quantile;raw_border_score=0.316870;border_score=1.158822",0.2810916006565094,0.28917449712753296,0.42973387241363525
test_Seq_463,0,2,"benchmark=nucleotide_transformer_downstream_tasks;dataset=splice_sites_all;matching=kmer_balanced;matching_signature=(11, 'CCT');border_estimator=center_window_kmer_jsd;estimator=center_jsd;window=48;search_radius=24;kmer=2;top_ratio=0.25;score_scale=4.0;motif_weight=0.0;motif_radius=12;score_normalization=train_quantile;raw_border_score=0.211281;border_score=0.998289",0.24927647411823273,0.24597136676311493,0.5047521591186523
test_Seq_1641,1,2,"benchmark=nucleotide_transformer_downstream_tasks;dataset=splice_sites_all;matching=kmer_balanced;matching_signature=(7, 'AAA');border_estimator=center_window_kmer_jsd;estimator=center_jsd;window=48;search_radius=24;kmer=2;top_ratio=0.25;score_scale=4.0;motif_weight=0.0;motif_radius=12;score_normalization=train_quantile;raw_border_score=0.308266;border_score=1.152422",0.20006155967712402,0.20300154387950897,0.5969368815422058
test_Seq_1479,1,2,"benchmark=nucleotide_transformer_downstream_tasks;dataset=splice_sites_all;matching=kmer_balanced;matching_signature=(7, 'TTT');border_estimator=center_window_kmer_jsd;estimator=center_jsd;window=48;search_radius=24;kmer=2;top_ratio=0.25;score_scale=4.0;motif_weight=0.0;motif_radius=12;score_normalization=train_quantile;raw_border_score=0.224341;border_score=1.028644",0.22125330567359924,0.22181792557239532,0.5569287538528442
test_Seq_542,0,2,"benchmark=nucleotide_transformer_downstream_tasks;dataset=splice_sites_all;matching=kmer_balanced;matching_signature=(6, 'TTT');border_estimator=center_window_kmer_jsd;estimator=center_jsd;window=48;search_radius=24;kmer=2;top_ratio=0.25;score_scale=4.0;motif_weight=0.0;motif_radius=12;score_normalization=train_quantile;raw_border_score=0.275936;border_score=1.118422",0.2053845226764679,0.19396793842315674,0.6006475687026978
test_Seq_396,0,2,"benchmark=nucleotide_transformer_downstream_tasks;dataset=splice_sites_all;matching=kmer_balanced;matching_signature=(6, 'AAA');border_estimator=center_window_kmer_jsd;estimator=center_jsd;window=48;search_radius=24;kmer=2;top_ratio=0.25;score_scale=4.0;motif_weight=0.0;motif_radius=12;score_normalization=train_quantile;raw_border_score=0.192559;border_score=0.951133",0.23984883725643158,0.2366618812084198,0.523489236831665
test_Seq_585,0,2,"benchmark=nucleotide_transformer_downstream_tasks;dataset=splice_sites_all;matching=kmer_balanced;matching_signature=(7, 'TTT');border_estimator=center_window_kmer_jsd;estimator=center_jsd;window=48;search_radius=24;kmer=2;top_ratio=0.25;score_scale=4.0;motif_weight=0.0;motif_radius=12;score_normalization=train_quantile;raw_border_score=0.699390;border_score=1.199889",0.11142836511135101,0.11506780236959457,0.773503839969635
test_Seq_2150,2,2,"benchmark=nucleotide_transformer_downstream_tasks;dataset=splice_sites_all;matching=kmer_balanced;matching_signature=(7, 'TTT');border_estimator=center_window_kmer_jsd;estimator=center_jsd;window=48;search_radius=24;kmer=2;top_ratio=0.25;score_scale=4.0;motif_weight=0.0;motif_radius=12;score_normalization=train_quantile;raw_border_score=0.174422;border_score=0.903222",0.12022240459918976,0.12640275061130524,0.7533748745918274
test_Seq_166,0,2,"benchmark=nucleotide_transformer_downstream_tasks;dataset=splice_sites_all;matching=kmer_balanced;matching_signature=(5, 'TTT');border_estimator=center_window_kmer_jsd;estimator=center_jsd;window=48;search_radius=24;kmer=2;top_ratio=0.25;score_scale=4.0;motif_weight=0.0;motif_radius=12;score_normalization=train_quantile;raw_border_score=0.241266;border_score=1.061444",0.2051667720079422,0.20984654128551483,0.584986686706543
test_Seq_655,0,2,"benchmark=nucleotide_transformer_downstream_tasks;dataset=splice_sites_all;matching=kmer_balanced;matching_signature=(8, 'TTT');border_estimator=center_window_kmer_jsd;estimator=center_jsd;window=48;search_radius=24;kmer=2;top_ratio=0.25;score_scale=4.0;motif_weight=0.0;motif_radius=12;score_normalization=train_quantile;raw_border_score=0.202122;border_score=0.976378",0.2536380887031555,0.2607293426990509,0.4856325685977936
test_Seq_2648,2,2,"benchmark=nucleotide_transformer_downstream_tasks;dataset=splice_sites_all;matching=kmer_balanced;matching_signature=(7, 'AAA');border_estimator=center_window_kmer_jsd;estimator=center_jsd;window=48;search_radius=24;kmer=2;top_ratio=0.25;score_scale=4.0;motif_weight=0.0;motif_radius=12;score_normalization=train_quantile;raw_border_score=0.226225;border_score=1.032244",0.21048153936862946,0.20932389795780182,0.5801945924758911
test_Seq_1149,1,1,"benchmark=nucleotide_transformer_downstream_tasks;dataset=splice_sites_all;matching=kmer_balanced;matching_signature=(13, 'GGG');border_estimator=center_window_kmer_jsd;estimator=center_jsd;window=48;search_radius=24;kmer=2;top_ratio=0.25;score_scale=4.0;motif_weight=0.0;motif_radius=12;score_normalization=train_quantile;raw_border_score=0.247063;border_score=1.073089",0.3526984453201294,0.4146149754524231,0.2326865792274475
test_Seq_54,0,2,"benchmark=nucleotide_transformer_downstream_tasks;dataset=splice_sites_all;matching=kmer_balanced;matching_signature=(10, 'CCT');border_estimator=center_window_kmer_jsd;estimator=center_jsd;window=48;search_radius=24;kmer=2;top_ratio=0.25;score_scale=4.0;motif_weight=0.0;motif_radius=12;score_normalization=train_quantile;raw_border_score=0.108757;border_score=0.805044",0.19886265695095062,0.18440860509872437,0.6167287230491638
test_Seq_1295,1,2,"benchmark=nucleotide_transformer_downstream_tasks;dataset=splice_sites_all;matching=kmer_balanced;matching_signature=(7, 'TTT');border_estimator=center_window_kmer_jsd;estimator=center_jsd;window=48;search_radius=24;kmer=2;top_ratio=0.25;score_scale=4.0;motif_weight=0.0;motif_radius=12;score_normalization=train_quantile;raw_border_score=0.210041;border_score=0.995133",0.1833765059709549,0.18039415776729584,0.636229395866394
test_Seq_2776,2,2,"benchmark=nucleotide_transformer_downstream_tasks;dataset=splice_sites_all;matching=kmer_balanced;matching_signature=(13, 'GGG');border_estimator=center_window_kmer_jsd;estimator=center_jsd;window=48;search_radius=24;kmer=2;top_ratio=0.25;score_scale=4.0;motif_weight=0.0;motif_radius=12;score_normalization=train_quantile;raw_border_score=0.320755;border_score=1.161400",0.2806612253189087,0.27535268664360046,0.44398611783981323
test_Seq_801,0,2,"benchmark=nucleotide_transformer_downstream_tasks;dataset=splice_sites_all;matching=kmer_balanced;matching_signature=(12, 'CCC');border_estimator=center_window_kmer_jsd;estimator=center_jsd;window=48;search_radius=24;kmer=2;top_ratio=0.25;score_scale=4.0;motif_weight=0.0;motif_radius=12;score_normalization=train_quantile;raw_border_score=0.206987;border_score=0.988200",0.16664431989192963,0.161564439535141,0.6717912554740906
test_Seq_713,0,1,"benchmark=nucleotide_transformer_downstream_tasks;dataset=splice_sites_all;matching=kmer_balanced;matching_signature=(11, 'CTG');border_estimator=center_window_kmer_jsd;estimator=center_jsd;window=48;search_radius=24;kmer=2;top_ratio=0.25;score_scale=4.0;motif_weight=0.0;motif_radius=12;score_normalization=train_quantile;raw_border_score=0.261213;border_score=1.097622",0.34345176815986633,0.3672407865524292,0.28930747509002686
test_Seq_749,0,1,"benchmark=nucleotide_transformer_downstream_tasks;dataset=splice_sites_all;matching=kmer_balanced;matching_signature=(8, 'TTT');border_estimator=center_window_kmer_jsd;estimator=center_jsd;window=48;search_radius=24;kmer=2;top_ratio=0.25;score_scale=4.0;motif_weight=0.0;motif_radius=12;score_normalization=train_quantile;raw_border_score=0.173109;border_score=0.899489",0.3606433868408203,0.3718675673007965,0.2674889862537384
test_Seq_774,0,2,"benchmark=nucleotide_transformer_downstream_tasks;dataset=splice_sites_all;matching=kmer_balanced;matching_signature=(6, 'TTT');border_estimator=center_window_kmer_jsd;estimator=center_jsd;window=48;search_radius=24;kmer=2;top_ratio=0.25;score_scale=4.0;motif_weight=0.0;motif_radius=12;score_normalization=train_quantile;raw_border_score=0.217843;border_score=1.013400",0.2577885687351227,0.26430657505989075,0.4779048264026642
test_Seq_26,0,1,"benchmark=nucleotide_transformer_downstream_tasks;dataset=splice_sites_all;matching=kmer_balanced;matching_signature=(11, 'CCC');border_estimator=center_window_kmer_jsd;estimator=center_jsd;window=48;search_radius=24;kmer=2;top_ratio=0.25;score_scale=4.0;motif_weight=0.0;motif_radius=12;score_normalization=train_quantile;raw_border_score=0.259639;border_score=1.094867",0.3252738416194916,0.3400219678878784,0.33470419049263
test_Seq_2385,2,2,"benchmark=nucleotide_transformer_downstream_tasks;dataset=splice_sites_all;matching=kmer_balanced;matching_signature=(7, 'TGA');border_estimator=center_window_kmer_jsd;estimator=center_jsd;window=48;search_radius=24;kmer=2;top_ratio=0.25;score_scale=4.0;motif_weight=0.0;motif_radius=12;score_normalization=train_quantile;raw_border_score=0.137771;border_score=0.828956",0.2399112731218338,0.24619153141975403,0.5138971209526062
test_Seq_1797,1,2,"benchmark=nucleotide_transformer_downstream_tasks;dataset=splice_sites_all;matching=kmer_balanced;matching_signature=(6, 'AAA');border_estimator=center_window_kmer_jsd;estimator=center_jsd;window=48;search_radius=24;kmer=2;top_ratio=0.25;score_scale=4.0;motif_weight=0.0;motif_radius=12;score_normalization=train_quantile;raw_border_score=0.251913;border_score=1.082111",0.13760393857955933,0.1316463202238083,0.7307497262954712
test_Seq_1392,1,2,"benchmark=nucleotide_transformer_downstream_tasks;dataset=splice_sites_all;matching=kmer_balanced;matching_signature=(9, 'AAA');border_estimator=center_window_kmer_jsd;estimator=center_jsd;window=48;search_radius=24;kmer=2;top_ratio=0.25;score_scale=4.0;motif_weight=0.0;motif_radius=12;score_normalization=train_quantile;raw_border_score=0.158356;border_score=0.863444",0.21970613300800323,0.22886179387569427,0.5514320135116577
test_Seq_278,0,2,"benchmark=nucleotide_transformer_downstream_tasks;dataset=splice_sites_all;matching=kmer_balanced;matching_signature=(8, 'TGT');border_estimator=center_window_kmer_jsd;estimator=center_jsd;window=48;search_radius=24;kmer=2;top_ratio=0.25;score_scale=4.0;motif_weight=0.0;motif_radius=12;score_normalization=train_quantile;raw_border_score=0.288209;border_score=1.134378",0.24785462021827698,0.24517233669757843,0.5069730281829834
test_Seq_2965,2,2,"benchmark=nucleotide_transformer_downstream_tasks;dataset=splice_sites_all;matching=kmer_balanced;matching_signature=(6, 'TTT');border_estimator=center_window_kmer_jsd;estimator=center_jsd;window=48;search_radius=24;kmer=2;top_ratio=0.25;score_scale=4.0;motif_weight=0.0;motif_radius=12;score_normalization=train_quantile;raw_border_score=0.210226;border_score=0.995622",0.27448397874832153,0.2683973014354706,0.4571187496185303
test_Seq_2702,2,2,"benchmark=nucleotide_transformer_downstream_tasks;dataset=splice_sites_all;matching=kmer_balanced;matching_signature=(6, 'AAA');border_estimator=center_window_kmer_jsd;estimator=center_jsd;window=48;search_radius=24;kmer=2;top_ratio=0.25;score_scale=4.0;motif_weight=0.0;motif_radius=12;score_normalization=train_quantile;raw_border_score=0.185177;border_score=0.931044",0.22811563313007355,0.23000164330005646,0.5418827533721924
test_Seq_737,0,2,"benchmark=nucleotide_transformer_downstream_tasks;dataset=splice_sites_all;matching=kmer_balanced;matching_signature=(13, 'CCC');border_estimator=center_window_kmer_jsd;estimator=center_jsd;window=48;search_radius=24;kmer=2;top_ratio=0.25;score_scale=4.0;motif_weight=0.0;motif_radius=12;score_normalization=train_quantile;raw_border_score=0.224295;border_score=1.028511",0.21264693140983582,0.20416969060897827,0.5831833481788635
test_Seq_1942,1,2,"benchmark=nucleotide_transformer_downstream_tasks;dataset=splice_sites_all;matching=kmer_balanced;matching_signature=(11, 'GTG');border_estimator=center_window_kmer_jsd;estimator=center_jsd;window=48;search_radius=24;kmer=2;top_ratio=0.25;score_scale=4.0;motif_weight=0.0;motif_radius=12;score_normalization=train_quantile;raw_border_score=0.238259;border_score=1.055000",0.31814056634902954,0.31256386637687683,0.36929556727409363
test_Seq_1106,1,2,"benchmark=nucleotide_transformer_downstream_tasks;dataset=splice_sites_all;matching=kmer_balanced;matching_signature=(5, 'TTT');border_estimator=center_window_kmer_jsd;estimator=center_jsd;window=48;search_radius=24;kmer=2;top_ratio=0.25;score_scale=4.0;motif_weight=0.0;motif_radius=12;score_normalization=train_quantile;raw_border_score=0.155462;border_score=0.858200",0.2807692885398865,0.2890615463256836,0.43016913533210754
test_Seq_2431,2,2,"benchmark=nucleotide_transformer_downstream_tasks;dataset=splice_sites_all;matching=kmer_balanced;matching_signature=(8, 'TTT');border_estimator=center_window_kmer_jsd;estimator=center_jsd;window=48;search_radius=24;kmer=2;top_ratio=0.25;score_scale=4.0;motif_weight=0.0;motif_radius=12;score_normalization=train_quantile;raw_border_score=0.132672;border_score=0.822378",0.24703072011470795,0.2441406100988388,0.5088286995887756
test_Seq_994,0,2,"benchmark=nucleotide_transformer_downstream_tasks;dataset=splice_sites_all;matching=kmer_balanced;matching_signature=(6, 'TTT');border_estimator=center_window_kmer_jsd;estimator=center_jsd;window=48;search_radius=24;kmer=2;top_ratio=0.25;score_scale=4.0;motif_weight=0.0;motif_radius=12;score_normalization=train_quantile;raw_border_score=0.227989;border_score=1.035933",0.24572743475437164,0.24659264087677002,0.5076799392700195
test_Seq_1938,1,2,"benchmark=nucleotide_transformer_downstream_tasks;dataset=splice_sites_all;matching=kmer_balanced;matching_signature=(10, 'CCT');border_estimator=center_window_kmer_jsd;estimator=center_jsd;window=48;search_radius=24;kmer=2;top_ratio=0.25;score_scale=4.0;motif_weight=0.0;motif_radius=12;score_normalization=train_quantile;raw_border_score=0.165867;border_score=0.881133",0.24855487048625946,0.2456037849187851,0.5058413147926331
test_Seq_705,0,2,"benchmark=nucleotide_transformer_downstream_tasks;dataset=splice_sites_all;matching=kmer_balanced;matching_signature=(11, 'GGG');border_estimator=center_window_kmer_jsd;estimator=center_jsd;window=48;search_radius=24;kmer=2;top_ratio=0.25;score_scale=4.0;motif_weight=0.0;motif_radius=12;score_normalization=train_quantile;raw_border_score=0.161374;border_score=0.870111",0.22963868081569672,0.22924771904945374,0.5411136150360107
test_Seq_1662,1,2,"benchmark=nucleotide_transformer_downstream_tasks;dataset=splice_sites_all;matching=kmer_balanced;matching_signature=(5, 'AAA');border_estimator=center_window_kmer_jsd;estimator=center_jsd;window=48;search_radius=24;kmer=2;top_ratio=0.25;score_scale=4.0;motif_weight=0.0;motif_radius=12;score_normalization=train_quantile;raw_border_score=0.264934;border_score=1.103489",0.2801881432533264,0.27218273282051086,0.4476291239261627
test_Seq_2944,2,2,"benchmark=nucleotide_transformer_downstream_tasks;dataset=splice_sites_all;matching=kmer_balanced;matching_signature=(10, 'TGT');border_estimator=center_window_kmer_jsd;estimator=center_jsd;window=48;search_radius=24;kmer=2;top_ratio=0.25;score_scale=4.0;motif_weight=0.0;motif_radius=12;score_normalization=train_quantile;raw_border_score=0.175201;border_score=0.905489",0.09876854717731476,0.08902151882648468,0.8122099041938782
test_Seq_1625,1,2,"benchmark=nucleotide_transformer_downstream_tasks;dataset=splice_sites_all;matching=kmer_balanced;matching_signature=(12, 'CTG');border_estimator=center_window_kmer_jsd;estimator=center_jsd;window=48;search_radius=24;kmer=2;top_ratio=0.25;score_scale=4.0;motif_weight=0.0;motif_radius=12;score_normalization=train_quantile;raw_border_score=0.251076;border_score=1.080956",0.3310867249965668,0.3323255479335785,0.3365877568721771
test_Seq_1687,1,1,"benchmark=nucleotide_transformer_downstream_tasks;dataset=splice_sites_all;matching=kmer_balanced;matching_signature=(8, 'TCT');border_estimator=center_window_kmer_jsd;estimator=center_jsd;window=48;search_radius=24;kmer=2;top_ratio=0.25;score_scale=4.0;motif_weight=0.0;motif_radius=12;score_normalization=train_quantile;raw_border_score=0.144028;border_score=0.837400",0.3268802762031555,0.349290132522583,0.3238295316696167
test_Seq_2569,2,2,"benchmark=nucleotide_transformer_downstream_tasks;dataset=splice_sites_all;matching=kmer_balanced;matching_signature=(13, 'GGG');border_estimator=center_window_kmer_jsd;estimator=center_jsd;window=48;search_radius=24;kmer=2;top_ratio=0.25;score_scale=4.0;motif_weight=0.0;motif_radius=12;score_normalization=train_quantile;raw_border_score=0.208962;border_score=0.992511",0.29875218868255615,0.3151002526283264,0.38614755868911743
test_Seq_2850,2,2,"benchmark=nucleotide_transformer_downstream_tasks;dataset=splice_sites_all;matching=kmer_balanced;matching_signature=(13, 'GGC');border_estimator=center_window_kmer_jsd;estimator=center_jsd;window=48;search_radius=24;kmer=2;top_ratio=0.25;score_scale=4.0;motif_weight=0.0;motif_radius=12;score_normalization=train_quantile;raw_border_score=0.148815;border_score=0.845667",0.24097181856632233,0.24517501890659332,0.513853132724762
test_Seq_276,0,2,"benchmark=nucleotide_transformer_downstream_tasks;dataset=splice_sites_all;matching=kmer_balanced;matching_signature=(5, 'TTT');border_estimator=center_window_kmer_jsd;estimator=center_jsd;window=48;search_radius=24;kmer=2;top_ratio=0.25;score_scale=4.0;motif_weight=0.0;motif_radius=12;score_normalization=train_quantile;raw_border_score=0.208968;border_score=0.992511",0.2828185558319092,0.3048008680343628,0.412380576133728
test_Seq_79,0,2,"benchmark=nucleotide_transformer_downstream_tasks;dataset=splice_sites_all;matching=kmer_balanced;matching_signature=(8, 'TTT');border_estimator=center_window_kmer_jsd;estimator=center_jsd;window=48;search_radius=24;kmer=2;top_ratio=0.25;score_scale=4.0;motif_weight=0.0;motif_radius=12;score_normalization=train_quantile;raw_border_score=0.160261;border_score=0.867978",0.24489010870456696,0.2469589114189148,0.5081509351730347
test_Seq_2149,2,1,"benchmark=nucleotide_transformer_downstream_tasks;dataset=splice_sites_all;matching=kmer_balanced;matching_signature=(9, 'TTT');border_estimator=center_window_kmer_jsd;estimator=center_jsd;window=48;search_radius=24;kmer=2;top_ratio=0.25;score_scale=4.0;motif_weight=0.0;motif_radius=12;score_normalization=train_quantile;raw_border_score=0.246839;border_score=1.072733",0.36609214544296265,0.3842400014400482,0.24966789782047272
test_Seq_2381,2,2,"benchmark=nucleotide_transformer_downstream_tasks;dataset=splice_sites_all;matching=kmer_balanced;matching_signature=(9, 'AAA');border_estimator=center_window_kmer_jsd;estimator=center_jsd;window=48;search_radius=24;kmer=2;top_ratio=0.25;score_scale=4.0;motif_weight=0.0;motif_radius=12;score_normalization=train_quantile;raw_border_score=0.158509;border_score=0.864022",0.11502633988857269,0.1144796684384346,0.7704939246177673
test_Seq_847,0,1,"benchmark=nucleotide_transformer_downstream_tasks;dataset=splice_sites_all;matching=kmer_balanced;matching_signature=(6, 'AAA');border_estimator=center_window_kmer_jsd;estimator=center_jsd;window=48;search_radius=24;kmer=2;top_ratio=0.25;score_scale=4.0;motif_weight=0.0;motif_radius=12;score_normalization=train_quantile;raw_border_score=0.298621;border_score=1.144822",0.32913699746131897,0.3361073136329651,0.33475568890571594
test_Seq_2643,2,2,"benchmark=nucleotide_transformer_downstream_tasks;dataset=splice_sites_all;matching=kmer_balanced;matching_signature=(12, 'CTG');border_estimator=center_window_kmer_jsd;estimator=center_jsd;window=48;search_radius=24;kmer=2;top_ratio=0.25;score_scale=4.0;motif_weight=0.0;motif_radius=12;score_normalization=train_quantile;raw_border_score=0.154580;border_score=0.856511",0.19906210899353027,0.19348545372486115,0.6074524521827698
test_Seq_2946,2,2,"benchmark=nucleotide_transformer_downstream_tasks;dataset=splice_sites_all;matching=kmer_balanced;matching_signature=(6, 'AAA');border_estimator=center_window_kmer_jsd;estimator=center_jsd;window=48;search_radius=24;kmer=2;top_ratio=0.25;score_scale=4.0;motif_weight=0.0;motif_radius=12;score_normalization=train_quantile;raw_border_score=0.132117;border_score=0.821667",0.16329264640808105,0.1594076156616211,0.6772997379302979
test_Seq_2943,2,2,"benchmark=nucleotide_transformer_downstream_tasks;dataset=splice_sites_all;matching=kmer_balanced;matching_signature=(7, 'TTT');border_estimator=center_window_kmer_jsd;estimator=center_jsd;window=48;search_radius=24;kmer=2;top_ratio=0.25;score_scale=4.0;motif_weight=0.0;motif_radius=12;score_normalization=train_quantile;raw_border_score=0.252690;border_score=1.083489",0.18590869009494781,0.1765718162059784,0.6375194787979126
test_Seq_2503,2,2,"benchmark=nucleotide_transformer_downstream_tasks;dataset=splice_sites_all;matching=kmer_balanced;matching_signature=(12, 'GGG');border_estimator=center_window_kmer_jsd;estimator=center_jsd;window=48;search_radius=24;kmer=2;top_ratio=0.25;score_scale=4.0;motif_weight=0.0;motif_radius=12;score_normalization=train_quantile;raw_border_score=0.196401;border_score=0.961222",0.12603282928466797,0.11627575755119324,0.7576913833618164
test_Seq_426,0,2,"benchmark=nucleotide_transformer_downstream_tasks;dataset=splice_sites_all;matching=kmer_balanced;matching_signature=(9, 'CTG');border_estimator=center_window_kmer_jsd;estimator=center_jsd;window=48;search_radius=24;kmer=2;top_ratio=0.25;score_scale=4.0;motif_weight=0.0;motif_radius=12;score_normalization=train_quantile;raw_border_score=0.206298;border_score=0.986733",0.2592492997646332,0.26363176107406616,0.4771188497543335
test_Seq_1167,1,2,"benchmark=nucleotide_transformer_downstream_tasks;dataset=splice_sites_all;matching=kmer_balanced;matching_signature=(8, 'AAA');border_estimator=center_window_kmer_jsd;estimator=center_jsd;window=48;search_radius=24;kmer=2;top_ratio=0.25;score_scale=4.0;motif_weight=0.0;motif_radius=12;score_normalization=train_quantile;raw_border_score=0.208453;border_score=0.991222",0.28895190358161926,0.2952744662761688,0.4157736003398895
test_Seq_2821,2,2,"benchmark=nucleotide_transformer_downstream_tasks;dataset=splice_sites_all;matching=kmer_balanced;matching_signature=(11, 'CCT');border_estimator=center_window_kmer_jsd;estimator=center_jsd;window=48;search_radius=24;kmer=2;top_ratio=0.25;score_scale=4.0;motif_weight=0.0;motif_radius=12;score_normalization=train_quantile;raw_border_score=0.152383;border_score=0.851667",0.2775474190711975,0.2810627520084381,0.44138988852500916
test_Seq_27,0,2,"benchmark=nucleotide_transformer_downstream_tasks;dataset=splice_sites_all;matching=kmer_balanced;matching_signature=(5, 'TTT');border_estimator=center_window_kmer_jsd;estimator=center_jsd;window=48;search_radius=24;kmer=2;top_ratio=0.25;score_scale=4.0;motif_weight=0.0;motif_radius=12;score_normalization=train_quantile;raw_border_score=0.185287;border_score=0.931267",0.20125220715999603,0.21206025779247284,0.5866875052452087
test_Seq_1722,1,2,"benchmark=nucleotide_transformer_downstream_tasks;dataset=splice_sites_all;matching=kmer_balanced;matching_signature=(7, 'TTT');border_estimator=center_window_kmer_jsd;estimator=center_jsd;window=48;search_radius=24;kmer=2;top_ratio=0.25;score_scale=4.0;motif_weight=0.0;motif_radius=12;score_normalization=train_quantile;raw_border_score=0.330723;border_score=1.166511",0.20647269487380981,0.19790345430374146,0.595623791217804
test_Seq_62,0,2,"benchmark=nucleotide_transformer_downstream_tasks;dataset=splice_sites_all;matching=kmer_balanced;matching_signature=(10, 'CCA');border_estimator=center_window_kmer_jsd;estimator=center_jsd;window=48;search_radius=24;kmer=2;top_ratio=0.25;score_scale=4.0;motif_weight=0.0;motif_radius=12;score_normalization=train_quantile;raw_border_score=0.244544;border_score=1.068422",0.31278470158576965,0.31725969910621643,0.3699555993080139
test_Seq_1054,1,2,"benchmark=nucleotide_transformer_downstream_tasks;dataset=splice_sites_all;matching=kmer_balanced;matching_signature=(13, 'GCC');border_estimator=center_window_kmer_jsd;estimator=center_jsd;window=48;search_radius=24;kmer=2;top_ratio=0.25;score_scale=4.0;motif_weight=0.0;motif_radius=12;score_normalization=train_quantile;raw_border_score=0.218666;border_score=1.015667",0.2880229949951172,0.28265586495399475,0.42932119965553284
test_Seq_1716,1,2,"benchmark=nucleotide_transformer_downstream_tasks;dataset=splice_sites_all;matching=kmer_balanced;matching_signature=(12, 'CTG');border_estimator=center_window_kmer_jsd;estimator=center_jsd;window=48;search_radius=24;kmer=2;top_ratio=0.25;score_scale=4.0;motif_weight=0.0;motif_radius=12;score_normalization=train_quantile;raw_border_score=0.304868;border_score=1.150156",0.18381792306900024,0.17768797278404236,0.6384941935539246
test_Seq_1250,1,2,"benchmark=nucleotide_transformer_downstream_tasks;dataset=splice_sites_all;matching=kmer_balanced;matching_signature=(8, 'TTT');border_estimator=center_window_kmer_jsd;estimator=center_jsd;window=48;search_radius=24;kmer=2;top_ratio=0.25;score_scale=4.0;motif_weight=0.0;motif_radius=12;score_normalization=train_quantile;raw_border_score=0.170431;border_score=0.891578",0.28623080253601074,0.29805219173431396,0.4157170057296753
test_Seq_250,0,2,"benchmark=nucleotide_transformer_downstream_tasks;dataset=splice_sites_all;matching=kmer_balanced;matching_signature=(10, 'AGG');border_estimator=center_window_kmer_jsd;estimator=center_jsd;window=48;search_radius=24;kmer=2;top_ratio=0.25;score_scale=4.0;motif_weight=0.0;motif_radius=12;score_normalization=train_quantile;raw_border_score=0.199670;border_score=0.970156",0.28780993819236755,0.2929495871067047,0.41924047470092773
test_Seq_2331,2,2,"benchmark=nucleotide_transformer_downstream_tasks;dataset=splice_sites_all;matching=kmer_balanced;matching_signature=(9, 'TTT');border_estimator=center_window_kmer_jsd;estimator=center_jsd;window=48;search_radius=24;kmer=2;top_ratio=0.25;score_scale=4.0;motif_weight=0.0;motif_radius=12;score_normalization=train_quantile;raw_border_score=0.517970;border_score=1.199089",0.0920577272772789,0.09154824912548065,0.816394031047821
test_Seq_320,0,2,"benchmark=nucleotide_transformer_downstream_tasks;dataset=splice_sites_all;matching=kmer_balanced;matching_signature=(8, 'TTT');border_estimator=center_window_kmer_jsd;estimator=center_jsd;window=48;search_radius=24;kmer=2;top_ratio=0.25;score_scale=4.0;motif_weight=0.0;motif_radius=12;score_normalization=train_quantile;raw_border_score=0.222516;border_score=1.024378",0.22622108459472656,0.22674515843391418,0.5470337867736816
test_Seq_651,0,2,"benchmark=nucleotide_transformer_downstream_tasks;dataset=splice_sites_all;matching=kmer_balanced;matching_signature=(7, 'TTT');border_estimator=center_window_kmer_jsd;estimator=center_jsd;window=48;search_radius=24;kmer=2;top_ratio=0.25;score_scale=4.0;motif_weight=0.0;motif_radius=12;score_normalization=train_quantile;raw_border_score=0.230910;border_score=1.041222",0.2025730162858963,0.19586917757987976,0.6015577912330627
test_Seq_198,0,2,"benchmark=nucleotide_transformer_downstream_tasks;dataset=splice_sites_all;matching=kmer_balanced;matching_signature=(10, 'CTG');border_estimator=center_window_kmer_jsd;estimator=center_jsd;window=48;search_radius=24;kmer=2;top_ratio=0.25;score_scale=4.0;motif_weight=0.0;motif_radius=12;score_normalization=train_quantile;raw_border_score=0.164355;border_score=0.877178",0.23157340288162231,0.22921642661094666,0.5392102599143982
test_Seq_873,0,2,"benchmark=nucleotide_transformer_downstream_tasks;dataset=splice_sites_all;matching=kmer_balanced;matching_signature=(8, 'TTT');border_estimator=center_window_kmer_jsd;estimator=center_jsd;window=48;search_radius=24;kmer=2;top_ratio=0.25;score_scale=4.0;motif_weight=0.0;motif_radius=12;score_normalization=train_quantile;raw_border_score=0.208814;border_score=0.992067",0.19472636282444,0.1932533085346222,0.6120203137397766
test_Seq_1004,1,2,"benchmark=nucleotide_transformer_downstream_tasks;dataset=splice_sites_all;matching=kmer_balanced;matching_signature=(6, 'AAA');border_estimator=center_window_kmer_jsd;estimator=center_jsd;window=48;search_radius=24;kmer=2;top_ratio=0.25;score_scale=4.0;motif_weight=0.0;motif_radius=12;score_normalization=train_quantile;raw_border_score=0.206500;border_score=0.987222",0.29799365997314453,0.31934046745300293,0.38266584277153015
test_Seq_1042,1,2,"benchmark=nucleotide_transformer_downstream_tasks;dataset=splice_sites_all;matching=kmer_balanced;matching_signature=(11, 'GGG');border_estimator=center_window_kmer_jsd;estimator=center_jsd;window=48;search_radius=24;kmer=2;top_ratio=0.25;score_scale=4.0;motif_weight=0.0;motif_radius=12;score_normalization=train_quantile;raw_border_score=0.202058;border_score=0.976156",0.31861191987991333,0.31496796011924744,0.3664201498031616
test_Seq_10,0,2,"benchmark=nucleotide_transformer_downstream_tasks;dataset=splice_sites_all;matching=kmer_balanced;matching_signature=(9, 'TCT');border_estimator=center_window_kmer_jsd;estimator=center_jsd;window=48;search_radius=24;kmer=2;top_ratio=0.25;score_scale=4.0;motif_weight=0.0;motif_radius=12;score_normalization=train_quantile;raw_border_score=0.183035;border_score=0.925000",0.19081152975559235,0.18515805900096893,0.6240304708480835
test_Seq_1088,1,1,"benchmark=nucleotide_transformer_downstream_tasks;dataset=splice_sites_all;matching=kmer_balanced;matching_signature=(8, 'TTT');border_estimator=center_window_kmer_jsd;estimator=center_jsd;window=48;search_radius=24;kmer=2;top_ratio=0.25;score_scale=4.0;motif_weight=0.0;motif_radius=12;score_normalization=train_quantile;raw_border_score=0.342038;border_score=1.172911",0.3341456651687622,0.34628310799598694,0.31957122683525085
test_Seq_855,0,2,"benchmark=nucleotide_transformer_downstream_tasks;dataset=splice_sites_all;matching=kmer_balanced;matching_signature=(11, 'CCT');border_estimator=center_window_kmer_jsd;estimator=center_jsd;window=48;search_radius=24;kmer=2;top_ratio=0.25;score_scale=4.0;motif_weight=0.0;motif_radius=12;score_normalization=train_quantile;raw_border_score=0.229690;border_score=1.039133",0.3006194233894348,0.3049302399158478,0.3944503366947174
test_Seq_2791,2,2,"benchmark=nucleotide_transformer_downstream_tasks;dataset=splice_sites_all;matching=kmer_balanced;matching_signature=(11, 'GGG');border_estimator=center_window_kmer_jsd;estimator=center_jsd;window=48;search_radius=24;kmer=2;top_ratio=0.25;score_scale=4.0;motif_weight=0.0;motif_radius=12;score_normalization=train_quantile;raw_border_score=0.269673;border_score=1.109756",0.1792757213115692,0.16853313148021698,0.6521912217140198
test_Seq_2071,2,2,"benchmark=nucleotide_transformer_downstream_tasks;dataset=splice_sites_all;matching=kmer_balanced;matching_signature=(9, 'TTT');border_estimator=center_window_kmer_jsd;estimator=center_jsd;window=48;search_radius=24;kmer=2;top_ratio=0.25;score_scale=4.0;motif_weight=0.0;motif_radius=12;score_normalization=train_quantile;raw_border_score=0.145434;border_score=0.839489",0.24597251415252686,0.2332468181848526,0.520780622959137
test_Seq_1490,1,2,"benchmark=nucleotide_transformer_downstream_tasks;dataset=splice_sites_all;matching=kmer_balanced;matching_signature=(9, 'CAG');border_estimator=center_window_kmer_jsd;estimator=center_jsd;window=48;search_radius=24;kmer=2;top_ratio=0.25;score_scale=4.0;motif_weight=0.0;motif_radius=12;score_normalization=train_quantile;raw_border_score=0.337508;border_score=1.170644",0.31858572363853455,0.3248831331729889,0.35653117299079895
test_Seq_1831,1,2,"benchmark=nucleotide_transformer_downstream_tasks;dataset=splice_sites_all;matching=kmer_balanced;matching_signature=(9, 'AAA');border_estimator=center_window_kmer_jsd;estimator=center_jsd;window=48;search_radius=24;kmer=2;top_ratio=0.25;score_scale=4.0;motif_weight=0.0;motif_radius=12;score_normalization=train_quantile;raw_border_score=0.405419;border_score=1.190867",0.2782227396965027,0.27223116159439087,0.44954612851142883
test_Seq_1345,1,2,"benchmark=nucleotide_transformer_downstream_tasks;dataset=splice_sites_all;matching=kmer_balanced;matching_signature=(10, 'TGC');border_estimator=center_window_kmer_jsd;estimator=center_jsd;window=48;search_radius=24;kmer=2;top_ratio=0.25;score_scale=4.0;motif_weight=0.0;motif_radius=12;score_normalization=train_quantile;raw_border_score=0.165808;border_score=0.881000",0.2165825068950653,0.21850889921188354,0.564908504486084
test_Seq_1574,1,2,"benchmark=nucleotide_transformer_downstream_tasks;dataset=splice_sites_all;matching=kmer_balanced;matching_signature=(8, 'TTT');border_estimator=center_window_kmer_jsd;estimator=center_jsd;window=48;search_radius=24;kmer=2;top_ratio=0.25;score_scale=4.0;motif_weight=0.0;motif_radius=12;score_normalization=train_quantile;raw_border_score=0.194430;border_score=0.955533",0.3173052966594696,0.3204023540019989,0.3622922897338867
test_Seq_1917,1,2,"benchmark=nucleotide_transformer_downstream_tasks;dataset=splice_sites_all;matching=kmer_balanced;matching_signature=(7, 'TTT');border_estimator=center_window_kmer_jsd;estimator=center_jsd;window=48;search_radius=24;kmer=2;top_ratio=0.25;score_scale=4.0;motif_weight=0.0;motif_radius=12;score_normalization=train_quantile;raw_border_score=0.204258;border_score=0.982333",0.21044714748859406,0.19860003888607025,0.5909528136253357
test_Seq_1624,1,2,"benchmark=nucleotide_transformer_downstream_tasks;dataset=splice_sites_all;matching=kmer_balanced;matching_signature=(9, 'CTG');border_estimator=center_window_kmer_jsd;estimator=center_jsd;window=48;search_radius=24;kmer=2;top_ratio=0.25;score_scale=4.0;motif_weight=0.0;motif_radius=12;score_normalization=train_quantile;raw_border_score=0.224926;border_score=1.029844",0.18205319344997406,0.18231195211410522,0.6356348395347595
test_Seq_382,0,2,"benchmark=nucleotide_transformer_downstream_tasks;dataset=splice_sites_all;matching=kmer_balanced;matching_signature=(10, 'GAG');border_estimator=center_window_kmer_jsd;estimator=center_jsd;window=48;search_radius=24;kmer=2;top_ratio=0.25;score_scale=4.0;motif_weight=0.0;motif_radius=12;score_normalization=train_quantile;raw_border_score=0.371474;border_score=1.184733",0.3043906092643738,0.31449297070503235,0.38111642003059387
test_Seq_1703,1,2,"benchmark=nucleotide_transformer_downstream_tasks;dataset=splice_sites_all;matching=kmer_balanced;matching_signature=(6, 'TTT');border_estimator=center_window_kmer_jsd;estimator=center_jsd;window=48;search_radius=24;kmer=2;top_ratio=0.25;score_scale=4.0;motif_weight=0.0;motif_radius=12;score_normalization=train_quantile;raw_border_score=0.281220;border_score=1.125444",0.3191997706890106,0.3177494406700134,0.3630507290363312
test_Seq_2996,2,2,"benchmark=nucleotide_transformer_downstream_tasks;dataset=splice_sites_all;matching=kmer_balanced;matching_signature=(8, 'TTT');border_estimator=center_window_kmer_jsd;estimator=center_jsd;window=48;search_radius=24;kmer=2;top_ratio=0.25;score_scale=4.0;motif_weight=0.0;motif_radius=12;score_normalization=train_quantile;raw_border_score=0.180846;border_score=0.920022",0.24076268076896667,0.2470935881137848,0.5121437311172485
test_Seq_453,0,2,"benchmark=nucleotide_transformer_downstream_tasks;dataset=splice_sites_all;matching=kmer_balanced;matching_signature=(11, 'CCC');border_estimator=center_window_kmer_jsd;estimator=center_jsd;window=48;search_radius=24;kmer=2;top_ratio=0.25;score_scale=4.0;motif_weight=0.0;motif_radius=12;score_normalization=train_quantile;raw_border_score=0.192933;border_score=0.951800",0.20654508471488953,0.20352403819561005,0.5899308323860168
test_Seq_2091,2,2,"benchmark=nucleotide_transformer_downstream_tasks;dataset=splice_sites_all;matching=kmer_balanced;matching_signature=(8, 'TTT');border_estimator=center_window_kmer_jsd;estimator=center_jsd;window=48;search_radius=24;kmer=2;top_ratio=0.25;score_scale=4.0;motif_weight=0.0;motif_radius=12;score_normalization=train_quantile;raw_border_score=0.226700;border_score=1.033667",0.25067639350891113,0.25169146060943604,0.49763214588165283
test_Seq_2811,2,2,"benchmark=nucleotide_transformer_downstream_tasks;dataset=splice_sites_all;matching=kmer_balanced;matching_signature=(6, 'AAA');border_estimator=center_window_kmer_jsd;estimator=center_jsd;window=48;search_radius=24;kmer=2;top_ratio=0.25;score_scale=4.0;motif_weight=0.0;motif_radius=12;score_normalization=train_quantile;raw_border_score=0.277287;border_score=1.120467",0.23134203255176544,0.23076865077018738,0.5378892421722412
test_Seq_55,0,2,"benchmark=nucleotide_transformer_downstream_tasks;dataset=splice_sites_all;matching=kmer_balanced;matching_signature=(6, 'TTT');border_estimator=center_window_kmer_jsd;estimator=center_jsd;window=48;search_radius=24;kmer=2;top_ratio=0.25;score_scale=4.0;motif_weight=0.0;motif_radius=12;score_normalization=train_quantile;raw_border_score=0.216109;border_score=1.009044",0.2630934417247772,0.2726150155067444,0.46429145336151123
test_Seq_1817,1,2,"benchmark=nucleotide_transformer_downstream_tasks;dataset=splice_sites_all;matching=kmer_balanced;matching_signature=(8, 'TTT');border_estimator=center_window_kmer_jsd;estimator=center_jsd;window=48;search_radius=24;kmer=2;top_ratio=0.25;score_scale=4.0;motif_weight=0.0;motif_radius=12;score_normalization=train_quantile;raw_border_score=0.271763;border_score=1.112778",0.2500496804714203,0.25901883840560913,0.49093154072761536
test_Seq_2366,2,2,"benchmark=nucleotide_transformer_downstream_tasks;dataset=splice_sites_all;matching=kmer_balanced;matching_signature=(8, 'TTT');border_estimator=center_window_kmer_jsd;estimator=center_jsd;window=48;search_radius=24;kmer=2;top_ratio=0.25;score_scale=4.0;motif_weight=0.0;motif_radius=12;score_normalization=train_quantile;raw_border_score=0.288919;border_score=1.135356",0.19741560518741608,0.1991342306137085,0.6034501194953918
test_Seq_2477,2,2,"benchmark=nucleotide_transformer_downstream_tasks;dataset=splice_sites_all;matching=kmer_balanced;matching_signature=(8, 'TTT');border_estimator=center_window_kmer_jsd;estimator=center_jsd;window=48;search_radius=24;kmer=2;top_ratio=0.25;score_scale=4.0;motif_weight=0.0;motif_radius=12;score_normalization=train_quantile;raw_border_score=0.154282;border_score=0.855933",0.20289288461208344,0.20102062821388245,0.5960864424705505
test_Seq_1426,1,1,"benchmark=nucleotide_transformer_downstream_tasks;dataset=splice_sites_all;matching=kmer_balanced;matching_signature=(6, 'TTT');border_estimator=center_window_kmer_jsd;estimator=center_jsd;window=48;search_radius=24;kmer=2;top_ratio=0.25;score_scale=4.0;motif_weight=0.0;motif_radius=12;score_normalization=train_quantile;raw_border_score=0.257080;border_score=1.090733",0.3264656960964203,0.3474849462509155,0.3260492980480194
test_Seq_335,0,1,"benchmark=nucleotide_transformer_downstream_tasks;dataset=splice_sites_all;matching=kmer_balanced;matching_signature=(9, 'CCT');border_estimator=center_window_kmer_jsd;estimator=center_jsd;window=48;search_radius=24;kmer=2;top_ratio=0.25;score_scale=4.0;motif_weight=0.0;motif_radius=12;score_normalization=train_quantile;raw_border_score=0.129675;border_score=0.819089",0.3286423087120056,0.34309622645378113,0.32826143503189087
test_Seq_1923,1,1,"benchmark=nucleotide_transformer_downstream_tasks;dataset=splice_sites_all;matching=kmer_balanced;matching_signature=(9, 'TCT');border_estimator=center_window_kmer_jsd;estimator=center_jsd;window=48;search_radius=24;kmer=2;top_ratio=0.25;score_scale=4.0;motif_weight=0.0;motif_radius=12;score_normalization=train_quantile;raw_border_score=0.345883;border_score=1.175311",0.35030609369277954,0.365217000246048,0.2844769358634949
test_Seq_794,0,2,"benchmark=nucleotide_transformer_downstream_tasks;dataset=splice_sites_all;matching=kmer_balanced;matching_signature=(10, 'TGC');border_estimator=center_window_kmer_jsd;estimator=center_jsd;window=48;search_radius=24;kmer=2;top_ratio=0.25;score_scale=4.0;motif_weight=0.0;motif_radius=12;score_normalization=train_quantile;raw_border_score=0.204651;border_score=0.983178",0.25473159551620483,0.2608708441257477,0.4843975603580475
test_Seq_2782,2,2,"benchmark=nucleotide_transformer_downstream_tasks;dataset=splice_sites_all;matching=kmer_balanced;matching_signature=(11, 'CCC');border_estimator=center_window_kmer_jsd;estimator=center_jsd;window=48;search_radius=24;kmer=2;top_ratio=0.25;score_scale=4.0;motif_weight=0.0;motif_radius=12;score_normalization=train_quantile;raw_border_score=0.134277;border_score=0.824333",0.12789498269557953,0.12076445668935776,0.7513405084609985
test_Seq_371,0,2,"benchmark=nucleotide_transformer_downstream_tasks;dataset=splice_sites_all;matching=kmer_balanced;matching_signature=(11, 'GTG');border_estimator=center_window_kmer_jsd;estimator=center_jsd;window=48;search_radius=24;kmer=2;top_ratio=0.25;score_scale=4.0;motif_weight=0.0;motif_radius=12;score_normalization=train_quantile;raw_border_score=0.365744;border_score=1.182733",0.2936488389968872,0.2831534445285797,0.42319774627685547
test_Seq_510,0,2,"benchmark=nucleotide_transformer_downstream_tasks;dataset=splice_sites_all;matching=kmer_balanced;matching_signature=(6, 'TTT');border_estimator=center_window_kmer_jsd;estimator=center_jsd;window=48;search_radius=24;kmer=2;top_ratio=0.25;score_scale=4.0;motif_weight=0.0;motif_radius=12;score_normalization=train_quantile;raw_border_score=0.205637;border_score=0.985489",0.21416279673576355,0.21582263708114624,0.5700145959854126
test_Seq_1734,1,2,"benchmark=nucleotide_transformer_downstream_tasks;dataset=splice_sites_all;matching=kmer_balanced;matching_signature=(7, 'TTT');border_estimator=center_window_kmer_jsd;estimator=center_jsd;window=48;search_radius=24;kmer=2;top_ratio=0.25;score_scale=4.0;motif_weight=0.0;motif_radius=12;score_normalization=train_quantile;raw_border_score=0.181983;border_score=0.922511",0.18748363852500916,0.18466895818710327,0.6278473734855652
test_Seq_1796,1,2,"benchmark=nucleotide_transformer_downstream_tasks;dataset=splice_sites_all;matching=kmer_balanced;matching_signature=(8, 'AAA');border_estimator=center_window_kmer_jsd;estimator=center_jsd;window=48;search_radius=24;kmer=2;top_ratio=0.25;score_scale=4.0;motif_weight=0.0;motif_radius=12;score_normalization=train_quantile;raw_border_score=0.268031;border_score=1.107178",0.19721326231956482,0.1855660378932953,0.6172206997871399
test_Seq_1299,1,2,"benchmark=nucleotide_transformer_downstream_tasks;dataset=splice_sites_all;matching=kmer_balanced;matching_signature=(6, 'TTT');border_estimator=center_window_kmer_jsd;estimator=center_jsd;window=48;search_radius=24;kmer=2;top_ratio=0.25;score_scale=4.0;motif_weight=0.0;motif_radius=12;score_normalization=train_quantile;raw_border_score=0.167994;border_score=0.886644",0.1723961979150772,0.17614027857780457,0.651463508605957
test_Seq_1737,1,2,"benchmark=nucleotide_transformer_downstream_tasks;dataset=splice_sites_all;matching=kmer_balanced;matching_signature=(10, 'CTG');border_estimator=center_window_kmer_jsd;estimator=center_jsd;window=48;search_radius=24;kmer=2;top_ratio=0.25;score_scale=4.0;motif_weight=0.0;motif_radius=12;score_normalization=train_quantile;raw_border_score=0.189712;border_score=0.943356",0.26148322224617004,0.2662443220615387,0.47227245569229126
test_Seq_2451,2,2,"benchmark=nucleotide_transformer_downstream_tasks;dataset=splice_sites_all;matching=kmer_balanced;matching_signature=(10, 'CTG');border_estimator=center_window_kmer_jsd;estimator=center_jsd;window=48;search_radius=24;kmer=2;top_ratio=0.25;score_scale=4.0;motif_weight=0.0;motif_radius=12;score_normalization=train_quantile;raw_border_score=0.136920;border_score=0.827622",0.20538148283958435,0.1983821541070938,0.5962363481521606
test_Seq_1324,1,2,"benchmark=nucleotide_transformer_downstream_tasks;dataset=splice_sites_all;matching=kmer_balanced;matching_signature=(7, 'AAA');border_estimator=center_window_kmer_jsd;estimator=center_jsd;window=48;search_radius=24;kmer=2;top_ratio=0.25;score_scale=4.0;motif_weight=0.0;motif_radius=12;score_normalization=train_quantile;raw_border_score=0.326475;border_score=1.164600",0.2339249551296234,0.23645412921905518,0.529620885848999
test_Seq_283,0,2,"benchmark=nucleotide_transformer_downstream_tasks;dataset=splice_sites_all;matching=kmer_balanced;matching_signature=(13, 'GGG');border_estimator=center_window_kmer_jsd;estimator=center_jsd;window=48;search_radius=24;kmer=2;top_ratio=0.25;score_scale=4.0;motif_weight=0.0;motif_radius=12;score_normalization=train_quantile;raw_border_score=0.146492;border_score=0.841667",0.2258978933095932,0.22005896270275116,0.5540431141853333
test_Seq_772,0,2,"benchmark=nucleotide_transformer_downstream_tasks;dataset=splice_sites_all;matching=kmer_balanced;matching_signature=(7, 'AAA');border_estimator=center_window_kmer_jsd;estimator=center_jsd;window=48;search_radius=24;kmer=2;top_ratio=0.25;score_scale=4.0;motif_weight=0.0;motif_radius=12;score_normalization=train_quantile;raw_border_score=0.172308;border_score=0.897044",0.22187893092632294,0.21983708441257477,0.5582839250564575
test_Seq_2298,2,1,"benchmark=nucleotide_transformer_downstream_tasks;dataset=splice_sites_all;matching=kmer_balanced;matching_signature=(8, 'TTT');border_estimator=center_window_kmer_jsd;estimator=center_jsd;window=48;search_radius=24;kmer=2;top_ratio=0.25;score_scale=4.0;motif_weight=0.0;motif_radius=12;score_normalization=train_quantile;raw_border_score=0.138366;border_score=0.829578",0.36908334493637085,0.39800825715065,0.23290838301181793
test_Seq_2666,2,2,"benchmark=nucleotide_transformer_downstream_tasks;dataset=splice_sites_all;matching=kmer_balanced;matching_signature=(7, 'TTT');border_estimator=center_window_kmer_jsd;estimator=center_jsd;window=48;search_radius=24;kmer=2;top_ratio=0.25;score_scale=4.0;motif_weight=0.0;motif_radius=12;score_normalization=train_quantile;raw_border_score=0.235678;border_score=1.050333",0.26314154267311096,0.2633957862854004,0.4734627306461334
test_Seq_1779,1,2,"benchmark=nucleotide_transformer_downstream_tasks;dataset=splice_sites_all;matching=kmer_balanced;matching_signature=(11, 'GGG');border_estimator=center_window_kmer_jsd;estimator=center_jsd;window=48;search_radius=24;kmer=2;top_ratio=0.25;score_scale=4.0;motif_weight=0.0;motif_radius=12;score_normalization=train_quantile;raw_border_score=0.276499;border_score=1.119222",0.20525246858596802,0.20525063574314117,0.589496910572052
test_Seq_674,0,2,"benchmark=nucleotide_transformer_downstream_tasks;dataset=splice_sites_all;matching=kmer_balanced;matching_signature=(6, 'TTT');border_estimator=center_window_kmer_jsd;estimator=center_jsd;window=48;search_radius=24;kmer=2;top_ratio=0.25;score_scale=4.0;motif_weight=0.0;motif_radius=12;score_normalization=train_quantile;raw_border_score=0.272986;border_score=1.114467",0.19645436108112335,0.1980573683977127,0.6054883003234863
test_Seq_111,0,2,"benchmark=nucleotide_transformer_downstream_tasks;dataset=splice_sites_all;matching=kmer_balanced;matching_signature=(6, 'TTT');border_estimator=center_window_kmer_jsd;estimator=center_jsd;window=48;search_radius=24;kmer=2;top_ratio=0.25;score_scale=4.0;motif_weight=0.0;motif_radius=12;score_normalization=train_quantile;raw_border_score=0.321714;border_score=1.162067",0.20250578224658966,0.20601914823055267,0.5914750695228577
test_Seq_2478,2,2,"benchmark=nucleotide_transformer_downstream_tasks;dataset=splice_sites_all;matching=kmer_balanced;matching_signature=(6, 'AAA');border_estimator=center_window_kmer_jsd;estimator=center_jsd;window=48;search_radius=24;kmer=2;top_ratio=0.25;score_scale=4.0;motif_weight=0.0;motif_radius=12;score_normalization=train_quantile;raw_border_score=0.195205;border_score=0.957756",0.15642650425434113,0.17248553037643433,0.6710879802703857
test_Seq_2750,2,2,"benchmark=nucleotide_transformer_downstream_tasks;dataset=splice_sites_all;matching=kmer_balanced;matching_signature=(6, 'TTT');border_estimator=center_window_kmer_jsd;estimator=center_jsd;window=48;search_radius=24;kmer=2;top_ratio=0.25;score_scale=4.0;motif_weight=0.0;motif_radius=12;score_normalization=train_quantile;raw_border_score=0.229997;border_score=1.039667",0.24667662382125854,0.25206443667411804,0.5012589693069458
test_Seq_2993,2,2,"benchmark=nucleotide_transformer_downstream_tasks;dataset=splice_sites_all;matching=kmer_balanced;matching_signature=(5, 'TTT');border_estimator=center_window_kmer_jsd;estimator=center_jsd;window=48;search_radius=24;kmer=2;top_ratio=0.25;score_scale=4.0;motif_weight=0.0;motif_radius=12;score_normalization=train_quantile;raw_border_score=0.171650;border_score=0.895533",0.18244615197181702,0.18205642700195312,0.6354973912239075
test_Seq_1128,1,2,"benchmark=nucleotide_transformer_downstream_tasks;dataset=splice_sites_all;matching=kmer_balanced;matching_signature=(6, 'TTT');border_estimator=center_window_kmer_jsd;estimator=center_jsd;window=48;search_radius=24;kmer=2;top_ratio=0.25;score_scale=4.0;motif_weight=0.0;motif_radius=12;score_normalization=train_quantile;raw_border_score=0.204329;border_score=0.982511",0.32426217198371887,0.33615732192993164,0.3395805060863495
test_Seq_1569,1,2,"benchmark=nucleotide_transformer_downstream_tasks;dataset=splice_sites_all;matching=kmer_balanced;matching_signature=(6, 'ATT');border_estimator=center_window_kmer_jsd;estimator=center_jsd;window=48;search_radius=24;kmer=2;top_ratio=0.25;score_scale=4.0;motif_weight=0.0;motif_radius=12;score_normalization=train_quantile;raw_border_score=0.264295;border_score=1.102644",0.2435550093650818,0.2538927495479584,0.5025521516799927
test_Seq_995,0,2,"benchmark=nucleotide_transformer_downstream_tasks;dataset=splice_sites_all;matching=kmer_balanced;matching_signature=(10, 'TCC');border_estimator=center_window_kmer_jsd;estimator=center_jsd;window=48;search_radius=24;kmer=2;top_ratio=0.25;score_scale=4.0;motif_weight=0.0;motif_radius=12;score_normalization=train_quantile;raw_border_score=0.264144;border_score=1.102467",0.24521133303642273,0.24804069101810455,0.5067480206489563
test_Seq_48,0,2,"benchmark=nucleotide_transformer_downstream_tasks;dataset=splice_sites_all;matching=kmer_balanced;matching_signature=(9, 'TCT');border_estimator=center_window_kmer_jsd;estimator=center_jsd;window=48;search_radius=24;kmer=2;top_ratio=0.25;score_scale=4.0;motif_weight=0.0;motif_radius=12;score_normalization=train_quantile;raw_border_score=0.204149;border_score=0.982111",0.29254472255706787,0.30940473079681396,0.3980505168437958
test_Seq_2596,2,2,"benchmark=nucleotide_transformer_downstream_tasks;dataset=splice_sites_all;matching=kmer_balanced;matching_signature=(8, 'AAA');border_estimator=center_window_kmer_jsd;estimator=center_jsd;window=48;search_radius=24;kmer=2;top_ratio=0.25;score_scale=4.0;motif_weight=0.0;motif_radius=12;score_normalization=train_quantile;raw_border_score=0.216399;border_score=1.009889",0.1968439370393753,0.20299310982227325,0.6001629829406738
test_Seq_1809,1,2,"benchmark=nucleotide_transformer_downstream_tasks;dataset=splice_sites_all;matching=kmer_balanced;matching_signature=(8, 'TTT');border_estimator=center_window_kmer_jsd;estimator=center_jsd;window=48;search_radius=24;kmer=2;top_ratio=0.25;score_scale=4.0;motif_weight=0.0;motif_radius=12;score_normalization=train_quantile;raw_border_score=0.193468;border_score=0.953489",0.2531331479549408,0.2629086375236511,0.48395824432373047
test_Seq_1920,1,1,"benchmark=nucleotide_transformer_downstream_tasks;dataset=splice_sites_all;matching=kmer_balanced;matching_signature=(10, 'AGG');border_estimator=center_window_kmer_jsd;estimator=center_jsd;window=48;search_radius=24;kmer=2;top_ratio=0.25;score_scale=4.0;motif_weight=0.0;motif_radius=12;score_normalization=train_quantile;raw_border_score=0.218448;border_score=1.015222",0.33744126558303833,0.3483550250530243,0.3142037093639374
test_Seq_40,0,2,"benchmark=nucleotide_transformer_downstream_tasks;dataset=splice_sites_all;matching=kmer_balanced;matching_signature=(9, 'CAG');border_estimator=center_window_kmer_jsd;estimator=center_jsd;window=48;search_radius=24;kmer=2;top_ratio=0.25;score_scale=4.0;motif_weight=0.0;motif_radius=12;score_normalization=train_quantile;raw_border_score=0.192655;border_score=0.951311",0.2932535409927368,0.30463075637817383,0.40211573243141174
test_Seq_2837,2,2,"benchmark=nucleotide_transformer_downstream_tasks;dataset=splice_sites_all;matching=kmer_balanced;matching_signature=(8, 'TTT');border_estimator=center_window_kmer_jsd;estimator=center_jsd;window=48;search_radius=24;kmer=2;top_ratio=0.25;score_scale=4.0;motif_weight=0.0;motif_radius=12;score_normalization=train_quantile;raw_border_score=0.219098;border_score=1.016556",0.0923926904797554,0.09134775400161743,0.8162595629692078
test_Seq_811,0,1,"benchmark=nucleotide_transformer_downstream_tasks;dataset=splice_sites_all;matching=kmer_balanced;matching_signature=(11, 'GGC');border_estimator=center_window_kmer_jsd;estimator=center_jsd;window=48;search_radius=24;kmer=2;top_ratio=0.25;score_scale=4.0;motif_weight=0.0;motif_radius=12;score_normalization=train_quantile;raw_border_score=0.446844;border_score=1.195089",0.3479723036289215,0.37203341722488403,0.27999430894851685
test_Seq_2481,2,2,"benchmark=nucleotide_transformer_downstream_tasks;dataset=splice_sites_all;matching=kmer_balanced;matching_signature=(7, 'AAA');border_estimator=center_window_kmer_jsd;estimator=center_jsd;window=48;search_radius=24;kmer=2;top_ratio=0.25;score_scale=4.0;motif_weight=0.0;motif_radius=12;score_normalization=train_quantile;raw_border_score=0.179458;border_score=0.916467",0.26351672410964966,0.2587622106075287,0.4777211844921112
test_Seq_1482,1,2,"benchmark=nucleotide_transformer_downstream_tasks;dataset=splice_sites_all;matching=kmer_balanced;matching_signature=(6, 'TTT');border_estimator=center_window_kmer_jsd;estimator=center_jsd;window=48;search_radius=24;kmer=2;top_ratio=0.25;score_scale=4.0;motif_weight=0.0;motif_radius=12;score_normalization=train_quantile;raw_border_score=0.171942;border_score=0.896200",0.19465796649456024,0.1969035416841507,0.6084384322166443
test_Seq_1790,1,2,"benchmark=nucleotide_transformer_downstream_tasks;dataset=splice_sites_all;matching=kmer_balanced;matching_signature=(6, 'TTT');border_estimator=center_window_kmer_jsd;estimator=center_jsd;window=48;search_radius=24;kmer=2;top_ratio=0.25;score_scale=4.0;motif_weight=0.0;motif_radius=12;score_normalization=train_quantile;raw_border_score=0.234899;border_score=1.049133",0.19347459077835083,0.19005531072616577,0.6164700984954834
test_Seq_2453,2,2,"benchmark=nucleotide_transformer_downstream_tasks;dataset=splice_sites_all;matching=kmer_balanced;matching_signature=(11, 'CCC');border_estimator=center_window_kmer_jsd;estimator=center_jsd;window=48;search_radius=24;kmer=2;top_ratio=0.25;score_scale=4.0;motif_weight=0.0;motif_radius=12;score_normalization=train_quantile;raw_border_score=0.186947;border_score=0.935800",0.29015687108039856,0.295823335647583,0.4140198230743408
test_Seq_398,0,2,"benchmark=nucleotide_transformer_downstream_tasks;dataset=splice_sites_all;matching=kmer_balanced;matching_signature=(6, 'AAA');border_estimator=center_window_kmer_jsd;estimator=center_jsd;window=48;search_radius=24;kmer=2;top_ratio=0.25;score_scale=4.0;motif_weight=0.0;motif_radius=12;score_normalization=train_quantile;raw_border_score=0.148085;border_score=0.844111",0.17313824594020844,0.17154283821582794,0.6553189158439636
test_Seq_2309,2,2,"benchmark=nucleotide_transformer_downstream_tasks;dataset=splice_sites_all;matching=kmer_balanced;matching_signature=(7, 'TTT');border_estimator=center_window_kmer_jsd;estimator=center_jsd;window=48;search_radius=24;kmer=2;top_ratio=0.25;score_scale=4.0;motif_weight=0.0;motif_radius=12;score_normalization=train_quantile;raw_border_score=0.253415;border_score=1.084822",0.2913166582584381,0.2907698452472687,0.4179135262966156
test_Seq_148,0,2,"benchmark=nucleotide_transformer_downstream_tasks;dataset=splice_sites_all;matching=kmer_balanced;matching_signature=(8, 'TTT');border_estimator=center_window_kmer_jsd;estimator=center_jsd;window=48;search_radius=24;kmer=2;top_ratio=0.25;score_scale=4.0;motif_weight=0.0;motif_radius=12;score_normalization=train_quantile;raw_border_score=0.377689;border_score=1.186333",0.15611697733402252,0.15415942668914795,0.6897236108779907
test_Seq_213,0,2,"benchmark=nucleotide_transformer_downstream_tasks;dataset=splice_sites_all;matching=kmer_balanced;matching_signature=(11, 'GGG');border_estimator=center_window_kmer_jsd;estimator=center_jsd;window=48;search_radius=24;kmer=2;top_ratio=0.25;score_scale=4.0;motif_weight=0.0;motif_radius=12;score_normalization=train_quantile;raw_border_score=0.173108;border_score=0.899489",0.23250918090343475,0.22937068343162537,0.5381201505661011
test_Seq_2173,2,2,"benchmark=nucleotide_transformer_downstream_tasks;dataset=splice_sites_all;matching=kmer_balanced;matching_signature=(8, 'TTT');border_estimator=center_window_kmer_jsd;estimator=center_jsd;window=48;search_radius=24;kmer=2;top_ratio=0.25;score_scale=4.0;motif_weight=0.0;motif_radius=12;score_normalization=train_quantile;raw_border_score=0.263536;border_score=1.101800",0.2132560759782791,0.20998042821884155,0.5767634510993958
test_Seq_142,0,2,"benchmark=nucleotide_transformer_downstream_tasks;dataset=splice_sites_all;matching=kmer_balanced;matching_signature=(10, 'TGT');border_estimator=center_window_kmer_jsd;estimator=center_jsd;window=48;search_radius=24;kmer=2;top_ratio=0.25;score_scale=4.0;motif_weight=0.0;motif_radius=12;score_normalization=train_quantile;raw_border_score=0.280389;border_score=1.124333",0.2008654922246933,0.18399673700332642,0.6151377558708191
test_Seq_1941,1,2,"benchmark=nucleotide_transformer_downstream_tasks;dataset=splice_sites_all;matching=kmer_balanced;matching_signature=(13, 'GGG');border_estimator=center_window_kmer_jsd;estimator=center_jsd;window=48;search_radius=24;kmer=2;top_ratio=0.25;score_scale=4.0;motif_weight=0.0;motif_radius=12;score_normalization=train_quantile;raw_border_score=0.394649;border_score=1.188911",0.2491460144519806,0.25741058588027954,0.4934433400630951
test_Seq_884,0,2,"benchmark=nucleotide_transformer_downstream_tasks;dataset=splice_sites_all;matching=kmer_balanced;matching_signature=(13, 'CCC');border_estimator=center_window_kmer_jsd;estimator=center_jsd;window=48;search_radius=24;kmer=2;top_ratio=0.25;score_scale=4.0;motif_weight=0.0;motif_radius=12;score_normalization=train_quantile;raw_border_score=0.211431;border_score=0.998511",0.27763035893440247,0.2892207205295563,0.43314892053604126
test_Seq_2067,2,2,"benchmark=nucleotide_transformer_downstream_tasks;dataset=splice_sites_all;matching=kmer_balanced;matching_signature=(7, 'TTT');border_estimator=center_window_kmer_jsd;estimator=center_jsd;window=48;search_radius=24;kmer=2;top_ratio=0.25;score_scale=4.0;motif_weight=0.0;motif_radius=12;score_normalization=train_quantile;raw_border_score=0.209761;border_score=0.994689",0.30679619312286377,0.30323517322540283,0.3899685740470886
test_Seq_441,0,2,"benchmark=nucleotide_transformer_downstream_tasks;dataset=splice_sites_all;matching=kmer_balanced;matching_signature=(10, 'CTG');border_estimator=center_window_kmer_jsd;estimator=center_jsd;window=48;search_radius=24;kmer=2;top_ratio=0.25;score_scale=4.0;motif_weight=0.0;motif_radius=12;score_normalization=train_quantile;raw_border_score=0.156712;border_score=0.860822",0.13694828748703003,0.1288643181324005,0.7341873645782471
test_Seq_2622,2,2,"benchmark=nucleotide_transformer_downstream_tasks;dataset=splice_sites_all;matching=kmer_balanced;matching_signature=(8, 'TTT');border_estimator=center_window_kmer_jsd;estimator=center_jsd;window=48;search_radius=24;kmer=2;top_ratio=0.25;score_scale=4.0;motif_weight=0.0;motif_radius=12;score_normalization=train_quantile;raw_border_score=0.458182;border_score=1.196200",0.08829766511917114,0.08283928036689758,0.8288630247116089
test_Seq_375,0,2,"benchmark=nucleotide_transformer_downstream_tasks;dataset=splice_sites_all;matching=kmer_balanced;matching_signature=(6, 'TTT');border_estimator=center_window_kmer_jsd;estimator=center_jsd;window=48;search_radius=24;kmer=2;top_ratio=0.25;score_scale=4.0;motif_weight=0.0;motif_radius=12;score_normalization=train_quantile;raw_border_score=0.258853;border_score=1.093533",0.1852055788040161,0.1756107658147812,0.6391836404800415
test_Seq_2428,2,1,"benchmark=nucleotide_transformer_downstream_tasks;dataset=splice_sites_all;matching=kmer_balanced;matching_signature=(13, 'GGC');border_estimator=center_window_kmer_jsd;estimator=center_jsd;window=48;search_radius=24;kmer=2;top_ratio=0.25;score_scale=4.0;motif_weight=0.0;motif_radius=12;score_normalization=train_quantile;raw_border_score=0.130372;border_score=0.819711",0.355312317609787,0.4277096688747406,0.2169780433177948
test_Seq_289,0,2,"benchmark=nucleotide_transformer_downstream_tasks;dataset=splice_sites_all;matching=kmer_balanced;matching_signature=(11, 'AGG');border_estimator=center_window_kmer_jsd;estimator=center_jsd;window=48;search_radius=24;kmer=2;top_ratio=0.25;score_scale=4.0;motif_weight=0.0;motif_radius=12;score_normalization=train_quantile;raw_border_score=0.217927;border_score=1.013533",0.203622967004776,0.20415125787258148,0.5922257900238037
test_Seq_2551,2,2,"benchmark=nucleotide_transformer_downstream_tasks;dataset=splice_sites_all;matching=kmer_balanced;matching_signature=(8, 'TTT');border_estimator=center_window_kmer_jsd;estimator=center_jsd;window=48;search_radius=24;kmer=2;top_ratio=0.25;score_scale=4.0;motif_weight=0.0;motif_radius=12;score_normalization=train_quantile;raw_border_score=0.252961;border_score=1.083978",0.18002229928970337,0.17600920796394348,0.6439685225486755
test_Seq_571,0,2,"benchmark=nucleotide_transformer_downstream_tasks;dataset=splice_sites_all;matching=kmer_balanced;matching_signature=(7, 'TTT');border_estimator=center_window_kmer_jsd;estimator=center_jsd;window=48;search_radius=24;kmer=2;top_ratio=0.25;score_scale=4.0;motif_weight=0.0;motif_radius=12;score_normalization=train_quantile;raw_border_score=0.151137;border_score=0.849178",0.19123047590255737,0.20053760707378387,0.6082320213317871
test_Seq_2190,2,2,"benchmark=nucleotide_transformer_downstream_tasks;dataset=splice_sites_all;matching=kmer_balanced;matching_signature=(8, 'AAA');border_estimator=center_window_kmer_jsd;estimator=center_jsd;window=48;search_radius=24;kmer=2;top_ratio=0.25;score_scale=4.0;motif_weight=0.0;motif_radius=12;score_normalization=train_quantile;raw_border_score=0.246858;border_score=1.072778",0.14165689051151276,0.14475440979003906,0.7135886549949646
test_Seq_1246,1,2,"benchmark=nucleotide_transformer_downstream_tasks;dataset=splice_sites_all;matching=kmer_balanced;matching_signature=(8, 'TTT');border_estimator=center_window_kmer_jsd;estimator=center_jsd;window=48;search_radius=24;kmer=2;top_ratio=0.25;score_scale=4.0;motif_weight=0.0;motif_radius=12;score_normalization=train_quantile;raw_border_score=0.154972;border_score=0.857444",0.272799551486969,0.28550827503204346,0.44169220328330994
test_Seq_345,0,2,"benchmark=nucleotide_transformer_downstream_tasks;dataset=splice_sites_all;matching=kmer_balanced;matching_signature=(10, 'CCT');border_estimator=center_window_kmer_jsd;estimator=center_jsd;window=48;search_radius=24;kmer=2;top_ratio=0.25;score_scale=4.0;motif_weight=0.0;motif_radius=12;score_normalization=train_quantile;raw_border_score=0.244400;border_score=1.068200",0.28369227051734924,0.2712274193763733,0.44508033990859985
test_Seq_2119,2,2,"benchmark=nucleotide_transformer_downstream_tasks;dataset=splice_sites_all;matching=kmer_balanced;matching_signature=(8, 'TTT');border_estimator=center_window_kmer_jsd;estimator=center_jsd;window=48;search_radius=24;kmer=2;top_ratio=0.25;score_scale=4.0;motif_weight=0.0;motif_radius=12;score_normalization=train_quantile;raw_border_score=0.200331;border_score=0.972156",0.2833283841609955,0.281054824590683,0.4356168210506439
test_Seq_87,0,2,"benchmark=nucleotide_transformer_downstream_tasks;dataset=splice_sites_all;matching=kmer_balanced;matching_signature=(6, 'AAA');border_estimator=center_window_kmer_jsd;estimator=center_jsd;window=48;search_radius=24;kmer=2;top_ratio=0.25;score_scale=4.0;motif_weight=0.0;motif_radius=12;score_normalization=train_quantile;raw_border_score=0.164131;border_score=0.876467",0.31310567259788513,0.31028932332992554,0.37660500407218933
test_Seq_1601,1,1,"benchmark=nucleotide_transformer_downstream_tasks;dataset=splice_sites_all;matching=kmer_balanced;matching_signature=(12, 'CCC');border_estimator=center_window_kmer_jsd;estimator=center_jsd;window=48;search_radius=24;kmer=2;top_ratio=0.25;score_scale=4.0;motif_weight=0.0;motif_radius=12;score_normalization=train_quantile;raw_border_score=0.201778;border_score=0.975533",0.3602330982685089,0.3787999749183655,0.260966956615448
test_Seq_2463,2,2,"benchmark=nucleotide_transformer_downstream_tasks;dataset=splice_sites_all;matching=kmer_balanced;matching_signature=(7, 'TTT');border_estimator=center_window_kmer_jsd;estimator=center_jsd;window=48;search_radius=24;kmer=2;top_ratio=0.25;score_scale=4.0;motif_weight=0.0;motif_radius=12;score_normalization=train_quantile;raw_border_score=0.126980;border_score=0.816422",0.19810186326503754,0.20372450351715088,0.5981736779212952
test_Seq_2682,2,2,"benchmark=nucleotide_transformer_downstream_tasks;dataset=splice_sites_all;matching=kmer_balanced;matching_signature=(9, 'CTG');border_estimator=center_window_kmer_jsd;estimator=center_jsd;window=48;search_radius=24;kmer=2;top_ratio=0.25;score_scale=4.0;motif_weight=0.0;motif_radius=12;score_normalization=train_quantile;raw_border_score=0.122187;border_score=0.812200",0.2532227039337158,0.2609984576702118,0.48577880859375
test_Seq_1058,1,2,"benchmark=nucleotide_transformer_downstream_tasks;dataset=splice_sites_all;matching=kmer_balanced;matching_signature=(10, 'CTC');border_estimator=center_window_kmer_jsd;estimator=center_jsd;window=48;search_radius=24;kmer=2;top_ratio=0.25;score_scale=4.0;motif_weight=0.0;motif_radius=12;score_normalization=train_quantile;raw_border_score=0.124367;border_score=0.813800",0.27018630504608154,0.25814807415008545,0.47166556119918823
test_Seq_2420,2,2,"benchmark=nucleotide_transformer_downstream_tasks;dataset=splice_sites_all;matching=kmer_balanced;matching_signature=(6, 'AAA');border_estimator=center_window_kmer_jsd;estimator=center_jsd;window=48;search_radius=24;kmer=2;top_ratio=0.25;score_scale=4.0;motif_weight=0.0;motif_radius=12;score_normalization=train_quantile;raw_border_score=0.163517;border_score=0.875089",0.20712853968143463,0.20571017265319824,0.5871613025665283
test_Seq_2762,2,2,"benchmark=nucleotide_transformer_downstream_tasks;dataset=splice_sites_all;matching=kmer_balanced;matching_signature=(7, 'TTT');border_estimator=center_window_kmer_jsd;estimator=center_jsd;window=48;search_radius=24;kmer=2;top_ratio=0.25;score_scale=4.0;motif_weight=0.0;motif_radius=12;score_normalization=train_quantile;raw_border_score=0.214162;border_score=1.004644",0.1355617493391037,0.1361873298883438,0.7282509803771973
test_Seq_2158,2,2,"benchmark=nucleotide_transformer_downstream_tasks;dataset=splice_sites_all;matching=kmer_balanced;matching_signature=(6, 'AAA');border_estimator=center_window_kmer_jsd;estimator=center_jsd;window=48;search_radius=24;kmer=2;top_ratio=0.25;score_scale=4.0;motif_weight=0.0;motif_radius=12;score_normalization=train_quantile;raw_border_score=0.188429;border_score=0.939933",0.1752449870109558,0.17372791469097137,0.6510270833969116
test_Seq_2691,2,2,"benchmark=nucleotide_transformer_downstream_tasks;dataset=splice_sites_all;matching=kmer_balanced;matching_signature=(7, 'AAA');border_estimator=center_window_kmer_jsd;estimator=center_jsd;window=48;search_radius=24;kmer=2;top_ratio=0.25;score_scale=4.0;motif_weight=0.0;motif_radius=12;score_normalization=train_quantile;raw_border_score=0.192334;border_score=0.950556",0.16491271555423737,0.16228188574314117,0.6728054285049438
test_Seq_2792,2,2,"benchmark=nucleotide_transformer_downstream_tasks;dataset=splice_sites_all;matching=kmer_balanced;matching_signature=(11, 'CCC');border_estimator=center_window_kmer_jsd;estimator=center_jsd;window=48;search_radius=24;kmer=2;top_ratio=0.25;score_scale=4.0;motif_weight=0.0;motif_radius=12;score_normalization=train_quantile;raw_border_score=0.152985;border_score=0.853400",0.29304441809654236,0.2964737117290497,0.41048189997673035
test_Seq_721,0,2,"benchmark=nucleotide_transformer_downstream_tasks;dataset=splice_sites_all;matching=kmer_balanced;matching_signature=(6, 'AAA');border_estimator=center_window_kmer_jsd;estimator=center_jsd;window=48;search_radius=24;kmer=2;top_ratio=0.25;score_scale=4.0;motif_weight=0.0;motif_radius=12;score_normalization=train_quantile;raw_border_score=0.316209;border_score=1.158422",0.2385910153388977,0.2324272245168686,0.5289817452430725
test_Seq_540,0,2,"benchmark=nucleotide_transformer_downstream_tasks;dataset=splice_sites_all;matching=kmer_balanced;matching_signature=(6, 'AAA');border_estimator=center_window_kmer_jsd;estimator=center_jsd;window=48;search_radius=24;kmer=2;top_ratio=0.25;score_scale=4.0;motif_weight=0.0;motif_radius=12;score_normalization=train_quantile;raw_border_score=0.280205;border_score=1.124244",0.19485637545585632,0.18825176358222961,0.6168918609619141
test_Seq_343,0,2,"benchmark=nucleotide_transformer_downstream_tasks;dataset=splice_sites_all;matching=kmer_balanced;matching_signature=(9, 'TCA');border_estimator=center_window_kmer_jsd;estimator=center_jsd;window=48;search_radius=24;kmer=2;top_ratio=0.25;score_scale=4.0;motif_weight=0.0;motif_radius=12;score_normalization=train_quantile;raw_border_score=0.206623;border_score=0.987533",0.28237175941467285,0.27729329466819763,0.4403349459171295
test_Seq_1231,1,2,"benchmark=nucleotide_transformer_downstream_tasks;dataset=splice_sites_all;matching=kmer_balanced;matching_signature=(9, 'AAA');border_estimator=center_window_kmer_jsd;estimator=center_jsd;window=48;search_radius=24;kmer=2;top_ratio=0.25;score_scale=4.0;motif_weight=0.0;motif_radius=12;score_normalization=train_quantile;raw_border_score=0.227588;border_score=1.035533",0.11261996626853943,0.10935358703136444,0.7780264616012573
test_Seq_2559,2,2,"benchmark=nucleotide_transformer_downstream_tasks;dataset=splice_sites_all;matching=kmer_balanced;matching_signature=(10, 'AGG');border_estimator=center_window_kmer_jsd;estimator=center_jsd;window=48;search_radius=24;kmer=2;top_ratio=0.25;score_scale=4.0;motif_weight=0.0;motif_radius=12;score_normalization=train_quantile;raw_border_score=0.167126;border_score=0.884511",0.32872486114501953,0.3353482782840729,0.3359268605709076
test_Seq_2576,2,2,"benchmark=nucleotide_transformer_downstream_tasks;dataset=splice_sites_all;matching=kmer_balanced;matching_signature=(6, 'AAA');border_estimator=center_window_kmer_jsd;estimator=center_jsd;window=48;search_radius=24;kmer=2;top_ratio=0.25;score_scale=4.0;motif_weight=0.0;motif_radius=12;score_normalization=train_quantile;raw_border_score=0.248020;border_score=1.075311",0.21563029289245605,0.21981504559516907,0.5645546913146973
test_Seq_1653,1,1,"benchmark=nucleotide_transformer_downstream_tasks;dataset=splice_sites_all;matching=kmer_balanced;matching_signature=(10, 'TGG');border_estimator=center_window_kmer_jsd;estimator=center_jsd;window=48;search_radius=24;kmer=2;top_ratio=0.25;score_scale=4.0;motif_weight=0.0;motif_radius=12;score_normalization=train_quantile;raw_border_score=0.241850;border_score=1.062956",0.33200863003730774,0.354994535446167,0.31299683451652527
test_Seq_1825,1,1,"benchmark=nucleotide_transformer_downstream_tasks;dataset=splice_sites_all;matching=kmer_balanced;matching_signature=(8, 'TTT');border_estimator=center_window_kmer_jsd;estimator=center_jsd;window=48;search_radius=24;kmer=2;top_ratio=0.25;score_scale=4.0;motif_weight=0.0;motif_radius=12;score_normalization=train_quantile;raw_border_score=0.188471;border_score=0.940067",0.38202762603759766,0.4070569574832916,0.21091541647911072
test_Seq_2830,2,2,"benchmark=nucleotide_transformer_downstream_tasks;dataset=splice_sites_all;matching=kmer_balanced;matching_signature=(9, 'GAG');border_estimator=center_window_kmer_jsd;estimator=center_jsd;window=48;search_radius=24;kmer=2;top_ratio=0.25;score_scale=4.0;motif_weight=0.0;motif_radius=12;score_normalization=train_quantile;raw_border_score=0.181806;border_score=0.922022",0.20734667778015137,0.21731305122375488,0.575340211391449
test_Seq_172,0,2,"benchmark=nucleotide_transformer_downstream_tasks;dataset=splice_sites_all;matching=kmer_balanced;matching_signature=(10, 'AGG');border_estimator=center_window_kmer_jsd;estimator=center_jsd;window=48;search_radius=24;kmer=2;top_ratio=0.25;score_scale=4.0;motif_weight=0.0;motif_radius=12;score_normalization=train_quantile;raw_border_score=0.224508;border_score=1.028867",0.17715010046958923,0.1732751578092575,0.6495747566223145
test_Seq_1405,1,2,"benchmark=nucleotide_transformer_downstream_tasks;dataset=splice_sites_all;matching=kmer_balanced;matching_signature=(8, 'TTT');border_estimator=center_window_kmer_jsd;estimator=center_jsd;window=48;search_radius=24;kmer=2;top_ratio=0.25;score_scale=4.0;motif_weight=0.0;motif_radius=12;score_normalization=train_quantile;raw_border_score=0.179602;border_score=0.916822",0.21103531122207642,0.2017696350812912,0.587195098400116
test_Seq_1963,1,2,"benchmark=nucleotide_transformer_downstream_tasks;dataset=splice_sites_all;matching=kmer_balanced;matching_signature=(7, 'TTT');border_estimator=center_window_kmer_jsd;estimator=center_jsd;window=48;search_radius=24;kmer=2;top_ratio=0.25;score_scale=4.0;motif_weight=0.0;motif_radius=12;score_normalization=train_quantile;raw_border_score=0.145401;border_score=0.839444",0.16036348044872284,0.1529713124036789,0.6866651773452759
test_Seq_1999,1,2,"benchmark=nucleotide_transformer_downstream_tasks;dataset=splice_sites_all;matching=kmer_balanced;matching_signature=(7, 'TTA');border_estimator=center_window_kmer_jsd;estimator=center_jsd;window=48;search_radius=24;kmer=2;top_ratio=0.25;score_scale=4.0;motif_weight=0.0;motif_radius=12;score_normalization=train_quantile;raw_border_score=0.244941;border_score=1.069311",0.2244240790605545,0.21930062770843506,0.5562753081321716
test_Seq_1373,1,2,"benchmark=nucleotide_transformer_downstream_tasks;dataset=splice_sites_all;matching=kmer_balanced;matching_signature=(9, 'TGT');border_estimator=center_window_kmer_jsd;estimator=center_jsd;window=48;search_radius=24;kmer=2;top_ratio=0.25;score_scale=4.0;motif_weight=0.0;motif_radius=12;score_normalization=train_quantile;raw_border_score=0.273159;border_score=1.114600",0.2136746495962143,0.20536035299301147,0.580964982509613
test_Seq_844,0,2,"benchmark=nucleotide_transformer_downstream_tasks;dataset=splice_sites_all;matching=kmer_balanced;matching_signature=(7, 'AAA');border_estimator=center_window_kmer_jsd;estimator=center_jsd;window=48;search_radius=24;kmer=2;top_ratio=0.25;score_scale=4.0;motif_weight=0.0;motif_radius=12;score_normalization=train_quantile;raw_border_score=0.299425;border_score=1.145622",0.20608055591583252,0.21716611087322235,0.5767533779144287
test_Seq_129,0,2,"benchmark=nucleotide_transformer_downstream_tasks;dataset=splice_sites_all;matching=kmer_balanced;matching_signature=(7, 'AAA');border_estimator=center_window_kmer_jsd;estimator=center_jsd;window=48;search_radius=24;kmer=2;top_ratio=0.25;score_scale=4.0;motif_weight=0.0;motif_radius=12;score_normalization=train_quantile;raw_border_score=0.150233;border_score=0.847978",0.219619482755661,0.22150930762290955,0.5588711500167847
test_Seq_2482,2,2,"benchmark=nucleotide_transformer_downstream_tasks;dataset=splice_sites_all;matching=kmer_balanced;matching_signature=(11, 'CCC');border_estimator=center_window_kmer_jsd;estimator=center_jsd;window=48;search_radius=24;kmer=2;top_ratio=0.25;score_scale=4.0;motif_weight=0.0;motif_radius=12;score_normalization=train_quantile;raw_border_score=0.210283;border_score=0.995800",0.1889435201883316,0.1804906278848648,0.630565881729126
test_Seq_416,0,1,"benchmark=nucleotide_transformer_downstream_tasks;dataset=splice_sites_all;matching=kmer_balanced;matching_signature=(9, 'CTG');border_estimator=center_window_kmer_jsd;estimator=center_jsd;window=48;search_radius=24;kmer=2;top_ratio=0.25;score_scale=4.0;motif_weight=0.0;motif_radius=12;score_normalization=train_quantile;raw_border_score=0.238111;border_score=1.054822",0.3241075575351715,0.34134921431541443,0.33454325795173645
test_Seq_2599,2,2,"benchmark=nucleotide_transformer_downstream_tasks;dataset=splice_sites_all;matching=kmer_balanced;matching_signature=(12, 'CCT');border_estimator=center_window_kmer_jsd;estimator=center_jsd;window=48;search_radius=24;kmer=2;top_ratio=0.25;score_scale=4.0;motif_weight=0.0;motif_radius=12;score_normalization=train_quantile;raw_border_score=0.161466;border_score=0.870156",0.28528082370758057,0.2799622118473053,0.43475696444511414
test_Seq_2731,2,2,"benchmark=nucleotide_transformer_downstream_tasks;dataset=splice_sites_all;matching=kmer_balanced;matching_signature=(12, 'GGG');border_estimator=center_window_kmer_jsd;estimator=center_jsd;window=48;search_radius=24;kmer=2;top_ratio=0.25;score_scale=4.0;motif_weight=0.0;motif_radius=12;score_normalization=train_quantile;raw_border_score=0.136350;border_score=0.827044",0.26516270637512207,0.25464677810668945,0.4801904857158661
test_Seq_2458,2,2,"benchmark=nucleotide_transformer_downstream_tasks;dataset=splice_sites_all;matching=kmer_balanced;matching_signature=(10, 'CTG');border_estimator=center_window_kmer_jsd;estimator=center_jsd;window=48;search_radius=24;kmer=2;top_ratio=0.25;score_scale=4.0;motif_weight=0.0;motif_radius=12;score_normalization=train_quantile;raw_border_score=0.167144;border_score=0.884511",0.3079957962036133,0.31031742691993713,0.38168683648109436
test_Seq_990,0,2,"benchmark=nucleotide_transformer_downstream_tasks;dataset=splice_sites_all;matching=kmer_balanced;matching_signature=(6, 'AAA');border_estimator=center_window_kmer_jsd;estimator=center_jsd;window=48;search_radius=24;kmer=2;top_ratio=0.25;score_scale=4.0;motif_weight=0.0;motif_radius=12;score_normalization=train_quantile;raw_border_score=0.198523;border_score=0.967222",0.25896042585372925,0.2733820080757141,0.46765759587287903
test_Seq_1262,1,2,"benchmark=nucleotide_transformer_downstream_tasks;dataset=splice_sites_all;matching=kmer_balanced;matching_signature=(8, 'TTT');border_estimator=center_window_kmer_jsd;estimator=center_jsd;window=48;search_radius=24;kmer=2;top_ratio=0.25;score_scale=4.0;motif_weight=0.0;motif_radius=12;score_normalization=train_quantile;raw_border_score=0.181555;border_score=0.921667",0.21889685094356537,0.21905268728733063,0.5620504021644592
test_Seq_2679,2,2,"benchmark=nucleotide_transformer_downstream_tasks;dataset=splice_sites_all;matching=kmer_balanced;matching_signature=(10, 'CCT');border_estimator=center_window_kmer_jsd;estimator=center_jsd;window=48;search_radius=24;kmer=2;top_ratio=0.25;score_scale=4.0;motif_weight=0.0;motif_radius=12;score_normalization=train_quantile;raw_border_score=0.245533;border_score=1.070156",0.10120061784982681,0.10350076109170914,0.7952986359596252
test_Seq_338,0,2,"benchmark=nucleotide_transformer_downstream_tasks;dataset=splice_sites_all;matching=kmer_balanced;matching_signature=(11, 'CCC');border_estimator=center_window_kmer_jsd;estimator=center_jsd;window=48;search_radius=24;kmer=2;top_ratio=0.25;score_scale=4.0;motif_weight=0.0;motif_radius=12;score_normalization=train_quantile;raw_border_score=0.257918;border_score=1.092156",0.14224328100681305,0.1368606984615326,0.7208960056304932
test_Seq_2802,2,2,"benchmark=nucleotide_transformer_downstream_tasks;dataset=splice_sites_all;matching=kmer_balanced;matching_signature=(6, 'AAA');border_estimator=center_window_kmer_jsd;estimator=center_jsd;window=48;search_radius=24;kmer=2;top_ratio=0.25;score_scale=4.0;motif_weight=0.0;motif_radius=12;score_normalization=train_quantile;raw_border_score=0.199985;border_score=0.971311",0.21037596464157104,0.21302443742752075,0.5765995979309082
test_Seq_2206,2,2,"benchmark=nucleotide_transformer_downstream_tasks;dataset=splice_sites_all;matching=kmer_balanced;matching_signature=(14, 'GGC');border_estimator=center_window_kmer_jsd;estimator=center_jsd;window=48;search_radius=24;kmer=2;top_ratio=0.25;score_scale=4.0;motif_weight=0.0;motif_radius=12;score_normalization=train_quantile;raw_border_score=0.178293;border_score=0.913844",0.3130570948123932,0.3374832570552826,0.3494596779346466
test_Seq_696,0,2,"benchmark=nucleotide_transformer_downstream_tasks;dataset=splice_sites_all;matching=kmer_balanced;matching_signature=(7, 'AAA');border_estimator=center_window_kmer_jsd;estimator=center_jsd;window=48;search_radius=24;kmer=2;top_ratio=0.25;score_scale=4.0;motif_weight=0.0;motif_radius=12;score_normalization=train_quantile;raw_border_score=0.223769;border_score=1.027711",0.2803938090801239,0.29083526134490967,0.42877092957496643
test_Seq_2368,2,2,"benchmark=nucleotide_transformer_downstream_tasks;dataset=splice_sites_all;matching=kmer_balanced;matching_signature=(9, 'TGT');border_estimator=center_window_kmer_jsd;estimator=center_jsd;window=48;search_radius=24;kmer=2;top_ratio=0.25;score_scale=4.0;motif_weight=0.0;motif_radius=12;score_normalization=train_quantile;raw_border_score=0.229166;border_score=1.038467",0.09973731637001038,0.09431052207946777,0.8059521317481995
test_Seq_968,0,2,"benchmark=nucleotide_transformer_downstream_tasks;dataset=splice_sites_all;matching=kmer_balanced;matching_signature=(7, 'TTT');border_estimator=center_window_kmer_jsd;estimator=center_jsd;window=48;search_radius=24;kmer=2;top_ratio=0.25;score_scale=4.0;motif_weight=0.0;motif_radius=12;score_normalization=train_quantile;raw_border_score=0.333598;border_score=1.168156",0.2677750587463379,0.2699868083000183,0.462238073348999
test_Seq_448,0,2,"benchmark=nucleotide_transformer_downstream_tasks;dataset=splice_sites_all;matching=kmer_balanced;matching_signature=(13, 'GGG');border_estimator=center_window_kmer_jsd;estimator=center_jsd;window=48;search_radius=24;kmer=2;top_ratio=0.25;score_scale=4.0;motif_weight=0.0;motif_radius=12;score_normalization=train_quantile;raw_border_score=0.244921;border_score=1.069267",0.2939302325248718,0.3046591281890869,0.40141060948371887
test_Seq_2141,2,2,"benchmark=nucleotide_transformer_downstream_tasks;dataset=splice_sites_all;matching=kmer_balanced;matching_signature=(6, 'TTT');border_estimator=center_window_kmer_jsd;estimator=center_jsd;window=48;search_radius=24;kmer=2;top_ratio=0.25;score_scale=4.0;motif_weight=0.0;motif_radius=12;score_normalization=train_quantile;raw_border_score=0.278597;border_score=1.122067",0.2039971947669983,0.20274871587753296,0.5932541489601135
test_Seq_2300,2,2,"benchmark=nucleotide_transformer_downstream_tasks;dataset=splice_sites_all;matching=kmer_balanced;matching_signature=(8, 'TTT');border_estimator=center_window_kmer_jsd;estimator=center_jsd;window=48;search_radius=24;kmer=2;top_ratio=0.25;score_scale=4.0;motif_weight=0.0;motif_radius=12;score_normalization=train_quantile;raw_border_score=0.370583;border_score=1.184378",0.22852355241775513,0.21829290688037872,0.5531835556030273
test_Seq_2448,2,2,"benchmark=nucleotide_transformer_downstream_tasks;dataset=splice_sites_all;matching=kmer_balanced;matching_signature=(6, 'TTT');border_estimator=center_window_kmer_jsd;estimator=center_jsd;window=48;search_radius=24;kmer=2;top_ratio=0.25;score_scale=4.0;motif_weight=0.0;motif_radius=12;score_normalization=train_quantile;raw_border_score=0.283047;border_score=1.127889",0.22773854434490204,0.21500471234321594,0.5572566986083984
test_Seq_1723,1,2,"benchmark=nucleotide_transformer_downstream_tasks;dataset=splice_sites_all;matching=kmer_balanced;matching_signature=(7, 'TTT');border_estimator=center_window_kmer_jsd;estimator=center_jsd;window=48;search_radius=24;kmer=2;top_ratio=0.25;score_scale=4.0;motif_weight=0.0;motif_radius=12;score_normalization=train_quantile;raw_border_score=0.307695;border_score=1.151933",0.2173151820898056,0.214623361825943,0.5680614709854126
test_Seq_2990,2,2,"benchmark=nucleotide_transformer_downstream_tasks;dataset=splice_sites_all;matching=kmer_balanced;matching_signature=(7, 'AGA');border_estimator=center_window_kmer_jsd;estimator=center_jsd;window=48;search_radius=24;kmer=2;top_ratio=0.25;score_scale=4.0;motif_weight=0.0;motif_radius=12;score_normalization=train_quantile;raw_border_score=0.252188;border_score=1.082600",0.31731560826301575,0.3162430226802826,0.36644139885902405
test_Seq_2400,2,2,"benchmark=nucleotide_transformer_downstream_tasks;dataset=splice_sites_all;matching=kmer_balanced;matching_signature=(11, 'GTG');border_estimator=center_window_kmer_jsd;estimator=center_jsd;window=48;search_radius=24;kmer=2;top_ratio=0.25;score_scale=4.0;motif_weight=0.0;motif_radius=12;score_normalization=train_quantile;raw_border_score=0.349481;border_score=1.176733",0.21313261985778809,0.20190271735191345,0.5849646925926208
test_Seq_894,0,2,"benchmark=nucleotide_transformer_downstream_tasks;dataset=splice_sites_all;matching=kmer_balanced;matching_signature=(6, 'TTT');border_estimator=center_window_kmer_jsd;estimator=center_jsd;window=48;search_radius=24;kmer=2;top_ratio=0.25;score_scale=4.0;motif_weight=0.0;motif_radius=12;score_normalization=train_quantile;raw_border_score=0.293844;border_score=1.139978",0.20367464423179626,0.20091918110847473,0.595406174659729
test_Seq_2021,2,1,"benchmark=nucleotide_transformer_downstream_tasks;dataset=splice_sites_all;matching=kmer_balanced;matching_signature=(8, 'TCT');border_estimator=center_window_kmer_jsd;estimator=center_jsd;window=48;search_radius=24;kmer=2;top_ratio=0.25;score_scale=4.0;motif_weight=0.0;motif_radius=12;score_normalization=train_quantile;raw_border_score=0.122521;border_score=0.812422",0.33909499645233154,0.35735470056533813,0.3035503029823303
test_Seq_2457,2,2,"benchmark=nucleotide_transformer_downstream_tasks;dataset=splice_sites_all;matching=kmer_balanced;matching_signature=(8, 'TTT');border_estimator=center_window_kmer_jsd;estimator=center_jsd;window=48;search_radius=24;kmer=2;top_ratio=0.25;score_scale=4.0;motif_weight=0.0;motif_radius=12;score_normalization=train_quantile;raw_border_score=0.129652;border_score=0.819044",0.1925612837076187,0.1809035688638687,0.626535177230835
test_Seq_1754,1,2,"benchmark=nucleotide_transformer_downstream_tasks;dataset=splice_sites_all;matching=kmer_balanced;matching_signature=(9, 'TTT');border_estimator=center_window_kmer_jsd;estimator=center_jsd;window=48;search_radius=24;kmer=2;top_ratio=0.25;score_scale=4.0;motif_weight=0.0;motif_radius=12;score_normalization=train_quantile;raw_border_score=0.222482;border_score=1.024289",0.30043479800224304,0.29516518115997314,0.4044000506401062
test_Seq_1636,1,2,"benchmark=nucleotide_transformer_downstream_tasks;dataset=splice_sites_all;matching=kmer_balanced;matching_signature=(12, 'CTG');border_estimator=center_window_kmer_jsd;estimator=center_jsd;window=48;search_radius=24;kmer=2;top_ratio=0.25;score_scale=4.0;motif_weight=0.0;motif_radius=12;score_normalization=train_quantile;raw_border_score=0.253093;border_score=1.084289",0.10985634475946426,0.09888148307800293,0.7912622094154358
test_Seq_458,0,2,"benchmark=nucleotide_transformer_downstream_tasks;dataset=splice_sites_all;matching=kmer_balanced;matching_signature=(12, 'CAG');border_estimator=center_window_kmer_jsd;estimator=center_jsd;window=48;search_radius=24;kmer=2;top_ratio=0.25;score_scale=4.0;motif_weight=0.0;motif_radius=12;score_normalization=train_quantile;raw_border_score=0.138198;border_score=0.829311",0.13641643524169922,0.1285671889781952,0.7350163459777832
test_Seq_189,0,2,"benchmark=nucleotide_transformer_downstream_tasks;dataset=splice_sites_all;matching=kmer_balanced;matching_signature=(6, 'TTT');border_estimator=center_window_kmer_jsd;estimator=center_jsd;window=48;search_radius=24;kmer=2;top_ratio=0.25;score_scale=4.0;motif_weight=0.0;motif_radius=12;score_normalization=train_quantile;raw_border_score=0.234153;border_score=1.047889",0.18841294944286346,0.1884245127439499,0.623162567615509
test_Seq_2012,2,2,"benchmark=nucleotide_transformer_downstream_tasks;dataset=splice_sites_all;matching=kmer_balanced;matching_signature=(7, 'AAA');border_estimator=center_window_kmer_jsd;estimator=center_jsd;window=48;search_radius=24;kmer=2;top_ratio=0.25;score_scale=4.0;motif_weight=0.0;motif_radius=12;score_normalization=train_quantile;raw_border_score=0.197316;border_score=0.963800",0.22630979120731354,0.22160370647907257,0.5520865321159363
test_Seq_181,0,2,"benchmark=nucleotide_transformer_downstream_tasks;dataset=splice_sites_all;matching=kmer_balanced;matching_signature=(8, 'TTT');border_estimator=center_window_kmer_jsd;estimator=center_jsd;window=48;search_radius=24;kmer=2;top_ratio=0.25;score_scale=4.0;motif_weight=0.0;motif_radius=12;score_normalization=train_quantile;raw_border_score=0.296549;border_score=1.142467",0.1707126349210739,0.16698294878005981,0.6623044013977051
test_Seq_2775,2,1,"benchmark=nucleotide_transformer_downstream_tasks;dataset=splice_sites_all;matching=kmer_balanced;matching_signature=(7, 'AAT');border_estimator=center_window_kmer_jsd;estimator=center_jsd;window=48;search_radius=24;kmer=2;top_ratio=0.25;score_scale=4.0;motif_weight=0.0;motif_radius=12;score_normalization=train_quantile;raw_border_score=0.239767;border_score=1.057756",0.36516937613487244,0.4007102847099304,0.23412032425403595
test_Seq_470,0,2,"benchmark=nucleotide_transformer_downstream_tasks;dataset=splice_sites_all;matching=kmer_balanced;matching_signature=(12, 'GGG');border_estimator=center_window_kmer_jsd;estimator=center_jsd;window=48;search_radius=24;kmer=2;top_ratio=0.25;score_scale=4.0;motif_weight=0.0;motif_radius=12;score_normalization=train_quantile;raw_border_score=0.217826;border_score=1.013311",0.30642327666282654,0.31364569067955017,0.3799310326576233
test_Seq_2430,2,2,"benchmark=nucleotide_transformer_downstream_tasks;dataset=splice_sites_all;matching=kmer_balanced;matching_signature=(10, 'CCC');border_estimator=center_window_kmer_jsd;estimator=center_jsd;window=48;search_radius=24;kmer=2;top_ratio=0.25;score_scale=4.0;motif_weight=0.0;motif_radius=12;score_normalization=train_quantile;raw_border_score=0.163621;border_score=0.875222",0.29611507058143616,0.29677653312683105,0.4071083962917328
test_Seq_1766,1,2,"benchmark=nucleotide_transformer_downstream_tasks;dataset=splice_sites_all;matching=kmer_balanced;matching_signature=(7, 'TTT');border_estimator=center_window_kmer_jsd;estimator=center_jsd;window=48;search_radius=24;kmer=2;top_ratio=0.25;score_scale=4.0;motif_weight=0.0;motif_radius=12;score_normalization=train_quantile;raw_border_score=0.119662;border_score=0.810778",0.2458348423242569,0.26179611682891846,0.49236905574798584
test_Seq_1484,1,2,"benchmark=nucleotide_transformer_downstream_tasks;dataset=splice_sites_all;matching=kmer_balanced;matching_signature=(11, 'CAG');border_estimator=center_window_kmer_jsd;estimator=center_jsd;window=48;search_radius=24;kmer=2;top_ratio=0.25;score_scale=4.0;motif_weight=0.0;motif_radius=12;score_normalization=train_quantile;raw_border_score=0.245578;border_score=1.070244",0.32573091983795166,0.3340398967266083,0.3402291536331177
test_Seq_256,0,2,"benchmark=nucleotide_transformer_downstream_tasks;dataset=splice_sites_all;matching=kmer_balanced;matching_signature=(9, 'TGG');border_estimator=center_window_kmer_jsd;estimator=center_jsd;window=48;search_radius=24;kmer=2;top_ratio=0.25;score_scale=4.0;motif_weight=0.0;motif_radius=12;score_normalization=train_quantile;raw_border_score=0.271702;border_score=1.112556",0.23628538846969604,0.24437882006168365,0.5193358063697815
test_Seq_2182,2,2,"benchmark=nucleotide_transformer_downstream_tasks;dataset=splice_sites_all;matching=kmer_balanced;matching_signature=(9, 'GAG');border_estimator=center_window_kmer_jsd;estimator=center_jsd;window=48;search_radius=24;kmer=2;top_ratio=0.25;score_scale=4.0;motif_weight=0.0;motif_radius=12;score_normalization=train_quantile;raw_border_score=0.345509;border_score=1.175089",0.130959153175354,0.12942060828208923,0.7396203279495239
test_Seq_1182,1,2,"benchmark=nucleotide_transformer_downstream_tasks;dataset=splice_sites_all;matching=kmer_balanced;matching_signature=(7, 'AAA');border_estimator=center_window_kmer_jsd;estimator=center_jsd;window=48;search_radius=24;kmer=2;top_ratio=0.25;score_scale=4.0;motif_weight=0.0;motif_radius=12;score_normalization=train_quantile;raw_border_score=0.158408;border_score=0.863667",0.21473409235477448,0.20394645631313324,0.5813193917274475
test_Seq_607,0,2,"benchmark=nucleotide_transformer_downstream_tasks;dataset=splice_sites_all;matching=kmer_balanced;matching_signature=(9, 'TTT');border_estimator=center_window_kmer_jsd;estimator=center_jsd;window=48;search_radius=24;kmer=2;top_ratio=0.25;score_scale=4.0;motif_weight=0.0;motif_radius=12;score_normalization=train_quantile;raw_border_score=0.106458;border_score=0.804200",0.1951606273651123,0.18396343290805817,0.6208759546279907
test_Seq_691,0,2,"benchmark=nucleotide_transformer_downstream_tasks;dataset=splice_sites_all;matching=kmer_balanced;matching_signature=(8, 'GTG');border_estimator=center_window_kmer_jsd;estimator=center_jsd;window=48;search_radius=24;kmer=2;top_ratio=0.25;score_scale=4.0;motif_weight=0.0;motif_radius=12;score_normalization=train_quantile;raw_border_score=0.291852;border_score=1.138200",0.17213833332061768,0.17357595264911652,0.654285728931427
test_Seq_664,0,2,"benchmark=nucleotide_transformer_downstream_tasks;dataset=splice_sites_all;matching=kmer_balanced;matching_signature=(7, 'AAA');border_estimator=center_window_kmer_jsd;estimator=center_jsd;window=48;search_radius=24;kmer=2;top_ratio=0.25;score_scale=4.0;motif_weight=0.0;motif_radius=12;score_normalization=train_quantile;raw_border_score=0.299364;border_score=1.145622",0.30442434549331665,0.3089498281478882,0.38662582635879517
test_Seq_1227,1,2,"benchmark=nucleotide_transformer_downstream_tasks;dataset=splice_sites_all;matching=kmer_balanced;matching_signature=(5, 'TTT');border_estimator=center_window_kmer_jsd;estimator=center_jsd;window=48;search_radius=24;kmer=2;top_ratio=0.25;score_scale=4.0;motif_weight=0.0;motif_radius=12;score_normalization=train_quantile;raw_border_score=0.211738;border_score=0.999222",0.16306985914707184,0.15569137036800385,0.6812387704849243
test_Seq_520,0,2,"benchmark=nucleotide_transformer_downstream_tasks;dataset=splice_sites_all;matching=kmer_balanced;matching_signature=(9, 'CAG');border_estimator=center_window_kmer_jsd;estimator=center_jsd;window=48;search_radius=24;kmer=2;top_ratio=0.25;score_scale=4.0;motif_weight=0.0;motif_radius=12;score_normalization=train_quantile;raw_border_score=0.352024;border_score=1.177578",0.17671118676662445,0.1811283826828003,0.6421604752540588
test_Seq_270,0,2,"benchmark=nucleotide_transformer_downstream_tasks;dataset=splice_sites_all;matching=kmer_balanced;matching_signature=(7, 'TTT');border_estimator=center_window_kmer_jsd;estimator=center_jsd;window=48;search_radius=24;kmer=2;top_ratio=0.25;score_scale=4.0;motif_weight=0.0;motif_radius=12;score_normalization=train_quantile;raw_border_score=0.270305;border_score=1.110778",0.2505216896533966,0.25126272439956665,0.49821561574935913
test_Seq_2995,2,2,"benchmark=nucleotide_transformer_downstream_tasks;dataset=splice_sites_all;matching=kmer_balanced;matching_signature=(6, 'TTT');border_estimator=center_window_kmer_jsd;estimator=center_jsd;window=48;search_radius=24;kmer=2;top_ratio=0.25;score_scale=4.0;motif_weight=0.0;motif_radius=12;score_normalization=train_quantile;raw_border_score=0.205712;border_score=0.985622",0.16745685040950775,0.16115792095661163,0.6713852286338806
test_Seq_1303,1,2,"benchmark=nucleotide_transformer_downstream_tasks;dataset=splice_sites_all;matching=kmer_balanced;matching_signature=(6, 'TTT');border_estimator=center_window_kmer_jsd;estimator=center_jsd;window=48;search_radius=24;kmer=2;top_ratio=0.25;score_scale=4.0;motif_weight=0.0;motif_radius=12;score_normalization=train_quantile;raw_border_score=0.166620;border_score=0.883000",0.2699650228023529,0.26583579182624817,0.4641992151737213
test_Seq_1627,1,2,"benchmark=nucleotide_transformer_downstream_tasks;dataset=splice_sites_all;matching=kmer_balanced;matching_signature=(8, 'TTT');border_estimator=center_window_kmer_jsd;estimator=center_jsd;window=48;search_radius=24;kmer=2;top_ratio=0.25;score_scale=4.0;motif_weight=0.0;motif_radius=12;score_normalization=train_quantile;raw_border_score=0.246132;border_score=1.071400",0.2138940542936325,0.20795708894729614,0.5781488418579102
test_Seq_1192,1,2,"benchmark=nucleotide_transformer_downstream_tasks;dataset=splice_sites_all;matching=kmer_balanced;matching_signature=(6, 'AAA');border_estimator=center_window_kmer_jsd;estimator=center_jsd;window=48;search_radius=24;kmer=2;top_ratio=0.25;score_scale=4.0;motif_weight=0.0;motif_radius=12;score_normalization=train_quantile;raw_border_score=0.137474;border_score=0.828600",0.2768905758857727,0.26915886998176575,0.45395052433013916
test_Seq_999,0,1,"benchmark=nucleotide_transformer_downstream_tasks;dataset=splice_sites_all;matching=kmer_balanced;matching_signature=(11, 'GAG');border_estimator=center_window_kmer_jsd;estimator=center_jsd;window=48;search_radius=24;kmer=2;top_ratio=0.25;score_scale=4.0;motif_weight=0.0;motif_radius=12;score_normalization=train_quantile;raw_border_score=0.169491;border_score=0.889622",0.3300716280937195,0.3571319580078125,0.312796413898468
test_Seq_175,0,2,"benchmark=nucleotide_transformer_downstream_tasks;dataset=splice_sites_all;matching=kmer_balanced;matching_signature=(7, 'TTT');border_estimator=center_window_kmer_jsd;estimator=center_jsd;window=48;search_radius=24;kmer=2;top_ratio=0.25;score_scale=4.0;motif_weight=0.0;motif_radius=12;score_normalization=train_quantile;raw_border_score=0.250166;border_score=1.079711",0.31035786867141724,0.3149425983428955,0.37469953298568726
test_Seq_2508,2,2,"benchmark=nucleotide_transformer_downstream_tasks;dataset=splice_sites_all;matching=kmer_balanced;matching_signature=(7, 'AAA');border_estimator=center_window_kmer_jsd;estimator=center_jsd;window=48;search_radius=24;kmer=2;top_ratio=0.25;score_scale=4.0;motif_weight=0.0;motif_radius=12;score_normalization=train_quantile;raw_border_score=0.165632;border_score=0.880378",0.2809806168079376,0.2790743410587311,0.4399450719356537
test_Seq_2113,2,2,"benchmark=nucleotide_transformer_downstream_tasks;dataset=splice_sites_all;matching=kmer_balanced;matching_signature=(9, 'TTT');border_estimator=center_window_kmer_jsd;estimator=center_jsd;window=48;search_radius=24;kmer=2;top_ratio=0.25;score_scale=4.0;motif_weight=0.0;motif_radius=12;score_normalization=train_quantile;raw_border_score=0.143603;border_score=0.836644",0.12025891244411469,0.12034094333648682,0.7594000697135925
test_Seq_1596,1,2,"benchmark=nucleotide_transformer_downstream_tasks;dataset=splice_sites_all;matching=kmer_balanced;matching_signature=(9, 'TTT');border_estimator=center_window_kmer_jsd;estimator=center_jsd;window=48;search_radius=24;kmer=2;top_ratio=0.25;score_scale=4.0;motif_weight=0.0;motif_radius=12;score_normalization=train_quantile;raw_border_score=0.207564;border_score=0.989356",0.18553081154823303,0.1859365552663803,0.6285325884819031
test_Seq_835,0,2,"benchmark=nucleotide_transformer_downstream_tasks;dataset=splice_sites_all;matching=kmer_balanced;matching_signature=(7, 'TTT');border_estimator=center_window_kmer_jsd;estimator=center_jsd;window=48;search_radius=24;kmer=2;top_ratio=0.25;score_scale=4.0;motif_weight=0.0;motif_radius=12;score_normalization=train_quantile;raw_border_score=0.601539;border_score=1.199578",0.12059181928634644,0.11771326512098312,0.7616948485374451
test_Seq_1110,1,2,"benchmark=nucleotide_transformer_downstream_tasks;dataset=splice_sites_all;matching=kmer_balanced;matching_signature=(7, 'TTT');border_estimator=center_window_kmer_jsd;estimator=center_jsd;window=48;search_radius=24;kmer=2;top_ratio=0.25;score_scale=4.0;motif_weight=0.0;motif_radius=12;score_normalization=train_quantile;raw_border_score=0.243847;border_score=1.067267",0.3036903142929077,0.30418315529823303,0.39212650060653687
test_Seq_197,0,2,"benchmark=nucleotide_transformer_downstream_tasks;dataset=splice_sites_all;matching=kmer_balanced;matching_signature=(13, 'CCC');border_estimator=center_window_kmer_jsd;estimator=center_jsd;window=48;search_radius=24;kmer=2;top_ratio=0.25;score_scale=4.0;motif_weight=0.0;motif_radius=12;score_normalization=train_quantile;raw_border_score=0.241489;border_score=1.061933",0.2510010898113251,0.25255048274993896,0.4964485168457031
test_Seq_1166,1,2,"benchmark=nucleotide_transformer_downstream_tasks;dataset=splice_sites_all;matching=kmer_balanced;matching_signature=(6, 'TTT');border_estimator=center_window_kmer_jsd;estimator=center_jsd;window=48;search_radius=24;kmer=2;top_ratio=0.25;score_scale=4.0;motif_weight=0.0;motif_radius=12;score_normalization=train_quantile;raw_border_score=0.210973;border_score=0.997444",0.31541934609413147,0.3250066936016083,0.35957396030426025
test_Seq_2842,2,2,"benchmark=nucleotide_transformer_downstream_tasks;dataset=splice_sites_all;matching=kmer_balanced;matching_signature=(5, 'TTT');border_estimator=center_window_kmer_jsd;estimator=center_jsd;window=48;search_radius=24;kmer=2;top_ratio=0.25;score_scale=4.0;motif_weight=0.0;motif_radius=12;score_normalization=train_quantile;raw_border_score=0.166030;border_score=0.881267",0.18949653208255768,0.1846955418586731,0.6258079409599304
test_Seq_1285,1,2,"benchmark=nucleotide_transformer_downstream_tasks;dataset=splice_sites_all;matching=kmer_balanced;matching_signature=(7, 'AAA');border_estimator=center_window_kmer_jsd;estimator=center_jsd;window=48;search_radius=24;kmer=2;top_ratio=0.25;score_scale=4.0;motif_weight=0.0;motif_radius=12;score_normalization=train_quantile;raw_border_score=0.160508;border_score=0.868333",0.2937712073326111,0.30746349692344666,0.39876529574394226
test_Seq_1402,1,2,"benchmark=nucleotide_transformer_downstream_tasks;dataset=splice_sites_all;matching=kmer_balanced;matching_signature=(7, 'AAT');border_estimator=center_window_kmer_jsd;estimator=center_jsd;window=48;search_radius=24;kmer=2;top_ratio=0.25;score_scale=4.0;motif_weight=0.0;motif_radius=12;score_normalization=train_quantile;raw_border_score=0.228253;border_score=1.036422",0.28459852933883667,0.2871621251106262,0.4282393753528595
test_Seq_546,0,2,"benchmark=nucleotide_transformer_downstream_tasks;dataset=splice_sites_all;matching=kmer_balanced;matching_signature=(6, 'TTT');border_estimator=center_window_kmer_jsd;estimator=center_jsd;window=48;search_radius=24;kmer=2;top_ratio=0.25;score_scale=4.0;motif_weight=0.0;motif_radius=12;score_normalization=train_quantile;raw_border_score=0.251932;border_score=1.082200",0.18649716675281525,0.18588370084762573,0.6276191473007202
test_Seq_83,0,2,"benchmark=nucleotide_transformer_downstream_tasks;dataset=splice_sites_all;matching=kmer_balanced;matching_signature=(5, 'TTT');border_estimator=center_window_kmer_jsd;estimator=center_jsd;window=48;search_radius=24;kmer=2;top_ratio=0.25;score_scale=4.0;motif_weight=0.0;motif_radius=12;score_normalization=train_quantile;raw_border_score=0.219133;border_score=1.016644",0.2275707721710205,0.23034222424030304,0.5420870184898376
test_Seq_1935,1,2,"benchmark=nucleotide_transformer_downstream_tasks;dataset=splice_sites_all;matching=kmer_balanced;matching_signature=(8, 'TTT');border_estimator=center_window_kmer_jsd;estimator=center_jsd;window=48;search_radius=24;kmer=2;top_ratio=0.25;score_scale=4.0;motif_weight=0.0;motif_radius=12;score_normalization=train_quantile;raw_border_score=0.196164;border_score=0.960422",0.2831079065799713,0.28498801589012146,0.4319041073322296
test_Seq_709,0,2,"benchmark=nucleotide_transformer_downstream_tasks;dataset=splice_sites_all;matching=kmer_balanced;matching_signature=(8, 'TTT');border_estimator=center_window_kmer_jsd;estimator=center_jsd;window=48;search_radius=24;kmer=2;top_ratio=0.25;score_scale=4.0;motif_weight=0.0;motif_radius=12;score_normalization=train_quantile;raw_border_score=0.217732;border_score=1.013089",0.305283784866333,0.3010653257369995,0.39365091919898987
test_Seq_480,0,2,"benchmark=nucleotide_transformer_downstream_tasks;dataset=splice_sites_all;matching=kmer_balanced;matching_signature=(6, 'AAA');border_estimator=center_window_kmer_jsd;estimator=center_jsd;window=48;search_radius=24;kmer=2;top_ratio=0.25;score_scale=4.0;motif_weight=0.0;motif_radius=12;score_normalization=train_quantile;raw_border_score=0.276328;border_score=1.118911",0.2826588451862335,0.28329524397850037,0.43404585123062134
test_Seq_1044,1,2,"benchmark=nucleotide_transformer_downstream_tasks;dataset=splice_sites_all;matching=kmer_balanced;matching_signature=(8, 'TTT');border_estimator=center_window_kmer_jsd;estimator=center_jsd;window=48;search_radius=24;kmer=2;top_ratio=0.25;score_scale=4.0;motif_weight=0.0;motif_radius=12;score_normalization=train_quantile;raw_border_score=0.200737;border_score=0.972822",0.19947968423366547,0.2025037258863449,0.598016619682312
test_Seq_2797,2,2,"benchmark=nucleotide_transformer_downstream_tasks;dataset=splice_sites_all;matching=kmer_balanced;matching_signature=(8, 'TTT');border_estimator=center_window_kmer_jsd;estimator=center_jsd;window=48;search_radius=24;kmer=2;top_ratio=0.25;score_scale=4.0;motif_weight=0.0;motif_radius=12;score_normalization=train_quantile;raw_border_score=0.159802;border_score=0.867178",0.2559245228767395,0.261231005191803,0.48284444212913513
test_Seq_2404,2,2,"benchmark=nucleotide_transformer_downstream_tasks;dataset=splice_sites_all;matching=kmer_balanced;matching_signature=(11, 'GGG');border_estimator=center_window_kmer_jsd;estimator=center_jsd;window=48;search_radius=24;kmer=2;top_ratio=0.25;score_scale=4.0;motif_weight=0.0;motif_radius=12;score_normalization=train_quantile;raw_border_score=0.187262;border_score=0.936689",0.13671016693115234,0.13220971822738647,0.7310800552368164
test_Seq_1803,1,2,"benchmark=nucleotide_transformer_downstream_tasks;dataset=splice_sites_all;matching=kmer_balanced;matching_signature=(6, 'AAA');border_estimator=center_window_kmer_jsd;estimator=center_jsd;window=48;search_radius=24;kmer=2;top_ratio=0.25;score_scale=4.0;motif_weight=0.0;motif_radius=12;score_normalization=train_quantile;raw_border_score=0.182129;border_score=0.922600",0.27692118287086487,0.2759130895137787,0.44716575741767883
test_Seq_154,0,2,"benchmark=nucleotide_transformer_downstream_tasks;dataset=splice_sites_all;matching=kmer_balanced;matching_signature=(8, 'TTT');border_estimator=center_window_kmer_jsd;estimator=center_jsd;window=48;search_radius=24;kmer=2;top_ratio=0.25;score_scale=4.0;motif_weight=0.0;motif_radius=12;score_normalization=train_quantile;raw_border_score=0.241723;border_score=1.062689",0.15708908438682556,0.1521395742893219,0.6907713413238525
test_Seq_707,0,2,"benchmark=nucleotide_transformer_downstream_tasks;dataset=splice_sites_all;matching=kmer_balanced;matching_signature=(12, 'CTG');border_estimator=center_window_kmer_jsd;estimator=center_jsd;window=48;search_radius=24;kmer=2;top_ratio=0.25;score_scale=4.0;motif_weight=0.0;motif_radius=12;score_normalization=train_quantile;raw_border_score=0.192497;border_score=0.950956",0.25712624192237854,0.2545779347419739,0.4882958233356476
test_Seq_689,0,2,"benchmark=nucleotide_transformer_downstream_tasks;dataset=splice_sites_all;matching=kmer_balanced;matching_signature=(5, 'TTT');border_estimator=center_window_kmer_jsd;estimator=center_jsd;window=48;search_radius=24;kmer=2;top_ratio=0.25;score_scale=4.0;motif_weight=0.0;motif_radius=12;score_normalization=train_quantile;raw_border_score=0.219260;border_score=1.017000",0.3285478353500366,0.33099618554115295,0.3404560089111328
test_Seq_614,0,2,"benchmark=nucleotide_transformer_downstream_tasks;dataset=splice_sites_all;matching=kmer_balanced;matching_signature=(8, 'TTT');border_estimator=center_window_kmer_jsd;estimator=center_jsd;window=48;search_radius=24;kmer=2;top_ratio=0.25;score_scale=4.0;motif_weight=0.0;motif_radius=12;score_normalization=train_quantile;raw_border_score=0.293742;border_score=1.139933",0.30251336097717285,0.3087330460548401,0.38875359296798706
test_Seq_812,0,2,"benchmark=nucleotide_transformer_downstream_tasks;dataset=splice_sites_all;matching=kmer_balanced;matching_signature=(7, 'AAA');border_estimator=center_window_kmer_jsd;estimator=center_jsd;window=48;search_radius=24;kmer=2;top_ratio=0.25;score_scale=4.0;motif_weight=0.0;motif_radius=12;score_normalization=train_quantile;raw_border_score=0.259453;border_score=1.094689",0.26966220140457153,0.26624658703804016,0.4640912413597107
test_Seq_1712,1,2,"benchmark=nucleotide_transformer_downstream_tasks;dataset=splice_sites_all;matching=kmer_balanced;matching_signature=(8, 'TCT');border_estimator=center_window_kmer_jsd;estimator=center_jsd;window=48;search_radius=24;kmer=2;top_ratio=0.25;score_scale=4.0;motif_weight=0.0;motif_radius=12;score_normalization=train_quantile;raw_border_score=0.223236;border_score=1.026378",0.3011675477027893,0.3049605190753937,0.3938719928264618
test_Seq_631,0,2,"benchmark=nucleotide_transformer_downstream_tasks;dataset=splice_sites_all;matching=kmer_balanced;matching_signature=(10, 'CTC');border_estimator=center_window_kmer_jsd;estimator=center_jsd;window=48;search_radius=24;kmer=2;top_ratio=0.25;score_scale=4.0;motif_weight=0.0;motif_radius=12;score_normalization=train_quantile;raw_border_score=0.323421;border_score=1.162956",0.22289489209651947,0.21795320510864258,0.5591519474983215
test_Seq_2693,2,2,"benchmark=nucleotide_transformer_downstream_tasks;dataset=splice_sites_all;matching=kmer_balanced;matching_signature=(8, 'AGA');border_estimator=center_window_kmer_jsd;estimator=center_jsd;window=48;search_radius=24;kmer=2;top_ratio=0.25;score_scale=4.0;motif_weight=0.0;motif_radius=12;score_normalization=train_quantile;raw_border_score=0.189033;border_score=0.941489",0.3140045404434204,0.3385694921016693,0.3474259376525879
test_Seq_1668,1,2,"benchmark=nucleotide_transformer_downstream_tasks;dataset=splice_sites_all;matching=kmer_balanced;matching_signature=(6, 'AAA');border_estimator=center_window_kmer_jsd;estimator=center_jsd;window=48;search_radius=24;kmer=2;top_ratio=0.25;score_scale=4.0;motif_weight=0.0;motif_radius=12;score_normalization=train_quantile;raw_border_score=0.274379;border_score=1.116422",0.20088380575180054,0.19937129318714142,0.5997449159622192
test_Seq_933,0,2,"benchmark=nucleotide_transformer_downstream_tasks;dataset=splice_sites_all;matching=kmer_balanced;matching_signature=(13, 'CCC');border_estimator=center_window_kmer_jsd;estimator=center_jsd;window=48;search_radius=24;kmer=2;top_ratio=0.25;score_scale=4.0;motif_weight=0.0;motif_radius=12;score_normalization=train_quantile;raw_border_score=0.268327;border_score=1.107533",0.2206381857395172,0.21412131190299988,0.5652405023574829
test_Seq_1164,1,2,"benchmark=nucleotide_transformer_downstream_tasks;dataset=splice_sites_all;matching=kmer_balanced;matching_signature=(7, 'AAA');border_estimator=center_window_kmer_jsd;estimator=center_jsd;window=48;search_radius=24;kmer=2;top_ratio=0.25;score_scale=4.0;motif_weight=0.0;motif_radius=12;score_normalization=train_quantile;raw_border_score=0.217579;border_score=1.012689",0.3029336631298065,0.3173885643482208,0.37967777252197266
test_Seq_301,0,2,"benchmark=nucleotide_transformer_downstream_tasks;dataset=splice_sites_all;matching=kmer_balanced;matching_signature=(8, 'TTT');border_estimator=center_window_kmer_jsd;estimator=center_jsd;window=48;search_radius=24;kmer=2;top_ratio=0.25;score_scale=4.0;motif_weight=0.0;motif_radius=12;score_normalization=train_quantile;raw_border_score=0.197060;border_score=0.963000",0.1944938600063324,0.1986970156431198,0.606809139251709
test_Seq_1617,1,2,"benchmark=nucleotide_transformer_downstream_tasks;dataset=splice_sites_all;matching=kmer_balanced;matching_signature=(9, 'GGG');border_estimator=center_window_kmer_jsd;estimator=center_jsd;window=48;search_radius=24;kmer=2;top_ratio=0.25;score_scale=4.0;motif_weight=0.0;motif_radius=12;score_normalization=train_quantile;raw_border_score=0.096339;border_score=0.802022",0.25915277004241943,0.2767682671546936,0.4640789330005646
test_Seq_950,0,2,"benchmark=nucleotide_transformer_downstream_tasks;dataset=splice_sites_all;matching=kmer_balanced;matching_signature=(6, 'AAA');border_estimator=center_window_kmer_jsd;estimator=center_jsd;window=48;search_radius=24;kmer=2;top_ratio=0.25;score_scale=4.0;motif_weight=0.0;motif_radius=12;score_normalization=train_quantile;raw_border_score=0.241697;border_score=1.062511",0.2602825164794922,0.2569880783557892,0.4827294647693634
test_Seq_2493,2,2,"benchmark=nucleotide_transformer_downstream_tasks;dataset=splice_sites_all;matching=kmer_balanced;matching_signature=(13, 'CCC');border_estimator=center_window_kmer_jsd;estimator=center_jsd;window=48;search_radius=24;kmer=2;top_ratio=0.25;score_scale=4.0;motif_weight=0.0;motif_radius=12;score_normalization=train_quantile;raw_border_score=0.216548;border_score=1.010467",0.28767824172973633,0.29765328764915466,0.4146685004234314
test_Seq_2759,2,2,"benchmark=nucleotide_transformer_downstream_tasks;dataset=splice_sites_all;matching=kmer_balanced;matching_signature=(6, 'TTT');border_estimator=center_window_kmer_jsd;estimator=center_jsd;window=48;search_radius=24;kmer=2;top_ratio=0.25;score_scale=4.0;motif_weight=0.0;motif_radius=12;score_normalization=train_quantile;raw_border_score=0.177830;border_score=0.912956",0.19369389116764069,0.18824279308319092,0.6180633306503296
test_Seq_885,0,2,"benchmark=nucleotide_transformer_downstream_tasks;dataset=splice_sites_all;matching=kmer_balanced;matching_signature=(9, 'GGG');border_estimator=center_window_kmer_jsd;estimator=center_jsd;window=48;search_radius=24;kmer=2;top_ratio=0.25;score_scale=4.0;motif_weight=0.0;motif_radius=12;score_normalization=train_quantile;raw_border_score=0.241430;border_score=1.061800",0.15781986713409424,0.15235231816768646,0.6898277997970581
test_Seq_1536,1,1,"benchmark=nucleotide_transformer_downstream_tasks;dataset=splice_sites_all;matching=kmer_balanced;matching_signature=(9, 'CAG');border_estimator=center_window_kmer_jsd;estimator=center_jsd;window=48;search_radius=24;kmer=2;top_ratio=0.25;score_scale=4.0;motif_weight=0.0;motif_radius=12;score_normalization=train_quantile;raw_border_score=0.197503;border_score=0.964289",0.34429651498794556,0.3696776330471039,0.2860258221626282
test_Seq_2758,2,2,"benchmark=nucleotide_transformer_downstream_tasks;dataset=splice_sites_all;matching=kmer_balanced;matching_signature=(8, 'AAA');border_estimator=center_window_kmer_jsd;estimator=center_jsd;window=48;search_radius=24;kmer=2;top_ratio=0.25;score_scale=4.0;motif_weight=0.0;motif_radius=12;score_normalization=train_quantile;raw_border_score=0.165056;border_score=0.879222",0.21418987214565277,0.2173296958208084,0.568480372428894
test_Seq_2968,2,2,"benchmark=nucleotide_transformer_downstream_tasks;dataset=splice_sites_all;matching=kmer_balanced;matching_signature=(7, 'TTT');border_estimator=center_window_kmer_jsd;estimator=center_jsd;window=48;search_radius=24;kmer=2;top_ratio=0.25;score_scale=4.0;motif_weight=0.0;motif_radius=12;score_normalization=train_quantile;raw_border_score=0.134651;border_score=0.824778",0.1799892634153366,0.18130430579185486,0.6387064456939697
test_Seq_1541,1,2,"benchmark=nucleotide_transformer_downstream_tasks;dataset=splice_sites_all;matching=kmer_balanced;matching_signature=(9, 'GAA');border_estimator=center_window_kmer_jsd;estimator=center_jsd;window=48;search_radius=24;kmer=2;top_ratio=0.25;score_scale=4.0;motif_weight=0.0;motif_radius=12;score_normalization=train_quantile;raw_border_score=0.116170;border_score=0.808822",0.31485509872436523,0.3260706663131714,0.359074205160141
test_Seq_280,0,2,"benchmark=nucleotide_transformer_downstream_tasks;dataset=splice_sites_all;matching=kmer_balanced;matching_signature=(10, 'CCA');border_estimator=center_window_kmer_jsd;estimator=center_jsd;window=48;search_radius=24;kmer=2;top_ratio=0.25;score_scale=4.0;motif_weight=0.0;motif_radius=12;score_normalization=train_quantile;raw_border_score=0.240810;border_score=1.060778",0.22599554061889648,0.22721004486083984,0.5467944145202637
test_Seq_90,0,2,"benchmark=nucleotide_transformer_downstream_tasks;dataset=splice_sites_all;matching=kmer_balanced;matching_signature=(8, 'TTT');border_estimator=center_window_kmer_jsd;estimator=center_jsd;window=48;search_radius=24;kmer=2;top_ratio=0.25;score_scale=4.0;motif_weight=0.0;motif_radius=12;score_normalization=train_quantile;raw_border_score=0.195389;border_score=0.958244",0.30908918380737305,0.3095680773258209,0.38134267926216125
test_Seq_282,0,2,"benchmark=nucleotide_transformer_downstream_tasks;dataset=splice_sites_all;matching=kmer_balanced;matching_signature=(9, 'TTT');border_estimator=center_window_kmer_jsd;estimator=center_jsd;window=48;search_radius=24;kmer=2;top_ratio=0.25;score_scale=4.0;motif_weight=0.0;motif_radius=12;score_normalization=train_quantile;raw_border_score=0.142225;border_score=0.834378",0.2382119745016098,0.2331307828426361,0.5286571979522705
test_Seq_1768,1,2,"benchmark=nucleotide_transformer_downstream_tasks;dataset=splice_sites_all;matching=kmer_balanced;matching_signature=(9, 'TTT');border_estimator=center_window_kmer_jsd;estimator=center_jsd;window=48;search_radius=24;kmer=2;top_ratio=0.25;score_scale=4.0;motif_weight=0.0;motif_radius=12;score_normalization=train_quantile;raw_border_score=0.121241;border_score=0.811800",0.16501973569393158,0.15696004033088684,0.678020179271698
test_Seq_1127,1,2,"benchmark=nucleotide_transformer_downstream_tasks;dataset=splice_sites_all;matching=kmer_balanced;matching_signature=(6, 'TTT');border_estimator=center_window_kmer_jsd;estimator=center_jsd;window=48;search_radius=24;kmer=2;top_ratio=0.25;score_scale=4.0;motif_weight=0.0;motif_radius=12;score_normalization=train_quantile;raw_border_score=0.219688;border_score=1.017756",0.19933760166168213,0.19729943573474884,0.6033629775047302
test_Seq_904,0,2,"benchmark=nucleotide_transformer_downstream_tasks;dataset=splice_sites_all;matching=kmer_balanced;matching_signature=(12, 'GGG');border_estimator=center_window_kmer_jsd;estimator=center_jsd;window=48;search_radius=24;kmer=2;top_ratio=0.25;score_scale=4.0;motif_weight=0.0;motif_radius=12;score_normalization=train_quantile;raw_border_score=0.295731;border_score=1.141444",0.2085583209991455,0.20147304236888885,0.5899686813354492
test_Seq_1015,1,2,"benchmark=nucleotide_transformer_downstream_tasks;dataset=splice_sites_all;matching=kmer_balanced;matching_signature=(7, 'TTT');border_estimator=center_window_kmer_jsd;estimator=center_jsd;window=48;search_radius=24;kmer=2;top_ratio=0.25;score_scale=4.0;motif_weight=0.0;motif_radius=12;score_normalization=train_quantile;raw_border_score=0.309174;border_score=1.153311",0.2475128173828125,0.25148770213127136,0.5009995102882385
test_Seq_761,0,2,"benchmark=nucleotide_transformer_downstream_tasks;dataset=splice_sites_all;matching=kmer_balanced;matching_signature=(10, 'TTT');border_estimator=center_window_kmer_jsd;estimator=center_jsd;window=48;search_radius=24;kmer=2;top_ratio=0.25;score_scale=4.0;motif_weight=0.0;motif_radius=12;score_normalization=train_quantile;raw_border_score=0.272454;border_score=1.113933",0.23329515755176544,0.23697958886623383,0.5297253131866455
test_Seq_2036,2,2,"benchmark=nucleotide_transformer_downstream_tasks;dataset=splice_sites_all;matching=kmer_balanced;matching_signature=(11, 'CTG');border_estimator=center_window_kmer_jsd;estimator=center_jsd;window=48;search_radius=24;kmer=2;top_ratio=0.25;score_scale=4.0;motif_weight=0.0;motif_radius=12;score_normalization=train_quantile;raw_border_score=0.134187;border_score=0.824289",0.22058488428592682,0.20908573269844055,0.5703293085098267
test_Seq_304,0,2,"benchmark=nucleotide_transformer_downstream_tasks;dataset=splice_sites_all;matching=kmer_balanced;matching_signature=(8, 'AAA');border_estimator=center_window_kmer_jsd;estimator=center_jsd;window=48;search_radius=24;kmer=2;top_ratio=0.25;score_scale=4.0;motif_weight=0.0;motif_radius=12;score_normalization=train_quantile;raw_border_score=0.238258;border_score=1.055000",0.2134726494550705,0.20888224244117737,0.5776451826095581
test_Seq_1671,1,2,"benchmark=nucleotide_transformer_downstream_tasks;dataset=splice_sites_all;matching=kmer_balanced;matching_signature=(8, 'TTT');border_estimator=center_window_kmer_jsd;estimator=center_jsd;window=48;search_radius=24;kmer=2;top_ratio=0.25;score_scale=4.0;motif_weight=0.0;motif_radius=12;score_normalization=train_quantile;raw_border_score=0.284507;border_score=1.129756",0.20067088305950165,0.19999045133590698,0.599338710308075
test_Seq_1386,1,1,"benchmark=nucleotide_transformer_downstream_tasks;dataset=splice_sites_all;matching=kmer_balanced;matching_signature=(7, 'TTT');border_estimator=center_window_kmer_jsd;estimator=center_jsd;window=48;search_radius=24;kmer=2;top_ratio=0.25;score_scale=4.0;motif_weight=0.0;motif_radius=12;score_normalization=train_quantile;raw_border_score=0.331544;border_score=1.167089",0.3436277210712433,0.3491632044315338,0.3072090446949005
test_Seq_1610,1,2,"benchmark=nucleotide_transformer_downstream_tasks;dataset=splice_sites_all;matching=kmer_balanced;matching_signature=(6, 'TTT');border_estimator=center_window_kmer_jsd;estimator=center_jsd;window=48;search_radius=24;kmer=2;top_ratio=0.25;score_scale=4.0;motif_weight=0.0;motif_radius=12;score_normalization=train_quantile;raw_border_score=0.187540;border_score=0.937356",0.29996469616889954,0.3083929121494293,0.39164239168167114
test_Seq_2699,2,2,"benchmark=nucleotide_transformer_downstream_tasks;dataset=splice_sites_all;matching=kmer_balanced;matching_signature=(8, 'TTT');border_estimator=center_window_kmer_jsd;estimator=center_jsd;window=48;search_radius=24;kmer=2;top_ratio=0.25;score_scale=4.0;motif_weight=0.0;motif_radius=12;score_normalization=train_quantile;raw_border_score=0.264716;border_score=1.103000",0.16666032373905182,0.16162437200546265,0.671715259552002
test_Seq_1491,1,2,"benchmark=nucleotide_transformer_downstream_tasks;dataset=splice_sites_all;matching=kmer_balanced;matching_signature=(13, 'CCC');border_estimator=center_window_kmer_jsd;estimator=center_jsd;window=48;search_radius=24;kmer=2;top_ratio=0.25;score_scale=4.0;motif_weight=0.0;motif_radius=12;score_normalization=train_quantile;raw_border_score=0.119416;border_score=0.810556",0.26942527294158936,0.25884926319122314,0.4717255234718323
test_Seq_203,0,2,"benchmark=nucleotide_transformer_downstream_tasks;dataset=splice_sites_all;matching=kmer_balanced;matching_signature=(8, 'GAA');border_estimator=center_window_kmer_jsd;estimator=center_jsd;window=48;search_radius=24;kmer=2;top_ratio=0.25;score_scale=4.0;motif_weight=0.0;motif_radius=12;score_normalization=train_quantile;raw_border_score=0.271860;border_score=1.113000",0.20884141325950623,0.20492473244667053,0.5862338542938232
test_Seq_1952,1,2,"benchmark=nucleotide_transformer_downstream_tasks;dataset=splice_sites_all;matching=kmer_balanced;matching_signature=(8, 'TTT');border_estimator=center_window_kmer_jsd;estimator=center_jsd;window=48;search_radius=24;kmer=2;top_ratio=0.25;score_scale=4.0;motif_weight=0.0;motif_radius=12;score_normalization=train_quantile;raw_border_score=0.266366;border_score=1.105133",0.1839592009782791,0.18488965928554535,0.6311511397361755
test_Seq_534,0,2,"benchmark=nucleotide_transformer_downstream_tasks;dataset=splice_sites_all;matching=kmer_balanced;matching_signature=(8, 'AAA');border_estimator=center_window_kmer_jsd;estimator=center_jsd;window=48;search_radius=24;kmer=2;top_ratio=0.25;score_scale=4.0;motif_weight=0.0;motif_radius=12;score_normalization=train_quantile;raw_border_score=0.196238;border_score=0.960689",0.3077503442764282,0.32853537797927856,0.3637143075466156
test_Seq_931,0,2,"benchmark=nucleotide_transformer_downstream_tasks;dataset=splice_sites_all;matching=kmer_balanced;matching_signature=(9, 'TTT');border_estimator=center_window_kmer_jsd;estimator=center_jsd;window=48;search_radius=24;kmer=2;top_ratio=0.25;score_scale=4.0;motif_weight=0.0;motif_radius=12;score_normalization=train_quantile;raw_border_score=0.275104;border_score=1.117444",0.2752443850040436,0.27420076727867126,0.45055487751960754
test_Seq_770,0,2,"benchmark=nucleotide_transformer_downstream_tasks;dataset=splice_sites_all;matching=kmer_balanced;matching_signature=(10, 'CTC');border_estimator=center_window_kmer_jsd;estimator=center_jsd;window=48;search_radius=24;kmer=2;top_ratio=0.25;score_scale=4.0;motif_weight=0.0;motif_radius=12;score_normalization=train_quantile;raw_border_score=0.192890;border_score=0.951667",0.2383066713809967,0.22209469974040985,0.5395987033843994
test_Seq_349,0,2,"benchmark=nucleotide_transformer_downstream_tasks;dataset=splice_sites_all;matching=kmer_balanced;matching_signature=(10, 'GAG');border_estimator=center_window_kmer_jsd;estimator=center_jsd;window=48;search_radius=24;kmer=2;top_ratio=0.25;score_scale=4.0;motif_weight=0.0;motif_radius=12;score_normalization=train_quantile;raw_border_score=0.256668;border_score=1.090022",0.2694818675518036,0.2913474142551422,0.4391706883907318
test_Seq_1185,1,2,"benchmark=nucleotide_transformer_downstream_tasks;dataset=splice_sites_all;matching=kmer_balanced;matching_signature=(8, 'AAA');border_estimator=center_window_kmer_jsd;estimator=center_jsd;window=48;search_radius=24;kmer=2;top_ratio=0.25;score_scale=4.0;motif_weight=0.0;motif_radius=12;score_normalization=train_quantile;raw_border_score=0.199902;border_score=0.971000",0.2707827687263489,0.2781175673007965,0.4510996639728546
test_Seq_2852,2,2,"benchmark=nucleotide_transformer_downstream_tasks;dataset=splice_sites_all;matching=kmer_balanced;matching_signature=(10, 'TTT');border_estimator=center_window_kmer_jsd;estimator=center_jsd;window=48;search_radius=24;kmer=2;top_ratio=0.25;score_scale=4.0;motif_weight=0.0;motif_radius=12;score_normalization=train_quantile;raw_border_score=0.192847;border_score=0.951622",0.08423913270235062,0.08201264590024948,0.8337481617927551
test_Seq_2816,2,2,"benchmark=nucleotide_transformer_downstream_tasks;dataset=splice_sites_all;matching=kmer_balanced;matching_signature=(8, 'GAA');border_estimator=center_window_kmer_jsd;estimator=center_jsd;window=48;search_radius=24;kmer=2;top_ratio=0.25;score_scale=4.0;motif_weight=0.0;motif_radius=12;score_normalization=train_quantile;raw_border_score=0.128851;border_score=0.818289",0.24524754285812378,0.26049819588661194,0.4942542016506195
test_Seq_1277,1,2,"benchmark=nucleotide_transformer_downstream_tasks;dataset=splice_sites_all;matching=kmer_balanced;matching_signature=(6, 'TTT');border_estimator=center_window_kmer_jsd;estimator=center_jsd;window=48;search_radius=24;kmer=2;top_ratio=0.25;score_scale=4.0;motif_weight=0.0;motif_radius=12;score_normalization=train_quantile;raw_border_score=0.132562;border_score=0.822244",0.19307993352413177,0.20172591507434845,0.6051941514015198
test_Seq_1367,1,2,"benchmark=nucleotide_transformer_downstream_tasks;dataset=splice_sites_all;matching=kmer_balanced;matching_signature=(8, 'TTT');border_estimator=center_window_kmer_jsd;estimator=center_jsd;window=48;search_radius=24;kmer=2;top_ratio=0.25;score_scale=4.0;motif_weight=0.0;motif_radius=12;score_normalization=train_quantile;raw_border_score=0.226440;border_score=1.032600",0.2561580240726471,0.255541056394577,0.48830094933509827
test_Seq_2053,2,2,"benchmark=nucleotide_transformer_downstream_tasks;dataset=splice_sites_all;matching=kmer_balanced;matching_signature=(9, 'TCT');border_estimator=center_window_kmer_jsd;estimator=center_jsd;window=48;search_radius=24;kmer=2;top_ratio=0.25;score_scale=4.0;motif_weight=0.0;motif_radius=12;score_normalization=train_quantile;raw_border_score=0.180934;border_score=0.920200",0.22931447625160217,0.2227294147014618,0.5479560494422913
test_Seq_1934,1,2,"benchmark=nucleotide_transformer_downstream_tasks;dataset=splice_sites_all;matching=kmer_balanced;matching_signature=(7, 'AAA');border_estimator=center_window_kmer_jsd;estimator=center_jsd;window=48;search_radius=24;kmer=2;top_ratio=0.25;score_scale=4.0;motif_weight=0.0;motif_radius=12;score_normalization=train_quantile;raw_border_score=0.375090;border_score=1.185489",0.2578485310077667,0.259111225605011,0.4830402433872223
test_Seq_122,0,2,"benchmark=nucleotide_transformer_downstream_tasks;dataset=splice_sites_all;matching=kmer_balanced;matching_signature=(9, 'TTT');border_estimator=center_window_kmer_jsd;estimator=center_jsd;window=48;search_radius=24;kmer=2;top_ratio=0.25;score_scale=4.0;motif_weight=0.0;motif_radius=12;score_normalization=train_quantile;raw_border_score=0.239802;border_score=1.057800",0.08994967490434647,0.09062502533197403,0.8194253444671631
test_Seq_1114,1,2,"benchmark=nucleotide_transformer_downstream_tasks;dataset=splice_sites_all;matching=kmer_balanced;matching_signature=(5, 'TTT');border_estimator=center_window_kmer_jsd;estimator=center_jsd;window=48;search_radius=24;kmer=2;top_ratio=0.25;score_scale=4.0;motif_weight=0.0;motif_radius=12;score_normalization=train_quantile;raw_border_score=0.244856;border_score=1.069000",0.192457914352417,0.20385877788066864,0.603683352470398
test_Seq_2159,2,2,"benchmark=nucleotide_transformer_downstream_tasks;dataset=splice_sites_all;matching=kmer_balanced;matching_signature=(5, 'TTT');border_estimator=center_window_kmer_jsd;estimator=center_jsd;window=48;search_radius=24;kmer=2;top_ratio=0.25;score_scale=4.0;motif_weight=0.0;motif_radius=12;score_normalization=train_quantile;raw_border_score=0.145252;border_score=0.839311",0.19024690985679626,0.18582284450531006,0.6239302158355713
test_Seq_1011,1,2,"benchmark=nucleotide_transformer_downstream_tasks;dataset=splice_sites_all;matching=kmer_balanced;matching_signature=(7, 'TTT');border_estimator=center_window_kmer_jsd;estimator=center_jsd;window=48;search_radius=24;kmer=2;top_ratio=0.25;score_scale=4.0;motif_weight=0.0;motif_radius=12;score_normalization=train_quantile;raw_border_score=0.224307;border_score=1.028511",0.2102765142917633,0.2032182216644287,0.5865052342414856
test_Seq_2617,2,2,"benchmark=nucleotide_transformer_downstream_tasks;dataset=splice_sites_all;matching=kmer_balanced;matching_signature=(8, 'AAA');border_estimator=center_window_kmer_jsd;estimator=center_jsd;window=48;search_radius=24;kmer=2;top_ratio=0.25;score_scale=4.0;motif_weight=0.0;motif_radius=12;score_normalization=train_quantile;raw_border_score=0.355495;border_score=1.179000",0.09762527048587799,0.098823182284832,0.8035515546798706
test_Seq_161,0,2,"benchmark=nucleotide_transformer_downstream_tasks;dataset=splice_sites_all;matching=kmer_balanced;matching_signature=(11, 'GGG');border_estimator=center_window_kmer_jsd;estimator=center_jsd;window=48;search_radius=24;kmer=2;top_ratio=0.25;score_scale=4.0;motif_weight=0.0;motif_radius=12;score_normalization=train_quantile;raw_border_score=0.339706;border_score=1.171711",0.3025303781032562,0.3067271411418915,0.3907424509525299
test_Seq_846,0,2,"benchmark=nucleotide_transformer_downstream_tasks;dataset=splice_sites_all;matching=kmer_balanced;matching_signature=(9, 'TTT');border_estimator=center_window_kmer_jsd;estimator=center_jsd;window=48;search_radius=24;kmer=2;top_ratio=0.25;score_scale=4.0;motif_weight=0.0;motif_radius=12;score_normalization=train_quantile;raw_border_score=0.230107;border_score=1.039978",0.26506829261779785,0.2592766284942627,0.47565510869026184
test_Seq_2135,2,2,"benchmark=nucleotide_transformer_downstream_tasks;dataset=splice_sites_all;matching=kmer_balanced;matching_signature=(6, 'TTT');border_estimator=center_window_kmer_jsd;estimator=center_jsd;window=48;search_radius=24;kmer=2;top_ratio=0.25;score_scale=4.0;motif_weight=0.0;motif_radius=12;score_normalization=train_quantile;raw_border_score=0.185174;border_score=0.931044",0.1554379165172577,0.15470078587532043,0.6898612380027771
test_Seq_2061,2,2,"benchmark=nucleotide_transformer_downstream_tasks;dataset=splice_sites_all;matching=kmer_balanced;matching_signature=(10, 'TGT');border_estimator=center_window_kmer_jsd;estimator=center_jsd;window=48;search_radius=24;kmer=2;top_ratio=0.25;score_scale=4.0;motif_weight=0.0;motif_radius=12;score_normalization=train_quantile;raw_border_score=0.223885;border_score=1.027978",0.2686997056007385,0.27142831683158875,0.45987188816070557
test_Seq_2737,2,2,"benchmark=nucleotide_transformer_downstream_tasks;dataset=splice_sites_all;matching=kmer_balanced;matching_signature=(7, 'TTT');border_estimator=center_window_kmer_jsd;estimator=center_jsd;window=48;search_radius=24;kmer=2;top_ratio=0.25;score_scale=4.0;motif_weight=0.0;motif_radius=12;score_normalization=train_quantile;raw_border_score=0.276999;border_score=1.119844",0.22972653806209564,0.2315475344657898,0.5387259125709534
test_Seq_268,0,2,"benchmark=nucleotide_transformer_downstream_tasks;dataset=splice_sites_all;matching=kmer_balanced;matching_signature=(10, 'GGG');border_estimator=center_window_kmer_jsd;estimator=center_jsd;window=48;search_radius=24;kmer=2;top_ratio=0.25;score_scale=4.0;motif_weight=0.0;motif_radius=12;score_normalization=train_quantile;raw_border_score=0.191180;border_score=0.947444",0.18523281812667847,0.1728837788105011,0.6418834328651428
test_Seq_2258,2,2,"benchmark=nucleotide_transformer_downstream_tasks;dataset=splice_sites_all;matching=kmer_balanced;matching_signature=(12, 'CTG');border_estimator=center_window_kmer_jsd;estimator=center_jsd;window=48;search_radius=24;kmer=2;top_ratio=0.25;score_scale=4.0;motif_weight=0.0;motif_radius=12;score_normalization=train_quantile;raw_border_score=0.265874;border_score=1.104778",0.2881707549095154,0.2954183518886566,0.4164109230041504
test_Seq_355,0,1,"benchmark=nucleotide_transformer_downstream_tasks;dataset=splice_sites_all;matching=kmer_balanced;matching_signature=(8, 'TTT');border_estimator=center_window_kmer_jsd;estimator=center_jsd;window=48;search_radius=24;kmer=2;top_ratio=0.25;score_scale=4.0;motif_weight=0.0;motif_radius=12;score_normalization=train_quantile;raw_border_score=0.485342;border_score=1.197667",0.3549272418022156,0.401290625333786,0.2437821626663208
test_Seq_942,0,2,"benchmark=nucleotide_transformer_downstream_tasks;dataset=splice_sites_all;matching=kmer_balanced;matching_signature=(9, 'AAA');border_estimator=center_window_kmer_jsd;estimator=center_jsd;window=48;search_radius=24;kmer=2;top_ratio=0.25;score_scale=4.0;motif_weight=0.0;motif_radius=12;score_normalization=train_quantile;raw_border_score=0.156228;border_score=0.859756",0.2885369062423706,0.3071093261241913,0.4043537974357605
test_Seq_1904,1,2,"benchmark=nucleotide_transformer_downstream_tasks;dataset=splice_sites_all;matching=kmer_balanced;matching_signature=(8, 'TTT');border_estimator=center_window_kmer_jsd;estimator=center_jsd;window=48;search_radius=24;kmer=2;top_ratio=0.25;score_scale=4.0;motif_weight=0.0;motif_radius=12;score_normalization=train_quantile;raw_border_score=0.269204;border_score=1.108822",0.20260602235794067,0.20088274776935577,0.5965112447738647
test_Seq_748,0,2,"benchmark=nucleotide_transformer_downstream_tasks;dataset=splice_sites_all;matching=kmer_balanced;matching_signature=(7, 'TTT');border_estimator=center_window_kmer_jsd;estimator=center_jsd;window=48;search_radius=24;kmer=2;top_ratio=0.25;score_scale=4.0;motif_weight=0.0;motif_radius=12;score_normalization=train_quantile;raw_border_score=0.134441;border_score=0.824511",0.24033594131469727,0.24070574343204498,0.5189583897590637
test_Seq_149,0,2,"benchmark=nucleotide_transformer_downstream_tasks;dataset=splice_sites_all;matching=kmer_balanced;matching_signature=(14, 'GGC');border_estimator=center_window_kmer_jsd;estimator=center_jsd;window=48;search_radius=24;kmer=2;top_ratio=0.25;score_scale=4.0;motif_weight=0.0;motif_radius=12;score_normalization=train_quantile;raw_border_score=0.131132;border_score=0.820644",0.29357609152793884,0.3023471534252167,0.4040767252445221
test_Seq_711,0,2,"benchmark=nucleotide_transformer_downstream_tasks;dataset=splice_sites_all;matching=kmer_balanced;matching_signature=(7, 'TTT');border_estimator=center_window_kmer_jsd;estimator=center_jsd;window=48;search_radius=24;kmer=2;top_ratio=0.25;score_scale=4.0;motif_weight=0.0;motif_radius=12;score_normalization=train_quantile;raw_border_score=0.189765;border_score=0.943578",0.22012469172477722,0.2124834805727005,0.5673918128013611
test_Seq_1342,1,2,"benchmark=nucleotide_transformer_downstream_tasks;dataset=splice_sites_all;matching=kmer_balanced;matching_signature=(6, 'TTT');border_estimator=center_window_kmer_jsd;estimator=center_jsd;window=48;search_radius=24;kmer=2;top_ratio=0.25;score_scale=4.0;motif_weight=0.0;motif_radius=12;score_normalization=train_quantile;raw_border_score=0.242202;border_score=1.064067",0.23795469105243683,0.24109366536140442,0.5209516286849976
test_Seq_1514,1,1,"benchmark=nucleotide_transformer_downstream_tasks;dataset=splice_sites_all;matching=kmer_balanced;matching_signature=(7, 'TGT');border_estimator=center_window_kmer_jsd;estimator=center_jsd;window=48;search_radius=24;kmer=2;top_ratio=0.25;score_scale=4.0;motif_weight=0.0;motif_radius=12;score_normalization=train_quantile;raw_border_score=0.210114;border_score=0.995267",0.3451574146747589,0.35485440492630005,0.29998818039894104
test_Seq_2140,2,2,"benchmark=nucleotide_transformer_downstream_tasks;dataset=splice_sites_all;matching=kmer_balanced;matching_signature=(12, 'GGG');border_estimator=center_window_kmer_jsd;estimator=center_jsd;window=48;search_radius=24;kmer=2;top_ratio=0.25;score_scale=4.0;motif_weight=0.0;motif_radius=12;score_normalization=train_quantile;raw_border_score=0.236919;border_score=1.052422",0.28084519505500793,0.28553295135498047,0.433621883392334
test_Seq_739,0,1,"benchmark=nucleotide_transformer_downstream_tasks;dataset=splice_sites_all;matching=kmer_balanced;matching_signature=(9, 'CTG');border_estimator=center_window_kmer_jsd;estimator=center_jsd;window=48;search_radius=24;kmer=2;top_ratio=0.25;score_scale=4.0;motif_weight=0.0;motif_radius=12;score_normalization=train_quantile;raw_border_score=0.297996;border_score=1.143667",0.36118003726005554,0.3747827112674713,0.26403719186782837
test_Seq_1228,1,2,"benchmark=nucleotide_transformer_downstream_tasks;dataset=splice_sites_all;matching=kmer_balanced;matching_signature=(7, 'AAA');border_estimator=center_window_kmer_jsd;estimator=center_jsd;window=48;search_radius=24;kmer=2;top_ratio=0.25;score_scale=4.0;motif_weight=0.0;motif_radius=12;score_normalization=train_quantile;raw_border_score=0.166286;border_score=0.882022",0.2041214555501938,0.21111777424812317,0.5847607254981995
test_Seq_2607,2,2,"benchmark=nucleotide_transformer_downstream_tasks;dataset=splice_sites_all;matching=kmer_balanced;matching_signature=(8, 'TTT');border_estimator=center_window_kmer_jsd;estimator=center_jsd;window=48;search_radius=24;kmer=2;top_ratio=0.25;score_scale=4.0;motif_weight=0.0;motif_radius=12;score_normalization=train_quantile;raw_border_score=0.191945;border_score=0.949444",0.32438430190086365,0.3153879940509796,0.3602277636528015
test_Seq_1034,1,1,"benchmark=nucleotide_transformer_downstream_tasks;dataset=splice_sites_all;matching=kmer_balanced;matching_signature=(9, 'TCT');border_estimator=center_window_kmer_jsd;estimator=center_jsd;window=48;search_radius=24;kmer=2;top_ratio=0.25;score_scale=4.0;motif_weight=0.0;motif_radius=12;score_normalization=train_quantile;raw_border_score=0.212625;border_score=1.001000",0.3434871733188629,0.34719035029411316,0.3093225061893463
test_Seq_1279,1,2,"benchmark=nucleotide_transformer_downstream_tasks;dataset=splice_sites_all;matching=kmer_balanced;matching_signature=(7, 'AAA');border_estimator=center_window_kmer_jsd;estimator=center_jsd;window=48;search_radius=24;kmer=2;top_ratio=0.25;score_scale=4.0;motif_weight=0.0;motif_radius=12;score_normalization=train_quantile;raw_border_score=0.224667;border_score=1.029222",0.31123965978622437,0.3175256848335266,0.3712346851825714
test_Seq_2074,2,2,"benchmark=nucleotide_transformer_downstream_tasks;dataset=splice_sites_all;matching=kmer_balanced;matching_signature=(8, 'TTT');border_estimator=center_window_kmer_jsd;estimator=center_jsd;window=48;search_radius=24;kmer=2;top_ratio=0.25;score_scale=4.0;motif_weight=0.0;motif_radius=12;score_normalization=train_quantile;raw_border_score=0.214783;border_score=1.005533",0.13350620865821838,0.130584254860878,0.7359095811843872
test_Seq_1751,1,2,"benchmark=nucleotide_transformer_downstream_tasks;dataset=splice_sites_all;matching=kmer_balanced;matching_signature=(9, 'TTT');border_estimator=center_window_kmer_jsd;estimator=center_jsd;window=48;search_radius=24;kmer=2;top_ratio=0.25;score_scale=4.0;motif_weight=0.0;motif_radius=12;score_normalization=train_quantile;raw_border_score=0.248478;border_score=1.076067",0.2321544587612152,0.23274610936641693,0.5350993871688843
test_Seq_2563,2,2,"benchmark=nucleotide_transformer_downstream_tasks;dataset=splice_sites_all;matching=kmer_balanced;matching_signature=(8, 'TCT');border_estimator=center_window_kmer_jsd;estimator=center_jsd;window=48;search_radius=24;kmer=2;top_ratio=0.25;score_scale=4.0;motif_weight=0.0;motif_radius=12;score_normalization=train_quantile;raw_border_score=0.119916;border_score=0.810956",0.20488712191581726,0.19363337755203247,0.6014795303344727
test_Seq_1276,1,2,"benchmark=nucleotide_transformer_downstream_tasks;dataset=splice_sites_all;matching=kmer_balanced;matching_signature=(7, 'AAA');border_estimator=center_window_kmer_jsd;estimator=center_jsd;window=48;search_radius=24;kmer=2;top_ratio=0.25;score_scale=4.0;motif_weight=0.0;motif_radius=12;score_normalization=train_quantile;raw_border_score=0.096829;border_score=0.802111",0.3033735454082489,0.2965252995491028,0.4001011550426483
test_Seq_1632,1,2,"benchmark=nucleotide_transformer_downstream_tasks;dataset=splice_sites_all;matching=kmer_balanced;matching_signature=(10, 'GAG');border_estimator=center_window_kmer_jsd;estimator=center_jsd;window=48;search_radius=24;kmer=2;top_ratio=0.25;score_scale=4.0;motif_weight=0.0;motif_radius=12;score_normalization=train_quantile;raw_border_score=0.225340;border_score=1.030733",0.25813165307044983,0.2698468267917633,0.47202152013778687
test_Seq_1640,1,2,"benchmark=nucleotide_transformer_downstream_tasks;dataset=splice_sites_all;matching=kmer_balanced;matching_signature=(5, 'TTT');border_estimator=center_window_kmer_jsd;estimator=center_jsd;window=48;search_radius=24;kmer=2;top_ratio=0.25;score_scale=4.0;motif_weight=0.0;motif_radius=12;score_normalization=train_quantile;raw_border_score=0.253670;border_score=1.085356",0.16015197336673737,0.15182936191558838,0.6880186200141907
test_Seq_1887,1,2,"benchmark=nucleotide_transformer_downstream_tasks;dataset=splice_sites_all;matching=kmer_balanced;matching_signature=(9, 'AAA');border_estimator=center_window_kmer_jsd;estimator=center_jsd;window=48;search_radius=24;kmer=2;top_ratio=0.25;score_scale=4.0;motif_weight=0.0;motif_radius=12;score_normalization=train_quantile;raw_border_score=0.252405;border_score=1.082911",0.2573870122432709,0.25357285141944885,0.4890400767326355
test_Seq_610,0,2,"benchmark=nucleotide_transformer_downstream_tasks;dataset=splice_sites_all;matching=kmer_balanced;matching_signature=(11, 'CCC');border_estimator=center_window_kmer_jsd;estimator=center_jsd;window=48;search_radius=24;kmer=2;top_ratio=0.25;score_scale=4.0;motif_weight=0.0;motif_radius=12;score_normalization=train_quantile;raw_border_score=0.342682;border_score=1.173178",0.1619410514831543,0.15840737521648407,0.6796515583992004
test_Seq_1735,1,1,"benchmark=nucleotide_transformer_downstream_tasks;dataset=splice_sites_all;matching=kmer_balanced;matching_signature=(7, 'TTT');border_estimator=center_window_kmer_jsd;estimator=center_jsd;window=48;search_radius=24;kmer=2;top_ratio=0.25;score_scale=4.0;motif_weight=0.0;motif_radius=12;score_normalization=train_quantile;raw_border_score=0.197896;border_score=0.965400",0.32563862204551697,0.34077027440071106,0.333591103553772
test_Seq_2204,2,1,"benchmark=nucleotide_transformer_downstream_tasks;dataset=splice_sites_all;matching=kmer_balanced;matching_signature=(12, 'CTG');border_estimator=center_window_kmer_jsd;estimator=center_jsd;window=48;search_radius=24;kmer=2;top_ratio=0.25;score_scale=4.0;motif_weight=0.0;motif_radius=12;score_normalization=train_quantile;raw_border_score=0.186159;border_score=0.933578",0.35148948431015015,0.3702932298183441,0.27821725606918335
test_Seq_1872,1,2,"benchmark=nucleotide_transformer_downstream_tasks;dataset=splice_sites_all;matching=kmer_balanced;matching_signature=(6, 'TTT');border_estimator=center_window_kmer_jsd;estimator=center_jsd;window=48;search_radius=24;kmer=2;top_ratio=0.25;score_scale=4.0;motif_weight=0.0;motif_radius=12;score_normalization=train_quantile;raw_border_score=0.110502;border_score=0.805667",0.29970023036003113,0.3053654730319977,0.3949342966079712
test_Seq_425,0,2,"benchmark=nucleotide_transformer_downstream_tasks;dataset=splice_sites_all;matching=kmer_balanced;matching_signature=(9, 'AAA');border_estimator=center_window_kmer_jsd;estimator=center_jsd;window=48;search_radius=24;kmer=2;top_ratio=0.25;score_scale=4.0;motif_weight=0.0;motif_radius=12;score_normalization=train_quantile;raw_border_score=0.177616;border_score=0.912600",0.32096409797668457,0.32602569460868835,0.3530101776123047
test_Seq_612,0,2,"benchmark=nucleotide_transformer_downstream_tasks;dataset=splice_sites_all;matching=kmer_balanced;matching_signature=(8, 'TTT');border_estimator=center_window_kmer_jsd;estimator=center_jsd;window=48;search_radius=24;kmer=2;top_ratio=0.25;score_scale=4.0;motif_weight=0.0;motif_radius=12;score_normalization=train_quantile;raw_border_score=0.204824;border_score=0.983756",0.2939034402370453,0.2963579595088959,0.40973857045173645
test_Seq_557,0,2,"benchmark=nucleotide_transformer_downstream_tasks;dataset=splice_sites_all;matching=kmer_balanced;matching_signature=(11, 'GGG');border_estimator=center_window_kmer_jsd;estimator=center_jsd;window=48;search_radius=24;kmer=2;top_ratio=0.25;score_scale=4.0;motif_weight=0.0;motif_radius=12;score_normalization=train_quantile;raw_border_score=0.252031;border_score=1.082333",0.16837085783481598,0.16061463952064514,0.6710144877433777
test_Seq_804,0,2,"benchmark=nucleotide_transformer_downstream_tasks;dataset=splice_sites_all;matching=kmer_balanced;matching_signature=(5, 'TTT');border_estimator=center_window_kmer_jsd;estimator=center_jsd;window=48;search_radius=24;kmer=2;top_ratio=0.25;score_scale=4.0;motif_weight=0.0;motif_radius=12;score_normalization=train_quantile;raw_border_score=0.159537;border_score=0.866644",0.282524973154068,0.2915985882282257,0.4258764684200287
test_Seq_2405,2,2,"benchmark=nucleotide_transformer_downstream_tasks;dataset=splice_sites_all;matching=kmer_balanced;matching_signature=(13, 'CCC');border_estimator=center_window_kmer_jsd;estimator=center_jsd;window=48;search_radius=24;kmer=2;top_ratio=0.25;score_scale=4.0;motif_weight=0.0;motif_radius=12;score_normalization=train_quantile;raw_border_score=0.224421;border_score=1.028689",0.20583714544773102,0.19573430716991425,0.5984285473823547
test_Seq_277,0,2,"benchmark=nucleotide_transformer_downstream_tasks;dataset=splice_sites_all;matching=kmer_balanced;matching_signature=(8, 'TTT');border_estimator=center_window_kmer_jsd;estimator=center_jsd;window=48;search_radius=24;kmer=2;top_ratio=0.25;score_scale=4.0;motif_weight=0.0;motif_radius=12;score_normalization=train_quantile;raw_border_score=0.140545;border_score=0.832200",0.2799179255962372,0.28247591853141785,0.43760615587234497
test_Seq_523,0,1,"benchmark=nucleotide_transformer_downstream_tasks;dataset=splice_sites_all;matching=kmer_balanced;matching_signature=(9, 'TGT');border_estimator=center_window_kmer_jsd;estimator=center_jsd;window=48;search_radius=24;kmer=2;top_ratio=0.25;score_scale=4.0;motif_weight=0.0;motif_radius=12;score_normalization=train_quantile;raw_border_score=0.147590;border_score=0.843356",0.3357048034667969,0.35361501574516296,0.3106801509857178
test_Seq_1396,1,2,"benchmark=nucleotide_transformer_downstream_tasks;dataset=splice_sites_all;matching=kmer_balanced;matching_signature=(6, 'AAA');border_estimator=center_window_kmer_jsd;estimator=center_jsd;window=48;search_radius=24;kmer=2;top_ratio=0.25;score_scale=4.0;motif_weight=0.0;motif_radius=12;score_normalization=train_quantile;raw_border_score=0.192509;border_score=0.951000",0.22053080797195435,0.22991158068180084,0.549557626247406
test_Seq_786,0,2,"benchmark=nucleotide_transformer_downstream_tasks;dataset=splice_sites_all;matching=kmer_balanced;matching_signature=(12, 'CTG');border_estimator=center_window_kmer_jsd;estimator=center_jsd;window=48;search_radius=24;kmer=2;top_ratio=0.25;score_scale=4.0;motif_weight=0.0;motif_radius=12;score_normalization=train_quantile;raw_border_score=0.160231;border_score=0.867978",0.17261846363544464,0.15860353410243988,0.6687780022621155
test_Seq_1006,1,2,"benchmark=nucleotide_transformer_downstream_tasks;dataset=splice_sites_all;matching=kmer_balanced;matching_signature=(7, 'TTT');border_estimator=center_window_kmer_jsd;estimator=center_jsd;window=48;search_radius=24;kmer=2;top_ratio=0.25;score_scale=4.0;motif_weight=0.0;motif_radius=12;score_normalization=train_quantile;raw_border_score=0.244961;border_score=1.069400",0.19877421855926514,0.1931617110967636,0.6080641150474548
test_Seq_2139,2,2,"benchmark=nucleotide_transformer_downstream_tasks;dataset=splice_sites_all;matching=kmer_balanced;matching_signature=(7, 'AAA');border_estimator=center_window_kmer_jsd;estimator=center_jsd;window=48;search_radius=24;kmer=2;top_ratio=0.25;score_scale=4.0;motif_weight=0.0;motif_radius=12;score_normalization=train_quantile;raw_border_score=0.459660;border_score=1.196289",0.16507400572299957,0.1578734666109085,0.6770525574684143
test_Seq_1616,1,2,"benchmark=nucleotide_transformer_downstream_tasks;dataset=splice_sites_all;matching=kmer_balanced;matching_signature=(6, 'TTT');border_estimator=center_window_kmer_jsd;estimator=center_jsd;window=48;search_radius=24;kmer=2;top_ratio=0.25;score_scale=4.0;motif_weight=0.0;motif_radius=12;score_normalization=train_quantile;raw_border_score=0.184979;border_score=0.930511",0.23904745280742645,0.23966403305530548,0.5212884545326233
test_Seq_561,0,1,"benchmark=nucleotide_transformer_downstream_tasks;dataset=splice_sites_all;matching=kmer_balanced;matching_signature=(10, 'CTG');border_estimator=center_window_kmer_jsd;estimator=center_jsd;window=48;search_radius=24;kmer=2;top_ratio=0.25;score_scale=4.0;motif_weight=0.0;motif_radius=12;score_normalization=train_quantile;raw_border_score=0.158358;border_score=0.863444",0.34114935994148254,0.37643083930015564,0.2824198305606842
test_Seq_1153,1,2,"benchmark=nucleotide_transformer_downstream_tasks;dataset=splice_sites_all;matching=kmer_balanced;matching_signature=(7, 'TTT');border_estimator=center_window_kmer_jsd;estimator=center_jsd;window=48;search_radius=24;kmer=2;top_ratio=0.25;score_scale=4.0;motif_weight=0.0;motif_radius=12;score_normalization=train_quantile;raw_border_score=0.156130;border_score=0.859489",0.2542061507701874,0.2699502110481262,0.4758436679840088
test_Seq_264,0,2,"benchmark=nucleotide_transformer_downstream_tasks;dataset=splice_sites_all;matching=kmer_balanced;matching_signature=(6, 'TTT');border_estimator=center_window_kmer_jsd;estimator=center_jsd;window=48;search_radius=24;kmer=2;top_ratio=0.25;score_scale=4.0;motif_weight=0.0;motif_radius=12;score_normalization=train_quantile;raw_border_score=0.194639;border_score=0.956022",0.2652127146720886,0.26400628685951233,0.4707809090614319
test_Seq_1783,1,2,"benchmark=nucleotide_transformer_downstream_tasks;dataset=splice_sites_all;matching=kmer_balanced;matching_signature=(8, 'TCT');border_estimator=center_window_kmer_jsd;estimator=center_jsd;window=48;search_radius=24;kmer=2;top_ratio=0.25;score_scale=4.0;motif_weight=0.0;motif_radius=12;score_normalization=train_quantile;raw_border_score=0.187850;border_score=0.938378",0.23029816150665283,0.22704938054084778,0.5426524877548218
test_Seq_2440,2,2,"benchmark=nucleotide_transformer_downstream_tasks;dataset=splice_sites_all;matching=kmer_balanced;matching_signature=(10, 'CAG');border_estimator=center_window_kmer_jsd;estimator=center_jsd;window=48;search_radius=24;kmer=2;top_ratio=0.25;score_scale=4.0;motif_weight=0.0;motif_radius=12;score_normalization=train_quantile;raw_border_score=0.196818;border_score=0.962289",0.2458278387784958,0.24232013523578644,0.5118520259857178
test_Seq_1217,1,2,"benchmark=nucleotide_transformer_downstream_tasks;dataset=splice_sites_all;matching=kmer_balanced;matching_signature=(6, 'AAA');border_estimator=center_window_kmer_jsd;estimator=center_jsd;window=48;search_radius=24;kmer=2;top_ratio=0.25;score_scale=4.0;motif_weight=0.0;motif_radius=12;score_normalization=train_quantile;raw_border_score=0.260140;border_score=1.095978",0.3086685240268707,0.31624630093574524,0.37508517503738403
test_Seq_1969,1,2,"benchmark=nucleotide_transformer_downstream_tasks;dataset=splice_sites_all;matching=kmer_balanced;matching_signature=(10, 'TGT');border_estimator=center_window_kmer_jsd;estimator=center_jsd;window=48;search_radius=24;kmer=2;top_ratio=0.25;score_scale=4.0;motif_weight=0.0;motif_radius=12;score_normalization=train_quantile;raw_border_score=0.242491;border_score=1.064778",0.17741374671459198,0.16987961530685425,0.6527066230773926
test_Seq_274,0,2,"benchmark=nucleotide_transformer_downstream_tasks;dataset=splice_sites_all;matching=kmer_balanced;matching_signature=(12, 'CAG');border_estimator=center_window_kmer_jsd;estimator=center_jsd;window=48;search_radius=24;kmer=2;top_ratio=0.25;score_scale=4.0;motif_weight=0.0;motif_radius=12;score_normalization=train_quantile;raw_border_score=0.108657;border_score=0.805000",0.2759809195995331,0.28817906975746155,0.43584004044532776
test_Seq_2909,2,2,"benchmark=nucleotide_transformer_downstream_tasks;dataset=splice_sites_all;matching=kmer_balanced;matching_signature=(6, 'AAT');border_estimator=center_window_kmer_jsd;estimator=center_jsd;window=48;search_radius=24;kmer=2;top_ratio=0.25;score_scale=4.0;motif_weight=0.0;motif_radius=12;score_normalization=train_quantile;raw_border_score=0.180603;border_score=0.919311",0.1842351108789444,0.19086650013923645,0.624898374080658
test_Seq_1696,1,2,"benchmark=nucleotide_transformer_downstream_tasks;dataset=splice_sites_all;matching=kmer_balanced;matching_signature=(7, 'TGT');border_estimator=center_window_kmer_jsd;estimator=center_jsd;window=48;search_radius=24;kmer=2;top_ratio=0.25;score_scale=4.0;motif_weight=0.0;motif_radius=12;score_normalization=train_quantile;raw_border_score=0.214666;border_score=1.005400",0.23497620224952698,0.22739088535308838,0.5376328825950623
test_Seq_1718,1,2,"benchmark=nucleotide_transformer_downstream_tasks;dataset=splice_sites_all;matching=kmer_balanced;matching_signature=(11, 'TGG');border_estimator=center_window_kmer_jsd;estimator=center_jsd;window=48;search_radius=24;kmer=2;top_ratio=0.25;score_scale=4.0;motif_weight=0.0;motif_radius=12;score_normalization=train_quantile;raw_border_score=0.192000;border_score=0.949667",0.293478786945343,0.3008311986923218,0.4056900441646576
test_Seq_2715,2,2,"benchmark=nucleotide_transformer_downstream_tasks;dataset=splice_sites_all;matching=kmer_balanced;matching_signature=(6, 'TTT');border_estimator=center_window_kmer_jsd;estimator=center_jsd;window=48;search_radius=24;kmer=2;top_ratio=0.25;score_scale=4.0;motif_weight=0.0;motif_radius=12;score_normalization=train_quantile;raw_border_score=0.130050;border_score=0.819356",0.1840244084596634,0.19221194088459015,0.6237636804580688
test_Seq_1160,1,2,"benchmark=nucleotide_transformer_downstream_tasks;dataset=splice_sites_all;matching=kmer_balanced;matching_signature=(9, 'CTC');border_estimator=center_window_kmer_jsd;estimator=center_jsd;window=48;search_radius=24;kmer=2;top_ratio=0.25;score_scale=4.0;motif_weight=0.0;motif_radius=12;score_normalization=train_quantile;raw_border_score=0.199179;border_score=0.968867",0.23845387995243073,0.22487732768058777,0.5366687774658203
test_Seq_2825,2,2,"benchmark=nucleotide_transformer_downstream_tasks;dataset=splice_sites_all;matching=kmer_balanced;matching_signature=(13, 'GGG');border_estimator=center_window_kmer_jsd;estimator=center_jsd;window=48;search_radius=24;kmer=2;top_ratio=0.25;score_scale=4.0;motif_weight=0.0;motif_radius=12;score_normalization=train_quantile;raw_border_score=0.195341;border_score=0.958022",0.2206246256828308,0.23761940002441406,0.5417559742927551
test_Seq_1137,1,1,"benchmark=nucleotide_transformer_downstream_tasks;dataset=splice_sites_all;matching=kmer_balanced;matching_signature=(9, 'GTG');border_estimator=center_window_kmer_jsd;estimator=center_jsd;window=48;search_radius=24;kmer=2;top_ratio=0.25;score_scale=4.0;motif_weight=0.0;motif_radius=12;score_normalization=train_quantile;raw_border_score=0.219745;border_score=1.018067",0.3335249722003937,0.3484207093715668,0.31805434823036194
test_Seq_1457,1,2,"benchmark=nucleotide_transformer_downstream_tasks;dataset=splice_sites_all;matching=kmer_balanced;matching_signature=(10, 'TGG');border_estimator=center_window_kmer_jsd;estimator=center_jsd;window=48;search_radius=24;kmer=2;top_ratio=0.25;score_scale=4.0;motif_weight=0.0;motif_radius=12;score_normalization=train_quantile;raw_border_score=0.180231;border_score=0.918467",0.2734539210796356,0.27740901708602905,0.4491370916366577
test_Seq_1728,1,2,"benchmark=nucleotide_transformer_downstream_tasks;dataset=splice_sites_all;matching=kmer_balanced;matching_signature=(10, 'TCC');border_estimator=center_window_kmer_jsd;estimator=center_jsd;window=48;search_radius=24;kmer=2;top_ratio=0.25;score_scale=4.0;motif_weight=0.0;motif_radius=12;score_normalization=train_quantile;raw_border_score=0.171558;border_score=0.895178",0.2878827452659607,0.2873222529888153,0.4247950613498688
test_Seq_539,0,2,"benchmark=nucleotide_transformer_downstream_tasks;dataset=splice_sites_all;matching=kmer_balanced;matching_signature=(13, 'GGG');border_estimator=center_window_kmer_jsd;estimator=center_jsd;window=48;search_radius=24;kmer=2;top_ratio=0.25;score_scale=4.0;motif_weight=0.0;motif_radius=12;score_normalization=train_quantile;raw_border_score=0.249223;border_score=1.077667",0.1579180508852005,0.14874215424060822,0.6933397650718689
test_Seq_1946,1,2,"benchmark=nucleotide_transformer_downstream_tasks;dataset=splice_sites_all;matching=kmer_balanced;matching_signature=(8, 'AAA');border_estimator=center_window_kmer_jsd;estimator=center_jsd;window=48;search_radius=24;kmer=2;top_ratio=0.25;score_scale=4.0;motif_weight=0.0;motif_radius=12;score_normalization=train_quantile;raw_border_score=0.396882;border_score=1.189400",0.18203982710838318,0.18763288855552673,0.6303273439407349
test_Seq_798,0,1,"benchmark=nucleotide_transformer_downstream_tasks;dataset=splice_sites_all;matching=kmer_balanced;matching_signature=(11, 'CCA');border_estimator=center_window_kmer_jsd;estimator=center_jsd;window=48;search_radius=24;kmer=2;top_ratio=0.25;score_scale=4.0;motif_weight=0.0;motif_radius=12;score_normalization=train_quantile;raw_border_score=0.221154;border_score=1.021711",0.32932615280151367,0.34817245602607727,0.32250139117240906
test_Seq_923,0,1,"benchmark=nucleotide_transformer_downstream_tasks;dataset=splice_sites_all;matching=kmer_balanced;matching_signature=(7, 'TTT');border_estimator=center_window_kmer_jsd;estimator=center_jsd;window=48;search_radius=24;kmer=2;top_ratio=0.25;score_scale=4.0;motif_weight=0.0;motif_radius=12;score_normalization=train_quantile;raw_border_score=0.258860;border_score=1.093533",0.33991023898124695,0.36259350180625916,0.2974962294101715
test_Seq_116,0,2,"benchmark=nucleotide_transformer_downstream_tasks;dataset=splice_sites_all;matching=kmer_balanced;matching_signature=(7, 'TTT');border_estimator=center_window_kmer_jsd;estimator=center_jsd;window=48;search_radius=24;kmer=2;top_ratio=0.25;score_scale=4.0;motif_weight=0.0;motif_radius=12;score_normalization=train_quantile;raw_border_score=0.217050;border_score=1.011578",0.26535049080848694,0.2741730213165283,0.46047648787498474
test_Seq_1489,1,1,"benchmark=nucleotide_transformer_downstream_tasks;dataset=splice_sites_all;matching=kmer_balanced;matching_signature=(7, 'TTT');border_estimator=center_window_kmer_jsd;estimator=center_jsd;window=48;search_radius=24;kmer=2;top_ratio=0.25;score_scale=4.0;motif_weight=0.0;motif_radius=12;score_normalization=train_quantile;raw_border_score=0.153248;border_score=0.853844",0.31857091188430786,0.3502504229545593,0.3311786651611328
test_Seq_1225,1,2,"benchmark=nucleotide_transformer_downstream_tasks;dataset=splice_sites_all;matching=kmer_balanced;matching_signature=(7, 'TTT');border_estimator=center_window_kmer_jsd;estimator=center_jsd;window=48;search_radius=24;kmer=2;top_ratio=0.25;score_scale=4.0;motif_weight=0.0;motif_radius=12;score_normalization=train_quantile;raw_border_score=0.204859;border_score=0.983844",0.1993892937898636,0.1941320300102234,0.6064786314964294
test_Seq_623,0,2,"benchmark=nucleotide_transformer_downstream_tasks;dataset=splice_sites_all;matching=kmer_balanced;matching_signature=(9, 'TTT');border_estimator=center_window_kmer_jsd;estimator=center_jsd;window=48;search_radius=24;kmer=2;top_ratio=0.25;score_scale=4.0;motif_weight=0.0;motif_radius=12;score_normalization=train_quantile;raw_border_score=0.185874;border_score=0.932822",0.2246788889169693,0.23531198501586914,0.5400091409683228
test_Seq_2201,2,2,"benchmark=nucleotide_transformer_downstream_tasks;dataset=splice_sites_all;matching=kmer_balanced;matching_signature=(7, 'TTT');border_estimator=center_window_kmer_jsd;estimator=center_jsd;window=48;search_radius=24;kmer=2;top_ratio=0.25;score_scale=4.0;motif_weight=0.0;motif_radius=12;score_normalization=train_quantile;raw_border_score=0.278296;border_score=1.121800",0.28213930130004883,0.2933465242385864,0.42451420426368713
test_Seq_2985,2,2,"benchmark=nucleotide_transformer_downstream_tasks;dataset=splice_sites_all;matching=kmer_balanced;matching_signature=(9, 'TTT');border_estimator=center_window_kmer_jsd;estimator=center_jsd;window=48;search_radius=24;kmer=2;top_ratio=0.25;score_scale=4.0;motif_weight=0.0;motif_radius=12;score_normalization=train_quantile;raw_border_score=0.173934;border_score=0.901844",0.32162266969680786,0.31852418184280396,0.3598531484603882
test_Seq_2224,2,2,"benchmark=nucleotide_transformer_downstream_tasks;dataset=splice_sites_all;matching=kmer_balanced;matching_signature=(10, 'TGG');border_estimator=center_window_kmer_jsd;estimator=center_jsd;window=48;search_radius=24;kmer=2;top_ratio=0.25;score_scale=4.0;motif_weight=0.0;motif_radius=12;score_normalization=train_quantile;raw_border_score=0.185686;border_score=0.932467",0.12604059278964996,0.11879510432481766,0.7551643252372742
test_Seq_103,0,2,"benchmark=nucleotide_transformer_downstream_tasks;dataset=splice_sites_all;matching=kmer_balanced;matching_signature=(6, 'TTT');border_estimator=center_window_kmer_jsd;estimator=center_jsd;window=48;search_radius=24;kmer=2;top_ratio=0.25;score_scale=4.0;motif_weight=0.0;motif_radius=12;score_normalization=train_quantile;raw_border_score=0.168608;border_score=0.887578",0.19272319972515106,0.19390185177326202,0.6133748888969421
test_Seq_1256,1,2,"benchmark=nucleotide_transformer_downstream_tasks;dataset=splice_sites_all;matching=kmer_balanced;matching_signature=(6, 'TTT');border_estimator=center_window_kmer_jsd;estimator=center_jsd;window=48;search_radius=24;kmer=2;top_ratio=0.25;score_scale=4.0;motif_weight=0.0;motif_radius=12;score_normalization=train_quantile;raw_border_score=0.387647;border_score=1.188022",0.2378937005996704,0.23150603473186493,0.5306002497673035
test_Seq_2305,2,2,"benchmark=nucleotide_transformer_downstream_tasks;dataset=splice_sites_all;matching=kmer_balanced;matching_signature=(11, 'GGG');border_estimator=center_window_kmer_jsd;estimator=center_jsd;window=48;search_radius=24;kmer=2;top_ratio=0.25;score_scale=4.0;motif_weight=0.0;motif_radius=12;score_normalization=train_quantile;raw_border_score=0.221177;border_score=1.021800",0.1726679652929306,0.17165882885456085,0.6556732058525085
test_Seq_857,0,2,"benchmark=nucleotide_transformer_downstream_tasks;dataset=splice_sites_all;matching=kmer_balanced;matching_signature=(8, 'AAA');border_estimator=center_window_kmer_jsd;estimator=center_jsd;window=48;search_radius=24;kmer=2;top_ratio=0.25;score_scale=4.0;motif_weight=0.0;motif_radius=12;score_normalization=train_quantile;raw_border_score=0.245755;border_score=1.070733",0.2960110306739807,0.2985852062702179,0.4054037630558014
test_Seq_2471,2,2,"benchmark=nucleotide_transformer_downstream_tasks;dataset=splice_sites_all;matching=kmer_balanced;matching_signature=(8, 'TTT');border_estimator=center_window_kmer_jsd;estimator=center_jsd;window=48;search_radius=24;kmer=2;top_ratio=0.25;score_scale=4.0;motif_weight=0.0;motif_radius=12;score_normalization=train_quantile;raw_border_score=0.204343;border_score=0.982600",0.14473575353622437,0.14736242592334747,0.7079017758369446
test_Seq_184,0,2,"benchmark=nucleotide_transformer_downstream_tasks;dataset=splice_sites_all;matching=kmer_balanced;matching_signature=(8, 'AAA');border_estimator=center_window_kmer_jsd;estimator=center_jsd;window=48;search_radius=24;kmer=2;top_ratio=0.25;score_scale=4.0;motif_weight=0.0;motif_radius=12;score_normalization=train_quantile;raw_border_score=0.259358;border_score=1.094467",0.2683984339237213,0.2675250172615051,0.46407654881477356
test_Seq_1163,1,2,"benchmark=nucleotide_transformer_downstream_tasks;dataset=splice_sites_all;matching=kmer_balanced;matching_signature=(7, 'TTT');border_estimator=center_window_kmer_jsd;estimator=center_jsd;window=48;search_radius=24;kmer=2;top_ratio=0.25;score_scale=4.0;motif_weight=0.0;motif_radius=12;score_normalization=train_quantile;raw_border_score=0.282061;border_score=1.126467",0.22683024406433105,0.21756279468536377,0.5556069612503052
test_Seq_1553,1,2,"benchmark=nucleotide_transformer_downstream_tasks;dataset=splice_sites_all;matching=kmer_balanced;matching_signature=(6, 'TTT');border_estimator=center_window_kmer_jsd;estimator=center_jsd;window=48;search_radius=24;kmer=2;top_ratio=0.25;score_scale=4.0;motif_weight=0.0;motif_radius=12;score_normalization=train_quantile;raw_border_score=0.181391;border_score=0.921356",0.22201603651046753,0.22325833141803741,0.5547255873680115
test_Seq_2975,2,2,"benchmark=nucleotide_transformer_downstream_tasks;dataset=splice_sites_all;matching=kmer_balanced;matching_signature=(6, 'TTT');border_estimator=center_window_kmer_jsd;estimator=center_jsd;window=48;search_radius=24;kmer=2;top_ratio=0.25;score_scale=4.0;motif_weight=0.0;motif_radius=12;score_normalization=train_quantile;raw_border_score=0.144669;border_score=0.838156",0.18790942430496216,0.18422560393810272,0.6278648972511292
test_Seq_2056,2,2,"benchmark=nucleotide_transformer_downstream_tasks;dataset=splice_sites_all;matching=kmer_balanced;matching_signature=(6, 'TTT');border_estimator=center_window_kmer_jsd;estimator=center_jsd;window=48;search_radius=24;kmer=2;top_ratio=0.25;score_scale=4.0;motif_weight=0.0;motif_radius=12;score_normalization=train_quantile;raw_border_score=0.236723;border_score=1.052244",0.2751658856868744,0.2825212776660919,0.4423128366470337
test_Seq_443,0,2,"benchmark=nucleotide_transformer_downstream_tasks;dataset=splice_sites_all;matching=kmer_balanced;matching_signature=(11, 'GGG');border_estimator=center_window_kmer_jsd;estimator=center_jsd;window=48;search_radius=24;kmer=2;top_ratio=0.25;score_scale=4.0;motif_weight=0.0;motif_radius=12;score_normalization=train_quantile;raw_border_score=0.118558;border_score=0.810067",0.27226412296295166,0.2788420617580414,0.44889381527900696
test_Seq_1878,1,2,"benchmark=nucleotide_transformer_downstream_tasks;dataset=splice_sites_all;matching=kmer_balanced;matching_signature=(7, 'TTT');border_estimator=center_window_kmer_jsd;estimator=center_jsd;window=48;search_radius=24;kmer=2;top_ratio=0.25;score_scale=4.0;motif_weight=0.0;motif_radius=12;score_normalization=train_quantile;raw_border_score=0.226886;border_score=1.034022",0.1956259310245514,0.1972784399986267,0.6070955991744995
test_Seq_1094,1,1,"benchmark=nucleotide_transformer_downstream_tasks;dataset=splice_sites_all;matching=kmer_balanced;matching_signature=(7, 'TTT');border_estimator=center_window_kmer_jsd;estimator=center_jsd;window=48;search_radius=24;kmer=2;top_ratio=0.25;score_scale=4.0;motif_weight=0.0;motif_radius=12;score_normalization=train_quantile;raw_border_score=0.179438;border_score=0.916467",0.342788428068161,0.37458693981170654,0.28262463212013245
test_Seq_365,0,2,"benchmark=nucleotide_transformer_downstream_tasks;dataset=splice_sites_all;matching=kmer_balanced;matching_signature=(8, 'TTT');border_estimator=center_window_kmer_jsd;estimator=center_jsd;window=48;search_radius=24;kmer=2;top_ratio=0.25;score_scale=4.0;motif_weight=0.0;motif_radius=12;score_normalization=train_quantile;raw_border_score=0.255292;border_score=1.087800",0.18804559111595154,0.1868191659450531,0.6251352429389954
test_Seq_2918,2,2,"benchmark=nucleotide_transformer_downstream_tasks;dataset=splice_sites_all;matching=kmer_balanced;matching_signature=(7, 'AAA');border_estimator=center_window_kmer_jsd;estimator=center_jsd;window=48;search_radius=24;kmer=2;top_ratio=0.25;score_scale=4.0;motif_weight=0.0;motif_radius=12;score_normalization=train_quantile;raw_border_score=0.227548;border_score=1.035489",0.23626917600631714,0.22815626859664917,0.5355746150016785
test_Seq_890,0,2,"benchmark=nucleotide_transformer_downstream_tasks;dataset=splice_sites_all;matching=kmer_balanced;matching_signature=(7, 'TTT');border_estimator=center_window_kmer_jsd;estimator=center_jsd;window=48;search_radius=24;kmer=2;top_ratio=0.25;score_scale=4.0;motif_weight=0.0;motif_radius=12;score_normalization=train_quantile;raw_border_score=0.201008;border_score=0.973267",0.2948712706565857,0.3128708302974701,0.392257958650589
test_Seq_2469,2,2,"benchmark=nucleotide_transformer_downstream_tasks;dataset=splice_sites_all;matching=kmer_balanced;matching_signature=(9, 'TTT');border_estimator=center_window_kmer_jsd;estimator=center_jsd;window=48;search_radius=24;kmer=2;top_ratio=0.25;score_scale=4.0;motif_weight=0.0;motif_radius=12;score_normalization=train_quantile;raw_border_score=0.257503;border_score=1.091444",0.04488123953342438,0.03963099792599678,0.9154877662658691
test_Seq_2630,2,2,"benchmark=nucleotide_transformer_downstream_tasks;dataset=splice_sites_all;matching=kmer_balanced;matching_signature=(11, 'TGG');border_estimator=center_window_kmer_jsd;estimator=center_jsd;window=48;search_radius=24;kmer=2;top_ratio=0.25;score_scale=4.0;motif_weight=0.0;motif_radius=12;score_normalization=train_quantile;raw_border_score=0.195249;border_score=0.957889",0.2828947603702545,0.2757665812969208,0.4413387179374695
test_Seq_329,0,2,"benchmark=nucleotide_transformer_downstream_tasks;dataset=splice_sites_all;matching=kmer_balanced;matching_signature=(7, 'AAA');border_estimator=center_window_kmer_jsd;estimator=center_jsd;window=48;search_radius=24;kmer=2;top_ratio=0.25;score_scale=4.0;motif_weight=0.0;motif_radius=12;score_normalization=train_quantile;raw_border_score=0.133267;border_score=0.823178",0.1898680329322815,0.19106929004192352,0.619062602519989
test_Seq_1502,1,2,"benchmark=nucleotide_transformer_downstream_tasks;dataset=splice_sites_all;matching=kmer_balanced;matching_signature=(6, 'AAA');border_estimator=center_window_kmer_jsd;estimator=center_jsd;window=48;search_radius=24;kmer=2;top_ratio=0.25;score_scale=4.0;motif_weight=0.0;motif_radius=12;score_normalization=train_quantile;raw_border_score=0.316376;border_score=1.158467",0.22436028718948364,0.2363467514514923,0.5392929315567017
test_Seq_2272,2,2,"benchmark=nucleotide_transformer_downstream_tasks;dataset=splice_sites_all;matching=kmer_balanced;matching_signature=(7, 'TTT');border_estimator=center_window_kmer_jsd;estimator=center_jsd;window=48;search_radius=24;kmer=2;top_ratio=0.25;score_scale=4.0;motif_weight=0.0;motif_radius=12;score_normalization=train_quantile;raw_border_score=0.284183;border_score=1.129311",0.15212403237819672,0.14458632469177246,0.7032896280288696
test_Seq_1385,1,2,"benchmark=nucleotide_transformer_downstream_tasks;dataset=splice_sites_all;matching=kmer_balanced;matching_signature=(6, 'AAA');border_estimator=center_window_kmer_jsd;estimator=center_jsd;window=48;search_radius=24;kmer=2;top_ratio=0.25;score_scale=4.0;motif_weight=0.0;motif_radius=12;score_normalization=train_quantile;raw_border_score=0.207151;border_score=0.988600",0.2808956801891327,0.2869277596473694,0.43217653036117554
test_Seq_1959,1,1,"benchmark=nucleotide_transformer_downstream_tasks;dataset=splice_sites_all;matching=kmer_balanced;matching_signature=(6, 'TTT');border_estimator=center_window_kmer_jsd;estimator=center_jsd;window=48;search_radius=24;kmer=2;top_ratio=0.25;score_scale=4.0;motif_weight=0.0;motif_radius=12;score_normalization=train_quantile;raw_border_score=0.175852;border_score=0.907311",0.3451296091079712,0.3515770435333252,0.3032933175563812
test_Seq_2205,2,2,"benchmark=nucleotide_transformer_downstream_tasks;dataset=splice_sites_all;matching=kmer_balanced;matching_signature=(6, 'AAA');border_estimator=center_window_kmer_jsd;estimator=center_jsd;window=48;search_radius=24;kmer=2;top_ratio=0.25;score_scale=4.0;motif_weight=0.0;motif_radius=12;score_normalization=train_quantile;raw_border_score=0.212131;border_score=0.999800",0.23053789138793945,0.23261351883411407,0.5368486046791077
test_Seq_663,0,2,"benchmark=nucleotide_transformer_downstream_tasks;dataset=splice_sites_all;matching=kmer_balanced;matching_signature=(8, 'AAA');border_estimator=center_window_kmer_jsd;estimator=center_jsd;window=48;search_radius=24;kmer=2;top_ratio=0.25;score_scale=4.0;motif_weight=0.0;motif_radius=12;score_normalization=train_quantile;raw_border_score=0.198538;border_score=0.967356",0.3058856427669525,0.3299609124660492,0.36415350437164307
test_Seq_432,0,1,"benchmark=nucleotide_transformer_downstream_tasks;dataset=splice_sites_all;matching=kmer_balanced;matching_signature=(14, 'GGG');border_estimator=center_window_kmer_jsd;estimator=center_jsd;window=48;search_radius=24;kmer=2;top_ratio=0.25;score_scale=4.0;motif_weight=0.0;motif_radius=12;score_normalization=train_quantile;raw_border_score=0.262914;border_score=1.100867",0.31977373361587524,0.34797823429107666,0.3322480022907257
test_Seq_2963,2,1,"benchmark=nucleotide_transformer_downstream_tasks;dataset=splice_sites_all;matching=kmer_balanced;matching_signature=(10, 'CCC');border_estimator=center_window_kmer_jsd;estimator=center_jsd;window=48;search_radius=24;kmer=2;top_ratio=0.25;score_scale=4.0;motif_weight=0.0;motif_radius=12;score_normalization=train_quantile;raw_border_score=0.307934;border_score=1.152111",0.34801456332206726,0.36492040753364563,0.2870650589466095
test_Seq_368,0,2,"benchmark=nucleotide_transformer_downstream_tasks;dataset=splice_sites_all;matching=kmer_balanced;matching_signature=(8, 'AAA');border_estimator=center_window_kmer_jsd;estimator=center_jsd;window=48;search_radius=24;kmer=2;top_ratio=0.25;score_scale=4.0;motif_weight=0.0;motif_radius=12;score_normalization=train_quantile;raw_border_score=0.185705;border_score=0.932511",0.23000569641590118,0.21790386736392975,0.5520904660224915
test_Seq_2438,2,2,"benchmark=nucleotide_transformer_downstream_tasks;dataset=splice_sites_all;matching=kmer_balanced;matching_signature=(10, 'CTC');border_estimator=center_window_kmer_jsd;estimator=center_jsd;window=48;search_radius=24;kmer=2;top_ratio=0.25;score_scale=4.0;motif_weight=0.0;motif_radius=12;score_normalization=train_quantile;raw_border_score=0.183915;border_score=0.927178",0.2894628643989563,0.28770583868026733,0.42283132672309875
test_Seq_1222,1,2,"benchmark=nucleotide_transformer_downstream_tasks;dataset=splice_sites_all;matching=kmer_balanced;matching_signature=(7, 'TTT');border_estimator=center_window_kmer_jsd;estimator=center_jsd;window=48;search_radius=24;kmer=2;top_ratio=0.25;score_scale=4.0;motif_weight=0.0;motif_radius=12;score_normalization=train_quantile;raw_border_score=0.157260;border_score=0.861667",0.2922089695930481,0.30069807171821594,0.4070928692817688
test_Seq_831,0,2,"benchmark=nucleotide_transformer_downstream_tasks;dataset=splice_sites_all;matching=kmer_balanced;matching_signature=(7, 'TTT');border_estimator=center_window_kmer_jsd;estimator=center_jsd;window=48;search_radius=24;kmer=2;top_ratio=0.25;score_scale=4.0;motif_weight=0.0;motif_radius=12;score_normalization=train_quantile;raw_border_score=0.224966;border_score=1.029978",0.23488233983516693,0.2319190353155136,0.5331985950469971
test_Seq_1907,1,2,"benchmark=nucleotide_transformer_downstream_tasks;dataset=splice_sites_all;matching=kmer_balanced;matching_signature=(13, 'GGG');border_estimator=center_window_kmer_jsd;estimator=center_jsd;window=48;search_radius=24;kmer=2;top_ratio=0.25;score_scale=4.0;motif_weight=0.0;motif_radius=12;score_normalization=train_quantile;raw_border_score=0.157504;border_score=0.862067",0.2244880050420761,0.22261305153369904,0.5528989434242249
test_Seq_475,0,2,"benchmark=nucleotide_transformer_downstream_tasks;dataset=splice_sites_all;matching=kmer_balanced;matching_signature=(10, 'TGG');border_estimator=center_window_kmer_jsd;estimator=center_jsd;window=48;search_radius=24;kmer=2;top_ratio=0.25;score_scale=4.0;motif_weight=0.0;motif_radius=12;score_normalization=train_quantile;raw_border_score=0.207130;border_score=0.988556",0.2979311943054199,0.31444916129112244,0.38761961460113525
test_Seq_957,0,2,"benchmark=nucleotide_transformer_downstream_tasks;dataset=splice_sites_all;matching=kmer_balanced;matching_signature=(14, 'GGG');border_estimator=center_window_kmer_jsd;estimator=center_jsd;window=48;search_radius=24;kmer=2;top_ratio=0.25;score_scale=4.0;motif_weight=0.0;motif_radius=12;score_normalization=train_quantile;raw_border_score=0.281120;border_score=1.125356",0.28393828868865967,0.30130672454833984,0.4147549867630005
test_Seq_2449,2,2,"benchmark=nucleotide_transformer_downstream_tasks;dataset=splice_sites_all;matching=kmer_balanced;matching_signature=(7, 'TTT');border_estimator=center_window_kmer_jsd;estimator=center_jsd;window=48;search_radius=24;kmer=2;top_ratio=0.25;score_scale=4.0;motif_weight=0.0;motif_radius=12;score_normalization=train_quantile;raw_border_score=0.301318;border_score=1.147400",0.24671289324760437,0.24521136283874512,0.5080757141113281
test_Seq_2964,2,2,"benchmark=nucleotide_transformer_downstream_tasks;dataset=splice_sites_all;matching=kmer_balanced;matching_signature=(7, 'TTT');border_estimator=center_window_kmer_jsd;estimator=center_jsd;window=48;search_radius=24;kmer=2;top_ratio=0.25;score_scale=4.0;motif_weight=0.0;motif_radius=12;score_normalization=train_quantile;raw_border_score=0.197497;border_score=0.964244",0.201307013630867,0.2044423520565033,0.5942506790161133
test_Seq_573,0,2,"benchmark=nucleotide_transformer_downstream_tasks;dataset=splice_sites_all;matching=kmer_balanced;matching_signature=(8, 'TCT');border_estimator=center_window_kmer_jsd;estimator=center_jsd;window=48;search_radius=24;kmer=2;top_ratio=0.25;score_scale=4.0;motif_weight=0.0;motif_radius=12;score_normalization=train_quantile;raw_border_score=0.211509;border_score=0.998778",0.18886761367321014,0.18160827457904816,0.6295241117477417
test_Seq_1964,1,2,"benchmark=nucleotide_transformer_downstream_tasks;dataset=splice_sites_all;matching=kmer_balanced;matching_signature=(7, 'TTT');border_estimator=center_window_kmer_jsd;estimator=center_jsd;window=48;search_radius=24;kmer=2;top_ratio=0.25;score_scale=4.0;motif_weight=0.0;motif_radius=12;score_normalization=train_quantile;raw_border_score=0.113491;border_score=0.807400",0.205335333943367,0.20166316628456116,0.5930014848709106
test_Seq_490,0,2,"benchmark=nucleotide_transformer_downstream_tasks;dataset=splice_sites_all;matching=kmer_balanced;matching_signature=(10, 'CTG');border_estimator=center_window_kmer_jsd;estimator=center_jsd;window=48;search_radius=24;kmer=2;top_ratio=0.25;score_scale=4.0;motif_weight=0.0;motif_radius=12;score_normalization=train_quantile;raw_border_score=0.431989;border_score=1.193400",0.22757038474082947,0.22908487915992737,0.5433447360992432
test_Seq_2384,2,2,"benchmark=nucleotide_transformer_downstream_tasks;dataset=splice_sites_all;matching=kmer_balanced;matching_signature=(6, 'TTT');border_estimator=center_window_kmer_jsd;estimator=center_jsd;window=48;search_radius=24;kmer=2;top_ratio=0.25;score_scale=4.0;motif_weight=0.0;motif_radius=12;score_normalization=train_quantile;raw_border_score=0.206622;border_score=0.987533",0.2823579013347626,0.27346497774124146,0.44417715072631836
test_Seq_303,0,1,"benchmark=nucleotide_transformer_downstream_tasks;dataset=splice_sites_all;matching=kmer_balanced;matching_signature=(6, 'AAA');border_estimator=center_window_kmer_jsd;estimator=center_jsd;window=48;search_radius=24;kmer=2;top_ratio=0.25;score_scale=4.0;motif_weight=0.0;motif_radius=12;score_normalization=train_quantile;raw_border_score=0.181576;border_score=0.921711",0.3249620199203491,0.3411877453327179,0.3338502049446106
test_Seq_2549,2,2,"benchmark=nucleotide_transformer_downstream_tasks;dataset=splice_sites_all;matching=kmer_balanced;matching_signature=(10, 'TTT');border_estimator=center_window_kmer_jsd;estimator=center_jsd;window=48;search_radius=24;kmer=2;top_ratio=0.25;score_scale=4.0;motif_weight=0.0;motif_radius=12;score_normalization=train_quantile;raw_border_score=0.211501;border_score=0.998733",0.06234778091311455,0.05889150872826576,0.8787607550621033
test_Seq_233,0,2,"benchmark=nucleotide_transformer_downstream_tasks;dataset=splice_sites_all;matching=kmer_balanced;matching_signature=(10, 'CTG');border_estimator=center_window_kmer_jsd;estimator=center_jsd;window=48;search_radius=24;kmer=2;top_ratio=0.25;score_scale=4.0;motif_weight=0.0;motif_radius=12;score_normalization=train_quantile;raw_border_score=0.273168;border_score=1.114644",0.300622820854187,0.3161753714084625,0.3832017779350281
test_Seq_886,0,2,"benchmark=nucleotide_transformer_downstream_tasks;dataset=splice_sites_all;matching=kmer_balanced;matching_signature=(10, 'TCT');border_estimator=center_window_kmer_jsd;estimator=center_jsd;window=48;search_radius=24;kmer=2;top_ratio=0.25;score_scale=4.0;motif_weight=0.0;motif_radius=12;score_normalization=train_quantile;raw_border_score=0.459670;border_score=1.196289",0.2325548380613327,0.23830857872962952,0.529136598110199
test_Seq_6,0,2,"benchmark=nucleotide_transformer_downstream_tasks;dataset=splice_sites_all;matching=kmer_balanced;matching_signature=(7, 'TTT');border_estimator=center_window_kmer_jsd;estimator=center_jsd;window=48;search_radius=24;kmer=2;top_ratio=0.25;score_scale=4.0;motif_weight=0.0;motif_radius=12;score_normalization=train_quantile;raw_border_score=0.198146;border_score=0.966244",0.2174087017774582,0.21433505415916443,0.5682563185691833
test_Seq_1332,1,2,"benchmark=nucleotide_transformer_downstream_tasks;dataset=splice_sites_all;matching=kmer_balanced;matching_signature=(10, 'CTG');border_estimator=center_window_kmer_jsd;estimator=center_jsd;window=48;search_radius=24;kmer=2;top_ratio=0.25;score_scale=4.0;motif_weight=0.0;motif_radius=12;score_normalization=train_quantile;raw_border_score=0.245880;border_score=1.070911",0.27543172240257263,0.2857561409473419,0.43881216645240784
test_Seq_354,0,2,"benchmark=nucleotide_transformer_downstream_tasks;dataset=splice_sites_all;matching=kmer_balanced;matching_signature=(6, 'TTT');border_estimator=center_window_kmer_jsd;estimator=center_jsd;window=48;search_radius=24;kmer=2;top_ratio=0.25;score_scale=4.0;motif_weight=0.0;motif_radius=12;score_normalization=train_quantile;raw_border_score=0.191393;border_score=0.948200",0.20906081795692444,0.20107579231262207,0.5898634791374207
test_Seq_2354,2,2,"benchmark=nucleotide_transformer_downstream_tasks;dataset=splice_sites_all;matching=kmer_balanced;matching_signature=(6, 'TTT');border_estimator=center_window_kmer_jsd;estimator=center_jsd;window=48;search_radius=24;kmer=2;top_ratio=0.25;score_scale=4.0;motif_weight=0.0;motif_radius=12;score_normalization=train_quantile;raw_border_score=0.198409;border_score=0.966867",0.21073076128959656,0.21012575924396515,0.5791434645652771
test_Seq_2269,2,2,"benchmark=nucleotide_transformer_downstream_tasks;dataset=splice_sites_all;matching=kmer_balanced;matching_signature=(13, 'CCC');border_estimator=center_window_kmer_jsd;estimator=center_jsd;window=48;search_radius=24;kmer=2;top_ratio=0.25;score_scale=4.0;motif_weight=0.0;motif_radius=12;score_normalization=train_quantile;raw_border_score=0.180133;border_score=0.918200",0.25890952348709106,0.24720069766044617,0.493889719247818
test_Seq_2575,2,2,"benchmark=nucleotide_transformer_downstream_tasks;dataset=splice_sites_all;matching=kmer_balanced;matching_signature=(8, 'TTT');border_estimator=center_window_kmer_jsd;estimator=center_jsd;window=48;search_radius=24;kmer=2;top_ratio=0.25;score_scale=4.0;motif_weight=0.0;motif_radius=12;score_normalization=train_quantile;raw_border_score=0.271332;border_score=1.112156",0.20917557179927826,0.2045634388923645,0.586260974407196
test_Seq_941,0,2,"benchmark=nucleotide_transformer_downstream_tasks;dataset=splice_sites_all;matching=kmer_balanced;matching_signature=(6, 'TTT');border_estimator=center_window_kmer_jsd;estimator=center_jsd;window=48;search_radius=24;kmer=2;top_ratio=0.25;score_scale=4.0;motif_weight=0.0;motif_radius=12;score_normalization=train_quantile;raw_border_score=0.209224;border_score=0.993444",0.17883752286434174,0.17692169547080994,0.6442407965660095
test_Seq_1758,1,2,"benchmark=nucleotide_transformer_downstream_tasks;dataset=splice_sites_all;matching=kmer_balanced;matching_signature=(6, 'AAA');border_estimator=center_window_kmer_jsd;estimator=center_jsd;window=48;search_radius=24;kmer=2;top_ratio=0.25;score_scale=4.0;motif_weight=0.0;motif_radius=12;score_normalization=train_quantile;raw_border_score=0.262189;border_score=1.099444",0.2459111511707306,0.25896891951560974,0.49511998891830444
test_Seq_1224,1,2,"benchmark=nucleotide_transformer_downstream_tasks;dataset=splice_sites_all;matching=kmer_balanced;matching_signature=(6, 'TTT');border_estimator=center_window_kmer_jsd;estimator=center_jsd;window=48;search_radius=24;kmer=2;top_ratio=0.25;score_scale=4.0;motif_weight=0.0;motif_radius=12;score_normalization=train_quantile;raw_border_score=0.289083;border_score=1.135578",0.18595582246780396,0.1877681165933609,0.6262760758399963
test_Seq_183,0,2,"benchmark=nucleotide_transformer_downstream_tasks;dataset=splice_sites_all;matching=kmer_balanced;matching_signature=(7, 'AAA');border_estimator=center_window_kmer_jsd;estimator=center_jsd;window=48;search_radius=24;kmer=2;top_ratio=0.25;score_scale=4.0;motif_weight=0.0;motif_radius=12;score_normalization=train_quantile;raw_border_score=0.361833;border_score=1.181133",0.23379413783550262,0.22663287818431854,0.5395729541778564
test_Seq_1377,1,1,"benchmark=nucleotide_transformer_downstream_tasks;dataset=splice_sites_all;matching=kmer_balanced;matching_signature=(11, 'CCC');border_estimator=center_window_kmer_jsd;estimator=center_jsd;window=48;search_radius=24;kmer=2;top_ratio=0.25;score_scale=4.0;motif_weight=0.0;motif_radius=12;score_normalization=train_quantile;raw_border_score=0.241145;border_score=1.061222",0.3395155072212219,0.3777192533016205,0.28276529908180237
test_Seq_955,0,1,"benchmark=nucleotide_transformer_downstream_tasks;dataset=splice_sites_all;matching=kmer_balanced;matching_signature=(8, 'AAA');border_estimator=center_window_kmer_jsd;estimator=center_jsd;window=48;search_radius=24;kmer=2;top_ratio=0.25;score_scale=4.0;motif_weight=0.0;motif_radius=12;score_normalization=train_quantile;raw_border_score=0.301606;border_score=1.147489",0.3397827446460724,0.35610559582710266,0.30411165952682495
test_Seq_1442,1,2,"benchmark=nucleotide_transformer_downstream_tasks;dataset=splice_sites_all;matching=kmer_balanced;matching_signature=(6, 'TTT');border_estimator=center_window_kmer_jsd;estimator=center_jsd;window=48;search_radius=24;kmer=2;top_ratio=0.25;score_scale=4.0;motif_weight=0.0;motif_radius=12;score_normalization=train_quantile;raw_border_score=0.199565;border_score=0.969933",0.2302834689617157,0.22930172085762024,0.5404148101806641
test_Seq_74,0,2,"benchmark=nucleotide_transformer_downstream_tasks;dataset=splice_sites_all;matching=kmer_balanced;matching_signature=(7, 'TTT');border_estimator=center_window_kmer_jsd;estimator=center_jsd;window=48;search_radius=24;kmer=2;top_ratio=0.25;score_scale=4.0;motif_weight=0.0;motif_radius=12;score_normalization=train_quantile;raw_border_score=0.390524;border_score=1.188378",0.09816799312829971,0.09272819757461548,0.8091038465499878
test_Seq_96,0,2,"benchmark=nucleotide_transformer_downstream_tasks;dataset=splice_sites_all;matching=kmer_balanced;matching_signature=(14, 'GGG');border_estimator=center_window_kmer_jsd;estimator=center_jsd;window=48;search_radius=24;kmer=2;top_ratio=0.25;score_scale=4.0;motif_weight=0.0;motif_radius=12;score_normalization=train_quantile;raw_border_score=0.202630;border_score=0.977933",0.29998114705085754,0.3186992406845093,0.3813195824623108
test_Seq_2541,2,2,"benchmark=nucleotide_transformer_downstream_tasks;dataset=splice_sites_all;matching=kmer_balanced;matching_signature=(5, 'AAA');border_estimator=center_window_kmer_jsd;estimator=center_jsd;window=48;search_radius=24;kmer=2;top_ratio=0.25;score_scale=4.0;motif_weight=0.0;motif_radius=12;score_normalization=train_quantile;raw_border_score=0.185147;border_score=0.931044",0.23377977311611176,0.22451864182949066,0.54170161485672
test_Seq_905,0,2,"benchmark=nucleotide_transformer_downstream_tasks;dataset=splice_sites_all;matching=kmer_balanced;matching_signature=(10, 'GGG');border_estimator=center_window_kmer_jsd;estimator=center_jsd;window=48;search_radius=24;kmer=2;top_ratio=0.25;score_scale=4.0;motif_weight=0.0;motif_radius=12;score_normalization=train_quantile;raw_border_score=0.202139;border_score=0.976422",0.23124761879444122,0.23461103439331055,0.5341413617134094
test_Seq_1139,1,2,"benchmark=nucleotide_transformer_downstream_tasks;dataset=splice_sites_all;matching=kmer_balanced;matching_signature=(12, 'CAG');border_estimator=center_window_kmer_jsd;estimator=center_jsd;window=48;search_radius=24;kmer=2;top_ratio=0.25;score_scale=4.0;motif_weight=0.0;motif_radius=12;score_normalization=train_quantile;raw_border_score=0.239926;border_score=1.058156",0.1477486491203308,0.13529780507087708,0.7169535160064697
test_Seq_1203,1,2,"benchmark=nucleotide_transformer_downstream_tasks;dataset=splice_sites_all;matching=kmer_balanced;matching_signature=(11, 'CAG');border_estimator=center_window_kmer_jsd;estimator=center_jsd;window=48;search_radius=24;kmer=2;top_ratio=0.25;score_scale=4.0;motif_weight=0.0;motif_radius=12;score_normalization=train_quantile;raw_border_score=0.207618;border_score=0.989356",0.2524239420890808,0.23813359439373016,0.5094424486160278
test_Seq_2079,2,2,"benchmark=nucleotide_transformer_downstream_tasks;dataset=splice_sites_all;matching=kmer_balanced;matching_signature=(7, 'ATT');border_estimator=center_window_kmer_jsd;estimator=center_jsd;window=48;search_radius=24;kmer=2;top_ratio=0.25;score_scale=4.0;motif_weight=0.0;motif_radius=12;score_normalization=train_quantile;raw_border_score=0.112277;border_score=0.806644",0.20684655010700226,0.2013368010520935,0.5918166637420654
test_Seq_661,0,2,"benchmark=nucleotide_transformer_downstream_tasks;dataset=splice_sites_all;matching=kmer_balanced;matching_signature=(6, 'TTT');border_estimator=center_window_kmer_jsd;estimator=center_jsd;window=48;search_radius=24;kmer=2;top_ratio=0.25;score_scale=4.0;motif_weight=0.0;motif_radius=12;score_normalization=train_quantile;raw_border_score=0.160401;border_score=0.868156",0.18184968829154968,0.17710953950881958,0.6410408020019531
test_Seq_2938,2,2,"benchmark=nucleotide_transformer_downstream_tasks;dataset=splice_sites_all;matching=kmer_balanced;matching_signature=(10, 'CTG');border_estimator=center_window_kmer_jsd;estimator=center_jsd;window=48;search_radius=24;kmer=2;top_ratio=0.25;score_scale=4.0;motif_weight=0.0;motif_radius=12;score_normalization=train_quantile;raw_border_score=0.206550;border_score=0.987400",0.1770608276128769,0.17142151296138763,0.6515176296234131
test_Seq_34,0,1,"benchmark=nucleotide_transformer_downstream_tasks;dataset=splice_sites_all;matching=kmer_balanced;matching_signature=(10, 'CAG');border_estimator=center_window_kmer_jsd;estimator=center_jsd;window=48;search_radius=24;kmer=2;top_ratio=0.25;score_scale=4.0;motif_weight=0.0;motif_radius=12;score_normalization=train_quantile;raw_border_score=0.160389;border_score=0.868156",0.34291476011276245,0.35289207100868225,0.3041931390762329
test_Seq_2951,2,2,"benchmark=nucleotide_transformer_downstream_tasks;dataset=splice_sites_all;matching=kmer_balanced;matching_signature=(11, 'CCC');border_estimator=center_window_kmer_jsd;estimator=center_jsd;window=48;search_radius=24;kmer=2;top_ratio=0.25;score_scale=4.0;motif_weight=0.0;motif_radius=12;score_normalization=train_quantile;raw_border_score=0.277011;border_score=1.119978",0.2950323522090912,0.28388988971710205,0.42107778787612915
test_Seq_367,0,2,"benchmark=nucleotide_transformer_downstream_tasks;dataset=splice_sites_all;matching=kmer_balanced;matching_signature=(7, 'TTT');border_estimator=center_window_kmer_jsd;estimator=center_jsd;window=48;search_radius=24;kmer=2;top_ratio=0.25;score_scale=4.0;motif_weight=0.0;motif_radius=12;score_normalization=train_quantile;raw_border_score=0.239394;border_score=1.057089",0.21814829111099243,0.23072323203086853,0.5511284470558167
test_Seq_1422,1,2,"benchmark=nucleotide_transformer_downstream_tasks;dataset=splice_sites_all;matching=kmer_balanced;matching_signature=(7, 'TTT');border_estimator=center_window_kmer_jsd;estimator=center_jsd;window=48;search_radius=24;kmer=2;top_ratio=0.25;score_scale=4.0;motif_weight=0.0;motif_radius=12;score_normalization=train_quantile;raw_border_score=0.211250;border_score=0.998289",0.2760496437549591,0.26925554871559143,0.4546948969364166
test_Seq_2568,2,2,"benchmark=nucleotide_transformer_downstream_tasks;dataset=splice_sites_all;matching=kmer_balanced;matching_signature=(10, 'TGG');border_estimator=center_window_kmer_jsd;estimator=center_jsd;window=48;search_radius=24;kmer=2;top_ratio=0.25;score_scale=4.0;motif_weight=0.0;motif_radius=12;score_normalization=train_quantile;raw_border_score=0.196272;border_score=0.960733",0.24798481166362762,0.24132390320301056,0.5106912851333618
test_Seq_65,0,2,"benchmark=nucleotide_transformer_downstream_tasks;dataset=splice_sites_all;matching=kmer_balanced;matching_signature=(5, 'TTT');border_estimator=center_window_kmer_jsd;estimator=center_jsd;window=48;search_radius=24;kmer=2;top_ratio=0.25;score_scale=4.0;motif_weight=0.0;motif_radius=12;score_normalization=train_quantile;raw_border_score=0.220412;border_score=1.019489",0.31879526376724243,0.3228653073310852,0.3583393692970276
test_Seq_1301,1,1,"benchmark=nucleotide_transformer_downstream_tasks;dataset=splice_sites_all;matching=kmer_balanced;matching_signature=(14, 'CCC');border_estimator=center_window_kmer_jsd;estimator=center_jsd;window=48;search_radius=24;kmer=2;top_ratio=0.25;score_scale=4.0;motif_weight=0.0;motif_radius=12;score_normalization=train_quantile;raw_border_score=0.289076;border_score=1.135489",0.32376527786254883,0.35952305793762207,0.3167116641998291
test_Seq_1670,1,2,"benchmark=nucleotide_transformer_downstream_tasks;dataset=splice_sites_all;matching=kmer_balanced;matching_signature=(10, 'CTG');border_estimator=center_window_kmer_jsd;estimator=center_jsd;window=48;search_radius=24;kmer=2;top_ratio=0.25;score_scale=4.0;motif_weight=0.0;motif_radius=12;score_normalization=train_quantile;raw_border_score=0.277268;border_score=1.120467",0.3173545002937317,0.32476916909217834,0.35787639021873474
test_Seq_2245,2,2,"benchmark=nucleotide_transformer_downstream_tasks;dataset=splice_sites_all;matching=kmer_balanced;matching_signature=(12, 'CTG');border_estimator=center_window_kmer_jsd;estimator=center_jsd;window=48;search_radius=24;kmer=2;top_ratio=0.25;score_scale=4.0;motif_weight=0.0;motif_radius=12;score_normalization=train_quantile;raw_border_score=0.182818;border_score=0.924467",0.3244715631008148,0.33060160279273987,0.3449268043041229
test_Seq_53,0,2,"benchmark=nucleotide_transformer_downstream_tasks;dataset=splice_sites_all;matching=kmer_balanced;matching_signature=(8, 'TTT');border_estimator=center_window_kmer_jsd;estimator=center_jsd;window=48;search_radius=24;kmer=2;top_ratio=0.25;score_scale=4.0;motif_weight=0.0;motif_radius=12;score_normalization=train_quantile;raw_border_score=0.160987;border_score=0.869222",0.2764931917190552,0.27337542176246643,0.4501313865184784
test_Seq_2961,2,2,"benchmark=nucleotide_transformer_downstream_tasks;dataset=splice_sites_all;matching=kmer_balanced;matching_signature=(7, 'TTT');border_estimator=center_window_kmer_jsd;estimator=center_jsd;window=48;search_radius=24;kmer=2;top_ratio=0.25;score_scale=4.0;motif_weight=0.0;motif_radius=12;score_normalization=train_quantile;raw_border_score=0.114099;border_score=0.807844",0.083043172955513,0.09243407845497131,0.8245226740837097
test_Seq_2169,2,2,"benchmark=nucleotide_transformer_downstream_tasks;dataset=splice_sites_all;matching=kmer_balanced;matching_signature=(6, 'AAA');border_estimator=center_window_kmer_jsd;estimator=center_jsd;window=48;search_radius=24;kmer=2;top_ratio=0.25;score_scale=4.0;motif_weight=0.0;motif_radius=12;score_normalization=train_quantile;raw_border_score=0.355909;border_score=1.179178",0.1859895884990692,0.1894620954990387,0.6245483160018921
test_Seq_2581,2,2,"benchmark=nucleotide_transformer_downstream_tasks;dataset=splice_sites_all;matching=kmer_balanced;matching_signature=(10, 'TCT');border_estimator=center_window_kmer_jsd;estimator=center_jsd;window=48;search_radius=24;kmer=2;top_ratio=0.25;score_scale=4.0;motif_weight=0.0;motif_radius=12;score_normalization=train_quantile;raw_border_score=0.136980;border_score=0.827711",0.1837802678346634,0.17966943979263306,0.6365503072738647
test_Seq_849,0,2,"benchmark=nucleotide_transformer_downstream_tasks;dataset=splice_sites_all;matching=kmer_balanced;matching_signature=(12, 'GGG');border_estimator=center_window_kmer_jsd;estimator=center_jsd;window=48;search_radius=24;kmer=2;top_ratio=0.25;score_scale=4.0;motif_weight=0.0;motif_radius=12;score_normalization=train_quantile;raw_border_score=0.202734;border_score=0.978156",0.301527202129364,0.31159722805023193,0.38687559962272644
test_Seq_2579,2,2,"benchmark=nucleotide_transformer_downstream_tasks;dataset=splice_sites_all;matching=kmer_balanced;matching_signature=(9, 'TCT');border_estimator=center_window_kmer_jsd;estimator=center_jsd;window=48;search_radius=24;kmer=2;top_ratio=0.25;score_scale=4.0;motif_weight=0.0;motif_radius=12;score_normalization=train_quantile;raw_border_score=0.199031;border_score=0.968689",0.1095273420214653,0.10620555281639099,0.784267008304596
test_Seq_887,0,2,"benchmark=nucleotide_transformer_downstream_tasks;dataset=splice_sites_all;matching=kmer_balanced;matching_signature=(8, 'TTT');border_estimator=center_window_kmer_jsd;estimator=center_jsd;window=48;search_radius=24;kmer=2;top_ratio=0.25;score_scale=4.0;motif_weight=0.0;motif_radius=12;score_normalization=train_quantile;raw_border_score=0.372632;border_score=1.184956",0.23424173891544342,0.2426561862230301,0.5231020450592041
test_Seq_924,0,2,"benchmark=nucleotide_transformer_downstream_tasks;dataset=splice_sites_all;matching=kmer_balanced;matching_signature=(7, 'AAA');border_estimator=center_window_kmer_jsd;estimator=center_jsd;window=48;search_radius=24;kmer=2;top_ratio=0.25;score_scale=4.0;motif_weight=0.0;motif_radius=12;score_normalization=train_quantile;raw_border_score=0.199529;border_score=0.969889",0.23396830260753632,0.22177894413471222,0.5442528128623962
test_Seq_340,0,2,"benchmark=nucleotide_transformer_downstream_tasks;dataset=splice_sites_all;matching=kmer_balanced;matching_signature=(13, 'GGG');border_estimator=center_window_kmer_jsd;estimator=center_jsd;window=48;search_radius=24;kmer=2;top_ratio=0.25;score_scale=4.0;motif_weight=0.0;motif_radius=12;score_normalization=train_quantile;raw_border_score=0.146492;border_score=0.841667",0.2258978933095932,0.22005896270275116,0.5540431141853333
test_Seq_2720,2,2,"benchmark=nucleotide_transformer_downstream_tasks;dataset=splice_sites_all;matching=kmer_balanced;matching_signature=(8, 'TTT');border_estimator=center_window_kmer_jsd;estimator=center_jsd;window=48;search_radius=24;kmer=2;top_ratio=0.25;score_scale=4.0;motif_weight=0.0;motif_radius=12;score_normalization=train_quantile;raw_border_score=0.145189;border_score=0.839222",0.2061850130558014,0.19492332637310028,0.5988916754722595
test_Seq_2234,2,1,"benchmark=nucleotide_transformer_downstream_tasks;dataset=splice_sites_all;matching=kmer_balanced;matching_signature=(7, 'TTT');border_estimator=center_window_kmer_jsd;estimator=center_jsd;window=48;search_radius=24;kmer=2;top_ratio=0.25;score_scale=4.0;motif_weight=0.0;motif_radius=12;score_normalization=train_quantile;raw_border_score=0.156745;border_score=0.861000",0.350424200296402,0.38541844487190247,0.26415732502937317
test_Seq_163,0,2,"benchmark=nucleotide_transformer_downstream_tasks;dataset=splice_sites_all;matching=kmer_balanced;matching_signature=(8, 'TTT');border_estimator=center_window_kmer_jsd;estimator=center_jsd;window=48;search_radius=24;kmer=2;top_ratio=0.25;score_scale=4.0;motif_weight=0.0;motif_radius=12;score_normalization=train_quantile;raw_border_score=0.200825;border_score=0.972956",0.21893848478794098,0.214415043592453,0.5666463971138
test_Seq_2725,2,2,"benchmark=nucleotide_transformer_downstream_tasks;dataset=splice_sites_all;matching=kmer_balanced;matching_signature=(11, 'AGG');border_estimator=center_window_kmer_jsd;estimator=center_jsd;window=48;search_radius=24;kmer=2;top_ratio=0.25;score_scale=4.0;motif_weight=0.0;motif_radius=12;score_normalization=train_quantile;raw_border_score=0.234022;border_score=1.047756",0.15732674300670624,0.14962664246559143,0.6930466294288635
test_Seq_595,0,2,"benchmark=nucleotide_transformer_downstream_tasks;dataset=splice_sites_all;matching=kmer_balanced;matching_signature=(8, 'TGA');border_estimator=center_window_kmer_jsd;estimator=center_jsd;window=48;search_radius=24;kmer=2;top_ratio=0.25;score_scale=4.0;motif_weight=0.0;motif_radius=12;score_normalization=train_quantile;raw_border_score=0.345844;border_score=1.175311",0.25650808215141296,0.259834349155426,0.4836576282978058
test_Seq_727,0,2,"benchmark=nucleotide_transformer_downstream_tasks;dataset=splice_sites_all;matching=kmer_balanced;matching_signature=(6, 'TTT');border_estimator=center_window_kmer_jsd;estimator=center_jsd;window=48;search_radius=24;kmer=2;top_ratio=0.25;score_scale=4.0;motif_weight=0.0;motif_radius=12;score_normalization=train_quantile;raw_border_score=0.281412;border_score=1.125578",0.2586599290370941,0.253545880317688,0.4877941608428955
test_Seq_2407,2,2,"benchmark=nucleotide_transformer_downstream_tasks;dataset=splice_sites_all;matching=kmer_balanced;matching_signature=(9, 'TCA');border_estimator=center_window_kmer_jsd;estimator=center_jsd;window=48;search_radius=24;kmer=2;top_ratio=0.25;score_scale=4.0;motif_weight=0.0;motif_radius=12;score_normalization=train_quantile;raw_border_score=0.240467;border_score=1.059889",0.3273766338825226,0.3341108560562134,0.33851245045661926
test_Seq_681,0,2,"benchmark=nucleotide_transformer_downstream_tasks;dataset=splice_sites_all;matching=kmer_balanced;matching_signature=(6, 'TTT');border_estimator=center_window_kmer_jsd;estimator=center_jsd;window=48;search_radius=24;kmer=2;top_ratio=0.25;score_scale=4.0;motif_weight=0.0;motif_radius=12;score_normalization=train_quantile;raw_border_score=0.171971;border_score=0.896289",0.25904521346092224,0.2578918933868408,0.48306286334991455
test_Seq_1611,1,2,"benchmark=nucleotide_transformer_downstream_tasks;dataset=splice_sites_all;matching=kmer_balanced;matching_signature=(8, 'TTT');border_estimator=center_window_kmer_jsd;estimator=center_jsd;window=48;search_radius=24;kmer=2;top_ratio=0.25;score_scale=4.0;motif_weight=0.0;motif_radius=12;score_normalization=train_quantile;raw_border_score=0.305185;border_score=1.150378",0.3274283707141876,0.3246728479862213,0.3478987514972687
test_Seq_327,0,2,"benchmark=nucleotide_transformer_downstream_tasks;dataset=splice_sites_all;matching=kmer_balanced;matching_signature=(14, 'GGG');border_estimator=center_window_kmer_jsd;estimator=center_jsd;window=48;search_radius=24;kmer=2;top_ratio=0.25;score_scale=4.0;motif_weight=0.0;motif_radius=12;score_normalization=train_quantile;raw_border_score=0.173254;border_score=0.899889",0.2886958122253418,0.3101249933242798,0.4011791944503784
test_Seq_1958,1,1,"benchmark=nucleotide_transformer_downstream_tasks;dataset=splice_sites_all;matching=kmer_balanced;matching_signature=(8, 'TTT');border_estimator=center_window_kmer_jsd;estimator=center_jsd;window=48;search_radius=24;kmer=2;top_ratio=0.25;score_scale=4.0;motif_weight=0.0;motif_radius=12;score_normalization=train_quantile;raw_border_score=0.283692;border_score=1.128644",0.3677666187286377,0.40806329250335693,0.22417010366916656
test_Seq_524,0,2,"benchmark=nucleotide_transformer_downstream_tasks;dataset=splice_sites_all;matching=kmer_balanced;matching_signature=(13, 'CCC');border_estimator=center_window_kmer_jsd;estimator=center_jsd;window=48;search_radius=24;kmer=2;top_ratio=0.25;score_scale=4.0;motif_weight=0.0;motif_radius=12;score_normalization=train_quantile;raw_border_score=0.180232;border_score=0.918467",0.1659877896308899,0.15345020592212677,0.6805619597434998
test_Seq_574,0,2,"benchmark=nucleotide_transformer_downstream_tasks;dataset=splice_sites_all;matching=kmer_balanced;matching_signature=(10, 'AGG');border_estimator=center_window_kmer_jsd;estimator=center_jsd;window=48;search_radius=24;kmer=2;top_ratio=0.25;score_scale=4.0;motif_weight=0.0;motif_radius=12;score_normalization=train_quantile;raw_border_score=0.150160;border_score=0.847933",0.2524123787879944,0.2681855261325836,0.4794020652770996
test_Seq_2084,2,2,"benchmark=nucleotide_transformer_downstream_tasks;dataset=splice_sites_all;matching=kmer_balanced;matching_signature=(9, 'AAA');border_estimator=center_window_kmer_jsd;estimator=center_jsd;window=48;search_radius=24;kmer=2;top_ratio=0.25;score_scale=4.0;motif_weight=0.0;motif_radius=12;score_normalization=train_quantile;raw_border_score=0.259400;border_score=1.094600",0.12155397981405258,0.11822915077209473,0.7602168917655945
test_Seq_1119,1,2,"benchmark=nucleotide_transformer_downstream_tasks;dataset=splice_sites_all;matching=kmer_balanced;matching_signature=(13, 'GGG');border_estimator=center_window_kmer_jsd;estimator=center_jsd;window=48;search_radius=24;kmer=2;top_ratio=0.25;score_scale=4.0;motif_weight=0.0;motif_radius=12;score_normalization=train_quantile;raw_border_score=0.214079;border_score=1.004511",0.19607871770858765,0.20009852945804596,0.6038227677345276
test_Seq_326,0,2,"benchmark=nucleotide_transformer_downstream_tasks;dataset=splice_sites_all;matching=kmer_balanced;matching_signature=(7, 'AAA');border_estimator=center_window_kmer_jsd;estimator=center_jsd;window=48;search_radius=24;kmer=2;top_ratio=0.25;score_scale=4.0;motif_weight=0.0;motif_radius=12;score_normalization=train_quantile;raw_border_score=0.255982;border_score=1.089000",0.2760988771915436,0.28271788358688354,0.44118329882621765
test_Seq_1187,1,2,"benchmark=nucleotide_transformer_downstream_tasks;dataset=splice_sites_all;matching=kmer_balanced;matching_signature=(8, 'TTT');border_estimator=center_window_kmer_jsd;estimator=center_jsd;window=48;search_radius=24;kmer=2;top_ratio=0.25;score_scale=4.0;motif_weight=0.0;motif_radius=12;score_normalization=train_quantile;raw_border_score=0.220188;border_score=1.019222",0.25258880853652954,0.2529051601886749,0.4945060610771179
test_Seq_1486,1,2,"benchmark=nucleotide_transformer_downstream_tasks;dataset=splice_sites_all;matching=kmer_balanced;matching_signature=(9, 'TTT');border_estimator=center_window_kmer_jsd;estimator=center_jsd;window=48;search_radius=24;kmer=2;top_ratio=0.25;score_scale=4.0;motif_weight=0.0;motif_radius=12;score_normalization=train_quantile;raw_border_score=0.223461;border_score=1.026956",0.26034027338027954,0.2687033712863922,0.47095632553100586
test_Seq_1618,1,2,"benchmark=nucleotide_transformer_downstream_tasks;dataset=splice_sites_all;matching=kmer_balanced;matching_signature=(8, 'TTT');border_estimator=center_window_kmer_jsd;estimator=center_jsd;window=48;search_radius=24;kmer=2;top_ratio=0.25;score_scale=4.0;motif_weight=0.0;motif_radius=12;score_normalization=train_quantile;raw_border_score=0.240944;border_score=1.061000",0.28751838207244873,0.28288373351097107,0.429597944021225
test_Seq_2357,2,2,"benchmark=nucleotide_transformer_downstream_tasks;dataset=splice_sites_all;matching=kmer_balanced;matching_signature=(11, 'CCC');border_estimator=center_window_kmer_jsd;estimator=center_jsd;window=48;search_radius=24;kmer=2;top_ratio=0.25;score_scale=4.0;motif_weight=0.0;motif_radius=12;score_normalization=train_quantile;raw_border_score=0.229423;border_score=1.038867",0.2674029469490051,0.2507507801055908,0.48184627294540405
test_Seq_1449,1,2,"benchmark=nucleotide_transformer_downstream_tasks;dataset=splice_sites_all;matching=kmer_balanced;matching_signature=(7, 'TTT');border_estimator=center_window_kmer_jsd;estimator=center_jsd;window=48;search_radius=24;kmer=2;top_ratio=0.25;score_scale=4.0;motif_weight=0.0;motif_radius=12;score_normalization=train_quantile;raw_border_score=0.232544;border_score=1.044556",0.27935075759887695,0.28700411319732666,0.433645099401474
test_Seq_2498,2,2,"benchmark=nucleotide_transformer_downstream_tasks;dataset=splice_sites_all;matching=kmer_balanced;matching_signature=(11, 'GTG');border_estimator=center_window_kmer_jsd;estimator=center_jsd;window=48;search_radius=24;kmer=2;top_ratio=0.25;score_scale=4.0;motif_weight=0.0;motif_radius=12;score_normalization=train_quantile;raw_border_score=0.234732;border_score=1.048956",0.3103365898132324,0.31686916947364807,0.3727942109107971
test_Seq_2685,2,2,"benchmark=nucleotide_transformer_downstream_tasks;dataset=splice_sites_all;matching=kmer_balanced;matching_signature=(8, 'TTT');border_estimator=center_window_kmer_jsd;estimator=center_jsd;window=48;search_radius=24;kmer=2;top_ratio=0.25;score_scale=4.0;motif_weight=0.0;motif_radius=12;score_normalization=train_quantile;raw_border_score=0.194622;border_score=0.956022",0.17169860005378723,0.17483675479888916,0.653464674949646
test_Seq_52,0,2,"benchmark=nucleotide_transformer_downstream_tasks;dataset=splice_sites_all;matching=kmer_balanced;matching_signature=(10, 'TCC');border_estimator=center_window_kmer_jsd;estimator=center_jsd;window=48;search_radius=24;kmer=2;top_ratio=0.25;score_scale=4.0;motif_weight=0.0;motif_radius=12;score_normalization=train_quantile;raw_border_score=0.214544;border_score=1.005089",0.25019827485084534,0.26104289293289185,0.4887588918209076
test_Seq_2638,2,2,"benchmark=nucleotide_transformer_downstream_tasks;dataset=splice_sites_all;matching=kmer_balanced;matching_signature=(8, 'TTT');border_estimator=center_window_kmer_jsd;estimator=center_jsd;window=48;search_radius=24;kmer=2;top_ratio=0.25;score_scale=4.0;motif_weight=0.0;motif_radius=12;score_normalization=train_quantile;raw_border_score=0.232030;border_score=1.043889",0.20967155694961548,0.20078442990779877,0.5895439982414246
test_Seq_535,0,2,"benchmark=nucleotide_transformer_downstream_tasks;dataset=splice_sites_all;matching=kmer_balanced;matching_signature=(7, 'TTT');border_estimator=center_window_kmer_jsd;estimator=center_jsd;window=48;search_radius=24;kmer=2;top_ratio=0.25;score_scale=4.0;motif_weight=0.0;motif_radius=12;score_normalization=train_quantile;raw_border_score=0.163593;border_score=0.875178",0.17616917192935944,0.17515899240970612,0.6486718654632568
test_Seq_1065,1,2,"benchmark=nucleotide_transformer_downstream_tasks;dataset=splice_sites_all;matching=kmer_balanced;matching_signature=(9, 'AAA');border_estimator=center_window_kmer_jsd;estimator=center_jsd;window=48;search_radius=24;kmer=2;top_ratio=0.25;score_scale=4.0;motif_weight=0.0;motif_radius=12;score_normalization=train_quantile;raw_border_score=0.218538;border_score=1.015356",0.306970477104187,0.327700674533844,0.365328848361969
test_Seq_2179,2,1,"benchmark=nucleotide_transformer_downstream_tasks;dataset=splice_sites_all;matching=kmer_balanced;matching_signature=(13, 'GGG');border_estimator=center_window_kmer_jsd;estimator=center_jsd;window=48;search_radius=24;kmer=2;top_ratio=0.25;score_scale=4.0;motif_weight=0.0;motif_radius=12;score_normalization=train_quantile;raw_border_score=0.233241;border_score=1.046022",0.3485909104347229,0.3956071734428406,0.2558019459247589
test_Seq_1233,1,1,"benchmark=nucleotide_transformer_downstream_tasks;dataset=splice_sites_all;matching=kmer_balanced;matching_signature=(10, 'CCC');border_estimator=center_window_kmer_jsd;estimator=center_jsd;window=48;search_radius=24;kmer=2;top_ratio=0.25;score_scale=4.0;motif_weight=0.0;motif_radius=12;score_normalization=train_quantile;raw_border_score=0.414253;border_score=1.191667",0.3908022940158844,0.46505534648895264,0.14414237439632416
test_Seq_137,0,1,"benchmark=nucleotide_transformer_downstream_tasks;dataset=splice_sites_all;matching=kmer_balanced;matching_signature=(6, 'AAT');border_estimator=center_window_kmer_jsd;estimator=center_jsd;window=48;search_radius=24;kmer=2;top_ratio=0.25;score_scale=4.0;motif_weight=0.0;motif_radius=12;score_normalization=train_quantile;raw_border_score=0.216623;border_score=1.010689",0.3437415063381195,0.34548449516296387,0.3107739984989166
test_Seq_899,0,2,"benchmark=nucleotide_transformer_downstream_tasks;dataset=splice_sites_all;matching=kmer_balanced;matching_signature=(8, 'AAA');border_estimator=center_window_kmer_jsd;estimator=center_jsd;window=48;search_radius=24;kmer=2;top_ratio=0.25;score_scale=4.0;motif_weight=0.0;motif_radius=12;score_normalization=train_quantile;raw_border_score=0.258377;border_score=1.092778",0.23988014459609985,0.23314568400382996,0.5269741415977478
test_Seq_1556,1,2,"benchmark=nucleotide_transformer_downstream_tasks;dataset=splice_sites_all;matching=kmer_balanced;matching_signature=(5, 'TTT');border_estimator=center_window_kmer_jsd;estimator=center_jsd;window=48;search_radius=24;kmer=2;top_ratio=0.25;score_scale=4.0;motif_weight=0.0;motif_radius=12;score_normalization=train_quantile;raw_border_score=0.213139;border_score=1.002244",0.21866591274738312,0.21881455183029175,0.5625195503234863
test_Seq_1666,1,2,"benchmark=nucleotide_transformer_downstream_tasks;dataset=splice_sites_all;matching=kmer_balanced;matching_signature=(8, 'AAA');border_estimator=center_window_kmer_jsd;estimator=center_jsd;window=48;search_radius=24;kmer=2;top_ratio=0.25;score_scale=4.0;motif_weight=0.0;motif_radius=12;score_normalization=train_quantile;raw_border_score=0.241320;border_score=1.061489",0.24348396062850952,0.2565118670463562,0.5000041127204895
test_Seq_311,0,2,"benchmark=nucleotide_transformer_downstream_tasks;dataset=splice_sites_all;matching=kmer_balanced;matching_signature=(8, 'TTT');border_estimator=center_window_kmer_jsd;estimator=center_jsd;window=48;search_radius=24;kmer=2;top_ratio=0.25;score_scale=4.0;motif_weight=0.0;motif_radius=12;score_normalization=train_quantile;raw_border_score=0.293376;border_score=1.139667",0.23798049986362457,0.24576953053474426,0.51624995470047
test_Seq_2973,2,2,"benchmark=nucleotide_transformer_downstream_tasks;dataset=splice_sites_all;matching=kmer_balanced;matching_signature=(10, 'GAG');border_estimator=center_window_kmer_jsd;estimator=center_jsd;window=48;search_radius=24;kmer=2;top_ratio=0.25;score_scale=4.0;motif_weight=0.0;motif_radius=12;score_normalization=train_quantile;raw_border_score=0.233503;border_score=1.046556",0.11584100872278214,0.11795677244663239,0.7662021517753601
test_Seq_2651,2,2,"benchmark=nucleotide_transformer_downstream_tasks;dataset=splice_sites_all;matching=kmer_balanced;matching_signature=(14, 'GGG');border_estimator=center_window_kmer_jsd;estimator=center_jsd;window=48;search_radius=24;kmer=2;top_ratio=0.25;score_scale=4.0;motif_weight=0.0;motif_radius=12;score_normalization=train_quantile;raw_border_score=0.150116;border_score=0.847889",0.3052618205547333,0.336076021194458,0.3586621880531311
test_Seq_1973,1,2,"benchmark=nucleotide_transformer_downstream_tasks;dataset=splice_sites_all;matching=kmer_balanced;matching_signature=(7, 'AAA');border_estimator=center_window_kmer_jsd;estimator=center_jsd;window=48;search_radius=24;kmer=2;top_ratio=0.25;score_scale=4.0;motif_weight=0.0;motif_radius=12;score_normalization=train_quantile;raw_border_score=0.144746;border_score=0.838244",0.19912272691726685,0.19554993510246277,0.6053273677825928
test_Seq_753,0,2,"benchmark=nucleotide_transformer_downstream_tasks;dataset=splice_sites_all;matching=kmer_balanced;matching_signature=(11, 'CCT');border_estimator=center_window_kmer_jsd;estimator=center_jsd;window=48;search_radius=24;kmer=2;top_ratio=0.25;score_scale=4.0;motif_weight=0.0;motif_radius=12;score_normalization=train_quantile;raw_border_score=0.103481;border_score=0.803533",0.31399691104888916,0.3419466018676758,0.3440564274787903
test_Seq_2770,2,2,"benchmark=nucleotide_transformer_downstream_tasks;dataset=splice_sites_all;matching=kmer_balanced;matching_signature=(10, 'TGG');border_estimator=center_window_kmer_jsd;estimator=center_jsd;window=48;search_radius=24;kmer=2;top_ratio=0.25;score_scale=4.0;motif_weight=0.0;motif_radius=12;score_normalization=train_quantile;raw_border_score=0.201632;border_score=0.975000",0.24394291639328003,0.23668380081653595,0.5193732976913452
test_Seq_1520,1,2,"benchmark=nucleotide_transformer_downstream_tasks;dataset=splice_sites_all;matching=kmer_balanced;matching_signature=(7, 'TTT');border_estimator=center_window_kmer_jsd;estimator=center_jsd;window=48;search_radius=24;kmer=2;top_ratio=0.25;score_scale=4.0;motif_weight=0.0;motif_radius=12;score_normalization=train_quantile;raw_border_score=0.241591;border_score=1.062200",0.2682066261768341,0.28287509083747864,0.4489182233810425
test_Seq_2356,2,2,"benchmark=nucleotide_transformer_downstream_tasks;dataset=splice_sites_all;matching=kmer_balanced;matching_signature=(8, 'TTT');border_estimator=center_window_kmer_jsd;estimator=center_jsd;window=48;search_radius=24;kmer=2;top_ratio=0.25;score_scale=4.0;motif_weight=0.0;motif_radius=12;score_normalization=train_quantile;raw_border_score=0.469436;border_score=1.197000",0.12297400832176208,0.12266173213720322,0.7543642520904541
test_Seq_550,0,2,"benchmark=nucleotide_transformer_downstream_tasks;dataset=splice_sites_all;matching=kmer_balanced;matching_signature=(9, 'TTT');border_estimator=center_window_kmer_jsd;estimator=center_jsd;window=48;search_radius=24;kmer=2;top_ratio=0.25;score_scale=4.0;motif_weight=0.0;motif_radius=12;score_normalization=train_quantile;raw_border_score=0.149026;border_score=0.846111",0.3109905421733856,0.3227744400501251,0.36623501777648926
test_Seq_1468,1,2,"benchmark=nucleotide_transformer_downstream_tasks;dataset=splice_sites_all;matching=kmer_balanced;matching_signature=(7, 'AAA');border_estimator=center_window_kmer_jsd;estimator=center_jsd;window=48;search_radius=24;kmer=2;top_ratio=0.25;score_scale=4.0;motif_weight=0.0;motif_radius=12;score_normalization=train_quantile;raw_border_score=0.198839;border_score=0.968156",0.23234011232852936,0.22495977580547333,0.5427001118659973
test_Seq_1102,1,2,"benchmark=nucleotide_transformer_downstream_tasks;dataset=splice_sites_all;matching=kmer_balanced;matching_signature=(10, 'TTT');border_estimator=center_window_kmer_jsd;estimator=center_jsd;window=48;search_radius=24;kmer=2;top_ratio=0.25;score_scale=4.0;motif_weight=0.0;motif_radius=12;score_normalization=train_quantile;raw_border_score=0.215384;border_score=1.006956",0.2838231027126312,0.29600435495376587,0.4201725423336029
test_Seq_2562,2,2,"benchmark=nucleotide_transformer_downstream_tasks;dataset=splice_sites_all;matching=kmer_balanced;matching_signature=(11, 'TGG');border_estimator=center_window_kmer_jsd;estimator=center_jsd;window=48;search_radius=24;kmer=2;top_ratio=0.25;score_scale=4.0;motif_weight=0.0;motif_radius=12;score_normalization=train_quantile;raw_border_score=0.200832;border_score=0.973044",0.18472500145435333,0.1816227287054062,0.6336522698402405
test_Seq_1714,1,2,"benchmark=nucleotide_transformer_downstream_tasks;dataset=splice_sites_all;matching=kmer_balanced;matching_signature=(7, 'TTT');border_estimator=center_window_kmer_jsd;estimator=center_jsd;window=48;search_radius=24;kmer=2;top_ratio=0.25;score_scale=4.0;motif_weight=0.0;motif_radius=12;score_normalization=train_quantile;raw_border_score=0.230609;border_score=1.040822",0.1981813907623291,0.19293220341205597,0.6088863611221313
test_Seq_1286,1,2,"benchmark=nucleotide_transformer_downstream_tasks;dataset=splice_sites_all;matching=kmer_balanced;matching_signature=(10, 'CTG');border_estimator=center_window_kmer_jsd;estimator=center_jsd;window=48;search_radius=24;kmer=2;top_ratio=0.25;score_scale=4.0;motif_weight=0.0;motif_radius=12;score_normalization=train_quantile;raw_border_score=0.208198;border_score=0.990733",0.31610482931137085,0.311768114566803,0.37212708592414856
test_Seq_1494,1,2,"benchmark=nucleotide_transformer_downstream_tasks;dataset=splice_sites_all;matching=kmer_balanced;matching_signature=(7, 'AAA');border_estimator=center_window_kmer_jsd;estimator=center_jsd;window=48;search_radius=24;kmer=2;top_ratio=0.25;score_scale=4.0;motif_weight=0.0;motif_radius=12;score_normalization=train_quantile;raw_border_score=0.145896;border_score=0.840289",0.3261348605155945,0.32962343096733093,0.3442417085170746
test_Seq_2115,2,2,"benchmark=nucleotide_transformer_downstream_tasks;dataset=splice_sites_all;matching=kmer_balanced;matching_signature=(5, 'TTT');border_estimator=center_window_kmer_jsd;estimator=center_jsd;window=48;search_radius=24;kmer=2;top_ratio=0.25;score_scale=4.0;motif_weight=0.0;motif_radius=12;score_normalization=train_quantile;raw_border_score=0.212834;border_score=1.001622",0.13980412483215332,0.143097922205925,0.7170979380607605
test_Seq_2621,2,2,"benchmark=nucleotide_transformer_downstream_tasks;dataset=splice_sites_all;matching=kmer_balanced;matching_signature=(11, 'GAG');border_estimator=center_window_kmer_jsd;estimator=center_jsd;window=48;search_radius=24;kmer=2;top_ratio=0.25;score_scale=4.0;motif_weight=0.0;motif_radius=12;score_normalization=train_quantile;raw_border_score=0.191428;border_score=0.948244",0.22821739315986633,0.22229783236980438,0.5494847893714905
test_Seq_852,0,2,"benchmark=nucleotide_transformer_downstream_tasks;dataset=splice_sites_all;matching=kmer_balanced;matching_signature=(9, 'TGT');border_estimator=center_window_kmer_jsd;estimator=center_jsd;window=48;search_radius=24;kmer=2;top_ratio=0.25;score_scale=4.0;motif_weight=0.0;motif_radius=12;score_normalization=train_quantile;raw_border_score=0.246791;border_score=1.072644",0.246477872133255,0.2423442155122757,0.5111778974533081
test_Seq_318,0,2,"benchmark=nucleotide_transformer_downstream_tasks;dataset=splice_sites_all;matching=kmer_balanced;matching_signature=(11, 'CAG');border_estimator=center_window_kmer_jsd;estimator=center_jsd;window=48;search_radius=24;kmer=2;top_ratio=0.25;score_scale=4.0;motif_weight=0.0;motif_radius=12;score_normalization=train_quantile;raw_border_score=0.302813;border_score=1.148867",0.3210219740867615,0.3338373601436615,0.3451406955718994
test_Seq_221,0,2,"benchmark=nucleotide_transformer_downstream_tasks;dataset=splice_sites_all;matching=kmer_balanced;matching_signature=(7, 'AAA');border_estimator=center_window_kmer_jsd;estimator=center_jsd;window=48;search_radius=24;kmer=2;top_ratio=0.25;score_scale=4.0;motif_weight=0.0;motif_radius=12;score_normalization=train_quantile;raw_border_score=0.191343;border_score=0.948111",0.28557267785072327,0.2844495475292206,0.42997780442237854
test_Seq_1458,1,2,"benchmark=nucleotide_transformer_downstream_tasks;dataset=splice_sites_all;matching=kmer_balanced;matching_signature=(10, 'TCT');border_estimator=center_window_kmer_jsd;estimator=center_jsd;window=48;search_radius=24;kmer=2;top_ratio=0.25;score_scale=4.0;motif_weight=0.0;motif_radius=12;score_normalization=train_quantile;raw_border_score=0.228027;border_score=1.035978",0.21800868213176727,0.1987186223268509,0.5832726359367371
test_Seq_615,0,2,"benchmark=nucleotide_transformer_downstream_tasks;dataset=splice_sites_all;matching=kmer_balanced;matching_signature=(7, 'TTT');border_estimator=center_window_kmer_jsd;estimator=center_jsd;window=48;search_radius=24;kmer=2;top_ratio=0.25;score_scale=4.0;motif_weight=0.0;motif_radius=12;score_normalization=train_quantile;raw_border_score=0.201220;border_score=0.973933",0.2156630903482437,0.21628350019454956,0.5680533647537231
test_Seq_1676,1,2,"benchmark=nucleotide_transformer_downstream_tasks;dataset=splice_sites_all;matching=kmer_balanced;matching_signature=(10, 'GGG');border_estimator=center_window_kmer_jsd;estimator=center_jsd;window=48;search_radius=24;kmer=2;top_ratio=0.25;score_scale=4.0;motif_weight=0.0;motif_radius=12;score_normalization=train_quantile;raw_border_score=0.281373;border_score=1.125533",0.2516578435897827,0.24422919750213623,0.5041128993034363
test_Seq_450,0,2,"benchmark=nucleotide_transformer_downstream_tasks;dataset=splice_sites_all;matching=kmer_balanced;matching_signature=(8, 'TTT');border_estimator=center_window_kmer_jsd;estimator=center_jsd;window=48;search_radius=24;kmer=2;top_ratio=0.25;score_scale=4.0;motif_weight=0.0;motif_radius=12;score_normalization=train_quantile;raw_border_score=0.343238;border_score=1.173400",0.18354755640029907,0.18009288609027863,0.6363595128059387
test_Seq_2178,2,2,"benchmark=nucleotide_transformer_downstream_tasks;dataset=splice_sites_all;matching=kmer_balanced;matching_signature=(6, 'ATT');border_estimator=center_window_kmer_jsd;estimator=center_jsd;window=48;search_radius=24;kmer=2;top_ratio=0.25;score_scale=4.0;motif_weight=0.0;motif_radius=12;score_normalization=train_quantile;raw_border_score=0.249173;border_score=1.077489",0.17192569375038147,0.16693730652332306,0.6611369848251343
test_Seq_2422,2,2,"benchmark=nucleotide_transformer_downstream_tasks;dataset=splice_sites_all;matching=kmer_balanced;matching_signature=(6, 'TTT');border_estimator=center_window_kmer_jsd;estimator=center_jsd;window=48;search_radius=24;kmer=2;top_ratio=0.25;score_scale=4.0;motif_weight=0.0;motif_radius=12;score_normalization=train_quantile;raw_border_score=0.152809;border_score=0.853000",0.2207077294588089,0.2213727831840515,0.5579195022583008
test_Seq_2202,2,2,"benchmark=nucleotide_transformer_downstream_tasks;dataset=splice_sites_all;matching=kmer_balanced;matching_signature=(8, 'AAA');border_estimator=center_window_kmer_jsd;estimator=center_jsd;window=48;search_radius=24;kmer=2;top_ratio=0.25;score_scale=4.0;motif_weight=0.0;motif_radius=12;score_normalization=train_quantile;raw_border_score=0.212967;border_score=1.001889",0.1123766228556633,0.11409144848585129,0.7735319137573242
test_Seq_958,0,2,"benchmark=nucleotide_transformer_downstream_tasks;dataset=splice_sites_all;matching=kmer_balanced;matching_signature=(9, 'GAG');border_estimator=center_window_kmer_jsd;estimator=center_jsd;window=48;search_radius=24;kmer=2;top_ratio=0.25;score_scale=4.0;motif_weight=0.0;motif_radius=12;score_normalization=train_quantile;raw_border_score=0.263762;border_score=1.102022",0.18352392315864563,0.18834595382213593,0.6281300783157349
test_Seq_1811,1,2,"benchmark=nucleotide_transformer_downstream_tasks;dataset=splice_sites_all;matching=kmer_balanced;matching_signature=(11, 'CCC');border_estimator=center_window_kmer_jsd;estimator=center_jsd;window=48;search_radius=24;kmer=2;top_ratio=0.25;score_scale=4.0;motif_weight=0.0;motif_radius=12;score_normalization=train_quantile;raw_border_score=0.153496;border_score=0.854422",0.2336094230413437,0.2244390994310379,0.5419514775276184
test_Seq_2654,2,2,"benchmark=nucleotide_transformer_downstream_tasks;dataset=splice_sites_all;matching=kmer_balanced;matching_signature=(8, 'TTT');border_estimator=center_window_kmer_jsd;estimator=center_jsd;window=48;search_radius=24;kmer=2;top_ratio=0.25;score_scale=4.0;motif_weight=0.0;motif_radius=12;score_normalization=train_quantile;raw_border_score=0.256878;border_score=1.090333",0.19723066687583923,0.19572828710079193,0.6070411205291748
test_Seq_309,0,2,"benchmark=nucleotide_transformer_downstream_tasks;dataset=splice_sites_all;matching=kmer_balanced;matching_signature=(8, 'TTC');border_estimator=center_window_kmer_jsd;estimator=center_jsd;window=48;search_radius=24;kmer=2;top_ratio=0.25;score_scale=4.0;motif_weight=0.0;motif_radius=12;score_normalization=train_quantile;raw_border_score=0.168546;border_score=0.887578",0.15818782150745392,0.15259961783885956,0.6892125606536865
test_Seq_2872,2,2,"benchmark=nucleotide_transformer_downstream_tasks;dataset=splice_sites_all;matching=kmer_balanced;matching_signature=(7, 'AAA');border_estimator=center_window_kmer_jsd;estimator=center_jsd;window=48;search_radius=24;kmer=2;top_ratio=0.25;score_scale=4.0;motif_weight=0.0;motif_radius=12;score_normalization=train_quantile;raw_border_score=0.257795;border_score=1.091800",0.2035224437713623,0.1977466642856598,0.5987309217453003
test_Seq_84,0,2,"benchmark=nucleotide_transformer_downstream_tasks;dataset=splice_sites_all;matching=kmer_balanced;matching_signature=(6, 'TTT');border_estimator=center_window_kmer_jsd;estimator=center_jsd;window=48;search_radius=24;kmer=2;top_ratio=0.25;score_scale=4.0;motif_weight=0.0;motif_radius=12;score_normalization=train_quantile;raw_border_score=0.249612;border_score=1.078333",0.24159649014472961,0.24474510550498962,0.513658344745636
test_Seq_2015,2,2,"benchmark=nucleotide_transformer_downstream_tasks;dataset=splice_sites_all;matching=kmer_balanced;matching_signature=(11, 'CTG');border_estimator=center_window_kmer_jsd;estimator=center_jsd;window=48;search_radius=24;kmer=2;top_ratio=0.25;score_scale=4.0;motif_weight=0.0;motif_radius=12;score_normalization=train_quantile;raw_border_score=0.279574;border_score=1.123489",0.1789262890815735,0.1718573123216629,0.6492164134979248
test_Seq_2624,2,2,"benchmark=nucleotide_transformer_downstream_tasks;dataset=splice_sites_all;matching=kmer_balanced;matching_signature=(6, 'TTT');border_estimator=center_window_kmer_jsd;estimator=center_jsd;window=48;search_radius=24;kmer=2;top_ratio=0.25;score_scale=4.0;motif_weight=0.0;motif_radius=12;score_normalization=train_quantile;raw_border_score=0.200052;border_score=0.971533",0.23457296192646027,0.23377040028572083,0.5316566228866577
test_Seq_2223,2,2,"benchmark=nucleotide_transformer_downstream_tasks;dataset=splice_sites_all;matching=kmer_balanced;matching_signature=(9, 'TCT');border_estimator=center_window_kmer_jsd;estimator=center_jsd;window=48;search_radius=24;kmer=2;top_ratio=0.25;score_scale=4.0;motif_weight=0.0;motif_radius=12;score_normalization=train_quantile;raw_border_score=0.195294;border_score=0.957889",0.1954493671655655,0.19075553119182587,0.6137951612472534
test_Seq_2233,2,2,"benchmark=nucleotide_transformer_downstream_tasks;dataset=splice_sites_all;matching=kmer_balanced;matching_signature=(6, 'AAA');border_estimator=center_window_kmer_jsd;estimator=center_jsd;window=48;search_radius=24;kmer=2;top_ratio=0.25;score_scale=4.0;motif_weight=0.0;motif_radius=12;score_normalization=train_quantile;raw_border_score=0.234901;border_score=1.049133",0.14715811610221863,0.14559219777584076,0.7072497010231018
test_Seq_1118,1,2,"benchmark=nucleotide_transformer_downstream_tasks;dataset=splice_sites_all;matching=kmer_balanced;matching_signature=(6, 'TTT');border_estimator=center_window_kmer_jsd;estimator=center_jsd;window=48;search_radius=24;kmer=2;top_ratio=0.25;score_scale=4.0;motif_weight=0.0;motif_radius=12;score_normalization=train_quantile;raw_border_score=0.201147;border_score=0.973756",0.22201764583587646,0.23121871054172516,0.5467635989189148
test_Seq_5,0,2,"benchmark=nucleotide_transformer_downstream_tasks;dataset=splice_sites_all;matching=kmer_balanced;matching_signature=(8, 'TTT');border_estimator=center_window_kmer_jsd;estimator=center_jsd;window=48;search_radius=24;kmer=2;top_ratio=0.25;score_scale=4.0;motif_weight=0.0;motif_radius=12;score_normalization=train_quantile;raw_border_score=0.374749;border_score=1.185311",0.21076235175132751,0.21061918139457703,0.5786184668540955
test_Seq_2701,2,2,"benchmark=nucleotide_transformer_downstream_tasks;dataset=splice_sites_all;matching=kmer_balanced;matching_signature=(8, 'TTT');border_estimator=center_window_kmer_jsd;estimator=center_jsd;window=48;search_radius=24;kmer=2;top_ratio=0.25;score_scale=4.0;motif_weight=0.0;motif_radius=12;score_normalization=train_quantile;raw_border_score=0.190017;border_score=0.944244",0.2546003460884094,0.2534158527851105,0.4919838607311249
test_Seq_1557,1,2,"benchmark=nucleotide_transformer_downstream_tasks;dataset=splice_sites_all;matching=kmer_balanced;matching_signature=(8, 'TCT');border_estimator=center_window_kmer_jsd;estimator=center_jsd;window=48;search_radius=24;kmer=2;top_ratio=0.25;score_scale=4.0;motif_weight=0.0;motif_radius=12;score_normalization=train_quantile;raw_border_score=0.263739;border_score=1.101933",0.3256136178970337,0.33409222960472107,0.34029412269592285
test_Seq_1900,1,2,"benchmark=nucleotide_transformer_downstream_tasks;dataset=splice_sites_all;matching=kmer_balanced;matching_signature=(10, 'AAA');border_estimator=center_window_kmer_jsd;estimator=center_jsd;window=48;search_radius=24;kmer=2;top_ratio=0.25;score_scale=4.0;motif_weight=0.0;motif_radius=12;score_normalization=train_quantile;raw_border_score=0.485670;border_score=1.197667",0.242859348654747,0.24318258464336395,0.5139580965042114
test_Seq_1762,1,2,"benchmark=nucleotide_transformer_downstream_tasks;dataset=splice_sites_all;matching=kmer_balanced;matching_signature=(13, 'GGG');border_estimator=center_window_kmer_jsd;estimator=center_jsd;window=48;search_radius=24;kmer=2;top_ratio=0.25;score_scale=4.0;motif_weight=0.0;motif_radius=12;score_normalization=train_quantile;raw_border_score=0.361571;border_score=1.181089",0.19945073127746582,0.19344903528690338,0.607100248336792
test_Seq_417,0,2,"benchmark=nucleotide_transformer_downstream_tasks;dataset=splice_sites_all;matching=kmer_balanced;matching_signature=(5, 'TTT');border_estimator=center_window_kmer_jsd;estimator=center_jsd;window=48;search_radius=24;kmer=2;top_ratio=0.25;score_scale=4.0;motif_weight=0.0;motif_radius=12;score_normalization=train_quantile;raw_border_score=0.323302;border_score=1.162867",0.29293450713157654,0.29678842425346375,0.41027700901031494
test_Seq_2322,2,2,"benchmark=nucleotide_transformer_downstream_tasks;dataset=splice_sites_all;matching=kmer_balanced;matching_signature=(7, 'TTT');border_estimator=center_window_kmer_jsd;estimator=center_jsd;window=48;search_radius=24;kmer=2;top_ratio=0.25;score_scale=4.0;motif_weight=0.0;motif_radius=12;score_normalization=train_quantile;raw_border_score=0.207910;border_score=0.989933",0.1514504998922348,0.16431781649589539,0.684231698513031
test_Seq_2561,2,2,"benchmark=nucleotide_transformer_downstream_tasks;dataset=splice_sites_all;matching=kmer_balanced;matching_signature=(11, 'CCC');border_estimator=center_window_kmer_jsd;estimator=center_jsd;window=48;search_radius=24;kmer=2;top_ratio=0.25;score_scale=4.0;motif_weight=0.0;motif_radius=12;score_normalization=train_quantile;raw_border_score=0.246349;border_score=1.071844",0.3139525353908539,0.32189062237739563,0.3641567826271057
test_Seq_1719,1,2,"benchmark=nucleotide_transformer_downstream_tasks;dataset=splice_sites_all;matching=kmer_balanced;matching_signature=(13, 'CTG');border_estimator=center_window_kmer_jsd;estimator=center_jsd;window=48;search_radius=24;kmer=2;top_ratio=0.25;score_scale=4.0;motif_weight=0.0;motif_radius=12;score_normalization=train_quantile;raw_border_score=0.238429;border_score=1.055178",0.2407403290271759,0.2556995153427124,0.5035601854324341
test_Seq_1258,1,2,"benchmark=nucleotide_transformer_downstream_tasks;dataset=splice_sites_all;matching=kmer_balanced;matching_signature=(7, 'TTT');border_estimator=center_window_kmer_jsd;estimator=center_jsd;window=48;search_radius=24;kmer=2;top_ratio=0.25;score_scale=4.0;motif_weight=0.0;motif_radius=12;score_normalization=train_quantile;raw_border_score=0.133150;border_score=0.822956",0.1405382603406906,0.14923341572284698,0.7102283835411072
test_Seq_64,0,2,"benchmark=nucleotide_transformer_downstream_tasks;dataset=splice_sites_all;matching=kmer_balanced;matching_signature=(9, 'TTT');border_estimator=center_window_kmer_jsd;estimator=center_jsd;window=48;search_radius=24;kmer=2;top_ratio=0.25;score_scale=4.0;motif_weight=0.0;motif_radius=12;score_normalization=train_quantile;raw_border_score=0.165754;border_score=0.880733",0.329093873500824,0.33312320709228516,0.33778294920921326
test_Seq_1363,1,1,"benchmark=nucleotide_transformer_downstream_tasks;dataset=splice_sites_all;matching=kmer_balanced;matching_signature=(14, 'GGG');border_estimator=center_window_kmer_jsd;estimator=center_jsd;window=48;search_radius=24;kmer=2;top_ratio=0.25;score_scale=4.0;motif_weight=0.0;motif_radius=12;score_normalization=train_quantile;raw_border_score=0.236174;border_score=1.051133",0.31902796030044556,0.3664037883281708,0.3145681917667389
test_Seq_491,0,2,"benchmark=nucleotide_transformer_downstream_tasks;dataset=splice_sites_all;matching=kmer_balanced;matching_signature=(7, 'TAT');border_estimator=center_window_kmer_jsd;estimator=center_jsd;window=48;search_radius=24;kmer=2;top_ratio=0.25;score_scale=4.0;motif_weight=0.0;motif_radius=12;score_normalization=train_quantile;raw_border_score=0.429653;border_score=1.193222",0.2343003749847412,0.22625432908535004,0.5394452810287476
test_Seq_2836,2,1,"benchmark=nucleotide_transformer_downstream_tasks;dataset=splice_sites_all;matching=kmer_balanced;matching_signature=(7, 'AAA');border_estimator=center_window_kmer_jsd;estimator=center_jsd;window=48;search_radius=24;kmer=2;top_ratio=0.25;score_scale=4.0;motif_weight=0.0;motif_radius=12;score_normalization=train_quantile;raw_border_score=0.216683;border_score=1.010778",0.34631237387657166,0.36391836404800415,0.2897692918777466
test_Seq_1135,1,2,"benchmark=nucleotide_transformer_downstream_tasks;dataset=splice_sites_all;matching=kmer_balanced;matching_signature=(7, 'ATA');border_estimator=center_window_kmer_jsd;estimator=center_jsd;window=48;search_radius=24;kmer=2;top_ratio=0.25;score_scale=4.0;motif_weight=0.0;motif_radius=12;score_normalization=train_quantile;raw_border_score=0.173692;border_score=0.901000",0.134536013007164,0.1346002072095871,0.7308637499809265
test_Seq_866,0,2,"benchmark=nucleotide_transformer_downstream_tasks;dataset=splice_sites_all;matching=kmer_balanced;matching_signature=(11, 'AGG');border_estimator=center_window_kmer_jsd;estimator=center_jsd;window=48;search_radius=24;kmer=2;top_ratio=0.25;score_scale=4.0;motif_weight=0.0;motif_radius=12;score_normalization=train_quantile;raw_border_score=0.314412;border_score=1.157000",0.3256720304489136,0.33336469531059265,0.34096330404281616
test_Seq_1504,1,2,"benchmark=nucleotide_transformer_downstream_tasks;dataset=splice_sites_all;matching=kmer_balanced;matching_signature=(10, 'TGG');border_estimator=center_window_kmer_jsd;estimator=center_jsd;window=48;search_radius=24;kmer=2;top_ratio=0.25;score_scale=4.0;motif_weight=0.0;motif_radius=12;score_normalization=train_quantile;raw_border_score=0.182477;border_score=0.923578",0.31606826186180115,0.33797770738601685,0.345954030752182
test_Seq_1069,1,2,"benchmark=nucleotide_transformer_downstream_tasks;dataset=splice_sites_all;matching=kmer_balanced;matching_signature=(8, 'GAA');border_estimator=center_window_kmer_jsd;estimator=center_jsd;window=48;search_radius=24;kmer=2;top_ratio=0.25;score_scale=4.0;motif_weight=0.0;motif_radius=12;score_normalization=train_quantile;raw_border_score=0.187937;border_score=0.938911",0.16424217820167542,0.15817396342754364,0.6775838732719421
test_Seq_1672,1,2,"benchmark=nucleotide_transformer_downstream_tasks;dataset=splice_sites_all;matching=kmer_balanced;matching_signature=(6, 'AAA');border_estimator=center_window_kmer_jsd;estimator=center_jsd;window=48;search_radius=24;kmer=2;top_ratio=0.25;score_scale=4.0;motif_weight=0.0;motif_radius=12;score_normalization=train_quantile;raw_border_score=0.165715;border_score=0.880556",0.27024608850479126,0.27425864338874817,0.45549532771110535
test_Seq_767,0,2,"benchmark=nucleotide_transformer_downstream_tasks;dataset=splice_sites_all;matching=kmer_balanced;matching_signature=(9, 'CTG');border_estimator=center_window_kmer_jsd;estimator=center_jsd;window=48;search_radius=24;kmer=2;top_ratio=0.25;score_scale=4.0;motif_weight=0.0;motif_radius=12;score_normalization=train_quantile;raw_border_score=0.344426;border_score=1.174333",0.29946210980415344,0.31157776713371277,0.3889601230621338
test_Seq_1202,1,2,"benchmark=nucleotide_transformer_downstream_tasks;dataset=splice_sites_all;matching=kmer_balanced;matching_signature=(7, 'TTT');border_estimator=center_window_kmer_jsd;estimator=center_jsd;window=48;search_radius=24;kmer=2;top_ratio=0.25;score_scale=4.0;motif_weight=0.0;motif_radius=12;score_normalization=train_quantile;raw_border_score=0.198308;border_score=0.966600",0.26399001479148865,0.26301655173301697,0.472993403673172
test_Seq_2804,2,2,"benchmark=nucleotide_transformer_downstream_tasks;dataset=splice_sites_all;matching=kmer_balanced;matching_signature=(8, 'AAA');border_estimator=center_window_kmer_jsd;estimator=center_jsd;window=48;search_radius=24;kmer=2;top_ratio=0.25;score_scale=4.0;motif_weight=0.0;motif_radius=12;score_normalization=train_quantile;raw_border_score=0.205872;border_score=0.985889",0.20566120743751526,0.20817196369171143,0.5861667990684509
test_Seq_515,0,2,"benchmark=nucleotide_transformer_downstream_tasks;dataset=splice_sites_all;matching=kmer_balanced;matching_signature=(8, 'TTT');border_estimator=center_window_kmer_jsd;estimator=center_jsd;window=48;search_radius=24;kmer=2;top_ratio=0.25;score_scale=4.0;motif_weight=0.0;motif_radius=12;score_normalization=train_quantile;raw_border_score=0.560914;border_score=1.199400",0.10890517383813858,0.10474292188882828,0.7863518595695496
test_Seq_551,0,2,"benchmark=nucleotide_transformer_downstream_tasks;dataset=splice_sites_all;matching=kmer_balanced;matching_signature=(7, 'AAA');border_estimator=center_window_kmer_jsd;estimator=center_jsd;window=48;search_radius=24;kmer=2;top_ratio=0.25;score_scale=4.0;motif_weight=0.0;motif_radius=12;score_normalization=train_quantile;raw_border_score=0.243778;border_score=1.067222",0.3187226355075836,0.33356553316116333,0.34771183133125305
test_Seq_1830,1,2,"benchmark=nucleotide_transformer_downstream_tasks;dataset=splice_sites_all;matching=kmer_balanced;matching_signature=(7, 'AAA');border_estimator=center_window_kmer_jsd;estimator=center_jsd;window=48;search_radius=24;kmer=2;top_ratio=0.25;score_scale=4.0;motif_weight=0.0;motif_radius=12;score_normalization=train_quantile;raw_border_score=0.247659;border_score=1.074511",0.18125075101852417,0.17255614697933197,0.6461930274963379
test_Seq_2226,2,2,"benchmark=nucleotide_transformer_downstream_tasks;dataset=splice_sites_all;matching=kmer_balanced;matching_signature=(7, 'TTT');border_estimator=center_window_kmer_jsd;estimator=center_jsd;window=48;search_radius=24;kmer=2;top_ratio=0.25;score_scale=4.0;motif_weight=0.0;motif_radius=12;score_normalization=train_quantile;raw_border_score=0.228466;border_score=1.036911",0.12911464273929596,0.13109196722507477,0.7397933602333069
test_Seq_2839,2,2,"benchmark=nucleotide_transformer_downstream_tasks;dataset=splice_sites_all;matching=kmer_balanced;matching_signature=(7, 'AAA');border_estimator=center_window_kmer_jsd;estimator=center_jsd;window=48;search_radius=24;kmer=2;top_ratio=0.25;score_scale=4.0;motif_weight=0.0;motif_radius=12;score_normalization=train_quantile;raw_border_score=0.297193;border_score=1.142778",0.2704032063484192,0.2770943343639374,0.45250245928764343
test_Seq_1984,1,2,"benchmark=nucleotide_transformer_downstream_tasks;dataset=splice_sites_all;matching=kmer_balanced;matching_signature=(10, 'CTG');border_estimator=center_window_kmer_jsd;estimator=center_jsd;window=48;search_radius=24;kmer=2;top_ratio=0.25;score_scale=4.0;motif_weight=0.0;motif_radius=12;score_normalization=train_quantile;raw_border_score=0.141056;border_score=0.832778",0.2487161010503769,0.2459147721529007,0.5053691267967224
test_Seq_1158,1,2,"benchmark=nucleotide_transformer_downstream_tasks;dataset=splice_sites_all;matching=kmer_balanced;matching_signature=(8, 'TTT');border_estimator=center_window_kmer_jsd;estimator=center_jsd;window=48;search_radius=24;kmer=2;top_ratio=0.25;score_scale=4.0;motif_weight=0.0;motif_radius=12;score_normalization=train_quantile;raw_border_score=0.424916;border_score=1.192778",0.2648584544658661,0.2667476236820221,0.4683939516544342
test_Seq_1538,1,2,"benchmark=nucleotide_transformer_downstream_tasks;dataset=splice_sites_all;matching=kmer_balanced;matching_signature=(12, 'CCC');border_estimator=center_window_kmer_jsd;estimator=center_jsd;window=48;search_radius=24;kmer=2;top_ratio=0.25;score_scale=4.0;motif_weight=0.0;motif_radius=12;score_normalization=train_quantile;raw_border_score=0.224137;border_score=1.028244",0.22022780776023865,0.21674680709838867,0.5630254149436951
test_Seq_1136,1,2,"benchmark=nucleotide_transformer_downstream_tasks;dataset=splice_sites_all;matching=kmer_balanced;matching_signature=(12, 'GGG');border_estimator=center_window_kmer_jsd;estimator=center_jsd;window=48;search_radius=24;kmer=2;top_ratio=0.25;score_scale=4.0;motif_weight=0.0;motif_radius=12;score_normalization=train_quantile;raw_border_score=0.203457;border_score=0.979844",0.12843891978263855,0.12060458958148956,0.7509565353393555
test_Seq_2274,2,2,"benchmark=nucleotide_transformer_downstream_tasks;dataset=splice_sites_all;matching=kmer_balanced;matching_signature=(10, 'TCT');border_estimator=center_window_kmer_jsd;estimator=center_jsd;window=48;search_radius=24;kmer=2;top_ratio=0.25;score_scale=4.0;motif_weight=0.0;motif_radius=12;score_normalization=train_quantile;raw_border_score=0.176833;border_score=0.910467",0.2411879450082779,0.2342745065689087,0.5245375037193298
test_Seq_15,0,2,"benchmark=nucleotide_transformer_downstream_tasks;dataset=splice_sites_all;matching=kmer_balanced;matching_signature=(9, 'TTT');border_estimator=center_window_kmer_jsd;estimator=center_jsd;window=48;search_radius=24;kmer=2;top_ratio=0.25;score_scale=4.0;motif_weight=0.0;motif_radius=12;score_normalization=train_quantile;raw_border_score=0.238232;border_score=1.054911",0.3252757787704468,0.3328804075717926,0.34184375405311584
test_Seq_998,0,2,"benchmark=nucleotide_transformer_downstream_tasks;dataset=splice_sites_all;matching=kmer_balanced;matching_signature=(7, 'AAT');border_estimator=center_window_kmer_jsd;estimator=center_jsd;window=48;search_radius=24;kmer=2;top_ratio=0.25;score_scale=4.0;motif_weight=0.0;motif_radius=12;score_normalization=train_quantile;raw_border_score=0.113708;border_score=0.807667",0.1949681043624878,0.18618281185626984,0.6188490390777588
test_Seq_1133,1,2,"benchmark=nucleotide_transformer_downstream_tasks;dataset=splice_sites_all;matching=kmer_balanced;matching_signature=(10, 'GGG');border_estimator=center_window_kmer_jsd;estimator=center_jsd;window=48;search_radius=24;kmer=2;top_ratio=0.25;score_scale=4.0;motif_weight=0.0;motif_radius=12;score_normalization=train_quantile;raw_border_score=0.215901;border_score=1.008467",0.21749383211135864,0.217612162232399,0.5648939609527588
test_Seq_1390,1,2,"benchmark=nucleotide_transformer_downstream_tasks;dataset=splice_sites_all;matching=kmer_balanced;matching_signature=(12, 'GGG');border_estimator=center_window_kmer_jsd;estimator=center_jsd;window=48;search_radius=24;kmer=2;top_ratio=0.25;score_scale=4.0;motif_weight=0.0;motif_radius=12;score_normalization=train_quantile;raw_border_score=0.294141;border_score=1.140067",0.25196874141693115,0.2520753741264343,0.4959558844566345
test_Seq_1201,1,2,"benchmark=nucleotide_transformer_downstream_tasks;dataset=splice_sites_all;matching=kmer_balanced;matching_signature=(12, 'GGG');border_estimator=center_window_kmer_jsd;estimator=center_jsd;window=48;search_radius=24;kmer=2;top_ratio=0.25;score_scale=4.0;motif_weight=0.0;motif_radius=12;score_normalization=train_quantile;raw_border_score=0.168675;border_score=0.887844",0.31394684314727783,0.3169616460800171,0.3690914809703827
test_Seq_1039,1,2,"benchmark=nucleotide_transformer_downstream_tasks;dataset=splice_sites_all;matching=kmer_balanced;matching_signature=(7, 'TTT');border_estimator=center_window_kmer_jsd;estimator=center_jsd;window=48;search_radius=24;kmer=2;top_ratio=0.25;score_scale=4.0;motif_weight=0.0;motif_radius=12;score_normalization=train_quantile;raw_border_score=0.127261;border_score=0.816644",0.2845608592033386,0.27921631932258606,0.4362228512763977
test_Seq_2277,2,2,"benchmark=nucleotide_transformer_downstream_tasks;dataset=splice_sites_all;matching=kmer_balanced;matching_signature=(12, 'CTG');border_estimator=center_window_kmer_jsd;estimator=center_jsd;window=48;search_radius=24;kmer=2;top_ratio=0.25;score_scale=4.0;motif_weight=0.0;motif_radius=12;score_normalization=train_quantile;raw_border_score=0.198475;border_score=0.967044",0.18597465753555298,0.18543051183223724,0.6285948753356934
test_Seq_2502,2,2,"benchmark=nucleotide_transformer_downstream_tasks;dataset=splice_sites_all;matching=kmer_balanced;matching_signature=(8, 'TGT');border_estimator=center_window_kmer_jsd;estimator=center_jsd;window=48;search_radius=24;kmer=2;top_ratio=0.25;score_scale=4.0;motif_weight=0.0;motif_radius=12;score_normalization=train_quantile;raw_border_score=0.158825;border_score=0.864956",0.1976218819618225,0.18126314878463745,0.6211150288581848
test_Seq_446,0,2,"benchmark=nucleotide_transformer_downstream_tasks;dataset=splice_sites_all;matching=kmer_balanced;matching_signature=(8, 'AAA');border_estimator=center_window_kmer_jsd;estimator=center_jsd;window=48;search_radius=24;kmer=2;top_ratio=0.25;score_scale=4.0;motif_weight=0.0;motif_radius=12;score_normalization=train_quantile;raw_border_score=0.177197;border_score=0.911667",0.257841020822525,0.2581081986427307,0.4840507507324219
test_Seq_1448,1,2,"benchmark=nucleotide_transformer_downstream_tasks;dataset=splice_sites_all;matching=kmer_balanced;matching_signature=(6, 'TTT');border_estimator=center_window_kmer_jsd;estimator=center_jsd;window=48;search_radius=24;kmer=2;top_ratio=0.25;score_scale=4.0;motif_weight=0.0;motif_radius=12;score_normalization=train_quantile;raw_border_score=0.146275;border_score=0.841178",0.18439047038555145,0.1813090592622757,0.6343005299568176
test_Seq_2751,2,2,"benchmark=nucleotide_transformer_downstream_tasks;dataset=splice_sites_all;matching=kmer_balanced;matching_signature=(6, 'TTT');border_estimator=center_window_kmer_jsd;estimator=center_jsd;window=48;search_radius=24;kmer=2;top_ratio=0.25;score_scale=4.0;motif_weight=0.0;motif_radius=12;score_normalization=train_quantile;raw_border_score=0.187588;border_score=0.937400",0.18627190589904785,0.1796247661113739,0.6341032981872559
test_Seq_2864,2,1,"benchmark=nucleotide_transformer_downstream_tasks;dataset=splice_sites_all;matching=kmer_balanced;matching_signature=(7, 'AAA');border_estimator=center_window_kmer_jsd;estimator=center_jsd;window=48;search_radius=24;kmer=2;top_ratio=0.25;score_scale=4.0;motif_weight=0.0;motif_radius=12;score_normalization=train_quantile;raw_border_score=0.462013;border_score=1.196422",0.3497743606567383,0.3680322468280792,0.2821933925151825
test_Seq_605,0,2,"benchmark=nucleotide_transformer_downstream_tasks;dataset=splice_sites_all;matching=kmer_balanced;matching_signature=(6, 'AAA');border_estimator=center_window_kmer_jsd;estimator=center_jsd;window=48;search_radius=24;kmer=2;top_ratio=0.25;score_scale=4.0;motif_weight=0.0;motif_radius=12;score_normalization=train_quantile;raw_border_score=0.215536;border_score=1.007489",0.2577756643295288,0.25931456685066223,0.48290976881980896
test_Seq_2142,2,1,"benchmark=nucleotide_transformer_downstream_tasks;dataset=splice_sites_all;matching=kmer_balanced;matching_signature=(11, 'CCA');border_estimator=center_window_kmer_jsd;estimator=center_jsd;window=48;search_radius=24;kmer=2;top_ratio=0.25;score_scale=4.0;motif_weight=0.0;motif_radius=12;score_normalization=train_quantile;raw_border_score=0.211729;border_score=0.999222",0.3702619969844818,0.40256211161613464,0.22717587649822235
test_Seq_1242,1,2,"benchmark=nucleotide_transformer_downstream_tasks;dataset=splice_sites_all;matching=kmer_balanced;matching_signature=(5, 'AAA');border_estimator=center_window_kmer_jsd;estimator=center_jsd;window=48;search_radius=24;kmer=2;top_ratio=0.25;score_scale=4.0;motif_weight=0.0;motif_radius=12;score_normalization=train_quantile;raw_border_score=0.253868;border_score=1.085711",0.27245065569877625,0.28444036841392517,0.44310900568962097
test_Seq_2516,2,1,"benchmark=nucleotide_transformer_downstream_tasks;dataset=splice_sites_all;matching=kmer_balanced;matching_signature=(11, 'GGC');border_estimator=center_window_kmer_jsd;estimator=center_jsd;window=48;search_radius=24;kmer=2;top_ratio=0.25;score_scale=4.0;motif_weight=0.0;motif_radius=12;score_normalization=train_quantile;raw_border_score=0.185582;border_score=0.932244",0.3439079225063324,0.3856966495513916,0.270395427942276
test_Seq_1869,1,2,"benchmark=nucleotide_transformer_downstream_tasks;dataset=splice_sites_all;matching=kmer_balanced;matching_signature=(10, 'GAG');border_estimator=center_window_kmer_jsd;estimator=center_jsd;window=48;search_radius=24;kmer=2;top_ratio=0.25;score_scale=4.0;motif_weight=0.0;motif_radius=12;score_normalization=train_quantile;raw_border_score=0.291573;border_score=1.137978",0.2603890597820282,0.28207388520240784,0.4575370252132416
test_Seq_2594,2,2,"benchmark=nucleotide_transformer_downstream_tasks;dataset=splice_sites_all;matching=kmer_balanced;matching_signature=(7, 'TTT');border_estimator=center_window_kmer_jsd;estimator=center_jsd;window=48;search_radius=24;kmer=2;top_ratio=0.25;score_scale=4.0;motif_weight=0.0;motif_radius=12;score_normalization=train_quantile;raw_border_score=0.223107;border_score=1.026067",0.19644156098365784,0.1841680258512497,0.6193904280662537
test_Seq_1071,1,2,"benchmark=nucleotide_transformer_downstream_tasks;dataset=splice_sites_all;matching=kmer_balanced;matching_signature=(8, 'TTT');border_estimator=center_window_kmer_jsd;estimator=center_jsd;window=48;search_radius=24;kmer=2;top_ratio=0.25;score_scale=4.0;motif_weight=0.0;motif_radius=12;score_normalization=train_quantile;raw_border_score=0.209706;border_score=0.994467",0.18374116718769073,0.1855880171060562,0.6306707859039307
test_Seq_2727,2,2,"benchmark=nucleotide_transformer_downstream_tasks;dataset=splice_sites_all;matching=kmer_balanced;matching_signature=(6, 'TTT');border_estimator=center_window_kmer_jsd;estimator=center_jsd;window=48;search_radius=24;kmer=2;top_ratio=0.25;score_scale=4.0;motif_weight=0.0;motif_radius=12;score_normalization=train_quantile;raw_border_score=0.308251;border_score=1.152422",0.2402115911245346,0.2365170270204544,0.5232714414596558
test_Seq_1027,1,2,"benchmark=nucleotide_transformer_downstream_tasks;dataset=splice_sites_all;matching=kmer_balanced;matching_signature=(8, 'AAA');border_estimator=center_window_kmer_jsd;estimator=center_jsd;window=48;search_radius=24;kmer=2;top_ratio=0.25;score_scale=4.0;motif_weight=0.0;motif_radius=12;score_normalization=train_quantile;raw_border_score=0.199510;border_score=0.969889",0.2769494354724884,0.2869728207588196,0.436077743768692
test_Seq_2639,2,2,"benchmark=nucleotide_transformer_downstream_tasks;dataset=splice_sites_all;matching=kmer_balanced;matching_signature=(10, 'GTG');border_estimator=center_window_kmer_jsd;estimator=center_jsd;window=48;search_radius=24;kmer=2;top_ratio=0.25;score_scale=4.0;motif_weight=0.0;motif_radius=12;score_normalization=train_quantile;raw_border_score=0.197431;border_score=0.964067",0.09471157938241959,0.08820560574531555,0.8170827627182007
test_Seq_1009,1,1,"benchmark=nucleotide_transformer_downstream_tasks;dataset=splice_sites_all;matching=kmer_balanced;matching_signature=(9, 'CAG');border_estimator=center_window_kmer_jsd;estimator=center_jsd;window=48;search_radius=24;kmer=2;top_ratio=0.25;score_scale=4.0;motif_weight=0.0;motif_radius=12;score_normalization=train_quantile;raw_border_score=0.128993;border_score=0.818422",0.33610308170318604,0.3437195420265198,0.3201773464679718
test_Seq_1190,1,1,"benchmark=nucleotide_transformer_downstream_tasks;dataset=splice_sites_all;matching=kmer_balanced;matching_signature=(10, 'CAG');border_estimator=center_window_kmer_jsd;estimator=center_jsd;window=48;search_radius=24;kmer=2;top_ratio=0.25;score_scale=4.0;motif_weight=0.0;motif_radius=12;score_normalization=train_quantile;raw_border_score=0.247430;border_score=1.073889",0.37200063467025757,0.386730432510376,0.24126893281936646
test_Seq_648,0,2,"benchmark=nucleotide_transformer_downstream_tasks;dataset=splice_sites_all;matching=kmer_balanced;matching_signature=(7, 'AAA');border_estimator=center_window_kmer_jsd;estimator=center_jsd;window=48;search_radius=24;kmer=2;top_ratio=0.25;score_scale=4.0;motif_weight=0.0;motif_radius=12;score_normalization=train_quantile;raw_border_score=0.193413;border_score=0.953311",0.19580915570259094,0.19149549305438995,0.6126953363418579
test_Seq_1329,1,2,"benchmark=nucleotide_transformer_downstream_tasks;dataset=splice_sites_all;matching=kmer_balanced;matching_signature=(8, 'TTT');border_estimator=center_window_kmer_jsd;estimator=center_jsd;window=48;search_radius=24;kmer=2;top_ratio=0.25;score_scale=4.0;motif_weight=0.0;motif_radius=12;score_normalization=train_quantile;raw_border_score=0.133691;border_score=0.823578",0.15660446882247925,0.1541283279657364,0.6892672181129456
test_Seq_1183,1,1,"benchmark=nucleotide_transformer_downstream_tasks;dataset=splice_sites_all;matching=kmer_balanced;matching_signature=(7, 'TTT');border_estimator=center_window_kmer_jsd;estimator=center_jsd;window=48;search_radius=24;kmer=2;top_ratio=0.25;score_scale=4.0;motif_weight=0.0;motif_radius=12;score_normalization=train_quantile;raw_border_score=0.244749;border_score=1.068867",0.3363569676876068,0.34397733211517334,0.31966572999954224
test_Seq_2518,2,2,"benchmark=nucleotide_transformer_downstream_tasks;dataset=splice_sites_all;matching=kmer_balanced;matching_signature=(7, 'TTT');border_estimator=center_window_kmer_jsd;estimator=center_jsd;window=48;search_radius=24;kmer=2;top_ratio=0.25;score_scale=4.0;motif_weight=0.0;motif_radius=12;score_normalization=train_quantile;raw_border_score=0.310762;border_score=1.154822",0.13250763714313507,0.1303204745054245,0.7371718287467957
test_Seq_1595,1,2,"benchmark=nucleotide_transformer_downstream_tasks;dataset=splice_sites_all;matching=kmer_balanced;matching_signature=(12, 'GGG');border_estimator=center_window_kmer_jsd;estimator=center_jsd;window=48;search_radius=24;kmer=2;top_ratio=0.25;score_scale=4.0;motif_weight=0.0;motif_radius=12;score_normalization=train_quantile;raw_border_score=0.177746;border_score=0.912822",0.12781567871570587,0.11622288078069687,0.7559614181518555
test_Seq_2992,2,2,"benchmark=nucleotide_transformer_downstream_tasks;dataset=splice_sites_all;matching=kmer_balanced;matching_signature=(9, 'GAA');border_estimator=center_window_kmer_jsd;estimator=center_jsd;window=48;search_radius=24;kmer=2;top_ratio=0.25;score_scale=4.0;motif_weight=0.0;motif_radius=12;score_normalization=train_quantile;raw_border_score=0.247674;border_score=1.074511",0.27782854437828064,0.2785904109477997,0.4435809850692749
test_Seq_2338,2,2,"benchmark=nucleotide_transformer_downstream_tasks;dataset=splice_sites_all;matching=kmer_balanced;matching_signature=(11, 'GGG');border_estimator=center_window_kmer_jsd;estimator=center_jsd;window=48;search_radius=24;kmer=2;top_ratio=0.25;score_scale=4.0;motif_weight=0.0;motif_radius=12;score_normalization=train_quantile;raw_border_score=0.210411;border_score=0.996156",0.1451810598373413,0.13596397638320923,0.7188550233840942
test_Seq_1844,1,2,"benchmark=nucleotide_transformer_downstream_tasks;dataset=splice_sites_all;matching=kmer_balanced;matching_signature=(10, 'TGT');border_estimator=center_window_kmer_jsd;estimator=center_jsd;window=48;search_radius=24;kmer=2;top_ratio=0.25;score_scale=4.0;motif_weight=0.0;motif_radius=12;score_normalization=train_quantile;raw_border_score=0.329892;border_score=1.166156",0.321462482213974,0.3228565454483032,0.35568100214004517
test_Seq_2947,2,2,"benchmark=nucleotide_transformer_downstream_tasks;dataset=splice_sites_all;matching=kmer_balanced;matching_signature=(12, 'CTG');border_estimator=center_window_kmer_jsd;estimator=center_jsd;window=48;search_radius=24;kmer=2;top_ratio=0.25;score_scale=4.0;motif_weight=0.0;motif_radius=12;score_normalization=train_quantile;raw_border_score=0.203046;border_score=0.979178",0.2659401297569275,0.2571956217288971,0.476864218711853
test_Seq_1506,1,2,"benchmark=nucleotide_transformer_downstream_tasks;dataset=splice_sites_all;matching=kmer_balanced;matching_signature=(11, 'GGG');border_estimator=center_window_kmer_jsd;estimator=center_jsd;window=48;search_radius=24;kmer=2;top_ratio=0.25;score_scale=4.0;motif_weight=0.0;motif_radius=12;score_normalization=train_quantile;raw_border_score=0.249355;border_score=1.077844",0.2801609933376312,0.29536598920822144,0.4244730472564697
test_Seq_2878,2,2,"benchmark=nucleotide_transformer_downstream_tasks;dataset=splice_sites_all;matching=kmer_balanced;matching_signature=(13, 'CCC');border_estimator=center_window_kmer_jsd;estimator=center_jsd;window=48;search_radius=24;kmer=2;top_ratio=0.25;score_scale=4.0;motif_weight=0.0;motif_radius=12;score_normalization=train_quantile;raw_border_score=0.207938;border_score=0.989933",0.31006327271461487,0.32277557253837585,0.36716118454933167
test_Seq_1341,1,2,"benchmark=nucleotide_transformer_downstream_tasks;dataset=splice_sites_all;matching=kmer_balanced;matching_signature=(8, 'TTT');border_estimator=center_window_kmer_jsd;estimator=center_jsd;window=48;search_radius=24;kmer=2;top_ratio=0.25;score_scale=4.0;motif_weight=0.0;motif_radius=12;score_normalization=train_quantile;raw_border_score=0.300994;border_score=1.147089",0.21114474534988403,0.19981306791305542,0.5890422463417053
test_Seq_1908,1,2,"benchmark=nucleotide_transformer_downstream_tasks;dataset=splice_sites_all;matching=kmer_balanced;matching_signature=(6, 'TTT');border_estimator=center_window_kmer_jsd;estimator=center_jsd;window=48;search_radius=24;kmer=2;top_ratio=0.25;score_scale=4.0;motif_weight=0.0;motif_radius=12;score_normalization=train_quantile;raw_border_score=0.165071;border_score=0.879222",0.2284795343875885,0.2323054075241089,0.539215087890625
test_Seq_2766,2,2,"benchmark=nucleotide_transformer_downstream_tasks;dataset=splice_sites_all;matching=kmer_balanced;matching_signature=(5, 'TTT');border_estimator=center_window_kmer_jsd;estimator=center_jsd;window=48;search_radius=24;kmer=2;top_ratio=0.25;score_scale=4.0;motif_weight=0.0;motif_radius=12;score_normalization=train_quantile;raw_border_score=0.105851;border_score=0.803978",0.21898242831230164,0.20274028182029724,0.5782773494720459
test_Seq_97,0,2,"benchmark=nucleotide_transformer_downstream_tasks;dataset=splice_sites_all;matching=kmer_balanced;matching_signature=(5, 'TTT');border_estimator=center_window_kmer_jsd;estimator=center_jsd;window=48;search_radius=24;kmer=2;top_ratio=0.25;score_scale=4.0;motif_weight=0.0;motif_radius=12;score_normalization=train_quantile;raw_border_score=0.278903;border_score=1.122778",0.17956262826919556,0.17939920723438263,0.641038179397583
test_Seq_1682,1,2,"benchmark=nucleotide_transformer_downstream_tasks;dataset=splice_sites_all;matching=kmer_balanced;matching_signature=(8, 'AAA');border_estimator=center_window_kmer_jsd;estimator=center_jsd;window=48;search_radius=24;kmer=2;top_ratio=0.25;score_scale=4.0;motif_weight=0.0;motif_radius=12;score_normalization=train_quantile;raw_border_score=0.163761;border_score=0.875533",0.16892868280410767,0.17087425291538239,0.6601970195770264
test_Seq_261,0,2,"benchmark=nucleotide_transformer_downstream_tasks;dataset=splice_sites_all;matching=kmer_balanced;matching_signature=(6, 'TTT');border_estimator=center_window_kmer_jsd;estimator=center_jsd;window=48;search_radius=24;kmer=2;top_ratio=0.25;score_scale=4.0;motif_weight=0.0;motif_radius=12;score_normalization=train_quantile;raw_border_score=0.428055;border_score=1.192956",0.31786075234413147,0.3190816640853882,0.36305755376815796
test_Seq_464,0,2,"benchmark=nucleotide_transformer_downstream_tasks;dataset=splice_sites_all;matching=kmer_balanced;matching_signature=(8, 'TCT');border_estimator=center_window_kmer_jsd;estimator=center_jsd;window=48;search_radius=24;kmer=2;top_ratio=0.25;score_scale=4.0;motif_weight=0.0;motif_radius=12;score_normalization=train_quantile;raw_border_score=0.172153;border_score=0.896644",0.21422213315963745,0.21811655163764954,0.5676612854003906
test_Seq_220,0,1,"benchmark=nucleotide_transformer_downstream_tasks;dataset=splice_sites_all;matching=kmer_balanced;matching_signature=(5, 'TTT');border_estimator=center_window_kmer_jsd;estimator=center_jsd;window=48;search_radius=24;kmer=2;top_ratio=0.25;score_scale=4.0;motif_weight=0.0;motif_radius=12;score_normalization=train_quantile;raw_border_score=0.253050;border_score=1.084289",0.3312965929508209,0.35270172357559204,0.31600165367126465
test_Seq_650,0,2,"benchmark=nucleotide_transformer_downstream_tasks;dataset=splice_sites_all;matching=kmer_balanced;matching_signature=(7, 'TTT');border_estimator=center_window_kmer_jsd;estimator=center_jsd;window=48;search_radius=24;kmer=2;top_ratio=0.25;score_scale=4.0;motif_weight=0.0;motif_radius=12;score_normalization=train_quantile;raw_border_score=0.281557;border_score=1.125756",0.3090912401676178,0.3089223802089691,0.3819864094257355
test_Seq_1019,1,1,"benchmark=nucleotide_transformer_downstream_tasks;dataset=splice_sites_all;matching=kmer_balanced;matching_signature=(10, 'CAG');border_estimator=center_window_kmer_jsd;estimator=center_jsd;window=48;search_radius=24;kmer=2;top_ratio=0.25;score_scale=4.0;motif_weight=0.0;motif_radius=12;score_normalization=train_quantile;raw_border_score=0.303702;border_score=1.149622",0.32683688402175903,0.34324511885643005,0.3299179971218109
test_Seq_979,0,2,"benchmark=nucleotide_transformer_downstream_tasks;dataset=splice_sites_all;matching=kmer_balanced;matching_signature=(7, 'TTT');border_estimator=center_window_kmer_jsd;estimator=center_jsd;window=48;search_radius=24;kmer=2;top_ratio=0.25;score_scale=4.0;motif_weight=0.0;motif_radius=12;score_normalization=train_quantile;raw_border_score=0.204047;border_score=0.981711",0.3043612241744995,0.3196808099746704,0.3759579658508301
test_Seq_1570,1,2,"benchmark=nucleotide_transformer_downstream_tasks;dataset=splice_sites_all;matching=kmer_balanced;matching_signature=(10, 'AAA');border_estimator=center_window_kmer_jsd;estimator=center_jsd;window=48;search_radius=24;kmer=2;top_ratio=0.25;score_scale=4.0;motif_weight=0.0;motif_radius=12;score_normalization=train_quantile;raw_border_score=0.219460;border_score=1.017400",0.3194507658481598,0.329341322183609,0.3512079119682312
test_Seq_1868,1,2,"benchmark=nucleotide_transformer_downstream_tasks;dataset=splice_sites_all;matching=kmer_balanced;matching_signature=(9, 'TTT');border_estimator=center_window_kmer_jsd;estimator=center_jsd;window=48;search_radius=24;kmer=2;top_ratio=0.25;score_scale=4.0;motif_weight=0.0;motif_radius=12;score_normalization=train_quantile;raw_border_score=0.197576;border_score=0.964511",0.32176995277404785,0.3342079520225525,0.34402206540107727
test_Seq_1840,1,2,"benchmark=nucleotide_transformer_downstream_tasks;dataset=splice_sites_all;matching=kmer_balanced;matching_signature=(6, 'TTT');border_estimator=center_window_kmer_jsd;estimator=center_jsd;window=48;search_radius=24;kmer=2;top_ratio=0.25;score_scale=4.0;motif_weight=0.0;motif_radius=12;score_normalization=train_quantile;raw_border_score=0.356588;border_score=1.179400",0.27220916748046875,0.283276230096817,0.44451454281806946
test_Seq_2014,2,2,"benchmark=nucleotide_transformer_downstream_tasks;dataset=splice_sites_all;matching=kmer_balanced;matching_signature=(9, 'TTT');border_estimator=center_window_kmer_jsd;estimator=center_jsd;window=48;search_radius=24;kmer=2;top_ratio=0.25;score_scale=4.0;motif_weight=0.0;motif_radius=12;score_normalization=train_quantile;raw_border_score=0.318032;border_score=1.159711",0.1588025540113449,0.15291181206703186,0.6882855892181396
test_Seq_567,0,2,"benchmark=nucleotide_transformer_downstream_tasks;dataset=splice_sites_all;matching=kmer_balanced;matching_signature=(11, 'CAG');border_estimator=center_window_kmer_jsd;estimator=center_jsd;window=48;search_radius=24;kmer=2;top_ratio=0.25;score_scale=4.0;motif_weight=0.0;motif_radius=12;score_normalization=train_quantile;raw_border_score=0.304726;border_score=1.150111",0.19621072709560394,0.18795157968997955,0.6158377528190613
test_Seq_2978,2,2,"benchmark=nucleotide_transformer_downstream_tasks;dataset=splice_sites_all;matching=kmer_balanced;matching_signature=(7, 'AAA');border_estimator=center_window_kmer_jsd;estimator=center_jsd;window=48;search_radius=24;kmer=2;top_ratio=0.25;score_scale=4.0;motif_weight=0.0;motif_radius=12;score_normalization=train_quantile;raw_border_score=0.141963;border_score=0.833889",0.10969267040491104,0.11565932631492615,0.7746480107307434
test_Seq_1125,1,2,"benchmark=nucleotide_transformer_downstream_tasks;dataset=splice_sites_all;matching=kmer_balanced;matching_signature=(11, 'GAG');border_estimator=center_window_kmer_jsd;estimator=center_jsd;window=48;search_radius=24;kmer=2;top_ratio=0.25;score_scale=4.0;motif_weight=0.0;motif_radius=12;score_normalization=train_quantile;raw_border_score=0.265873;border_score=1.104778",0.22511591017246246,0.22631123661994934,0.548572838306427
test_Seq_271,0,2,"benchmark=nucleotide_transformer_downstream_tasks;dataset=splice_sites_all;matching=kmer_balanced;matching_signature=(6, 'TTT');border_estimator=center_window_kmer_jsd;estimator=center_jsd;window=48;search_radius=24;kmer=2;top_ratio=0.25;score_scale=4.0;motif_weight=0.0;motif_radius=12;score_normalization=train_quantile;raw_border_score=0.181427;border_score=0.921533",0.17079317569732666,0.16390414535999298,0.6653027534484863
test_Seq_1522,1,2,"benchmark=nucleotide_transformer_downstream_tasks;dataset=splice_sites_all;matching=kmer_balanced;matching_signature=(10, 'CCC');border_estimator=center_window_kmer_jsd;estimator=center_jsd;window=48;search_radius=24;kmer=2;top_ratio=0.25;score_scale=4.0;motif_weight=0.0;motif_radius=12;score_normalization=train_quantile;raw_border_score=0.185996;border_score=0.933178",0.29918286204338074,0.31166085600852966,0.389156311750412
test_Seq_1954,1,2,"benchmark=nucleotide_transformer_downstream_tasks;dataset=splice_sites_all;matching=kmer_balanced;matching_signature=(8, 'AAA');border_estimator=center_window_kmer_jsd;estimator=center_jsd;window=48;search_radius=24;kmer=2;top_ratio=0.25;score_scale=4.0;motif_weight=0.0;motif_radius=12;score_normalization=train_quantile;raw_border_score=0.197734;border_score=0.965000",0.2315986007452011,0.2301446497440338,0.5382567644119263
test_Seq_433,0,1,"benchmark=nucleotide_transformer_downstream_tasks;dataset=splice_sites_all;matching=kmer_balanced;matching_signature=(7, 'TTT');border_estimator=center_window_kmer_jsd;estimator=center_jsd;window=48;search_radius=24;kmer=2;top_ratio=0.25;score_scale=4.0;motif_weight=0.0;motif_radius=12;score_normalization=train_quantile;raw_border_score=0.274898;border_score=1.117133",0.34050875902175903,0.34428486227989197,0.315206378698349
test_Seq_1393,1,2,"benchmark=nucleotide_transformer_downstream_tasks;dataset=splice_sites_all;matching=kmer_balanced;matching_signature=(8, 'TTT');border_estimator=center_window_kmer_jsd;estimator=center_jsd;window=48;search_radius=24;kmer=2;top_ratio=0.25;score_scale=4.0;motif_weight=0.0;motif_radius=12;score_normalization=train_quantile;raw_border_score=0.453462;border_score=1.195978",0.23888352513313293,0.23705872893333435,0.5240577459335327
test_Seq_935,0,2,"benchmark=nucleotide_transformer_downstream_tasks;dataset=splice_sites_all;matching=kmer_balanced;matching_signature=(5, 'TTT');border_estimator=center_window_kmer_jsd;estimator=center_jsd;window=48;search_radius=24;kmer=2;top_ratio=0.25;score_scale=4.0;motif_weight=0.0;motif_radius=12;score_normalization=train_quantile;raw_border_score=0.176323;border_score=0.909133",0.3275742530822754,0.32350867986679077,0.3489170968532562
test_Seq_2427,2,2,"benchmark=nucleotide_transformer_downstream_tasks;dataset=splice_sites_all;matching=kmer_balanced;matching_signature=(7, 'TTT');border_estimator=center_window_kmer_jsd;estimator=center_jsd;window=48;search_radius=24;kmer=2;top_ratio=0.25;score_scale=4.0;motif_weight=0.0;motif_radius=12;score_normalization=train_quantile;raw_border_score=0.253415;border_score=1.084822",0.2940883934497833,0.29024067521095276,0.4156709611415863
test_Seq_1178,1,2,"benchmark=nucleotide_transformer_downstream_tasks;dataset=splice_sites_all;matching=kmer_balanced;matching_signature=(12, 'CAG');border_estimator=center_window_kmer_jsd;estimator=center_jsd;window=48;search_radius=24;kmer=2;top_ratio=0.25;score_scale=4.0;motif_weight=0.0;motif_radius=12;score_normalization=train_quantile;raw_border_score=0.201138;border_score=0.973756",0.178752601146698,0.16946078836917877,0.6517866253852844
test_Seq_479,0,2,"benchmark=nucleotide_transformer_downstream_tasks;dataset=splice_sites_all;matching=kmer_balanced;matching_signature=(7, 'AAA');border_estimator=center_window_kmer_jsd;estimator=center_jsd;window=48;search_radius=24;kmer=2;top_ratio=0.25;score_scale=4.0;motif_weight=0.0;motif_radius=12;score_normalization=train_quantile;raw_border_score=0.241243;border_score=1.061444",0.24976588785648346,0.25360843539237976,0.4966256320476532
test_Seq_1961,1,2,"benchmark=nucleotide_transformer_downstream_tasks;dataset=splice_sites_all;matching=kmer_balanced;matching_signature=(8, 'AAA');border_estimator=center_window_kmer_jsd;estimator=center_jsd;window=48;search_radius=24;kmer=2;top_ratio=0.25;score_scale=4.0;motif_weight=0.0;motif_radius=12;score_normalization=train_quantile;raw_border_score=0.143590;border_score=0.836644",0.3003351092338562,0.3023048937320709,0.3973599970340729
test_Seq_1828,1,1,"benchmark=nucleotide_transformer_downstream_tasks;dataset=splice_sites_all;matching=kmer_balanced;matching_signature=(11, 'GGG');border_estimator=center_window_kmer_jsd;estimator=center_jsd;window=48;search_radius=24;kmer=2;top_ratio=0.25;score_scale=4.0;motif_weight=0.0;motif_radius=12;score_normalization=train_quantile;raw_border_score=0.281927;border_score=1.126200",0.34694206714630127,0.3875564634799957,0.265501469373703
test_Seq_821,0,2,"benchmark=nucleotide_transformer_downstream_tasks;dataset=splice_sites_all;matching=kmer_balanced;matching_signature=(8, 'AAA');border_estimator=center_window_kmer_jsd;estimator=center_jsd;window=48;search_radius=24;kmer=2;top_ratio=0.25;score_scale=4.0;motif_weight=0.0;motif_radius=12;score_normalization=train_quantile;raw_border_score=0.221663;border_score=1.022911",0.2274710237979889,0.2152242660522461,0.5573047399520874
test_Seq_259,0,2,"benchmark=nucleotide_transformer_downstream_tasks;dataset=splice_sites_all;matching=kmer_balanced;matching_signature=(12, 'CTG');border_estimator=center_window_kmer_jsd;estimator=center_jsd;window=48;search_radius=24;kmer=2;top_ratio=0.25;score_scale=4.0;motif_weight=0.0;motif_radius=12;score_normalization=train_quantile;raw_border_score=0.303235;border_score=1.149178",0.3145161271095276,0.3037874698638916,0.3816964328289032
test_Seq_2070,2,2,"benchmark=nucleotide_transformer_downstream_tasks;dataset=splice_sites_all;matching=kmer_balanced;matching_signature=(6, 'AAA');border_estimator=center_window_kmer_jsd;estimator=center_jsd;window=48;search_radius=24;kmer=2;top_ratio=0.25;score_scale=4.0;motif_weight=0.0;motif_radius=12;score_normalization=train_quantile;raw_border_score=0.291069;border_score=1.137311",0.18855877220630646,0.18823707103729248,0.6232041120529175
test_Seq_2464,2,2,"benchmark=nucleotide_transformer_downstream_tasks;dataset=splice_sites_all;matching=kmer_balanced;matching_signature=(7, 'TTT');border_estimator=center_window_kmer_jsd;estimator=center_jsd;window=48;search_radius=24;kmer=2;top_ratio=0.25;score_scale=4.0;motif_weight=0.0;motif_radius=12;score_normalization=train_quantile;raw_border_score=0.156105;border_score=0.859489",0.14941829442977905,0.14231422543525696,0.7082674503326416
test_Seq_596,0,2,"benchmark=nucleotide_transformer_downstream_tasks;dataset=splice_sites_all;matching=kmer_balanced;matching_signature=(7, 'TTT');border_estimator=center_window_kmer_jsd;estimator=center_jsd;window=48;search_radius=24;kmer=2;top_ratio=0.25;score_scale=4.0;motif_weight=0.0;motif_radius=12;score_normalization=train_quantile;raw_border_score=0.292529;border_score=1.138867",0.25217756628990173,0.2639341652393341,0.48388829827308655
test_Seq_1736,1,2,"benchmark=nucleotide_transformer_downstream_tasks;dataset=splice_sites_all;matching=kmer_balanced;matching_signature=(9, 'TTT');border_estimator=center_window_kmer_jsd;estimator=center_jsd;window=48;search_radius=24;kmer=2;top_ratio=0.25;score_scale=4.0;motif_weight=0.0;motif_radius=12;score_normalization=train_quantile;raw_border_score=0.133338;border_score=0.823267",0.19131727516651154,0.18489931523799896,0.6237834095954895
test_Seq_1759,1,2,"benchmark=nucleotide_transformer_downstream_tasks;dataset=splice_sites_all;matching=kmer_balanced;matching_signature=(13, 'CCC');border_estimator=center_window_kmer_jsd;estimator=center_jsd;window=48;search_radius=24;kmer=2;top_ratio=0.25;score_scale=4.0;motif_weight=0.0;motif_radius=12;score_normalization=train_quantile;raw_border_score=0.191876;border_score=0.949133",0.2824387848377228,0.29057973623275757,0.4269813895225525
test_Seq_72,0,2,"benchmark=nucleotide_transformer_downstream_tasks;dataset=splice_sites_all;matching=kmer_balanced;matching_signature=(6, 'TTT');border_estimator=center_window_kmer_jsd;estimator=center_jsd;window=48;search_radius=24;kmer=2;top_ratio=0.25;score_scale=4.0;motif_weight=0.0;motif_radius=12;score_normalization=train_quantile;raw_border_score=0.225689;border_score=1.031311",0.2528719902038574,0.26513826847076416,0.4819897711277008
test_Seq_918,0,2,"benchmark=nucleotide_transformer_downstream_tasks;dataset=splice_sites_all;matching=kmer_balanced;matching_signature=(10, 'TCT');border_estimator=center_window_kmer_jsd;estimator=center_jsd;window=48;search_radius=24;kmer=2;top_ratio=0.25;score_scale=4.0;motif_weight=0.0;motif_radius=12;score_normalization=train_quantile;raw_border_score=0.170649;border_score=0.892244",0.18605650961399078,0.18173345923423767,0.6322100162506104
test_Seq_2507,2,2,"benchmark=nucleotide_transformer_downstream_tasks;dataset=splice_sites_all;matching=kmer_balanced;matching_signature=(9, 'TTT');border_estimator=center_window_kmer_jsd;estimator=center_jsd;window=48;search_radius=24;kmer=2;top_ratio=0.25;score_scale=4.0;motif_weight=0.0;motif_radius=12;score_normalization=train_quantile;raw_border_score=0.166086;border_score=0.881311",0.10139843076467514,0.1002781093120575,0.798323392868042
test_Seq_357,0,1,"benchmark=nucleotide_transformer_downstream_tasks;dataset=splice_sites_all;matching=kmer_balanced;matching_signature=(7, 'TTT');border_estimator=center_window_kmer_jsd;estimator=center_jsd;window=48;search_radius=24;kmer=2;top_ratio=0.25;score_scale=4.0;motif_weight=0.0;motif_radius=12;score_normalization=train_quantile;raw_border_score=0.135904;border_score=0.826467",0.3343755006790161,0.36353614926338196,0.30208832025527954
test_Seq_839,0,2,"benchmark=nucleotide_transformer_downstream_tasks;dataset=splice_sites_all;matching=kmer_balanced;matching_signature=(8, 'TTT');border_estimator=center_window_kmer_jsd;estimator=center_jsd;window=48;search_radius=24;kmer=2;top_ratio=0.25;score_scale=4.0;motif_weight=0.0;motif_radius=12;score_normalization=train_quantile;raw_border_score=0.283065;border_score=1.127933",0.2142634391784668,0.2121637761592865,0.5735727548599243
test_Seq_634,0,2,"benchmark=nucleotide_transformer_downstream_tasks;dataset=splice_sites_all;matching=kmer_balanced;matching_signature=(6, 'TTT');border_estimator=center_window_kmer_jsd;estimator=center_jsd;window=48;search_radius=24;kmer=2;top_ratio=0.25;score_scale=4.0;motif_weight=0.0;motif_radius=12;score_normalization=train_quantile;raw_border_score=0.219806;border_score=1.018289",0.18341156840324402,0.17544829845428467,0.6411401033401489
test_Seq_1756,1,2,"benchmark=nucleotide_transformer_downstream_tasks;dataset=splice_sites_all;matching=kmer_balanced;matching_signature=(7, 'AGA');border_estimator=center_window_kmer_jsd;estimator=center_jsd;window=48;search_radius=24;kmer=2;top_ratio=0.25;score_scale=4.0;motif_weight=0.0;motif_radius=12;score_normalization=train_quantile;raw_border_score=0.187201;border_score=0.936600",0.24552808701992035,0.2538779079914093,0.5005940198898315
test_Seq_1818,1,2,"benchmark=nucleotide_transformer_downstream_tasks;dataset=splice_sites_all;matching=kmer_balanced;matching_signature=(6, 'TTT');border_estimator=center_window_kmer_jsd;estimator=center_jsd;window=48;search_radius=24;kmer=2;top_ratio=0.25;score_scale=4.0;motif_weight=0.0;motif_radius=12;score_normalization=train_quantile;raw_border_score=0.220355;border_score=1.019400",0.26427868008613586,0.27046793699264526,0.4652533531188965
test_Seq_2783,2,2,"benchmark=nucleotide_transformer_downstream_tasks;dataset=splice_sites_all;matching=kmer_balanced;matching_signature=(7, 'TTT');border_estimator=center_window_kmer_jsd;estimator=center_jsd;window=48;search_radius=24;kmer=2;top_ratio=0.25;score_scale=4.0;motif_weight=0.0;motif_radius=12;score_normalization=train_quantile;raw_border_score=0.171261;border_score=0.893933",0.2840605080127716,0.28147953748703003,0.4344598948955536
test_Seq_635,0,1,"benchmark=nucleotide_transformer_downstream_tasks;dataset=splice_sites_all;matching=kmer_balanced;matching_signature=(7, 'TTT');border_estimator=center_window_kmer_jsd;estimator=center_jsd;window=48;search_radius=24;kmer=2;top_ratio=0.25;score_scale=4.0;motif_weight=0.0;motif_radius=12;score_normalization=train_quantile;raw_border_score=0.239928;border_score=1.058156",0.32955437898635864,0.35312992334365845,0.3173156678676605
test_Seq_2735,2,2,"benchmark=nucleotide_transformer_downstream_tasks;dataset=splice_sites_all;matching=kmer_balanced;matching_signature=(8, 'TTT');border_estimator=center_window_kmer_jsd;estimator=center_jsd;window=48;search_radius=24;kmer=2;top_ratio=0.25;score_scale=4.0;motif_weight=0.0;motif_radius=12;score_normalization=train_quantile;raw_border_score=0.262523;border_score=1.100111",0.15530242025852203,0.15858088433742523,0.6861167550086975
test_Seq_1880,1,2,"benchmark=nucleotide_transformer_downstream_tasks;dataset=splice_sites_all;matching=kmer_balanced;matching_signature=(8, 'TTT');border_estimator=center_window_kmer_jsd;estimator=center_jsd;window=48;search_radius=24;kmer=2;top_ratio=0.25;score_scale=4.0;motif_weight=0.0;motif_radius=12;score_normalization=train_quantile;raw_border_score=0.453462;border_score=1.195978",0.23888330161571503,0.23705846071243286,0.5240582823753357
test_Seq_917,0,2,"benchmark=nucleotide_transformer_downstream_tasks;dataset=splice_sites_all;matching=kmer_balanced;matching_signature=(9, 'TTT');border_estimator=center_window_kmer_jsd;estimator=center_jsd;window=48;search_radius=24;kmer=2;top_ratio=0.25;score_scale=4.0;motif_weight=0.0;motif_radius=12;score_normalization=train_quantile;raw_border_score=0.278005;border_score=1.121489",0.2336084097623825,0.23844298720359802,0.5279486179351807
test_Seq_1684,1,2,"benchmark=nucleotide_transformer_downstream_tasks;dataset=splice_sites_all;matching=kmer_balanced;matching_signature=(7, 'TTT');border_estimator=center_window_kmer_jsd;estimator=center_jsd;window=48;search_radius=24;kmer=2;top_ratio=0.25;score_scale=4.0;motif_weight=0.0;motif_radius=12;score_normalization=train_quantile;raw_border_score=0.278881;border_score=1.122733",0.1656137853860855,0.16569340229034424,0.6686928272247314
test_Seq_2114,2,2,"benchmark=nucleotide_transformer_downstream_tasks;dataset=splice_sites_all;matching=kmer_balanced;matching_signature=(9, 'GTG');border_estimator=center_window_kmer_jsd;estimator=center_jsd;window=48;search_radius=24;kmer=2;top_ratio=0.25;score_scale=4.0;motif_weight=0.0;motif_radius=12;score_normalization=train_quantile;raw_border_score=0.182685;border_score=0.924289",0.12007031589746475,0.11990612745285034,0.7600235342979431
test_Seq_1474,1,2,"benchmark=nucleotide_transformer_downstream_tasks;dataset=splice_sites_all;matching=kmer_balanced;matching_signature=(11, 'CCC');border_estimator=center_window_kmer_jsd;estimator=center_jsd;window=48;search_radius=24;kmer=2;top_ratio=0.25;score_scale=4.0;motif_weight=0.0;motif_radius=12;score_normalization=train_quantile;raw_border_score=0.182055;border_score=0.922556",0.14849905669689178,0.1441425085067749,0.7073584198951721
test_Seq_1376,1,2,"benchmark=nucleotide_transformer_downstream_tasks;dataset=splice_sites_all;matching=kmer_balanced;matching_signature=(13, 'CTG');border_estimator=center_window_kmer_jsd;estimator=center_jsd;window=48;search_radius=24;kmer=2;top_ratio=0.25;score_scale=4.0;motif_weight=0.0;motif_radius=12;score_normalization=train_quantile;raw_border_score=0.188206;border_score=0.939444",0.2513646185398102,0.2397206872701645,0.5089147090911865
test_Seq_1123,1,1,"benchmark=nucleotide_transformer_downstream_tasks;dataset=splice_sites_all;matching=kmer_balanced;matching_signature=(10, 'CAG');border_estimator=center_window_kmer_jsd;estimator=center_jsd;window=48;search_radius=24;kmer=2;top_ratio=0.25;score_scale=4.0;motif_weight=0.0;motif_radius=12;score_normalization=train_quantile;raw_border_score=0.168920;border_score=0.888467",0.3622936010360718,0.3780062794685364,0.2597001791000366
test_Seq_1045,1,2,"benchmark=nucleotide_transformer_downstream_tasks;dataset=splice_sites_all;matching=kmer_balanced;matching_signature=(10, 'TGG');border_estimator=center_window_kmer_jsd;estimator=center_jsd;window=48;search_radius=24;kmer=2;top_ratio=0.25;score_scale=4.0;motif_weight=0.0;motif_radius=12;score_normalization=train_quantile;raw_border_score=0.276040;border_score=1.118644",0.25373294949531555,0.2615208625793457,0.48474615812301636
test_Seq_2513,2,2,"benchmark=nucleotide_transformer_downstream_tasks;dataset=splice_sites_all;matching=kmer_balanced;matching_signature=(13, 'CCC');border_estimator=center_window_kmer_jsd;estimator=center_jsd;window=48;search_radius=24;kmer=2;top_ratio=0.25;score_scale=4.0;motif_weight=0.0;motif_radius=12;score_normalization=train_quantile;raw_border_score=0.192871;border_score=0.951622",0.1437002420425415,0.1429641991853714,0.7133355736732483
test_Seq_1331,1,2,"benchmark=nucleotide_transformer_downstream_tasks;dataset=splice_sites_all;matching=kmer_balanced;matching_signature=(8, 'AAA');border_estimator=center_window_kmer_jsd;estimator=center_jsd;window=48;search_radius=24;kmer=2;top_ratio=0.25;score_scale=4.0;motif_weight=0.0;motif_radius=12;score_normalization=train_quantile;raw_border_score=0.263001;border_score=1.101044",0.22161760926246643,0.22579549252986908,0.5525869131088257
test_Seq_2111,2,2,"benchmark=nucleotide_transformer_downstream_tasks;dataset=splice_sites_all;matching=kmer_balanced;matching_signature=(6, 'TTT');border_estimator=center_window_kmer_jsd;estimator=center_jsd;window=48;search_radius=24;kmer=2;top_ratio=0.25;score_scale=4.0;motif_weight=0.0;motif_radius=12;score_normalization=train_quantile;raw_border_score=0.171107;border_score=0.893311",0.17007698118686676,0.16603179275989532,0.6638912558555603
test_Seq_2927,2,2,"benchmark=nucleotide_transformer_downstream_tasks;dataset=splice_sites_all;matching=kmer_balanced;matching_signature=(11, 'CCC');border_estimator=center_window_kmer_jsd;estimator=center_jsd;window=48;search_radius=24;kmer=2;top_ratio=0.25;score_scale=4.0;motif_weight=0.0;motif_radius=12;score_normalization=train_quantile;raw_border_score=0.245078;border_score=1.069667",0.27404776215553284,0.275621622800827,0.45033055543899536
test_Seq_544,0,2,"benchmark=nucleotide_transformer_downstream_tasks;dataset=splice_sites_all;matching=kmer_balanced;matching_signature=(9, 'TTT');border_estimator=center_window_kmer_jsd;estimator=center_jsd;window=48;search_radius=24;kmer=2;top_ratio=0.25;score_scale=4.0;motif_weight=0.0;motif_radius=12;score_normalization=train_quantile;raw_border_score=0.358294;border_score=1.180244",0.3201867640018463,0.3176320493221283,0.3621811866760254
test_Seq_2719,2,2,"benchmark=nucleotide_transformer_downstream_tasks;dataset=splice_sites_all;matching=kmer_balanced;matching_signature=(8, 'TTT');border_estimator=center_window_kmer_jsd;estimator=center_jsd;window=48;search_radius=24;kmer=2;top_ratio=0.25;score_scale=4.0;motif_weight=0.0;motif_radius=12;score_normalization=train_quantile;raw_border_score=0.137693;border_score=0.828956",0.21375927329063416,0.20855388045310974,0.5776869058609009
test_Seq_624,0,2,"benchmark=nucleotide_transformer_downstream_tasks;dataset=splice_sites_all;matching=kmer_balanced;matching_signature=(7, 'TTT');border_estimator=center_window_kmer_jsd;estimator=center_jsd;window=48;search_radius=24;kmer=2;top_ratio=0.25;score_scale=4.0;motif_weight=0.0;motif_radius=12;score_normalization=train_quantile;raw_border_score=0.256759;border_score=1.090156",0.21291105449199677,0.22003395855426788,0.5670549869537354
test_Seq_1378,1,1,"benchmark=nucleotide_transformer_downstream_tasks;dataset=splice_sites_all;matching=kmer_balanced;matching_signature=(13, 'GGG');border_estimator=center_window_kmer_jsd;estimator=center_jsd;window=48;search_radius=24;kmer=2;top_ratio=0.25;score_scale=4.0;motif_weight=0.0;motif_radius=12;score_normalization=train_quantile;raw_border_score=0.157930;border_score=0.862822",0.32536110281944275,0.3442872166633606,0.33035171031951904
test_Seq_2748,2,2,"benchmark=nucleotide_transformer_downstream_tasks;dataset=splice_sites_all;matching=kmer_balanced;matching_signature=(7, 'AAA');border_estimator=center_window_kmer_jsd;estimator=center_jsd;window=48;search_radius=24;kmer=2;top_ratio=0.25;score_scale=4.0;motif_weight=0.0;motif_radius=12;score_normalization=train_quantile;raw_border_score=0.215685;border_score=1.007889",0.1920301467180252,0.18928073346614838,0.6186890602111816
test_Seq_2262,2,1,"benchmark=nucleotide_transformer_downstream_tasks;dataset=splice_sites_all;matching=kmer_balanced;matching_signature=(14, 'CCC');border_estimator=center_window_kmer_jsd;estimator=center_jsd;window=48;search_radius=24;kmer=2;top_ratio=0.25;score_scale=4.0;motif_weight=0.0;motif_radius=12;score_normalization=train_quantile;raw_border_score=0.272393;border_score=1.113844",0.3354083001613617,0.3774815797805786,0.2871100902557373
test_Seq_2774,2,2,"benchmark=nucleotide_transformer_downstream_tasks;dataset=splice_sites_all;matching=kmer_balanced;matching_signature=(10, 'CCT');border_estimator=center_window_kmer_jsd;estimator=center_jsd;window=48;search_radius=24;kmer=2;top_ratio=0.25;score_scale=4.0;motif_weight=0.0;motif_radius=12;score_normalization=train_quantile;raw_border_score=0.160416;border_score=0.868200",0.2603071331977844,0.25300174951553345,0.4866912364959717
test_Seq_2675,2,2,"benchmark=nucleotide_transformer_downstream_tasks;dataset=splice_sites_all;matching=kmer_balanced;matching_signature=(7, 'TTT');border_estimator=center_window_kmer_jsd;estimator=center_jsd;window=48;search_radius=24;kmer=2;top_ratio=0.25;score_scale=4.0;motif_weight=0.0;motif_radius=12;score_normalization=train_quantile;raw_border_score=0.216138;border_score=1.009178",0.2744077444076538,0.272735595703125,0.4528566002845764
test_Seq_1748,1,2,"benchmark=nucleotide_transformer_downstream_tasks;dataset=splice_sites_all;matching=kmer_balanced;matching_signature=(7, 'AAA');border_estimator=center_window_kmer_jsd;estimator=center_jsd;window=48;search_radius=24;kmer=2;top_ratio=0.25;score_scale=4.0;motif_weight=0.0;motif_radius=12;score_normalization=train_quantile;raw_border_score=0.159780;border_score=0.867089",0.23996855318546295,0.24840417504310608,0.5116273164749146
test_Seq_1076,1,2,"benchmark=nucleotide_transformer_downstream_tasks;dataset=splice_sites_all;matching=kmer_balanced;matching_signature=(11, 'CCC');border_estimator=center_window_kmer_jsd;estimator=center_jsd;window=48;search_radius=24;kmer=2;top_ratio=0.25;score_scale=4.0;motif_weight=0.0;motif_radius=12;score_normalization=train_quantile;raw_border_score=0.310477;border_score=1.154556",0.1562044471502304,0.14221742749214172,0.7015781402587891
test_Seq_1441,1,2,"benchmark=nucleotide_transformer_downstream_tasks;dataset=splice_sites_all;matching=kmer_balanced;matching_signature=(12, 'CTG');border_estimator=center_window_kmer_jsd;estimator=center_jsd;window=48;search_radius=24;kmer=2;top_ratio=0.25;score_scale=4.0;motif_weight=0.0;motif_radius=12;score_normalization=train_quantile;raw_border_score=0.193051;border_score=0.952333",0.30928751826286316,0.3130899667739868,0.37762251496315
test_Seq_2339,2,1,"benchmark=nucleotide_transformer_downstream_tasks;dataset=splice_sites_all;matching=kmer_balanced;matching_signature=(13, 'GGG');border_estimator=center_window_kmer_jsd;estimator=center_jsd;window=48;search_radius=24;kmer=2;top_ratio=0.25;score_scale=4.0;motif_weight=0.0;motif_radius=12;score_normalization=train_quantile;raw_border_score=0.381505;border_score=1.186733",0.32461419701576233,0.3500792682170868,0.3253065049648285
test_Seq_2659,2,2,"benchmark=nucleotide_transformer_downstream_tasks;dataset=splice_sites_all;matching=kmer_balanced;matching_signature=(10, 'GGG');border_estimator=center_window_kmer_jsd;estimator=center_jsd;window=48;search_radius=24;kmer=2;top_ratio=0.25;score_scale=4.0;motif_weight=0.0;motif_radius=12;score_normalization=train_quantile;raw_border_score=0.247330;border_score=1.073667",0.16002030670642853,0.14666280150413513,0.6933169364929199
test_Seq_1810,1,2,"benchmark=nucleotide_transformer_downstream_tasks;dataset=splice_sites_all;matching=kmer_balanced;matching_signature=(7, 'TTT');border_estimator=center_window_kmer_jsd;estimator=center_jsd;window=48;search_radius=24;kmer=2;top_ratio=0.25;score_scale=4.0;motif_weight=0.0;motif_radius=12;score_normalization=train_quantile;raw_border_score=0.223622;border_score=1.027400",0.22601374983787537,0.23020409047603607,0.543782114982605
test_Seq_435,0,2,"benchmark=nucleotide_transformer_downstream_tasks;dataset=splice_sites_all;matching=kmer_balanced;matching_signature=(8, 'GAA');border_estimator=center_window_kmer_jsd;estimator=center_jsd;window=48;search_radius=24;kmer=2;top_ratio=0.25;score_scale=4.0;motif_weight=0.0;motif_radius=12;score_normalization=train_quantile;raw_border_score=0.238105;border_score=1.054822",0.28714120388031006,0.29408398270606995,0.41877481341362
test_Seq_1598,1,2,"benchmark=nucleotide_transformer_downstream_tasks;dataset=splice_sites_all;matching=kmer_balanced;matching_signature=(10, 'TTT');border_estimator=center_window_kmer_jsd;estimator=center_jsd;window=48;search_radius=24;kmer=2;top_ratio=0.25;score_scale=4.0;motif_weight=0.0;motif_radius=12;score_normalization=train_quantile;raw_border_score=0.200814;border_score=0.972911",0.20174041390419006,0.19757476449012756,0.6006848216056824
test_Seq_916,0,2,"benchmark=nucleotide_transformer_downstream_tasks;dataset=splice_sites_all;matching=kmer_balanced;matching_signature=(6, 'TTT');border_estimator=center_window_kmer_jsd;estimator=center_jsd;window=48;search_radius=24;kmer=2;top_ratio=0.25;score_scale=4.0;motif_weight=0.0;motif_radius=12;score_normalization=train_quantile;raw_border_score=0.264879;border_score=1.103356",0.22583632171154022,0.22212128341197968,0.5520423650741577
test_Seq_2010,2,2,"benchmark=nucleotide_transformer_downstream_tasks;dataset=splice_sites_all;matching=kmer_balanced;matching_signature=(13, 'CCC');border_estimator=center_window_kmer_jsd;estimator=center_jsd;window=48;search_radius=24;kmer=2;top_ratio=0.25;score_scale=4.0;motif_weight=0.0;motif_radius=12;score_normalization=train_quantile;raw_border_score=0.270701;border_score=1.111178",0.22731423377990723,0.21368542313575745,0.5590003132820129
test_Seq_1912,1,2,"benchmark=nucleotide_transformer_downstream_tasks;dataset=splice_sites_all;matching=kmer_balanced;matching_signature=(8, 'TTT');border_estimator=center_window_kmer_jsd;estimator=center_jsd;window=48;search_radius=24;kmer=2;top_ratio=0.25;score_scale=4.0;motif_weight=0.0;motif_radius=12;score_normalization=train_quantile;raw_border_score=0.233401;border_score=1.046244",0.19103975594043732,0.1874280422925949,0.6215322613716125
test_Seq_981,0,2,"benchmark=nucleotide_transformer_downstream_tasks;dataset=splice_sites_all;matching=kmer_balanced;matching_signature=(9, 'GAG');border_estimator=center_window_kmer_jsd;estimator=center_jsd;window=48;search_radius=24;kmer=2;top_ratio=0.25;score_scale=4.0;motif_weight=0.0;motif_radius=12;score_normalization=train_quantile;raw_border_score=0.272898;border_score=1.114467",0.23690496385097504,0.23714767396450043,0.5259473919868469
test_Seq_244,0,2,"benchmark=nucleotide_transformer_downstream_tasks;dataset=splice_sites_all;matching=kmer_balanced;matching_signature=(10, 'TTT');border_estimator=center_window_kmer_jsd;estimator=center_jsd;window=48;search_radius=24;kmer=2;top_ratio=0.25;score_scale=4.0;motif_weight=0.0;motif_radius=12;score_normalization=train_quantile;raw_border_score=0.241421;border_score=1.061800",0.2605803608894348,0.25113752484321594,0.48828208446502686
test_Seq_196,0,1,"benchmark=nucleotide_transformer_downstream_tasks;dataset=splice_sites_all;matching=kmer_balanced;matching_signature=(12, 'GCC');border_estimator=center_window_kmer_jsd;estimator=center_jsd;window=48;search_radius=24;kmer=2;top_ratio=0.25;score_scale=4.0;motif_weight=0.0;motif_radius=12;score_normalization=train_quantile;raw_border_score=0.332978;border_score=1.167711",0.3612605631351471,0.3779448866844177,0.2607944905757904
test_Seq_1481,1,2,"benchmark=nucleotide_transformer_downstream_tasks;dataset=splice_sites_all;matching=kmer_balanced;matching_signature=(7, 'TTT');border_estimator=center_window_kmer_jsd;estimator=center_jsd;window=48;search_radius=24;kmer=2;top_ratio=0.25;score_scale=4.0;motif_weight=0.0;motif_radius=12;score_normalization=train_quantile;raw_border_score=0.209600;border_score=0.994289",0.246957466006279,0.2506631314754486,0.5023794174194336
test_Seq_1971,1,2,"benchmark=nucleotide_transformer_downstream_tasks;dataset=splice_sites_all;matching=kmer_balanced;matching_signature=(9, 'TTT');border_estimator=center_window_kmer_jsd;estimator=center_jsd;window=48;search_radius=24;kmer=2;top_ratio=0.25;score_scale=4.0;motif_weight=0.0;motif_radius=12;score_normalization=train_quantile;raw_border_score=0.165911;border_score=0.881133",0.24395425617694855,0.23765616118907928,0.5183895826339722
test_Seq_2162,2,2,"benchmark=nucleotide_transformer_downstream_tasks;dataset=splice_sites_all;matching=kmer_balanced;matching_signature=(10, 'GGA');border_estimator=center_window_kmer_jsd;estimator=center_jsd;window=48;search_radius=24;kmer=2;top_ratio=0.25;score_scale=4.0;motif_weight=0.0;motif_radius=12;score_normalization=train_quantile;raw_border_score=0.147453;border_score=0.843222",0.17670199275016785,0.17414049804210663,0.6491575241088867
test_Seq_1310,1,2,"benchmark=nucleotide_transformer_downstream_tasks;dataset=splice_sites_all;matching=kmer_balanced;matching_signature=(6, 'TTT');border_estimator=center_window_kmer_jsd;estimator=center_jsd;window=48;search_radius=24;kmer=2;top_ratio=0.25;score_scale=4.0;motif_weight=0.0;motif_radius=12;score_normalization=train_quantile;raw_border_score=0.156401;border_score=0.859978",0.30452293157577515,0.31580397486686707,0.3796730637550354
test_Seq_1105,1,2,"benchmark=nucleotide_transformer_downstream_tasks;dataset=splice_sites_all;matching=kmer_balanced;matching_signature=(7, 'AAA');border_estimator=center_window_kmer_jsd;estimator=center_jsd;window=48;search_radius=24;kmer=2;top_ratio=0.25;score_scale=4.0;motif_weight=0.0;motif_radius=12;score_normalization=train_quantile;raw_border_score=0.307476;border_score=1.151756",0.20944522321224213,0.2070455104112625,0.5835092663764954
test_Seq_1537,1,2,"benchmark=nucleotide_transformer_downstream_tasks;dataset=splice_sites_all;matching=kmer_balanced;matching_signature=(8, 'TTT');border_estimator=center_window_kmer_jsd;estimator=center_jsd;window=48;search_radius=24;kmer=2;top_ratio=0.25;score_scale=4.0;motif_weight=0.0;motif_radius=12;score_normalization=train_quantile;raw_border_score=0.300116;border_score=1.146289",0.16437329351902008,0.1548207700252533,0.6808059811592102
test_Seq_2474,2,2,"benchmark=nucleotide_transformer_downstream_tasks;dataset=splice_sites_all;matching=kmer_balanced;matching_signature=(7, 'ATA');border_estimator=center_window_kmer_jsd;estimator=center_jsd;window=48;search_radius=24;kmer=2;top_ratio=0.25;score_scale=4.0;motif_weight=0.0;motif_radius=12;score_normalization=train_quantile;raw_border_score=0.222687;border_score=1.024956",0.20880207419395447,0.21284180879592896,0.5783560872077942
test_Seq_776,0,2,"benchmark=nucleotide_transformer_downstream_tasks;dataset=splice_sites_all;matching=kmer_balanced;matching_signature=(10, 'CAG');border_estimator=center_window_kmer_jsd;estimator=center_jsd;window=48;search_radius=24;kmer=2;top_ratio=0.25;score_scale=4.0;motif_weight=0.0;motif_radius=12;score_normalization=train_quantile;raw_border_score=0.236769;border_score=1.052378",0.32982105016708374,0.32159534096717834,0.3485836386680603
test_Seq_863,0,2,"benchmark=nucleotide_transformer_downstream_tasks;dataset=splice_sites_all;matching=kmer_balanced;matching_signature=(7, 'TTT');border_estimator=center_window_kmer_jsd;estimator=center_jsd;window=48;search_radius=24;kmer=2;top_ratio=0.25;score_scale=4.0;motif_weight=0.0;motif_radius=12;score_normalization=train_quantile;raw_border_score=0.318983;border_score=1.160422",0.23519030213356018,0.24063526093959808,0.5241744518280029
test_Seq_334,0,2,"benchmark=nucleotide_transformer_downstream_tasks;dataset=splice_sites_all;matching=kmer_balanced;matching_signature=(9, 'AAA');border_estimator=center_window_kmer_jsd;estimator=center_jsd;window=48;search_radius=24;kmer=2;top_ratio=0.25;score_scale=4.0;motif_weight=0.0;motif_radius=12;score_normalization=train_quantile;raw_border_score=0.240644;border_score=1.060422",0.14579281210899353,0.14336104691028595,0.7108461260795593
test_Seq_2058,2,2,"benchmark=nucleotide_transformer_downstream_tasks;dataset=splice_sites_all;matching=kmer_balanced;matching_signature=(6, 'TTT');border_estimator=center_window_kmer_jsd;estimator=center_jsd;window=48;search_radius=24;kmer=2;top_ratio=0.25;score_scale=4.0;motif_weight=0.0;motif_radius=12;score_normalization=train_quantile;raw_border_score=0.427852;border_score=1.192867",0.15818257629871368,0.15402871370315552,0.687788724899292
test_Seq_841,0,2,"benchmark=nucleotide_transformer_downstream_tasks;dataset=splice_sites_all;matching=kmer_balanced;matching_signature=(6, 'TTA');border_estimator=center_window_kmer_jsd;estimator=center_jsd;window=48;search_radius=24;kmer=2;top_ratio=0.25;score_scale=4.0;motif_weight=0.0;motif_radius=12;score_normalization=train_quantile;raw_border_score=0.376348;border_score=1.185844",0.18765635788440704,0.18232084810733795,0.6300228238105774
test_Seq_513,0,2,"benchmark=nucleotide_transformer_downstream_tasks;dataset=splice_sites_all;matching=kmer_balanced;matching_signature=(7, 'TGT');border_estimator=center_window_kmer_jsd;estimator=center_jsd;window=48;search_radius=24;kmer=2;top_ratio=0.25;score_scale=4.0;motif_weight=0.0;motif_radius=12;score_normalization=train_quantile;raw_border_score=0.219959;border_score=1.018689",0.16930703818798065,0.17241771519184113,0.6582752466201782
test_Seq_2278,2,2,"benchmark=nucleotide_transformer_downstream_tasks;dataset=splice_sites_all;matching=kmer_balanced;matching_signature=(7, 'TTT');border_estimator=center_window_kmer_jsd;estimator=center_jsd;window=48;search_radius=24;kmer=2;top_ratio=0.25;score_scale=4.0;motif_weight=0.0;motif_radius=12;score_normalization=train_quantile;raw_border_score=0.202034;border_score=0.976111",0.1931820809841156,0.1872371882200241,0.6195806860923767
test_Seq_1466,1,1,"benchmark=nucleotide_transformer_downstream_tasks;dataset=splice_sites_all;matching=kmer_balanced;matching_signature=(8, 'TTT');border_estimator=center_window_kmer_jsd;estimator=center_jsd;window=48;search_radius=24;kmer=2;top_ratio=0.25;score_scale=4.0;motif_weight=0.0;motif_radius=12;score_normalization=train_quantile;raw_border_score=0.214790;border_score=1.005533",0.3429044783115387,0.35795125365257263,0.29914426803588867
test_Seq_911,0,2,"benchmark=nucleotide_transformer_downstream_tasks;dataset=splice_sites_all;matching=kmer_balanced;matching_signature=(7, 'ATA');border_estimator=center_window_kmer_jsd;estimator=center_jsd;window=48;search_radius=24;kmer=2;top_ratio=0.25;score_scale=4.0;motif_weight=0.0;motif_radius=12;score_normalization=train_quantile;raw_border_score=0.280090;border_score=1.124111",0.18183769285678864,0.17703820765018463,0.6411240696907043
test_Seq_1095,1,2,"benchmark=nucleotide_transformer_downstream_tasks;dataset=splice_sites_all;matching=kmer_balanced;matching_signature=(13, 'GGG');border_estimator=center_window_kmer_jsd;estimator=center_jsd;window=48;search_radius=24;kmer=2;top_ratio=0.25;score_scale=4.0;motif_weight=0.0;motif_radius=12;score_normalization=train_quantile;raw_border_score=0.127683;border_score=0.816956",0.15439929068088531,0.1567554473876953,0.6888452768325806
test_Seq_1998,1,1,"benchmark=nucleotide_transformer_downstream_tasks;dataset=splice_sites_all;matching=kmer_balanced;matching_signature=(14, 'GGG');border_estimator=center_window_kmer_jsd;estimator=center_jsd;window=48;search_radius=24;kmer=2;top_ratio=0.25;score_scale=4.0;motif_weight=0.0;motif_radius=12;score_normalization=train_quantile;raw_border_score=0.219612;border_score=1.017578",0.33636677265167236,0.37450945377349854,0.2891237437725067
test_Seq_698,0,2,"benchmark=nucleotide_transformer_downstream_tasks;dataset=splice_sites_all;matching=kmer_balanced;matching_signature=(8, 'TTT');border_estimator=center_window_kmer_jsd;estimator=center_jsd;window=48;search_radius=24;kmer=2;top_ratio=0.25;score_scale=4.0;motif_weight=0.0;motif_radius=12;score_normalization=train_quantile;raw_border_score=0.411818;border_score=1.191400",0.20363736152648926,0.1937274932861328,0.6026351451873779
test_Seq_497,0,2,"benchmark=nucleotide_transformer_downstream_tasks;dataset=splice_sites_all;matching=kmer_balanced;matching_signature=(11, 'CCC');border_estimator=center_window_kmer_jsd;estimator=center_jsd;window=48;search_radius=24;kmer=2;top_ratio=0.25;score_scale=4.0;motif_weight=0.0;motif_radius=12;score_normalization=train_quantile;raw_border_score=0.209983;border_score=0.995044",0.16672764718532562,0.14817087352275848,0.6851015090942383
test_Seq_1922,1,2,"benchmark=nucleotide_transformer_downstream_tasks;dataset=splice_sites_all;matching=kmer_balanced;matching_signature=(7, 'TTT');border_estimator=center_window_kmer_jsd;estimator=center_jsd;window=48;search_radius=24;kmer=2;top_ratio=0.25;score_scale=4.0;motif_weight=0.0;motif_radius=12;score_normalization=train_quantile;raw_border_score=0.162644;border_score=0.873222",0.1647047996520996,0.16359518468379974,0.6717000007629395
test_Seq_1086,1,2,"benchmark=nucleotide_transformer_downstream_tasks;dataset=splice_sites_all;matching=kmer_balanced;matching_signature=(12, 'GGG');border_estimator=center_window_kmer_jsd;estimator=center_jsd;window=48;search_radius=24;kmer=2;top_ratio=0.25;score_scale=4.0;motif_weight=0.0;motif_radius=12;score_normalization=train_quantile;raw_border_score=0.179368;border_score=0.916378",0.3202891945838928,0.3178237974643707,0.36188703775405884
test_Seq_2657,2,2,"benchmark=nucleotide_transformer_downstream_tasks;dataset=splice_sites_all;matching=kmer_balanced;matching_signature=(7, 'TTT');border_estimator=center_window_kmer_jsd;estimator=center_jsd;window=48;search_radius=24;kmer=2;top_ratio=0.25;score_scale=4.0;motif_weight=0.0;motif_radius=12;score_normalization=train_quantile;raw_border_score=0.292910;border_score=1.139133",0.22192540764808655,0.216486856341362,0.5615877509117126
test_Seq_1846,1,1,"benchmark=nucleotide_transformer_downstream_tasks;dataset=splice_sites_all;matching=kmer_balanced;matching_signature=(13, 'CCC');border_estimator=center_window_kmer_jsd;estimator=center_jsd;window=48;search_radius=24;kmer=2;top_ratio=0.25;score_scale=4.0;motif_weight=0.0;motif_radius=12;score_normalization=train_quantile;raw_border_score=0.284676;border_score=1.129844",0.3301851749420166,0.3433667719364166,0.3264480531215668
test_Seq_771,0,2,"benchmark=nucleotide_transformer_downstream_tasks;dataset=splice_sites_all;matching=kmer_balanced;matching_signature=(8, 'AAA');border_estimator=center_window_kmer_jsd;estimator=center_jsd;window=48;search_radius=24;kmer=2;top_ratio=0.25;score_scale=4.0;motif_weight=0.0;motif_radius=12;score_normalization=train_quantile;raw_border_score=0.158653;border_score=0.864467",0.22585496306419373,0.23079447448253632,0.5433505177497864
test_Seq_1643,1,2,"benchmark=nucleotide_transformer_downstream_tasks;dataset=splice_sites_all;matching=kmer_balanced;matching_signature=(8, 'TTT');border_estimator=center_window_kmer_jsd;estimator=center_jsd;window=48;search_radius=24;kmer=2;top_ratio=0.25;score_scale=4.0;motif_weight=0.0;motif_radius=12;score_normalization=train_quantile;raw_border_score=0.248564;border_score=1.076289",0.11789293587207794,0.11469915509223938,0.7674078941345215
test_Seq_1347,1,2,"benchmark=nucleotide_transformer_downstream_tasks;dataset=splice_sites_all;matching=kmer_balanced;matching_signature=(12, 'GGG');border_estimator=center_window_kmer_jsd;estimator=center_jsd;window=48;search_radius=24;kmer=2;top_ratio=0.25;score_scale=4.0;motif_weight=0.0;motif_radius=12;score_normalization=train_quantile;raw_border_score=0.147931;border_score=0.843844",0.18059849739074707,0.17791421711444855,0.6414873600006104
test_Seq_2667,2,2,"benchmark=nucleotide_transformer_downstream_tasks;dataset=splice_sites_all;matching=kmer_balanced;matching_signature=(7, 'TTT');border_estimator=center_window_kmer_jsd;estimator=center_jsd;window=48;search_radius=24;kmer=2;top_ratio=0.25;score_scale=4.0;motif_weight=0.0;motif_radius=12;score_normalization=train_quantile;raw_border_score=0.167836;border_score=0.886378",0.2689034342765808,0.26983436942100525,0.46126213669776917
test_Seq_218,0,2,"benchmark=nucleotide_transformer_downstream_tasks;dataset=splice_sites_all;matching=kmer_balanced;matching_signature=(11, 'GGG');border_estimator=center_window_kmer_jsd;estimator=center_jsd;window=48;search_radius=24;kmer=2;top_ratio=0.25;score_scale=4.0;motif_weight=0.0;motif_radius=12;score_normalization=train_quantile;raw_border_score=0.213702;border_score=1.003622",0.14801743626594543,0.14243140816688538,0.7095511555671692
test_Seq_2042,2,2,"benchmark=nucleotide_transformer_downstream_tasks;dataset=splice_sites_all;matching=kmer_balanced;matching_signature=(13, 'CTG');border_estimator=center_window_kmer_jsd;estimator=center_jsd;window=48;search_radius=24;kmer=2;top_ratio=0.25;score_scale=4.0;motif_weight=0.0;motif_radius=12;score_normalization=train_quantile;raw_border_score=0.175439;border_score=0.906156",0.30678391456604004,0.30539000034332275,0.3878260552883148
test_Seq_1800,1,2,"benchmark=nucleotide_transformer_downstream_tasks;dataset=splice_sites_all;matching=kmer_balanced;matching_signature=(11, 'CCC');border_estimator=center_window_kmer_jsd;estimator=center_jsd;window=48;search_radius=24;kmer=2;top_ratio=0.25;score_scale=4.0;motif_weight=0.0;motif_radius=12;score_normalization=train_quantile;raw_border_score=0.150511;border_score=0.848422",0.2570212185382843,0.25021663308143616,0.49276217818260193
test_Seq_988,0,2,"benchmark=nucleotide_transformer_downstream_tasks;dataset=splice_sites_all;matching=kmer_balanced;matching_signature=(8, 'AAG');border_estimator=center_window_kmer_jsd;estimator=center_jsd;window=48;search_radius=24;kmer=2;top_ratio=0.25;score_scale=4.0;motif_weight=0.0;motif_radius=12;score_normalization=train_quantile;raw_border_score=0.279746;border_score=1.123711",0.27993258833885193,0.2890414297580719,0.4310259521007538
test_Seq_1157,1,1,"benchmark=nucleotide_transformer_downstream_tasks;dataset=splice_sites_all;matching=kmer_balanced;matching_signature=(8, 'TTT');border_estimator=center_window_kmer_jsd;estimator=center_jsd;window=48;search_radius=24;kmer=2;top_ratio=0.25;score_scale=4.0;motif_weight=0.0;motif_radius=12;score_normalization=train_quantile;raw_border_score=0.276023;border_score=1.118644",0.34352266788482666,0.3540552854537964,0.30242201685905457
test_Seq_323,0,2,"benchmark=nucleotide_transformer_downstream_tasks;dataset=splice_sites_all;matching=kmer_balanced;matching_signature=(8, 'TCT');border_estimator=center_window_kmer_jsd;estimator=center_jsd;window=48;search_radius=24;kmer=2;top_ratio=0.25;score_scale=4.0;motif_weight=0.0;motif_radius=12;score_normalization=train_quantile;raw_border_score=0.344622;border_score=1.174467",0.27199500799179077,0.2776188254356384,0.4503861963748932
test_Seq_2928,2,2,"benchmark=nucleotide_transformer_downstream_tasks;dataset=splice_sites_all;matching=kmer_balanced;matching_signature=(8, 'TTT');border_estimator=center_window_kmer_jsd;estimator=center_jsd;window=48;search_radius=24;kmer=2;top_ratio=0.25;score_scale=4.0;motif_weight=0.0;motif_radius=12;score_normalization=train_quantile;raw_border_score=0.369177;border_score=1.183844",0.24505437910556793,0.2515696883201599,0.5033758878707886
test_Seq_2209,2,1,"benchmark=nucleotide_transformer_downstream_tasks;dataset=splice_sites_all;matching=kmer_balanced;matching_signature=(11, 'GGG');border_estimator=center_window_kmer_jsd;estimator=center_jsd;window=48;search_radius=24;kmer=2;top_ratio=0.25;score_scale=4.0;motif_weight=0.0;motif_radius=12;score_normalization=train_quantile;raw_border_score=0.271824;border_score=1.112956",0.3579510748386383,0.41341352462768555,0.22863537073135376
test_Seq_952,0,2,"benchmark=nucleotide_transformer_downstream_tasks;dataset=splice_sites_all;matching=kmer_balanced;matching_signature=(9, 'TTT');border_estimator=center_window_kmer_jsd;estimator=center_jsd;window=48;search_radius=24;kmer=2;top_ratio=0.25;score_scale=4.0;motif_weight=0.0;motif_radius=12;score_normalization=train_quantile;raw_border_score=0.200883;border_score=0.973089",0.18340721726417542,0.1838866025209427,0.6327061653137207
test_Seq_2280,2,2,"benchmark=nucleotide_transformer_downstream_tasks;dataset=splice_sites_all;matching=kmer_balanced;matching_signature=(7, 'TTT');border_estimator=center_window_kmer_jsd;estimator=center_jsd;window=48;search_radius=24;kmer=2;top_ratio=0.25;score_scale=4.0;motif_weight=0.0;motif_radius=12;score_normalization=train_quantile;raw_border_score=0.212947;border_score=1.001844",0.22345088422298431,0.22754085063934326,0.5490082502365112
test_Seq_1410,1,1,"benchmark=nucleotide_transformer_downstream_tasks;dataset=splice_sites_all;matching=kmer_balanced;matching_signature=(9, 'GGG');border_estimator=center_window_kmer_jsd;estimator=center_jsd;window=48;search_radius=24;kmer=2;top_ratio=0.25;score_scale=4.0;motif_weight=0.0;motif_radius=12;score_normalization=train_quantile;raw_border_score=0.158025;border_score=0.862822",0.3316385746002197,0.3652246594429016,0.30313676595687866
test_Seq_1417,1,2,"benchmark=nucleotide_transformer_downstream_tasks;dataset=splice_sites_all;matching=kmer_balanced;matching_signature=(8, 'AAA');border_estimator=center_window_kmer_jsd;estimator=center_jsd;window=48;search_radius=24;kmer=2;top_ratio=0.25;score_scale=4.0;motif_weight=0.0;motif_radius=12;score_normalization=train_quantile;raw_border_score=0.159981;border_score=0.867622",0.2826903462409973,0.29409652948379517,0.4232131242752075
test_Seq_2060,2,2,"benchmark=nucleotide_transformer_downstream_tasks;dataset=splice_sites_all;matching=kmer_balanced;matching_signature=(10, 'CTG');border_estimator=center_window_kmer_jsd;estimator=center_jsd;window=48;search_radius=24;kmer=2;top_ratio=0.25;score_scale=4.0;motif_weight=0.0;motif_radius=12;score_normalization=train_quantile;raw_border_score=0.221363;border_score=1.022333",0.2770392894744873,0.29242628812789917,0.43053439259529114
test_Seq_1223,1,2,"benchmark=nucleotide_transformer_downstream_tasks;dataset=splice_sites_all;matching=kmer_balanced;matching_signature=(8, 'TTT');border_estimator=center_window_kmer_jsd;estimator=center_jsd;window=48;search_radius=24;kmer=2;top_ratio=0.25;score_scale=4.0;motif_weight=0.0;motif_radius=12;score_normalization=train_quantile;raw_border_score=0.262435;border_score=1.099933",0.1891203671693802,0.17821207642555237,0.6326675415039062
test_Seq_1865,1,2,"benchmark=nucleotide_transformer_downstream_tasks;dataset=splice_sites_all;matching=kmer_balanced;matching_signature=(7, 'TTT');border_estimator=center_window_kmer_jsd;estimator=center_jsd;window=48;search_radius=24;kmer=2;top_ratio=0.25;score_scale=4.0;motif_weight=0.0;motif_radius=12;score_normalization=train_quantile;raw_border_score=0.217990;border_score=1.013800",0.14922557771205902,0.14337597787380219,0.7073984146118164
test_Seq_134,0,2,"benchmark=nucleotide_transformer_downstream_tasks;dataset=splice_sites_all;matching=kmer_balanced;matching_signature=(9, 'TGT');border_estimator=center_window_kmer_jsd;estimator=center_jsd;window=48;search_radius=24;kmer=2;top_ratio=0.25;score_scale=4.0;motif_weight=0.0;motif_radius=12;score_normalization=train_quantile;raw_border_score=0.200628;border_score=0.972600",0.13515371084213257,0.12385743856430054,0.7409888505935669
test_Seq_2570,2,2,"benchmark=nucleotide_transformer_downstream_tasks;dataset=splice_sites_all;matching=kmer_balanced;matching_signature=(10, 'AGG');border_estimator=center_window_kmer_jsd;estimator=center_jsd;window=48;search_radius=24;kmer=2;top_ratio=0.25;score_scale=4.0;motif_weight=0.0;motif_radius=12;score_normalization=train_quantile;raw_border_score=0.136918;border_score=0.827622",0.14138467609882355,0.13193076848983765,0.7266845703125
test_Seq_2696,2,2,"benchmark=nucleotide_transformer_downstream_tasks;dataset=splice_sites_all;matching=kmer_balanced;matching_signature=(8, 'AAA');border_estimator=center_window_kmer_jsd;estimator=center_jsd;window=48;search_radius=24;kmer=2;top_ratio=0.25;score_scale=4.0;motif_weight=0.0;motif_radius=12;score_normalization=train_quantile;raw_border_score=0.189419;border_score=0.942333",0.07356873899698257,0.06977877765893936,0.8566524386405945
test_Seq_1155,1,2,"benchmark=nucleotide_transformer_downstream_tasks;dataset=splice_sites_all;matching=kmer_balanced;matching_signature=(9, 'CTG');border_estimator=center_window_kmer_jsd;estimator=center_jsd;window=48;search_radius=24;kmer=2;top_ratio=0.25;score_scale=4.0;motif_weight=0.0;motif_radius=12;score_normalization=train_quantile;raw_border_score=0.172177;border_score=0.896644",0.21500946581363678,0.2118183821439743,0.5731721520423889
test_Seq_870,0,2,"benchmark=nucleotide_transformer_downstream_tasks;dataset=splice_sites_all;matching=kmer_balanced;matching_signature=(8, 'TTT');border_estimator=center_window_kmer_jsd;estimator=center_jsd;window=48;search_radius=24;kmer=2;top_ratio=0.25;score_scale=4.0;motif_weight=0.0;motif_radius=12;score_normalization=train_quantile;raw_border_score=0.271107;border_score=1.111711",0.22081302106380463,0.22091349959373474,0.5582735538482666
test_Seq_1454,1,2,"benchmark=nucleotide_transformer_downstream_tasks;dataset=splice_sites_all;matching=kmer_balanced;matching_signature=(5, 'TTT');border_estimator=center_window_kmer_jsd;estimator=center_jsd;window=48;search_radius=24;kmer=2;top_ratio=0.25;score_scale=4.0;motif_weight=0.0;motif_radius=12;score_normalization=train_quantile;raw_border_score=0.244386;border_score=1.068156",0.258404940366745,0.2716032564640045,0.4699917733669281
test_Seq_1801,1,2,"benchmark=nucleotide_transformer_downstream_tasks;dataset=splice_sites_all;matching=kmer_balanced;matching_signature=(9, 'TTT');border_estimator=center_window_kmer_jsd;estimator=center_jsd;window=48;search_radius=24;kmer=2;top_ratio=0.25;score_scale=4.0;motif_weight=0.0;motif_radius=12;score_normalization=train_quantile;raw_border_score=0.241110;border_score=1.061222",0.2628359794616699,0.27814263105392456,0.4590214192867279
test_Seq_217,0,1,"benchmark=nucleotide_transformer_downstream_tasks;dataset=splice_sites_all;matching=kmer_balanced;matching_signature=(8, 'TTT');border_estimator=center_window_kmer_jsd;estimator=center_jsd;window=48;search_radius=24;kmer=2;top_ratio=0.25;score_scale=4.0;motif_weight=0.0;motif_radius=12;score_normalization=train_quantile;raw_border_score=0.205509;border_score=0.985267",0.3325454294681549,0.35063546895980835,0.31681910157203674
test_Seq_2896,2,2,"benchmark=nucleotide_transformer_downstream_tasks;dataset=splice_sites_all;matching=kmer_balanced;matching_signature=(5, 'AAA');border_estimator=center_window_kmer_jsd;estimator=center_jsd;window=48;search_radius=24;kmer=2;top_ratio=0.25;score_scale=4.0;motif_weight=0.0;motif_radius=12;score_normalization=train_quantile;raw_border_score=0.157884;border_score=0.862778",0.228759765625,0.22686053812503815,0.544379711151123
test_Seq_2778,2,2,"benchmark=nucleotide_transformer_downstream_tasks;dataset=splice_sites_all;matching=kmer_balanced;matching_signature=(9, 'CTG');border_estimator=center_window_kmer_jsd;estimator=center_jsd;window=48;search_radius=24;kmer=2;top_ratio=0.25;score_scale=4.0;motif_weight=0.0;motif_radius=12;score_normalization=train_quantile;raw_border_score=0.396597;border_score=1.189356",0.16804710030555725,0.15923653542995453,0.6727163791656494
test_Seq_1525,1,2,"benchmark=nucleotide_transformer_downstream_tasks;dataset=splice_sites_all;matching=kmer_balanced;matching_signature=(10, 'CAG');border_estimator=center_window_kmer_jsd;estimator=center_jsd;window=48;search_radius=24;kmer=2;top_ratio=0.25;score_scale=4.0;motif_weight=0.0;motif_radius=12;score_normalization=train_quantile;raw_border_score=0.182307;border_score=0.923089",0.2393554449081421,0.22419670224189758,0.5364478826522827
test_Seq_2710,2,2,"benchmark=nucleotide_transformer_downstream_tasks;dataset=splice_sites_all;matching=kmer_balanced;matching_signature=(7, 'AAA');border_estimator=center_window_kmer_jsd;estimator=center_jsd;window=48;search_radius=24;kmer=2;top_ratio=0.25;score_scale=4.0;motif_weight=0.0;motif_radius=12;score_normalization=train_quantile;raw_border_score=0.162104;border_score=0.871578",0.2334408462047577,0.24061986804008484,0.5259393453598022
test_Seq_1507,1,2,"benchmark=nucleotide_transformer_downstream_tasks;dataset=splice_sites_all;matching=kmer_balanced;matching_signature=(7, 'TTT');border_estimator=center_window_kmer_jsd;estimator=center_jsd;window=48;search_radius=24;kmer=2;top_ratio=0.25;score_scale=4.0;motif_weight=0.0;motif_radius=12;score_normalization=train_quantile;raw_border_score=0.120696;border_score=0.811400",0.2264479100704193,0.22931592166423798,0.5442361831665039
test_Seq_1741,1,2,"benchmark=nucleotide_transformer_downstream_tasks;dataset=splice_sites_all;matching=kmer_balanced;matching_signature=(6, 'TTT');border_estimator=center_window_kmer_jsd;estimator=center_jsd;window=48;search_radius=24;kmer=2;top_ratio=0.25;score_scale=4.0;motif_weight=0.0;motif_radius=12;score_normalization=train_quantile;raw_border_score=0.179355;border_score=0.916333",0.22304606437683105,0.22880248725414276,0.5481514930725098
test_Seq_1278,1,2,"benchmark=nucleotide_transformer_downstream_tasks;dataset=splice_sites_all;matching=kmer_balanced;matching_signature=(11, 'CAG');border_estimator=center_window_kmer_jsd;estimator=center_jsd;window=48;search_radius=24;kmer=2;top_ratio=0.25;score_scale=4.0;motif_weight=0.0;motif_radius=12;score_normalization=train_quantile;raw_border_score=0.200170;border_score=0.971800",0.23766113817691803,0.22423212230205536,0.5381067395210266
test_Seq_381,0,2,"benchmark=nucleotide_transformer_downstream_tasks;dataset=splice_sites_all;matching=kmer_balanced;matching_signature=(7, 'TTT');border_estimator=center_window_kmer_jsd;estimator=center_jsd;window=48;search_radius=24;kmer=2;top_ratio=0.25;score_scale=4.0;motif_weight=0.0;motif_radius=12;score_normalization=train_quantile;raw_border_score=0.291718;border_score=1.138111",0.2299010306596756,0.2309032380580902,0.5391957759857178
test_Seq_2126,2,2,"benchmark=nucleotide_transformer_downstream_tasks;dataset=splice_sites_all;matching=kmer_balanced;matching_signature=(10, 'TTT');border_estimator=center_window_kmer_jsd;estimator=center_jsd;window=48;search_radius=24;kmer=2;top_ratio=0.25;score_scale=4.0;motif_weight=0.0;motif_radius=12;score_normalization=train_quantile;raw_border_score=0.095141;border_score=0.801756",0.25643059611320496,0.2533307671546936,0.49023866653442383
test_Seq_209,0,2,"benchmark=nucleotide_transformer_downstream_tasks;dataset=splice_sites_all;matching=kmer_balanced;matching_signature=(8, 'TTT');border_estimator=center_window_kmer_jsd;estimator=center_jsd;window=48;search_radius=24;kmer=2;top_ratio=0.25;score_scale=4.0;motif_weight=0.0;motif_radius=12;score_normalization=train_quantile;raw_border_score=0.167676;border_score=0.885978",0.32341137528419495,0.3338015675544739,0.3427870571613312
test_Seq_1763,1,2,"benchmark=nucleotide_transformer_downstream_tasks;dataset=splice_sites_all;matching=kmer_balanced;matching_signature=(7, 'TTT');border_estimator=center_window_kmer_jsd;estimator=center_jsd;window=48;search_radius=24;kmer=2;top_ratio=0.25;score_scale=4.0;motif_weight=0.0;motif_radius=12;score_normalization=train_quantile;raw_border_score=0.256334;border_score=1.089711",0.22593285143375397,0.22744181752204895,0.5466253161430359
test_Seq_317,0,2,"benchmark=nucleotide_transformer_downstream_tasks;dataset=splice_sites_all;matching=kmer_balanced;matching_signature=(8, 'AAA');border_estimator=center_window_kmer_jsd;estimator=center_jsd;window=48;search_radius=24;kmer=2;top_ratio=0.25;score_scale=4.0;motif_weight=0.0;motif_radius=12;score_normalization=train_quantile;raw_border_score=0.145559;border_score=0.839711",0.28527572751045227,0.29476985335350037,0.41995441913604736
test_Seq_2957,2,2,"benchmark=nucleotide_transformer_downstream_tasks;dataset=splice_sites_all;matching=kmer_balanced;matching_signature=(10, 'CTG');border_estimator=center_window_kmer_jsd;estimator=center_jsd;window=48;search_radius=24;kmer=2;top_ratio=0.25;score_scale=4.0;motif_weight=0.0;motif_radius=12;score_normalization=train_quantile;raw_border_score=0.200128;border_score=0.971622",0.2762582302093506,0.26968130469322205,0.45406049489974976
test_Seq_2935,2,2,"benchmark=nucleotide_transformer_downstream_tasks;dataset=splice_sites_all;matching=kmer_balanced;matching_signature=(8, 'TTT');border_estimator=center_window_kmer_jsd;estimator=center_jsd;window=48;search_radius=24;kmer=2;top_ratio=0.25;score_scale=4.0;motif_weight=0.0;motif_radius=12;score_normalization=train_quantile;raw_border_score=0.205093;border_score=0.984467",0.24747170507907867,0.2630450129508972,0.4894832968711853
test_Seq_120,0,2,"benchmark=nucleotide_transformer_downstream_tasks;dataset=splice_sites_all;matching=kmer_balanced;matching_signature=(7, 'TTT');border_estimator=center_window_kmer_jsd;estimator=center_jsd;window=48;search_radius=24;kmer=2;top_ratio=0.25;score_scale=4.0;motif_weight=0.0;motif_radius=12;score_normalization=train_quantile;raw_border_score=0.169244;border_score=0.889000",0.16610966622829437,0.15946732461452484,0.6744230389595032
test_Seq_1585,1,2,"benchmark=nucleotide_transformer_downstream_tasks;dataset=splice_sites_all;matching=kmer_balanced;matching_signature=(7, 'TTT');border_estimator=center_window_kmer_jsd;estimator=center_jsd;window=48;search_radius=24;kmer=2;top_ratio=0.25;score_scale=4.0;motif_weight=0.0;motif_radius=12;score_normalization=train_quantile;raw_border_score=0.339074;border_score=1.171489",0.23938024044036865,0.24263863265514374,0.5179811716079712
test_Seq_617,0,2,"benchmark=nucleotide_transformer_downstream_tasks;dataset=splice_sites_all;matching=kmer_balanced;matching_signature=(11, 'GGG');border_estimator=center_window_kmer_jsd;estimator=center_jsd;window=48;search_radius=24;kmer=2;top_ratio=0.25;score_scale=4.0;motif_weight=0.0;motif_radius=12;score_normalization=train_quantile;raw_border_score=0.142033;border_score=0.834067",0.15554139018058777,0.15498007833957672,0.6894785165786743
test_Seq_186,0,2,"benchmark=nucleotide_transformer_downstream_tasks;dataset=splice_sites_all;matching=kmer_balanced;matching_signature=(6, 'TTT');border_estimator=center_window_kmer_jsd;estimator=center_jsd;window=48;search_radius=24;kmer=2;top_ratio=0.25;score_scale=4.0;motif_weight=0.0;motif_radius=12;score_normalization=train_quantile;raw_border_score=0.120760;border_score=0.811400",0.20300616323947906,0.19440343976020813,0.6025903820991516
test_Seq_1602,1,2,"benchmark=nucleotide_transformer_downstream_tasks;dataset=splice_sites_all;matching=kmer_balanced;matching_signature=(9, 'TTT');border_estimator=center_window_kmer_jsd;estimator=center_jsd;window=48;search_radius=24;kmer=2;top_ratio=0.25;score_scale=4.0;motif_weight=0.0;motif_radius=12;score_normalization=train_quantile;raw_border_score=0.267779;border_score=1.106867",0.28342747688293457,0.29579129815101624,0.42078128457069397
test_Seq_2044,2,2,"benchmark=nucleotide_transformer_downstream_tasks;dataset=splice_sites_all;matching=kmer_balanced;matching_signature=(12, 'CAG');border_estimator=center_window_kmer_jsd;estimator=center_jsd;window=48;search_radius=24;kmer=2;top_ratio=0.25;score_scale=4.0;motif_weight=0.0;motif_radius=12;score_normalization=train_quantile;raw_border_score=0.156528;border_score=0.860467",0.24068079888820648,0.24477790296077728,0.5145413279533386
test_Seq_1836,1,1,"benchmark=nucleotide_transformer_downstream_tasks;dataset=splice_sites_all;matching=kmer_balanced;matching_signature=(12, 'CCC');border_estimator=center_window_kmer_jsd;estimator=center_jsd;window=48;search_radius=24;kmer=2;top_ratio=0.25;score_scale=4.0;motif_weight=0.0;motif_radius=12;score_normalization=train_quantile;raw_border_score=0.192359;border_score=0.950689",0.3573603332042694,0.40118348598480225,0.24145615100860596
test_Seq_1742,1,2,"benchmark=nucleotide_transformer_downstream_tasks;dataset=splice_sites_all;matching=kmer_balanced;matching_signature=(14, 'GGG');border_estimator=center_window_kmer_jsd;estimator=center_jsd;window=48;search_radius=24;kmer=2;top_ratio=0.25;score_scale=4.0;motif_weight=0.0;motif_radius=12;score_normalization=train_quantile;raw_border_score=0.246671;border_score=1.072467",0.23432345688343048,0.2399328052997589,0.5257437229156494
test_Seq_1302,1,2,"benchmark=nucleotide_transformer_downstream_tasks;dataset=splice_sites_all;matching=kmer_balanced;matching_signature=(7, 'AAA');border_estimator=center_window_kmer_jsd;estimator=center_jsd;window=48;search_radius=24;kmer=2;top_ratio=0.25;score_scale=4.0;motif_weight=0.0;motif_radius=12;score_normalization=train_quantile;raw_border_score=0.179404;border_score=0.916422",0.14409682154655457,0.14041583240032196,0.7154873609542847
test_Seq_810,0,2,"benchmark=nucleotide_transformer_downstream_tasks;dataset=splice_sites_all;matching=kmer_balanced;matching_signature=(7, 'TTT');border_estimator=center_window_kmer_jsd;estimator=center_jsd;window=48;search_radius=24;kmer=2;top_ratio=0.25;score_scale=4.0;motif_weight=0.0;motif_radius=12;score_normalization=train_quantile;raw_border_score=0.249359;border_score=1.077844",0.2259574830532074,0.22733397781848907,0.5467085242271423
test_Seq_392,0,1,"benchmark=nucleotide_transformer_downstream_tasks;dataset=splice_sites_all;matching=kmer_balanced;matching_signature=(12, 'GGG');border_estimator=center_window_kmer_jsd;estimator=center_jsd;window=48;search_radius=24;kmer=2;top_ratio=0.25;score_scale=4.0;motif_weight=0.0;motif_radius=12;score_normalization=train_quantile;raw_border_score=0.384800;border_score=1.187622",0.32900431752204895,0.34627559781074524,0.3247200846672058
test_Seq_2524,2,2,"benchmark=nucleotide_transformer_downstream_tasks;dataset=splice_sites_all;matching=kmer_balanced;matching_signature=(6, 'TTT');border_estimator=center_window_kmer_jsd;estimator=center_jsd;window=48;search_radius=24;kmer=2;top_ratio=0.25;score_scale=4.0;motif_weight=0.0;motif_radius=12;score_normalization=train_quantile;raw_border_score=0.238881;border_score=1.056111",0.20709136128425598,0.20134678483009338,0.5915618538856506
test_Seq_975,0,2,"benchmark=nucleotide_transformer_downstream_tasks;dataset=splice_sites_all;matching=kmer_balanced;matching_signature=(7, 'TTT');border_estimator=center_window_kmer_jsd;estimator=center_jsd;window=48;search_radius=24;kmer=2;top_ratio=0.25;score_scale=4.0;motif_weight=0.0;motif_radius=12;score_normalization=train_quantile;raw_border_score=0.259498;border_score=1.094733",0.197892963886261,0.18695038557052612,0.6151566505432129
test_Seq_1977,1,2,"benchmark=nucleotide_transformer_downstream_tasks;dataset=splice_sites_all;matching=kmer_balanced;matching_signature=(13, 'CCC');border_estimator=center_window_kmer_jsd;estimator=center_jsd;window=48;search_radius=24;kmer=2;top_ratio=0.25;score_scale=4.0;motif_weight=0.0;motif_radius=12;score_normalization=train_quantile;raw_border_score=0.143281;border_score=0.836022",0.1761551946401596,0.17139871418476105,0.6524460911750793
test_Seq_2212,2,2,"benchmark=nucleotide_transformer_downstream_tasks;dataset=splice_sites_all;matching=kmer_balanced;matching_signature=(9, 'CTT');border_estimator=center_window_kmer_jsd;estimator=center_jsd;window=48;search_radius=24;kmer=2;top_ratio=0.25;score_scale=4.0;motif_weight=0.0;motif_radius=12;score_normalization=train_quantile;raw_border_score=0.214790;border_score=1.005533",0.2582249641418457,0.2496795803308487,0.492095410823822
test_Seq_1237,1,2,"benchmark=nucleotide_transformer_downstream_tasks;dataset=splice_sites_all;matching=kmer_balanced;matching_signature=(11, 'GGC');border_estimator=center_window_kmer_jsd;estimator=center_jsd;window=48;search_radius=24;kmer=2;top_ratio=0.25;score_scale=4.0;motif_weight=0.0;motif_radius=12;score_normalization=train_quantile;raw_border_score=0.193446;border_score=0.953400",0.3235723376274109,0.3277476131916046,0.3486800491809845
test_Seq_2730,2,2,"benchmark=nucleotide_transformer_downstream_tasks;dataset=splice_sites_all;matching=kmer_balanced;matching_signature=(9, 'CTG');border_estimator=center_window_kmer_jsd;estimator=center_jsd;window=48;search_radius=24;kmer=2;top_ratio=0.25;score_scale=4.0;motif_weight=0.0;motif_radius=12;score_normalization=train_quantile;raw_border_score=0.276394;border_score=1.119000",0.1692223846912384,0.1604713797569275,0.6703062057495117
test_Seq_2915,2,2,"benchmark=nucleotide_transformer_downstream_tasks;dataset=splice_sites_all;matching=kmer_balanced;matching_signature=(7, 'AAA');border_estimator=center_window_kmer_jsd;estimator=center_jsd;window=48;search_radius=24;kmer=2;top_ratio=0.25;score_scale=4.0;motif_weight=0.0;motif_radius=12;score_normalization=train_quantile;raw_border_score=0.189634;border_score=0.943089",0.1333862692117691,0.139975443482399,0.7266381978988647
test_Seq_2323,2,2,"benchmark=nucleotide_transformer_downstream_tasks;dataset=splice_sites_all;matching=kmer_balanced;matching_signature=(12, 'GGG');border_estimator=center_window_kmer_jsd;estimator=center_jsd;window=48;search_radius=24;kmer=2;top_ratio=0.25;score_scale=4.0;motif_weight=0.0;motif_radius=12;score_normalization=train_quantile;raw_border_score=0.284697;border_score=1.129889",0.15768752992153168,0.14941652119159698,0.6928959488868713
test_Seq_1032,1,2,"benchmark=nucleotide_transformer_downstream_tasks;dataset=splice_sites_all;matching=kmer_balanced;matching_signature=(6, 'TTT');border_estimator=center_window_kmer_jsd;estimator=center_jsd;window=48;search_radius=24;kmer=2;top_ratio=0.25;score_scale=4.0;motif_weight=0.0;motif_radius=12;score_normalization=train_quantile;raw_border_score=0.188210;border_score=0.939444",0.23252101242542267,0.24088144302368164,0.5265974998474121
test_Seq_2798,2,2,"benchmark=nucleotide_transformer_downstream_tasks;dataset=splice_sites_all;matching=kmer_balanced;matching_signature=(8, 'TTT');border_estimator=center_window_kmer_jsd;estimator=center_jsd;window=48;search_radius=24;kmer=2;top_ratio=0.25;score_scale=4.0;motif_weight=0.0;motif_radius=12;score_normalization=train_quantile;raw_border_score=0.233685;border_score=1.046778",0.2826685905456543,0.28212276101112366,0.43520861864089966
test_Seq_2016,2,1,"benchmark=nucleotide_transformer_downstream_tasks;dataset=splice_sites_all;matching=kmer_balanced;matching_signature=(7, 'TTT');border_estimator=center_window_kmer_jsd;estimator=center_jsd;window=48;search_radius=24;kmer=2;top_ratio=0.25;score_scale=4.0;motif_weight=0.0;motif_radius=12;score_normalization=train_quantile;raw_border_score=0.180499;border_score=0.919044",0.37726157903671265,0.3940984308719635,0.22864000499248505
test_Seq_2588,2,2,"benchmark=nucleotide_transformer_downstream_tasks;dataset=splice_sites_all;matching=kmer_balanced;matching_signature=(10, 'GGG');border_estimator=center_window_kmer_jsd;estimator=center_jsd;window=48;search_radius=24;kmer=2;top_ratio=0.25;score_scale=4.0;motif_weight=0.0;motif_radius=12;score_normalization=train_quantile;raw_border_score=0.165608;border_score=0.880289",0.23555973172187805,0.23890015482902527,0.5255401134490967
test_Seq_927,0,2,"benchmark=nucleotide_transformer_downstream_tasks;dataset=splice_sites_all;matching=kmer_balanced;matching_signature=(8, 'AAA');border_estimator=center_window_kmer_jsd;estimator=center_jsd;window=48;search_radius=24;kmer=2;top_ratio=0.25;score_scale=4.0;motif_weight=0.0;motif_radius=12;score_normalization=train_quantile;raw_border_score=0.217938;border_score=1.013578",0.2764981985092163,0.27967309951782227,0.4438287317752838
test_Seq_2818,2,2,"benchmark=nucleotide_transformer_downstream_tasks;dataset=splice_sites_all;matching=kmer_balanced;matching_signature=(6, 'TTT');border_estimator=center_window_kmer_jsd;estimator=center_jsd;window=48;search_radius=24;kmer=2;top_ratio=0.25;score_scale=4.0;motif_weight=0.0;motif_radius=12;score_normalization=train_quantile;raw_border_score=0.294397;border_score=1.140289",0.24269217252731323,0.24239738285541534,0.5149103999137878
test_Seq_60,0,2,"benchmark=nucleotide_transformer_downstream_tasks;dataset=splice_sites_all;matching=kmer_balanced;matching_signature=(7, 'TTT');border_estimator=center_window_kmer_jsd;estimator=center_jsd;window=48;search_radius=24;kmer=2;top_ratio=0.25;score_scale=4.0;motif_weight=0.0;motif_radius=12;score_normalization=train_quantile;raw_border_score=0.233085;border_score=1.045756",0.31642839312553406,0.3230920135974884,0.3604796230792999
test_Seq_603,0,2,"benchmark=nucleotide_transformer_downstream_tasks;dataset=splice_sites_all;matching=kmer_balanced;matching_signature=(9, 'AGG');border_estimator=center_window_kmer_jsd;estimator=center_jsd;window=48;search_radius=24;kmer=2;top_ratio=0.25;score_scale=4.0;motif_weight=0.0;motif_radius=12;score_normalization=train_quantile;raw_border_score=0.116104;border_score=0.808778",0.11823420971632004,0.1153462827205658,0.766419529914856
test_Seq_195,0,2,"benchmark=nucleotide_transformer_downstream_tasks;dataset=splice_sites_all;matching=kmer_balanced;matching_signature=(12, 'GGG');border_estimator=center_window_kmer_jsd;estimator=center_jsd;window=48;search_radius=24;kmer=2;top_ratio=0.25;score_scale=4.0;motif_weight=0.0;motif_radius=12;score_normalization=train_quantile;raw_border_score=0.283276;border_score=1.128289",0.30528944730758667,0.3327948749065399,0.3619157373905182
test_Seq_1020,1,2,"benchmark=nucleotide_transformer_downstream_tasks;dataset=splice_sites_all;matching=kmer_balanced;matching_signature=(11, 'GGG');border_estimator=center_window_kmer_jsd;estimator=center_jsd;window=48;search_radius=24;kmer=2;top_ratio=0.25;score_scale=4.0;motif_weight=0.0;motif_radius=12;score_normalization=train_quantile;raw_border_score=0.174351;border_score=0.903178",0.25006821751594543,0.2499484419822693,0.49998337030410767
test_Seq_627,0,2,"benchmark=nucleotide_transformer_downstream_tasks;dataset=splice_sites_all;matching=kmer_balanced;matching_signature=(7, 'AAA');border_estimator=center_window_kmer_jsd;estimator=center_jsd;window=48;search_radius=24;kmer=2;top_ratio=0.25;score_scale=4.0;motif_weight=0.0;motif_radius=12;score_normalization=train_quantile;raw_border_score=0.212004;border_score=0.999711",0.1973649561405182,0.20391631126403809,0.5987187623977661
test_Seq_1497,1,2,"benchmark=nucleotide_transformer_downstream_tasks;dataset=splice_sites_all;matching=kmer_balanced;matching_signature=(8, 'TTT');border_estimator=center_window_kmer_jsd;estimator=center_jsd;window=48;search_radius=24;kmer=2;top_ratio=0.25;score_scale=4.0;motif_weight=0.0;motif_radius=12;score_normalization=train_quantile;raw_border_score=0.282504;border_score=1.127089",0.23382800817489624,0.23375758528709412,0.532414436340332
test_Seq_2065,2,2,"benchmark=nucleotide_transformer_downstream_tasks;dataset=splice_sites_all;matching=kmer_balanced;matching_signature=(6, 'TTT');border_estimator=center_window_kmer_jsd;estimator=center_jsd;window=48;search_radius=24;kmer=2;top_ratio=0.25;score_scale=4.0;motif_weight=0.0;motif_radius=12;score_normalization=train_quantile;raw_border_score=0.247430;border_score=1.073889",0.16971057653427124,0.1675107777118683,0.6627786755561829
test_Seq_434,0,2,"benchmark=nucleotide_transformer_downstream_tasks;dataset=splice_sites_all;matching=kmer_balanced;matching_signature=(7, 'TTT');border_estimator=center_window_kmer_jsd;estimator=center_jsd;window=48;search_radius=24;kmer=2;top_ratio=0.25;score_scale=4.0;motif_weight=0.0;motif_radius=12;score_normalization=train_quantile;raw_border_score=0.223863;border_score=1.027889",0.2911243438720703,0.30665943026542664,0.40221625566482544
test_Seq_1591,1,1,"benchmark=nucleotide_transformer_downstream_tasks;dataset=splice_sites_all;matching=kmer_balanced;matching_signature=(6, 'TTT');border_estimator=center_window_kmer_jsd;estimator=center_jsd;window=48;search_radius=24;kmer=2;top_ratio=0.25;score_scale=4.0;motif_weight=0.0;motif_radius=12;score_normalization=train_quantile;raw_border_score=0.134496;border_score=0.824600",0.341329425573349,0.34647035598754883,0.3122002184391022
test_Seq_1566,1,2,"benchmark=nucleotide_transformer_downstream_tasks;dataset=splice_sites_all;matching=kmer_balanced;matching_signature=(13, 'CCC');border_estimator=center_window_kmer_jsd;estimator=center_jsd;window=48;search_radius=24;kmer=2;top_ratio=0.25;score_scale=4.0;motif_weight=0.0;motif_radius=12;score_normalization=train_quantile;raw_border_score=0.201310;border_score=0.974200",0.29893758893013,0.29468876123428345,0.40637367963790894
test_Seq_47,0,2,"benchmark=nucleotide_transformer_downstream_tasks;dataset=splice_sites_all;matching=kmer_balanced;matching_signature=(8, 'TTT');border_estimator=center_window_kmer_jsd;estimator=center_jsd;window=48;search_radius=24;kmer=2;top_ratio=0.25;score_scale=4.0;motif_weight=0.0;motif_radius=12;score_normalization=train_quantile;raw_border_score=0.145727;border_score=0.839978",0.20052611827850342,0.18568527698516846,0.6137886047363281
test_Seq_582,0,1,"benchmark=nucleotide_transformer_downstream_tasks;dataset=splice_sites_all;matching=kmer_balanced;matching_signature=(10, 'GGG');border_estimator=center_window_kmer_jsd;estimator=center_jsd;window=48;search_radius=24;kmer=2;top_ratio=0.25;score_scale=4.0;motif_weight=0.0;motif_radius=12;score_normalization=train_quantile;raw_border_score=0.368611;border_score=1.183756",0.3618033528327942,0.3836077153682709,0.25458890199661255
test_Seq_1895,1,2,"benchmark=nucleotide_transformer_downstream_tasks;dataset=splice_sites_all;matching=kmer_balanced;matching_signature=(7, 'TTT');border_estimator=center_window_kmer_jsd;estimator=center_jsd;window=48;search_radius=24;kmer=2;top_ratio=0.25;score_scale=4.0;motif_weight=0.0;motif_radius=12;score_normalization=train_quantile;raw_border_score=0.210237;border_score=0.995667",0.22639112174510956,0.22400817275047302,0.5496007204055786
test_Seq_25,0,2,"benchmark=nucleotide_transformer_downstream_tasks;dataset=splice_sites_all;matching=kmer_balanced;matching_signature=(11, 'CCC');border_estimator=center_window_kmer_jsd;estimator=center_jsd;window=48;search_radius=24;kmer=2;top_ratio=0.25;score_scale=4.0;motif_weight=0.0;motif_radius=12;score_normalization=train_quantile;raw_border_score=0.252242;border_score=1.082689",0.2653281092643738,0.2634229362010956,0.47124892473220825
test_Seq_2163,2,2,"benchmark=nucleotide_transformer_downstream_tasks;dataset=splice_sites_all;matching=kmer_balanced;matching_signature=(8, 'TTT');border_estimator=center_window_kmer_jsd;estimator=center_jsd;window=48;search_radius=24;kmer=2;top_ratio=0.25;score_scale=4.0;motif_weight=0.0;motif_radius=12;score_normalization=train_quantile;raw_border_score=0.374647;border_score=1.185311",0.18380342423915863,0.1928420066833496,0.6233545541763306
test_Seq_2146,2,2,"benchmark=nucleotide_transformer_downstream_tasks;dataset=splice_sites_all;matching=kmer_balanced;matching_signature=(8, 'TTT');border_estimator=center_window_kmer_jsd;estimator=center_jsd;window=48;search_radius=24;kmer=2;top_ratio=0.25;score_scale=4.0;motif_weight=0.0;motif_radius=12;score_normalization=train_quantile;raw_border_score=0.424577;border_score=1.192733",0.19381800293922424,0.17740383744239807,0.6287782192230225
test_Seq_2880,2,2,"benchmark=nucleotide_transformer_downstream_tasks;dataset=splice_sites_all;matching=kmer_balanced;matching_signature=(6, 'AAA');border_estimator=center_window_kmer_jsd;estimator=center_jsd;window=48;search_radius=24;kmer=2;top_ratio=0.25;score_scale=4.0;motif_weight=0.0;motif_radius=12;score_normalization=train_quantile;raw_border_score=0.160566;border_score=0.868333",0.19176381826400757,0.18732042610645294,0.6209157705307007
test_Seq_2967,2,2,"benchmark=nucleotide_transformer_downstream_tasks;dataset=splice_sites_all;matching=kmer_balanced;matching_signature=(11, 'CCT');border_estimator=center_window_kmer_jsd;estimator=center_jsd;window=48;search_radius=24;kmer=2;top_ratio=0.25;score_scale=4.0;motif_weight=0.0;motif_radius=12;score_normalization=train_quantile;raw_border_score=0.238087;border_score=1.054822",0.3047463297843933,0.31011632084846497,0.3851373493671417
test_Seq_1475,1,2,"benchmark=nucleotide_transformer_downstream_tasks;dataset=splice_sites_all;matching=kmer_balanced;matching_signature=(7, 'AAA');border_estimator=center_window_kmer_jsd;estimator=center_jsd;window=48;search_radius=24;kmer=2;top_ratio=0.25;score_scale=4.0;motif_weight=0.0;motif_radius=12;score_normalization=train_quantile;raw_border_score=0.258016;border_score=1.092244",0.25352591276168823,0.2520231306552887,0.49445098638534546
test_Seq_2439,2,2,"benchmark=nucleotide_transformer_downstream_tasks;dataset=splice_sites_all;matching=kmer_balanced;matching_signature=(7, 'TTT');border_estimator=center_window_kmer_jsd;estimator=center_jsd;window=48;search_radius=24;kmer=2;top_ratio=0.25;score_scale=4.0;motif_weight=0.0;motif_radius=12;score_normalization=train_quantile;raw_border_score=0.103126;border_score=0.803489",0.11101430654525757,0.10862959176301956,0.7803561687469482
test_Seq_258,0,1,"benchmark=nucleotide_transformer_downstream_tasks;dataset=splice_sites_all;matching=kmer_balanced;matching_signature=(8, 'AGA');border_estimator=center_window_kmer_jsd;estimator=center_jsd;window=48;search_radius=24;kmer=2;top_ratio=0.25;score_scale=4.0;motif_weight=0.0;motif_radius=12;score_normalization=train_quantile;raw_border_score=0.182403;border_score=0.923267",0.3410587012767792,0.37412819266319275,0.28481313586235046
test_Seq_235,0,2,"benchmark=nucleotide_transformer_downstream_tasks;dataset=splice_sites_all;matching=kmer_balanced;matching_signature=(12, 'CAG');border_estimator=center_window_kmer_jsd;estimator=center_jsd;window=48;search_radius=24;kmer=2;top_ratio=0.25;score_scale=4.0;motif_weight=0.0;motif_radius=12;score_normalization=train_quantile;raw_border_score=0.170328;border_score=0.891400",0.13477523624897003,0.12303828448057175,0.742186427116394
test_Seq_2037,2,1,"benchmark=nucleotide_transformer_downstream_tasks;dataset=splice_sites_all;matching=kmer_balanced;matching_signature=(13, 'GGG');border_estimator=center_window_kmer_jsd;estimator=center_jsd;window=48;search_radius=24;kmer=2;top_ratio=0.25;score_scale=4.0;motif_weight=0.0;motif_radius=12;score_normalization=train_quantile;raw_border_score=0.124064;border_score=0.813444",0.31841638684272766,0.34874847531318665,0.3328351378440857
test_Seq_2496,2,2,"benchmark=nucleotide_transformer_downstream_tasks;dataset=splice_sites_all;matching=kmer_balanced;matching_signature=(12, 'CAG');border_estimator=center_window_kmer_jsd;estimator=center_jsd;window=48;search_radius=24;kmer=2;top_ratio=0.25;score_scale=4.0;motif_weight=0.0;motif_radius=12;score_normalization=train_quantile;raw_border_score=0.151203;border_score=0.849222",0.19286185503005981,0.1925753504037857,0.6145627498626709
test_Seq_275,0,0,"benchmark=nucleotide_transformer_downstream_tasks;dataset=splice_sites_all;matching=kmer_balanced;matching_signature=(12, 'CCC');border_estimator=center_window_kmer_jsd;estimator=center_jsd;window=48;search_radius=24;kmer=2;top_ratio=0.25;score_scale=4.0;motif_weight=0.0;motif_radius=12;score_normalization=train_quantile;raw_border_score=0.284094;border_score=1.129222",0.33954334259033203,0.33723926544189453,0.32321736216545105
test_Seq_1883,1,2,"benchmark=nucleotide_transformer_downstream_tasks;dataset=splice_sites_all;matching=kmer_balanced;matching_signature=(11, 'CTG');border_estimator=center_window_kmer_jsd;estimator=center_jsd;window=48;search_radius=24;kmer=2;top_ratio=0.25;score_scale=4.0;motif_weight=0.0;motif_radius=12;score_normalization=train_quantile;raw_border_score=0.241665;border_score=1.062422",0.30597010254859924,0.31989070773124695,0.3741391599178314
test_Seq_1210,1,2,"benchmark=nucleotide_transformer_downstream_tasks;dataset=splice_sites_all;matching=kmer_balanced;matching_signature=(12, 'CCT');border_estimator=center_window_kmer_jsd;estimator=center_jsd;window=48;search_radius=24;kmer=2;top_ratio=0.25;score_scale=4.0;motif_weight=0.0;motif_radius=12;score_normalization=train_quantile;raw_border_score=0.235939;border_score=1.050644",0.23355267941951752,0.23258166015148163,0.5338656902313232
test_Seq_1025,1,1,"benchmark=nucleotide_transformer_downstream_tasks;dataset=splice_sites_all;matching=kmer_balanced;matching_signature=(12, 'CTG');border_estimator=center_window_kmer_jsd;estimator=center_jsd;window=48;search_radius=24;kmer=2;top_ratio=0.25;score_scale=4.0;motif_weight=0.0;motif_radius=12;score_normalization=train_quantile;raw_border_score=0.304248;border_score=1.149933",0.34402257204055786,0.3492893874645233,0.3066880702972412
test_Seq_1271,1,2,"benchmark=nucleotide_transformer_downstream_tasks;dataset=splice_sites_all;matching=kmer_balanced;matching_signature=(10, 'GGA');border_estimator=center_window_kmer_jsd;estimator=center_jsd;window=48;search_radius=24;kmer=2;top_ratio=0.25;score_scale=4.0;motif_weight=0.0;motif_radius=12;score_normalization=train_quantile;raw_border_score=0.245494;border_score=1.070111",0.3191490173339844,0.31245121359825134,0.36839979887008667
test_Seq_1035,1,2,"benchmark=nucleotide_transformer_downstream_tasks;dataset=splice_sites_all;matching=kmer_balanced;matching_signature=(8, 'TTT');border_estimator=center_window_kmer_jsd;estimator=center_jsd;window=48;search_radius=24;kmer=2;top_ratio=0.25;score_scale=4.0;motif_weight=0.0;motif_radius=12;score_normalization=train_quantile;raw_border_score=0.195074;border_score=0.957178",0.1502229869365692,0.1519215703010559,0.6978553533554077
test_Seq_1679,1,2,"benchmark=nucleotide_transformer_downstream_tasks;dataset=splice_sites_all;matching=kmer_balanced;matching_signature=(6, 'TTT');border_estimator=center_window_kmer_jsd;estimator=center_jsd;window=48;search_radius=24;kmer=2;top_ratio=0.25;score_scale=4.0;motif_weight=0.0;motif_radius=12;score_normalization=train_quantile;raw_border_score=0.238795;border_score=1.056067",0.2218632996082306,0.22565262019634247,0.5524840950965881
test_Seq_2020,2,2,"benchmark=nucleotide_transformer_downstream_tasks;dataset=splice_sites_all;matching=kmer_balanced;matching_signature=(7, 'TTT');border_estimator=center_window_kmer_jsd;estimator=center_jsd;window=48;search_radius=24;kmer=2;top_ratio=0.25;score_scale=4.0;motif_weight=0.0;motif_radius=12;score_normalization=train_quantile;raw_border_score=0.222044;border_score=1.023356",0.12931089103221893,0.12207000702619553,0.7486190795898438
test_Seq_232,0,2,"benchmark=nucleotide_transformer_downstream_tasks;dataset=splice_sites_all;matching=kmer_balanced;matching_signature=(7, 'AAA');border_estimator=center_window_kmer_jsd;estimator=center_jsd;window=48;search_radius=24;kmer=2;top_ratio=0.25;score_scale=4.0;motif_weight=0.0;motif_radius=12;score_normalization=train_quantile;raw_border_score=0.172308;border_score=0.897044",0.22187893092632294,0.21983708441257477,0.5582839250564575
test_Seq_2552,2,2,"benchmark=nucleotide_transformer_downstream_tasks;dataset=splice_sites_all;matching=kmer_balanced;matching_signature=(13, 'CCC');border_estimator=center_window_kmer_jsd;estimator=center_jsd;window=48;search_radius=24;kmer=2;top_ratio=0.25;score_scale=4.0;motif_weight=0.0;motif_radius=12;score_normalization=train_quantile;raw_border_score=0.171040;border_score=0.893222",0.3156270980834961,0.31765419244766235,0.36671870946884155
test_Seq_621,0,2,"benchmark=nucleotide_transformer_downstream_tasks;dataset=splice_sites_all;matching=kmer_balanced;matching_signature=(7, 'TTT');border_estimator=center_window_kmer_jsd;estimator=center_jsd;window=48;search_radius=24;kmer=2;top_ratio=0.25;score_scale=4.0;motif_weight=0.0;motif_radius=12;score_normalization=train_quantile;raw_border_score=0.171175;border_score=0.893533",0.2774284780025482,0.2831496000289917,0.43942195177078247
test_Seq_92,0,2,"benchmark=nucleotide_transformer_downstream_tasks;dataset=splice_sites_all;matching=kmer_balanced;matching_signature=(9, 'TTT');border_estimator=center_window_kmer_jsd;estimator=center_jsd;window=48;search_radius=24;kmer=2;top_ratio=0.25;score_scale=4.0;motif_weight=0.0;motif_radius=12;score_normalization=train_quantile;raw_border_score=0.413969;border_score=1.191622",0.311005175113678,0.3070598840713501,0.38193485140800476
test_Seq_1269,1,1,"benchmark=nucleotide_transformer_downstream_tasks;dataset=splice_sites_all;matching=kmer_balanced;matching_signature=(10, 'TTT');border_estimator=center_window_kmer_jsd;estimator=center_jsd;window=48;search_radius=24;kmer=2;top_ratio=0.25;score_scale=4.0;motif_weight=0.0;motif_radius=12;score_normalization=train_quantile;raw_border_score=0.264772;border_score=1.103044",0.3839273154735565,0.43430256843566895,0.18177013099193573
test_Seq_439,0,2,"benchmark=nucleotide_transformer_downstream_tasks;dataset=splice_sites_all;matching=kmer_balanced;matching_signature=(9, 'TTT');border_estimator=center_window_kmer_jsd;estimator=center_jsd;window=48;search_radius=24;kmer=2;top_ratio=0.25;score_scale=4.0;motif_weight=0.0;motif_radius=12;score_normalization=train_quantile;raw_border_score=0.302615;border_score=1.148778",0.22953958809375763,0.23433883488178253,0.5361215472221375
test_Seq_1430,1,1,"benchmark=nucleotide_transformer_downstream_tasks;dataset=splice_sites_all;matching=kmer_balanced;matching_signature=(13, 'GGG');border_estimator=center_window_kmer_jsd;estimator=center_jsd;window=48;search_radius=24;kmer=2;top_ratio=0.25;score_scale=4.0;motif_weight=0.0;motif_radius=12;score_normalization=train_quantile;raw_border_score=0.223041;border_score=1.026022",0.3532066345214844,0.39625024795532227,0.25054308772087097
test_Seq_644,0,2,"benchmark=nucleotide_transformer_downstream_tasks;dataset=splice_sites_all;matching=kmer_balanced;matching_signature=(9, 'AAA');border_estimator=center_window_kmer_jsd;estimator=center_jsd;window=48;search_radius=24;kmer=2;top_ratio=0.25;score_scale=4.0;motif_weight=0.0;motif_radius=12;score_normalization=train_quantile;raw_border_score=0.279409;border_score=1.123356",0.08132211118936539,0.07541458308696747,0.8432632088661194
test_Seq_2647,2,2,"benchmark=nucleotide_transformer_downstream_tasks;dataset=splice_sites_all;matching=kmer_balanced;matching_signature=(9, 'CTG');border_estimator=center_window_kmer_jsd;estimator=center_jsd;window=48;search_radius=24;kmer=2;top_ratio=0.25;score_scale=4.0;motif_weight=0.0;motif_radius=12;score_normalization=train_quantile;raw_border_score=0.398542;border_score=1.189889",0.2920456826686859,0.2858453094959259,0.4221089780330658
test_Seq_2291,2,2,"benchmark=nucleotide_transformer_downstream_tasks;dataset=splice_sites_all;matching=kmer_balanced;matching_signature=(7, 'TTT');border_estimator=center_window_kmer_jsd;estimator=center_jsd;window=48;search_radius=24;kmer=2;top_ratio=0.25;score_scale=4.0;motif_weight=0.0;motif_radius=12;score_normalization=train_quantile;raw_border_score=0.168989;border_score=0.888600",0.2884056866168976,0.2969974875450134,0.4145968556404114
test_Seq_548,0,2,"benchmark=nucleotide_transformer_downstream_tasks;dataset=splice_sites_all;matching=kmer_balanced;matching_signature=(8, 'TTT');border_estimator=center_window_kmer_jsd;estimator=center_jsd;window=48;search_radius=24;kmer=2;top_ratio=0.25;score_scale=4.0;motif_weight=0.0;motif_radius=12;score_normalization=train_quantile;raw_border_score=0.217513;border_score=1.012511",0.2063162922859192,0.19540640711784363,0.5982772707939148
test_Seq_1841,1,2,"benchmark=nucleotide_transformer_downstream_tasks;dataset=splice_sites_all;matching=kmer_balanced;matching_signature=(11, 'CTG');border_estimator=center_window_kmer_jsd;estimator=center_jsd;window=48;search_radius=24;kmer=2;top_ratio=0.25;score_scale=4.0;motif_weight=0.0;motif_radius=12;score_normalization=train_quantile;raw_border_score=0.163455;border_score=0.874867",0.2949880063533783,0.29833748936653137,0.40667447447776794
test_Seq_2506,2,2,"benchmark=nucleotide_transformer_downstream_tasks;dataset=splice_sites_all;matching=kmer_balanced;matching_signature=(8, 'TTT');border_estimator=center_window_kmer_jsd;estimator=center_jsd;window=48;search_radius=24;kmer=2;top_ratio=0.25;score_scale=4.0;motif_weight=0.0;motif_radius=12;score_normalization=train_quantile;raw_border_score=0.252101;border_score=1.082378",0.1844523847103119,0.18253560364246368,0.6330119967460632
test_Seq_1059,1,1,"benchmark=nucleotide_transformer_downstream_tasks;dataset=splice_sites_all;matching=kmer_balanced;matching_signature=(10, 'AGG');border_estimator=center_window_kmer_jsd;estimator=center_jsd;window=48;search_radius=24;kmer=2;top_ratio=0.25;score_scale=4.0;motif_weight=0.0;motif_radius=12;score_normalization=train_quantile;raw_border_score=0.193338;border_score=0.953044",0.3631587326526642,0.40407881140708923,0.232762411236763
test_Seq_906,0,2,"benchmark=nucleotide_transformer_downstream_tasks;dataset=splice_sites_all;matching=kmer_balanced;matching_signature=(10, 'CCC');border_estimator=center_window_kmer_jsd;estimator=center_jsd;window=48;search_radius=24;kmer=2;top_ratio=0.25;score_scale=4.0;motif_weight=0.0;motif_radius=12;score_normalization=train_quantile;raw_border_score=0.247409;border_score=1.073889",0.2401382029056549,0.23303446173667908,0.5268273949623108
test_Seq_1705,1,2,"benchmark=nucleotide_transformer_downstream_tasks;dataset=splice_sites_all;matching=kmer_balanced;matching_signature=(11, 'CCA');border_estimator=center_window_kmer_jsd;estimator=center_jsd;window=48;search_radius=24;kmer=2;top_ratio=0.25;score_scale=4.0;motif_weight=0.0;motif_radius=12;score_normalization=train_quantile;raw_border_score=0.168601;border_score=0.887578",0.24782311916351318,0.2482365369796753,0.5039403438568115
test_Seq_987,0,2,"benchmark=nucleotide_transformer_downstream_tasks;dataset=splice_sites_all;matching=kmer_balanced;matching_signature=(10, 'AAA');border_estimator=center_window_kmer_jsd;estimator=center_jsd;window=48;search_radius=24;kmer=2;top_ratio=0.25;score_scale=4.0;motif_weight=0.0;motif_radius=12;score_normalization=train_quantile;raw_border_score=0.375922;border_score=1.185711",0.19315069913864136,0.19517970085144043,0.6116696000099182
test_Seq_1720,1,2,"benchmark=nucleotide_transformer_downstream_tasks;dataset=splice_sites_all;matching=kmer_balanced;matching_signature=(8, 'TTT');border_estimator=center_window_kmer_jsd;estimator=center_jsd;window=48;search_radius=24;kmer=2;top_ratio=0.25;score_scale=4.0;motif_weight=0.0;motif_radius=12;score_normalization=train_quantile;raw_border_score=0.150023;border_score=0.847756",0.21508921682834625,0.21095772087574005,0.5739530324935913
test_Seq_2160,2,2,"benchmark=nucleotide_transformer_downstream_tasks;dataset=splice_sites_all;matching=kmer_balanced;matching_signature=(6, 'TTT');border_estimator=center_window_kmer_jsd;estimator=center_jsd;window=48;search_radius=24;kmer=2;top_ratio=0.25;score_scale=4.0;motif_weight=0.0;motif_radius=12;score_normalization=train_quantile;raw_border_score=0.157869;border_score=0.862733",0.17869944870471954,0.18060976266860962,0.640690803527832
test_Seq_2401,2,2,"benchmark=nucleotide_transformer_downstream_tasks;dataset=splice_sites_all;matching=kmer_balanced;matching_signature=(8, 'TCT');border_estimator=center_window_kmer_jsd;estimator=center_jsd;window=48;search_radius=24;kmer=2;top_ratio=0.25;score_scale=4.0;motif_weight=0.0;motif_radius=12;score_normalization=train_quantile;raw_border_score=0.284971;border_score=1.130156",0.17074686288833618,0.16112342476844788,0.6681297421455383
test_Seq_1550,1,2,"benchmark=nucleotide_transformer_downstream_tasks;dataset=splice_sites_all;matching=kmer_balanced;matching_signature=(6, 'TTT');border_estimator=center_window_kmer_jsd;estimator=center_jsd;window=48;search_radius=24;kmer=2;top_ratio=0.25;score_scale=4.0;motif_weight=0.0;motif_radius=12;score_normalization=train_quantile;raw_border_score=0.265384;border_score=1.104067",0.20530322194099426,0.20152412354946136,0.5931726694107056
test_Seq_1334,1,2,"benchmark=nucleotide_transformer_downstream_tasks;dataset=splice_sites_all;matching=kmer_balanced;matching_signature=(5, 'TTT');border_estimator=center_window_kmer_jsd;estimator=center_jsd;window=48;search_radius=24;kmer=2;top_ratio=0.25;score_scale=4.0;motif_weight=0.0;motif_radius=12;score_normalization=train_quantile;raw_border_score=0.198822;border_score=0.968156",0.22266967594623566,0.2137625515460968,0.5635678172111511
test_Seq_331,0,1,"benchmark=nucleotide_transformer_downstream_tasks;dataset=splice_sites_all;matching=kmer_balanced;matching_signature=(10, 'CAG');border_estimator=center_window_kmer_jsd;estimator=center_jsd;window=48;search_radius=24;kmer=2;top_ratio=0.25;score_scale=4.0;motif_weight=0.0;motif_radius=12;score_normalization=train_quantile;raw_border_score=0.254997;border_score=1.087400",0.3556828498840332,0.3629487454891205,0.2813683748245239
test_Seq_1950,1,2,"benchmark=nucleotide_transformer_downstream_tasks;dataset=splice_sites_all;matching=kmer_balanced;matching_signature=(8, 'TGT');border_estimator=center_window_kmer_jsd;estimator=center_jsd;window=48;search_radius=24;kmer=2;top_ratio=0.25;score_scale=4.0;motif_weight=0.0;motif_radius=12;score_normalization=train_quantile;raw_border_score=0.162388;border_score=0.872467",0.19852153956890106,0.20127296447753906,0.6002055406570435
test_Seq_20,0,2,"benchmark=nucleotide_transformer_downstream_tasks;dataset=splice_sites_all;matching=kmer_balanced;matching_signature=(10, 'TTT');border_estimator=center_window_kmer_jsd;estimator=center_jsd;window=48;search_radius=24;kmer=2;top_ratio=0.25;score_scale=4.0;motif_weight=0.0;motif_radius=12;score_normalization=train_quantile;raw_border_score=0.426100;border_score=1.192778",0.31818756461143494,0.3271360993385315,0.35467639565467834
test_Seq_2795,2,2,"benchmark=nucleotide_transformer_downstream_tasks;dataset=splice_sites_all;matching=kmer_balanced;matching_signature=(10, 'TGG');border_estimator=center_window_kmer_jsd;estimator=center_jsd;window=48;search_radius=24;kmer=2;top_ratio=0.25;score_scale=4.0;motif_weight=0.0;motif_radius=12;score_normalization=train_quantile;raw_border_score=0.187791;border_score=0.938111",0.110406793653965,0.1086079478263855,0.7809852361679077
test_Seq_2505,2,2,"benchmark=nucleotide_transformer_downstream_tasks;dataset=splice_sites_all;matching=kmer_balanced;matching_signature=(8, 'TTT');border_estimator=center_window_kmer_jsd;estimator=center_jsd;window=48;search_radius=24;kmer=2;top_ratio=0.25;score_scale=4.0;motif_weight=0.0;motif_radius=12;score_normalization=train_quantile;raw_border_score=0.179207;border_score=0.915978",0.17306318879127502,0.16620811820030212,0.6607287526130676
test_Seq_2085,2,2,"benchmark=nucleotide_transformer_downstream_tasks;dataset=splice_sites_all;matching=kmer_balanced;matching_signature=(9, 'TTT');border_estimator=center_window_kmer_jsd;estimator=center_jsd;window=48;search_radius=24;kmer=2;top_ratio=0.25;score_scale=4.0;motif_weight=0.0;motif_radius=12;score_normalization=train_quantile;raw_border_score=0.183103;border_score=0.925222",0.16720344126224518,0.1647905558347702,0.6680060029029846
test_Seq_1621,1,2,"benchmark=nucleotide_transformer_downstream_tasks;dataset=splice_sites_all;matching=kmer_balanced;matching_signature=(8, 'TTT');border_estimator=center_window_kmer_jsd;estimator=center_jsd;window=48;search_radius=24;kmer=2;top_ratio=0.25;score_scale=4.0;motif_weight=0.0;motif_radius=12;score_normalization=train_quantile;raw_border_score=0.209596;border_score=0.994289",0.23131063580513,0.2380327582359314,0.530656635761261
test_Seq_2785,2,2,"benchmark=nucleotide_transformer_downstream_tasks;dataset=splice_sites_all;matching=kmer_balanced;matching_signature=(7, 'TTT');border_estimator=center_window_kmer_jsd;estimator=center_jsd;window=48;search_radius=24;kmer=2;top_ratio=0.25;score_scale=4.0;motif_weight=0.0;motif_radius=12;score_normalization=train_quantile;raw_border_score=0.150409;border_score=0.848200",0.1524212658405304,0.1454228311777115,0.7021559476852417
test_Seq_600,0,2,"benchmark=nucleotide_transformer_downstream_tasks;dataset=splice_sites_all;matching=kmer_balanced;matching_signature=(8, 'TTT');border_estimator=center_window_kmer_jsd;estimator=center_jsd;window=48;search_radius=24;kmer=2;top_ratio=0.25;score_scale=4.0;motif_weight=0.0;motif_radius=12;score_normalization=train_quantile;raw_border_score=0.210773;border_score=0.997178",0.2535356283187866,0.2552901804447174,0.4911741316318512
test_Seq_1274,1,2,"benchmark=nucleotide_transformer_downstream_tasks;dataset=splice_sites_all;matching=kmer_balanced;matching_signature=(7, 'TTT');border_estimator=center_window_kmer_jsd;estimator=center_jsd;window=48;search_radius=24;kmer=2;top_ratio=0.25;score_scale=4.0;motif_weight=0.0;motif_radius=12;score_normalization=train_quantile;raw_border_score=0.256664;border_score=1.090022",0.2695690989494324,0.27883681654930115,0.4515940546989441
test_Seq_251,0,2,"benchmark=nucleotide_transformer_downstream_tasks;dataset=splice_sites_all;matching=kmer_balanced;matching_signature=(9, 'AAA');border_estimator=center_window_kmer_jsd;estimator=center_jsd;window=48;search_radius=24;kmer=2;top_ratio=0.25;score_scale=4.0;motif_weight=0.0;motif_radius=12;score_normalization=train_quantile;raw_border_score=0.316203;border_score=1.158422",0.19656985998153687,0.20259761810302734,0.6008325219154358
test_Seq_2565,2,2,"benchmark=nucleotide_transformer_downstream_tasks;dataset=splice_sites_all;matching=kmer_balanced;matching_signature=(8, 'AAA');border_estimator=center_window_kmer_jsd;estimator=center_jsd;window=48;search_radius=24;kmer=2;top_ratio=0.25;score_scale=4.0;motif_weight=0.0;motif_radius=12;score_normalization=train_quantile;raw_border_score=0.235526;border_score=1.050022",0.20896010100841522,0.19328215718269348,0.5977577567100525
test_Seq_2325,2,2,"benchmark=nucleotide_transformer_downstream_tasks;dataset=splice_sites_all;matching=kmer_balanced;matching_signature=(6, 'AAA');border_estimator=center_window_kmer_jsd;estimator=center_jsd;window=48;search_radius=24;kmer=2;top_ratio=0.25;score_scale=4.0;motif_weight=0.0;motif_radius=12;score_normalization=train_quantile;raw_border_score=0.250289;border_score=1.079889",0.14591798186302185,0.1509578824043274,0.7031241059303284
test_Seq_541,0,2,"benchmark=nucleotide_transformer_downstream_tasks;dataset=splice_sites_all;matching=kmer_balanced;matching_signature=(6, 'TTT');border_estimator=center_window_kmer_jsd;estimator=center_jsd;window=48;search_radius=24;kmer=2;top_ratio=0.25;score_scale=4.0;motif_weight=0.0;motif_radius=12;score_normalization=train_quantile;raw_border_score=0.223396;border_score=1.026733",0.25398948788642883,0.25855427980422974,0.4874562919139862
test_Seq_88,0,2,"benchmark=nucleotide_transformer_downstream_tasks;dataset=splice_sites_all;matching=kmer_balanced;matching_signature=(9, 'TTT');border_estimator=center_window_kmer_jsd;estimator=center_jsd;window=48;search_radius=24;kmer=2;top_ratio=0.25;score_scale=4.0;motif_weight=0.0;motif_radius=12;score_normalization=train_quantile;raw_border_score=0.350788;border_score=1.177133",0.15001308917999268,0.1458687037229538,0.7041181921958923
test_Seq_636,0,1,"benchmark=nucleotide_transformer_downstream_tasks;dataset=splice_sites_all;matching=kmer_balanced;matching_signature=(13, 'GGG');border_estimator=center_window_kmer_jsd;estimator=center_jsd;window=48;search_radius=24;kmer=2;top_ratio=0.25;score_scale=4.0;motif_weight=0.0;motif_radius=12;score_normalization=train_quantile;raw_border_score=0.309282;border_score=1.153578",0.3237415850162506,0.34507015347480774,0.33118826150894165
test_Seq_2843,2,2,"benchmark=nucleotide_transformer_downstream_tasks;dataset=splice_sites_all;matching=kmer_balanced;matching_signature=(11, 'GGG');border_estimator=center_window_kmer_jsd;estimator=center_jsd;window=48;search_radius=24;kmer=2;top_ratio=0.25;score_scale=4.0;motif_weight=0.0;motif_radius=12;score_normalization=train_quantile;raw_border_score=0.236181;border_score=1.051133",0.193144291639328,0.18523703515529633,0.6216186881065369
test_Seq_1699,1,1,"benchmark=nucleotide_transformer_downstream_tasks;dataset=splice_sites_all;matching=kmer_balanced;matching_signature=(11, 'CCC');border_estimator=center_window_kmer_jsd;estimator=center_jsd;window=48;search_radius=24;kmer=2;top_ratio=0.25;score_scale=4.0;motif_weight=0.0;motif_radius=12;score_normalization=train_quantile;raw_border_score=0.252608;border_score=1.083267",0.3453312814235687,0.3490036427974701,0.30566510558128357
test_Seq_69,0,2,"benchmark=nucleotide_transformer_downstream_tasks;dataset=splice_sites_all;matching=kmer_balanced;matching_signature=(11, 'CCC');border_estimator=center_window_kmer_jsd;estimator=center_jsd;window=48;search_radius=24;kmer=2;top_ratio=0.25;score_scale=4.0;motif_weight=0.0;motif_radius=12;score_normalization=train_quantile;raw_border_score=0.332561;border_score=1.167444",0.10495267808437347,0.09736526757478714,0.797681987285614
test_Seq_2308,2,2,"benchmark=nucleotide_transformer_downstream_tasks;dataset=splice_sites_all;matching=kmer_balanced;matching_signature=(7, 'AAA');border_estimator=center_window_kmer_jsd;estimator=center_jsd;window=48;search_radius=24;kmer=2;top_ratio=0.25;score_scale=4.0;motif_weight=0.0;motif_radius=12;score_normalization=train_quantile;raw_border_score=0.150002;border_score=0.847711",0.12018990516662598,0.11619657278060913,0.7636134624481201
test_Seq_1450,1,2,"benchmark=nucleotide_transformer_downstream_tasks;dataset=splice_sites_all;matching=kmer_balanced;matching_signature=(5, 'TTT');border_estimator=center_window_kmer_jsd;estimator=center_jsd;window=48;search_radius=24;kmer=2;top_ratio=0.25;score_scale=4.0;motif_weight=0.0;motif_radius=12;score_normalization=train_quantile;raw_border_score=0.237097;border_score=1.052867",0.265193909406662,0.26635825634002686,0.46844780445098877
test_Seq_2784,2,2,"benchmark=nucleotide_transformer_downstream_tasks;dataset=splice_sites_all;matching=kmer_balanced;matching_signature=(10, 'TCC');border_estimator=center_window_kmer_jsd;estimator=center_jsd;window=48;search_radius=24;kmer=2;top_ratio=0.25;score_scale=4.0;motif_weight=0.0;motif_radius=12;score_normalization=train_quantile;raw_border_score=0.172262;border_score=0.896911",0.213069349527359,0.20538565516471863,0.5815449953079224
test_Seq_2512,2,2,"benchmark=nucleotide_transformer_downstream_tasks;dataset=splice_sites_all;matching=kmer_balanced;matching_signature=(6, 'AAA');border_estimator=center_window_kmer_jsd;estimator=center_jsd;window=48;search_radius=24;kmer=2;top_ratio=0.25;score_scale=4.0;motif_weight=0.0;motif_radius=12;score_normalization=train_quantile;raw_border_score=0.143637;border_score=0.836689",0.3105972409248352,0.3118149936199188,0.37758779525756836
test_Seq_29,0,2,"benchmark=nucleotide_transformer_downstream_tasks;dataset=splice_sites_all;matching=kmer_balanced;matching_signature=(6, 'TTT');border_estimator=center_window_kmer_jsd;estimator=center_jsd;window=48;search_radius=24;kmer=2;top_ratio=0.25;score_scale=4.0;motif_weight=0.0;motif_radius=12;score_normalization=train_quantile;raw_border_score=0.232271;border_score=1.044289",0.3246237635612488,0.3376653492450714,0.3377109169960022
test_Seq_2059,2,2,"benchmark=nucleotide_transformer_downstream_tasks;dataset=splice_sites_all;matching=kmer_balanced;matching_signature=(11, 'CCC');border_estimator=center_window_kmer_jsd;estimator=center_jsd;window=48;search_radius=24;kmer=2;top_ratio=0.25;score_scale=4.0;motif_weight=0.0;motif_radius=12;score_normalization=train_quantile;raw_border_score=0.196293;border_score=0.960778",0.2927250564098358,0.28379586338996887,0.4234790802001953
test_Seq_2023,2,2,"benchmark=nucleotide_transformer_downstream_tasks;dataset=splice_sites_all;matching=kmer_balanced;matching_signature=(7, 'AAA');border_estimator=center_window_kmer_jsd;estimator=center_jsd;window=48;search_radius=24;kmer=2;top_ratio=0.25;score_scale=4.0;motif_weight=0.0;motif_radius=12;score_normalization=train_quantile;raw_border_score=0.166064;border_score=0.881311",0.15317775309085846,0.1538885086774826,0.6929336786270142
test_Seq_424,0,2,"benchmark=nucleotide_transformer_downstream_tasks;dataset=splice_sites_all;matching=kmer_balanced;matching_signature=(7, 'TTT');border_estimator=center_window_kmer_jsd;estimator=center_jsd;window=48;search_radius=24;kmer=2;top_ratio=0.25;score_scale=4.0;motif_weight=0.0;motif_radius=12;score_normalization=train_quantile;raw_border_score=0.312425;border_score=1.155800",0.12737011909484863,0.12618514895439148,0.7464447617530823
test_Seq_2708,2,2,"benchmark=nucleotide_transformer_downstream_tasks;dataset=splice_sites_all;matching=kmer_balanced;matching_signature=(7, 'TTT');border_estimator=center_window_kmer_jsd;estimator=center_jsd;window=48;search_radius=24;kmer=2;top_ratio=0.25;score_scale=4.0;motif_weight=0.0;motif_radius=12;score_normalization=train_quantile;raw_border_score=0.241401;border_score=1.061756",0.23670914769172668,0.22269974648952484,0.5405910611152649
test_Seq_2164,2,2,"benchmark=nucleotide_transformer_downstream_tasks;dataset=splice_sites_all;matching=kmer_balanced;matching_signature=(6, 'TTT');border_estimator=center_window_kmer_jsd;estimator=center_jsd;window=48;search_radius=24;kmer=2;top_ratio=0.25;score_scale=4.0;motif_weight=0.0;motif_radius=12;score_normalization=train_quantile;raw_border_score=0.286689;border_score=1.132378",0.17994582653045654,0.1724720448255539,0.6475821733474731
test_Seq_1284,1,2,"benchmark=nucleotide_transformer_downstream_tasks;dataset=splice_sites_all;matching=kmer_balanced;matching_signature=(8, 'AAA');border_estimator=center_window_kmer_jsd;estimator=center_jsd;window=48;search_radius=24;kmer=2;top_ratio=0.25;score_scale=4.0;motif_weight=0.0;motif_radius=12;score_normalization=train_quantile;raw_border_score=0.265579;border_score=1.104333",0.28711602091789246,0.28873518109321594,0.4241487979888916
test_Seq_1513,1,2,"benchmark=nucleotide_transformer_downstream_tasks;dataset=splice_sites_all;matching=kmer_balanced;matching_signature=(7, 'AAA');border_estimator=center_window_kmer_jsd;estimator=center_jsd;window=48;search_radius=24;kmer=2;top_ratio=0.25;score_scale=4.0;motif_weight=0.0;motif_radius=12;score_normalization=train_quantile;raw_border_score=0.162490;border_score=0.872689",0.17836177349090576,0.18670406937599182,0.6349341869354248
test_Seq_2832,2,2,"benchmark=nucleotide_transformer_downstream_tasks;dataset=splice_sites_all;matching=kmer_balanced;matching_signature=(6, 'TTT');border_estimator=center_window_kmer_jsd;estimator=center_jsd;window=48;search_radius=24;kmer=2;top_ratio=0.25;score_scale=4.0;motif_weight=0.0;motif_radius=12;score_normalization=train_quantile;raw_border_score=0.179441;border_score=0.916467",0.18063752353191376,0.1682472676038742,0.6511151790618896
test_Seq_86,0,2,"benchmark=nucleotide_transformer_downstream_tasks;dataset=splice_sites_all;matching=kmer_balanced;matching_signature=(6, 'AAA');border_estimator=center_window_kmer_jsd;estimator=center_jsd;window=48;search_radius=24;kmer=2;top_ratio=0.25;score_scale=4.0;motif_weight=0.0;motif_radius=12;score_normalization=train_quantile;raw_border_score=0.355596;border_score=1.179044",0.2987334430217743,0.31025439500808716,0.39101219177246094
test_Seq_593,0,2,"benchmark=nucleotide_transformer_downstream_tasks;dataset=splice_sites_all;matching=kmer_balanced;matching_signature=(7, 'AAA');border_estimator=center_window_kmer_jsd;estimator=center_jsd;window=48;search_radius=24;kmer=2;top_ratio=0.25;score_scale=4.0;motif_weight=0.0;motif_radius=12;score_normalization=train_quantile;raw_border_score=0.155858;border_score=0.859044",0.2302570641040802,0.2291087657213211,0.5406341552734375
test_Seq_2986,2,2,"benchmark=nucleotide_transformer_downstream_tasks;dataset=splice_sites_all;matching=kmer_balanced;matching_signature=(6, 'TTT');border_estimator=center_window_kmer_jsd;estimator=center_jsd;window=48;search_radius=24;kmer=2;top_ratio=0.25;score_scale=4.0;motif_weight=0.0;motif_radius=12;score_normalization=train_quantile;raw_border_score=0.281332;border_score=1.125533",0.18433041870594025,0.17393334209918976,0.6417362689971924
test_Seq_2597,2,2,"benchmark=nucleotide_transformer_downstream_tasks;dataset=splice_sites_all;matching=kmer_balanced;matching_signature=(8, 'TTT');border_estimator=center_window_kmer_jsd;estimator=center_jsd;window=48;search_radius=24;kmer=2;top_ratio=0.25;score_scale=4.0;motif_weight=0.0;motif_radius=12;score_normalization=train_quantile;raw_border_score=0.342364;border_score=1.173133",0.1342674344778061,0.13279268145561218,0.7329398989677429
test_Seq_2929,2,2,"benchmark=nucleotide_transformer_downstream_tasks;dataset=splice_sites_all;matching=kmer_balanced;matching_signature=(10, 'CCC');border_estimator=center_window_kmer_jsd;estimator=center_jsd;window=48;search_radius=24;kmer=2;top_ratio=0.25;score_scale=4.0;motif_weight=0.0;motif_radius=12;score_normalization=train_quantile;raw_border_score=0.344838;border_score=1.174689",0.26445746421813965,0.26871415972709656,0.4668283760547638
test_Seq_1530,1,2,"benchmark=nucleotide_transformer_downstream_tasks;dataset=splice_sites_all;matching=kmer_balanced;matching_signature=(11, 'CCC');border_estimator=center_window_kmer_jsd;estimator=center_jsd;window=48;search_radius=24;kmer=2;top_ratio=0.25;score_scale=4.0;motif_weight=0.0;motif_radius=12;score_normalization=train_quantile;raw_border_score=0.269279;border_score=1.109044",0.17194224894046783,0.17067977786064148,0.6573779582977295
test_Seq_869,0,2,"benchmark=nucleotide_transformer_downstream_tasks;dataset=splice_sites_all;matching=kmer_balanced;matching_signature=(9, 'TGT');border_estimator=center_window_kmer_jsd;estimator=center_jsd;window=48;search_radius=24;kmer=2;top_ratio=0.25;score_scale=4.0;motif_weight=0.0;motif_radius=12;score_normalization=train_quantile;raw_border_score=0.285245;border_score=1.130556",0.1570175588130951,0.15270747244358063,0.6902749538421631
test_Seq_715,0,2,"benchmark=nucleotide_transformer_downstream_tasks;dataset=splice_sites_all;matching=kmer_balanced;matching_signature=(10, 'CTG');border_estimator=center_window_kmer_jsd;estimator=center_jsd;window=48;search_radius=24;kmer=2;top_ratio=0.25;score_scale=4.0;motif_weight=0.0;motif_radius=12;score_normalization=train_quantile;raw_border_score=0.152188;border_score=0.851222",0.2321081906557083,0.22375360131263733,0.5441381931304932
test_Seq_423,0,2,"benchmark=nucleotide_transformer_downstream_tasks;dataset=splice_sites_all;matching=kmer_balanced;matching_signature=(8, 'TTT');border_estimator=center_window_kmer_jsd;estimator=center_jsd;window=48;search_radius=24;kmer=2;top_ratio=0.25;score_scale=4.0;motif_weight=0.0;motif_radius=12;score_normalization=train_quantile;raw_border_score=0.102314;border_score=0.803356",0.1897629201412201,0.19699500501155853,0.6132420897483826
test_Seq_719,0,2,"benchmark=nucleotide_transformer_downstream_tasks;dataset=splice_sites_all;matching=kmer_balanced;matching_signature=(6, 'TTT');border_estimator=center_window_kmer_jsd;estimator=center_jsd;window=48;search_radius=24;kmer=2;top_ratio=0.25;score_scale=4.0;motif_weight=0.0;motif_radius=12;score_normalization=train_quantile;raw_border_score=0.428103;border_score=1.192956",0.30384960770606995,0.3179772198200226,0.37817317247390747
test_Seq_2125,2,2,"benchmark=nucleotide_transformer_downstream_tasks;dataset=splice_sites_all;matching=kmer_balanced;matching_signature=(13, 'CTG');border_estimator=center_window_kmer_jsd;estimator=center_jsd;window=48;search_radius=24;kmer=2;top_ratio=0.25;score_scale=4.0;motif_weight=0.0;motif_radius=12;score_normalization=train_quantile;raw_border_score=0.205251;border_score=0.984867",0.30744150280952454,0.31973373889923096,0.37282469868659973
test_Seq_1694,1,2,"benchmark=nucleotide_transformer_downstream_tasks;dataset=splice_sites_all;matching=kmer_balanced;matching_signature=(7, 'TTT');border_estimator=center_window_kmer_jsd;estimator=center_jsd;window=48;search_radius=24;kmer=2;top_ratio=0.25;score_scale=4.0;motif_weight=0.0;motif_radius=12;score_normalization=train_quantile;raw_border_score=0.155179;border_score=0.857889",0.1814800649881363,0.1804070919752121,0.6381128430366516
test_Seq_2874,2,2,"benchmark=nucleotide_transformer_downstream_tasks;dataset=splice_sites_all;matching=kmer_balanced;matching_signature=(12, 'CAG');border_estimator=center_window_kmer_jsd;estimator=center_jsd;window=48;search_radius=24;kmer=2;top_ratio=0.25;score_scale=4.0;motif_weight=0.0;motif_radius=12;score_normalization=train_quantile;raw_border_score=0.162487;border_score=0.872689",0.22423644363880157,0.21611449122428894,0.5596490502357483
test_Seq_1101,1,2,"benchmark=nucleotide_transformer_downstream_tasks;dataset=splice_sites_all;matching=kmer_balanced;matching_signature=(9, 'GAG');border_estimator=center_window_kmer_jsd;estimator=center_jsd;window=48;search_radius=24;kmer=2;top_ratio=0.25;score_scale=4.0;motif_weight=0.0;motif_radius=12;score_normalization=train_quantile;raw_border_score=0.112542;border_score=0.806911",0.2821584641933441,0.30053046345710754,0.41731107234954834
test_Seq_611,0,2,"benchmark=nucleotide_transformer_downstream_tasks;dataset=splice_sites_all;matching=kmer_balanced;matching_signature=(10, 'CAG');border_estimator=center_window_kmer_jsd;estimator=center_jsd;window=48;search_radius=24;kmer=2;top_ratio=0.25;score_scale=4.0;motif_weight=0.0;motif_radius=12;score_normalization=train_quantile;raw_border_score=0.263290;border_score=1.101356",0.13367146253585815,0.12841452658176422,0.737913966178894
test_Seq_2083,2,2,"benchmark=nucleotide_transformer_downstream_tasks;dataset=splice_sites_all;matching=kmer_balanced;matching_signature=(8, 'TTT');border_estimator=center_window_kmer_jsd;estimator=center_jsd;window=48;search_radius=24;kmer=2;top_ratio=0.25;score_scale=4.0;motif_weight=0.0;motif_radius=12;score_normalization=train_quantile;raw_border_score=0.206601;border_score=0.987533",0.15290772914886475,0.14403514564037323,0.7030571699142456
test_Seq_1658,1,2,"benchmark=nucleotide_transformer_downstream_tasks;dataset=splice_sites_all;matching=kmer_balanced;matching_signature=(6, 'AAA');border_estimator=center_window_kmer_jsd;estimator=center_jsd;window=48;search_radius=24;kmer=2;top_ratio=0.25;score_scale=4.0;motif_weight=0.0;motif_radius=12;score_normalization=train_quantile;raw_border_score=0.155773;border_score=0.858911",0.22454972565174103,0.22055214643478394,0.5548981428146362
test_Seq_2941,2,2,"benchmark=nucleotide_transformer_downstream_tasks;dataset=splice_sites_all;matching=kmer_balanced;matching_signature=(6, 'TTT');border_estimator=center_window_kmer_jsd;estimator=center_jsd;window=48;search_radius=24;kmer=2;top_ratio=0.25;score_scale=4.0;motif_weight=0.0;motif_radius=12;score_normalization=train_quantile;raw_border_score=0.155135;border_score=0.857756",0.21515102684497833,0.20602543652057648,0.5788235068321228
test_Seq_2191,2,2,"benchmark=nucleotide_transformer_downstream_tasks;dataset=splice_sites_all;matching=kmer_balanced;matching_signature=(8, 'AAA');border_estimator=center_window_kmer_jsd;estimator=center_jsd;window=48;search_radius=24;kmer=2;top_ratio=0.25;score_scale=4.0;motif_weight=0.0;motif_radius=12;score_normalization=train_quantile;raw_border_score=0.175136;border_score=0.905267",0.25366032123565674,0.25459855794906616,0.4917410612106323
test_Seq_545,0,2,"benchmark=nucleotide_transformer_downstream_tasks;dataset=splice_sites_all;matching=kmer_balanced;matching_signature=(11, 'CAG');border_estimator=center_window_kmer_jsd;estimator=center_jsd;window=48;search_radius=24;kmer=2;top_ratio=0.25;score_scale=4.0;motif_weight=0.0;motif_radius=12;score_normalization=train_quantile;raw_border_score=0.251289;border_score=1.081444",0.1496303230524063,0.14220455288887024,0.7081651091575623
test_Seq_2865,2,2,"benchmark=nucleotide_transformer_downstream_tasks;dataset=splice_sites_all;matching=kmer_balanced;matching_signature=(12, 'GCC');border_estimator=center_window_kmer_jsd;estimator=center_jsd;window=48;search_radius=24;kmer=2;top_ratio=0.25;score_scale=4.0;motif_weight=0.0;motif_radius=12;score_normalization=train_quantile;raw_border_score=0.201098;border_score=0.973667",0.09363048523664474,0.08926636725664139,0.8171031475067139
test_Seq_1824,1,2,"benchmark=nucleotide_transformer_downstream_tasks;dataset=splice_sites_all;matching=kmer_balanced;matching_signature=(10, 'CAG');border_estimator=center_window_kmer_jsd;estimator=center_jsd;window=48;search_radius=24;kmer=2;top_ratio=0.25;score_scale=4.0;motif_weight=0.0;motif_radius=12;score_normalization=train_quantile;raw_border_score=0.325234;border_score=1.163844",0.3097938001155853,0.31809136271476746,0.37211480736732483
test_Seq_2663,2,2,"benchmark=nucleotide_transformer_downstream_tasks;dataset=splice_sites_all;matching=kmer_balanced;matching_signature=(12, 'GGG');border_estimator=center_window_kmer_jsd;estimator=center_jsd;window=48;search_radius=24;kmer=2;top_ratio=0.25;score_scale=4.0;motif_weight=0.0;motif_radius=12;score_normalization=train_quantile;raw_border_score=0.119227;border_score=0.810378",0.3184811472892761,0.3308907449245453,0.3506280779838562
test_Seq_1082,1,2,"benchmark=nucleotide_transformer_downstream_tasks;dataset=splice_sites_all;matching=kmer_balanced;matching_signature=(8, 'AAA');border_estimator=center_window_kmer_jsd;estimator=center_jsd;window=48;search_radius=24;kmer=2;top_ratio=0.25;score_scale=4.0;motif_weight=0.0;motif_radius=12;score_normalization=train_quantile;raw_border_score=0.192944;border_score=0.951933",0.23188422620296478,0.22212453186511993,0.5459912419319153
test_Seq_1060,1,2,"benchmark=nucleotide_transformer_downstream_tasks;dataset=splice_sites_all;matching=kmer_balanced;matching_signature=(12, 'GGG');border_estimator=center_window_kmer_jsd;estimator=center_jsd;window=48;search_radius=24;kmer=2;top_ratio=0.25;score_scale=4.0;motif_weight=0.0;motif_radius=12;score_normalization=train_quantile;raw_border_score=0.259841;border_score=1.095311",0.28041747212409973,0.30125629901885986,0.418326199054718
test_Seq_1498,1,2,"benchmark=nucleotide_transformer_downstream_tasks;dataset=splice_sites_all;matching=kmer_balanced;matching_signature=(6, 'TTT');border_estimator=center_window_kmer_jsd;estimator=center_jsd;window=48;search_radius=24;kmer=2;top_ratio=0.25;score_scale=4.0;motif_weight=0.0;motif_radius=12;score_normalization=train_quantile;raw_border_score=0.275523;border_score=1.117889",0.1842692494392395,0.17952537536621094,0.6362053751945496
test_Seq_934,0,2,"benchmark=nucleotide_transformer_downstream_tasks;dataset=splice_sites_all;matching=kmer_balanced;matching_signature=(6, 'TTT');border_estimator=center_window_kmer_jsd;estimator=center_jsd;window=48;search_radius=24;kmer=2;top_ratio=0.25;score_scale=4.0;motif_weight=0.0;motif_radius=12;score_normalization=train_quantile;raw_border_score=0.180040;border_score=0.917844",0.18236324191093445,0.1789454072713852,0.6386913657188416
test_Seq_504,0,2,"benchmark=nucleotide_transformer_downstream_tasks;dataset=splice_sites_all;matching=kmer_balanced;matching_signature=(6, 'AAA');border_estimator=center_window_kmer_jsd;estimator=center_jsd;window=48;search_radius=24;kmer=2;top_ratio=0.25;score_scale=4.0;motif_weight=0.0;motif_radius=12;score_normalization=train_quantile;raw_border_score=0.144428;border_score=0.837978",0.2237553745508194,0.21764501929283142,0.5585995316505432
test_Seq_1384,1,1,"benchmark=nucleotide_transformer_downstream_tasks;dataset=splice_sites_all;matching=kmer_balanced;matching_signature=(11, 'CAG');border_estimator=center_window_kmer_jsd;estimator=center_jsd;window=48;search_radius=24;kmer=2;top_ratio=0.25;score_scale=4.0;motif_weight=0.0;motif_radius=12;score_normalization=train_quantile;raw_border_score=0.243121;border_score=1.065800",0.3593321144580841,0.3997371792793274,0.2409307062625885
test_Seq_2971,2,2,"benchmark=nucleotide_transformer_downstream_tasks;dataset=splice_sites_all;matching=kmer_balanced;matching_signature=(8, 'TTT');border_estimator=center_window_kmer_jsd;estimator=center_jsd;window=48;search_radius=24;kmer=2;top_ratio=0.25;score_scale=4.0;motif_weight=0.0;motif_radius=12;score_normalization=train_quantile;raw_border_score=0.296390;border_score=1.142378",0.2080441266298294,0.21506211161613464,0.5768937468528748
test_Seq_1649,1,1,"benchmark=nucleotide_transformer_downstream_tasks;dataset=splice_sites_all;matching=kmer_balanced;matching_signature=(10, 'CTG');border_estimator=center_window_kmer_jsd;estimator=center_jsd;window=48;search_radius=24;kmer=2;top_ratio=0.25;score_scale=4.0;motif_weight=0.0;motif_radius=12;score_normalization=train_quantile;raw_border_score=0.154943;border_score=0.857444",0.35585206747055054,0.3596517741680145,0.28449612855911255
test_Seq_1389,1,2,"benchmark=nucleotide_transformer_downstream_tasks;dataset=splice_sites_all;matching=kmer_balanced;matching_signature=(7, 'TTT');border_estimator=center_window_kmer_jsd;estimator=center_jsd;window=48;search_radius=24;kmer=2;top_ratio=0.25;score_scale=4.0;motif_weight=0.0;motif_radius=12;score_normalization=train_quantile;raw_border_score=0.169001;border_score=0.888600",0.20792728662490845,0.20151911675930023,0.5905536413192749
test_Seq_859,0,2,"benchmark=nucleotide_transformer_downstream_tasks;dataset=splice_sites_all;matching=kmer_balanced;matching_signature=(10, 'GGG');border_estimator=center_window_kmer_jsd;estimator=center_jsd;window=48;search_radius=24;kmer=2;top_ratio=0.25;score_scale=4.0;motif_weight=0.0;motif_radius=12;score_normalization=train_quantile;raw_border_score=0.247465;border_score=1.073889",0.3071902394294739,0.3116817772388458,0.3811279833316803
test_Seq_2629,2,2,"benchmark=nucleotide_transformer_downstream_tasks;dataset=splice_sites_all;matching=kmer_balanced;matching_signature=(8, 'TTT');border_estimator=center_window_kmer_jsd;estimator=center_jsd;window=48;search_radius=24;kmer=2;top_ratio=0.25;score_scale=4.0;motif_weight=0.0;motif_radius=12;score_normalization=train_quantile;raw_border_score=0.300120;border_score=1.146289",0.06253822147846222,0.056620195508003235,0.8808415532112122
test_Seq_991,0,2,"benchmark=nucleotide_transformer_downstream_tasks;dataset=splice_sites_all;matching=kmer_balanced;matching_signature=(8, 'TTT');border_estimator=center_window_kmer_jsd;estimator=center_jsd;window=48;search_radius=24;kmer=2;top_ratio=0.25;score_scale=4.0;motif_weight=0.0;motif_radius=12;score_normalization=train_quantile;raw_border_score=0.122055;border_score=0.812067",0.21330471336841583,0.21511408686637878,0.571581244468689
test_Seq_733,0,2,"benchmark=nucleotide_transformer_downstream_tasks;dataset=splice_sites_all;matching=kmer_balanced;matching_signature=(9, 'TGG');border_estimator=center_window_kmer_jsd;estimator=center_jsd;window=48;search_radius=24;kmer=2;top_ratio=0.25;score_scale=4.0;motif_weight=0.0;motif_radius=12;score_normalization=train_quantile;raw_border_score=0.211048;border_score=0.997889",0.2839053273200989,0.293194055557251,0.42290064692497253
test_Seq_1543,1,2,"benchmark=nucleotide_transformer_downstream_tasks;dataset=splice_sites_all;matching=kmer_balanced;matching_signature=(10, 'CCC');border_estimator=center_window_kmer_jsd;estimator=center_jsd;window=48;search_radius=24;kmer=2;top_ratio=0.25;score_scale=4.0;motif_weight=0.0;motif_radius=12;score_normalization=train_quantile;raw_border_score=0.154128;border_score=0.855622",0.17500051856040955,0.16472004354000092,0.660279393196106
test_Seq_897,0,2,"benchmark=nucleotide_transformer_downstream_tasks;dataset=splice_sites_all;matching=kmer_balanced;matching_signature=(11, 'GGG');border_estimator=center_window_kmer_jsd;estimator=center_jsd;window=48;search_radius=24;kmer=2;top_ratio=0.25;score_scale=4.0;motif_weight=0.0;motif_radius=12;score_normalization=train_quantile;raw_border_score=0.255790;border_score=1.088867",0.17908890545368195,0.1704438179731369,0.6504673361778259
test_Seq_2519,2,2,"benchmark=nucleotide_transformer_downstream_tasks;dataset=splice_sites_all;matching=kmer_balanced;matching_signature=(10, 'CCC');border_estimator=center_window_kmer_jsd;estimator=center_jsd;window=48;search_radius=24;kmer=2;top_ratio=0.25;score_scale=4.0;motif_weight=0.0;motif_radius=12;score_normalization=train_quantile;raw_border_score=0.225431;border_score=1.030956",0.23802557587623596,0.22481763362884521,0.5371567606925964
test_Seq_2395,2,2,"benchmark=nucleotide_transformer_downstream_tasks;dataset=splice_sites_all;matching=kmer_balanced;matching_signature=(8, 'AAA');border_estimator=center_window_kmer_jsd;estimator=center_jsd;window=48;search_radius=24;kmer=2;top_ratio=0.25;score_scale=4.0;motif_weight=0.0;motif_radius=12;score_normalization=train_quantile;raw_border_score=0.355058;border_score=1.178689",0.12541033327579498,0.12496030330657959,0.7496294379234314
test_Seq_1138,1,2,"benchmark=nucleotide_transformer_downstream_tasks;dataset=splice_sites_all;matching=kmer_balanced;matching_signature=(11, 'CCC');border_estimator=center_window_kmer_jsd;estimator=center_jsd;window=48;search_radius=24;kmer=2;top_ratio=0.25;score_scale=4.0;motif_weight=0.0;motif_radius=12;score_normalization=train_quantile;raw_border_score=0.229012;border_score=1.038200",0.3264524042606354,0.321191668510437,0.3523559868335724
test_Seq_2003,2,2,"benchmark=nucleotide_transformer_downstream_tasks;dataset=splice_sites_all;matching=kmer_balanced;matching_signature=(12, 'CTG');border_estimator=center_window_kmer_jsd;estimator=center_jsd;window=48;search_radius=24;kmer=2;top_ratio=0.25;score_scale=4.0;motif_weight=0.0;motif_radius=12;score_normalization=train_quantile;raw_border_score=0.131192;border_score=0.820733",0.13994237780570984,0.1323661059141159,0.7276915907859802
test_Seq_860,0,2,"benchmark=nucleotide_transformer_downstream_tasks;dataset=splice_sites_all;matching=kmer_balanced;matching_signature=(12, 'CTG');border_estimator=center_window_kmer_jsd;estimator=center_jsd;window=48;search_radius=24;kmer=2;top_ratio=0.25;score_scale=4.0;motif_weight=0.0;motif_radius=12;score_normalization=train_quantile;raw_border_score=0.146903;border_score=0.842200",0.32047784328460693,0.3322260081768036,0.34729617834091187
test_Seq_2433,2,2,"benchmark=nucleotide_transformer_downstream_tasks;dataset=splice_sites_all;matching=kmer_balanced;matching_signature=(6, 'TTT');border_estimator=center_window_kmer_jsd;estimator=center_jsd;window=48;search_radius=24;kmer=2;top_ratio=0.25;score_scale=4.0;motif_weight=0.0;motif_radius=12;score_normalization=train_quantile;raw_border_score=0.134818;border_score=0.824956",0.1761341094970703,0.175273135304451,0.6485927700996399
test_Seq_1704,1,2,"benchmark=nucleotide_transformer_downstream_tasks;dataset=splice_sites_all;matching=kmer_balanced;matching_signature=(13, 'CCC');border_estimator=center_window_kmer_jsd;estimator=center_jsd;window=48;search_radius=24;kmer=2;top_ratio=0.25;score_scale=4.0;motif_weight=0.0;motif_radius=12;score_normalization=train_quantile;raw_border_score=0.293604;border_score=1.139756",0.3243466913700104,0.329916775226593,0.3457365930080414
test_Seq_174,0,2,"benchmark=nucleotide_transformer_downstream_tasks;dataset=splice_sites_all;matching=kmer_balanced;matching_signature=(6, 'AAA');border_estimator=center_window_kmer_jsd;estimator=center_jsd;window=48;search_radius=24;kmer=2;top_ratio=0.25;score_scale=4.0;motif_weight=0.0;motif_radius=12;score_normalization=train_quantile;raw_border_score=0.283212;border_score=1.128111",0.2857816815376282,0.28214120864868164,0.4320771098136902
test_Seq_1726,1,2,"benchmark=nucleotide_transformer_downstream_tasks;dataset=splice_sites_all;matching=kmer_balanced;matching_signature=(7, 'TTT');border_estimator=center_window_kmer_jsd;estimator=center_jsd;window=48;search_radius=24;kmer=2;top_ratio=0.25;score_scale=4.0;motif_weight=0.0;motif_radius=12;score_normalization=train_quantile;raw_border_score=0.242624;border_score=1.065000",0.2558009922504425,0.25373128056526184,0.49046772718429565
test_Seq_1787,1,2,"benchmark=nucleotide_transformer_downstream_tasks;dataset=splice_sites_all;matching=kmer_balanced;matching_signature=(8, 'TTT');border_estimator=center_window_kmer_jsd;estimator=center_jsd;window=48;search_radius=24;kmer=2;top_ratio=0.25;score_scale=4.0;motif_weight=0.0;motif_radius=12;score_normalization=train_quantile;raw_border_score=0.210671;border_score=0.996867",0.10474372655153275,0.10250894725322723,0.7927473187446594
test_Seq_620,0,2,"benchmark=nucleotide_transformer_downstream_tasks;dataset=splice_sites_all;matching=kmer_balanced;matching_signature=(11, 'CTG');border_estimator=center_window_kmer_jsd;estimator=center_jsd;window=48;search_radius=24;kmer=2;top_ratio=0.25;score_scale=4.0;motif_weight=0.0;motif_radius=12;score_normalization=train_quantile;raw_border_score=0.148213;border_score=0.844378",0.19529083371162415,0.18583932518959045,0.6188698410987854
test_Seq_2282,2,2,"benchmark=nucleotide_transformer_downstream_tasks;dataset=splice_sites_all;matching=kmer_balanced;matching_signature=(7, 'AAA');border_estimator=center_window_kmer_jsd;estimator=center_jsd;window=48;search_radius=24;kmer=2;top_ratio=0.25;score_scale=4.0;motif_weight=0.0;motif_radius=12;score_normalization=train_quantile;raw_border_score=0.145971;border_score=0.840378",0.18242153525352478,0.18370628356933594,0.6338722109794617
test_Seq_581,0,1,"benchmark=nucleotide_transformer_downstream_tasks;dataset=splice_sites_all;matching=kmer_balanced;matching_signature=(11, 'CTG');border_estimator=center_window_kmer_jsd;estimator=center_jsd;window=48;search_radius=24;kmer=2;top_ratio=0.25;score_scale=4.0;motif_weight=0.0;motif_radius=12;score_normalization=train_quantile;raw_border_score=0.264958;border_score=1.103489",0.33888837695121765,0.3551987409591675,0.30591291189193726
test_Seq_2307,2,2,"benchmark=nucleotide_transformer_downstream_tasks;dataset=splice_sites_all;matching=kmer_balanced;matching_signature=(8, 'ATT');border_estimator=center_window_kmer_jsd;estimator=center_jsd;window=48;search_radius=24;kmer=2;top_ratio=0.25;score_scale=4.0;motif_weight=0.0;motif_radius=12;score_normalization=train_quantile;raw_border_score=0.207018;border_score=0.988289",0.16901694238185883,0.16593727469444275,0.6650457978248596
test_Seq_2671,2,2,"benchmark=nucleotide_transformer_downstream_tasks;dataset=splice_sites_all;matching=kmer_balanced;matching_signature=(5, 'TTT');border_estimator=center_window_kmer_jsd;estimator=center_jsd;window=48;search_radius=24;kmer=2;top_ratio=0.25;score_scale=4.0;motif_weight=0.0;motif_radius=12;score_normalization=train_quantile;raw_border_score=0.278328;border_score=1.121889",0.276780366897583,0.2740011513233185,0.4492184817790985
test_Seq_1988,1,2,"benchmark=nucleotide_transformer_downstream_tasks;dataset=splice_sites_all;matching=kmer_balanced;matching_signature=(6, 'AAA');border_estimator=center_window_kmer_jsd;estimator=center_jsd;window=48;search_radius=24;kmer=2;top_ratio=0.25;score_scale=4.0;motif_weight=0.0;motif_radius=12;score_normalization=train_quantile;raw_border_score=0.254505;border_score=1.086556",0.23518799245357513,0.23537224531173706,0.5294397473335266
test_Seq_1503,1,2,"benchmark=nucleotide_transformer_downstream_tasks;dataset=splice_sites_all;matching=kmer_balanced;matching_signature=(8, 'AAA');border_estimator=center_window_kmer_jsd;estimator=center_jsd;window=48;search_radius=24;kmer=2;top_ratio=0.25;score_scale=4.0;motif_weight=0.0;motif_radius=12;score_normalization=train_quantile;raw_border_score=0.173055;border_score=0.899400",0.3037961423397064,0.2972249984741211,0.3989788591861725
test_Seq_1063,1,2,"benchmark=nucleotide_transformer_downstream_tasks;dataset=splice_sites_all;matching=kmer_balanced;matching_signature=(9, 'TCT');border_estimator=center_window_kmer_jsd;estimator=center_jsd;window=48;search_radius=24;kmer=2;top_ratio=0.25;score_scale=4.0;motif_weight=0.0;motif_radius=12;score_normalization=train_quantile;raw_border_score=0.309277;border_score=1.153578",0.2558511793613434,0.26266759634017944,0.48148125410079956
test_Seq_291,0,2,"benchmark=nucleotide_transformer_downstream_tasks;dataset=splice_sites_all;matching=kmer_balanced;matching_signature=(5, 'TTT');border_estimator=center_window_kmer_jsd;estimator=center_jsd;window=48;search_radius=24;kmer=2;top_ratio=0.25;score_scale=4.0;motif_weight=0.0;motif_radius=12;score_normalization=train_quantile;raw_border_score=0.354279;border_score=1.178200",0.27190789580345154,0.2617996037006378,0.46629253029823303
test_Seq_107,0,2,"benchmark=nucleotide_transformer_downstream_tasks;dataset=splice_sites_all;matching=kmer_balanced;matching_signature=(10, 'AGG');border_estimator=center_window_kmer_jsd;estimator=center_jsd;window=48;search_radius=24;kmer=2;top_ratio=0.25;score_scale=4.0;motif_weight=0.0;motif_radius=12;score_normalization=train_quantile;raw_border_score=0.179469;border_score=0.916467",0.15719468891620636,0.1551361382007599,0.6876691579818726
test_Seq_1362,1,2,"benchmark=nucleotide_transformer_downstream_tasks;dataset=splice_sites_all;matching=kmer_balanced;matching_signature=(12, 'GCC');border_estimator=center_window_kmer_jsd;estimator=center_jsd;window=48;search_radius=24;kmer=2;top_ratio=0.25;score_scale=4.0;motif_weight=0.0;motif_radius=12;score_normalization=train_quantile;raw_border_score=0.151953;border_score=0.850822",0.18511494994163513,0.1755785346031189,0.6393065452575684
test_Seq_2984,2,2,"benchmark=nucleotide_transformer_downstream_tasks;dataset=splice_sites_all;matching=kmer_balanced;matching_signature=(8, 'TTT');border_estimator=center_window_kmer_jsd;estimator=center_jsd;window=48;search_radius=24;kmer=2;top_ratio=0.25;score_scale=4.0;motif_weight=0.0;motif_radius=12;score_normalization=train_quantile;raw_border_score=0.196720;border_score=0.962111",0.2060839831829071,0.21261879801750183,0.5812972187995911
test_Seq_482,0,2,"benchmark=nucleotide_transformer_downstream_tasks;dataset=splice_sites_all;matching=kmer_balanced;matching_signature=(9, 'AAA');border_estimator=center_window_kmer_jsd;estimator=center_jsd;window=48;search_radius=24;kmer=2;top_ratio=0.25;score_scale=4.0;motif_weight=0.0;motif_radius=12;score_normalization=train_quantile;raw_border_score=0.556978;border_score=1.199356",0.2390771359205246,0.2495843768119812,0.511338472366333
test_Seq_2744,2,2,"benchmark=nucleotide_transformer_downstream_tasks;dataset=splice_sites_all;matching=kmer_balanced;matching_signature=(10, 'CCT');border_estimator=center_window_kmer_jsd;estimator=center_jsd;window=48;search_radius=24;kmer=2;top_ratio=0.25;score_scale=4.0;motif_weight=0.0;motif_radius=12;score_normalization=train_quantile;raw_border_score=0.276474;border_score=1.119222",0.32211941480636597,0.3293548822402954,0.34852564334869385
test_Seq_1424,1,2,"benchmark=nucleotide_transformer_downstream_tasks;dataset=splice_sites_all;matching=kmer_balanced;matching_signature=(10, 'TTT');border_estimator=center_window_kmer_jsd;estimator=center_jsd;window=48;search_radius=24;kmer=2;top_ratio=0.25;score_scale=4.0;motif_weight=0.0;motif_radius=12;score_normalization=train_quantile;raw_border_score=0.167979;border_score=0.886644",0.20172607898712158,0.20119009912014008,0.5970838069915771
test_Seq_2324,2,2,"benchmark=nucleotide_transformer_downstream_tasks;dataset=splice_sites_all;matching=kmer_balanced;matching_signature=(10, 'AGG');border_estimator=center_window_kmer_jsd;estimator=center_jsd;window=48;search_radius=24;kmer=2;top_ratio=0.25;score_scale=4.0;motif_weight=0.0;motif_radius=12;score_normalization=train_quantile;raw_border_score=0.171971;border_score=0.896289",0.18045543134212494,0.1730264276266098,0.6465181708335876
test_Seq_2919,2,2,"benchmark=nucleotide_transformer_downstream_tasks;dataset=splice_sites_all;matching=kmer_balanced;matching_signature=(8, 'AAA');border_estimator=center_window_kmer_jsd;estimator=center_jsd;window=48;search_radius=24;kmer=2;top_ratio=0.25;score_scale=4.0;motif_weight=0.0;motif_radius=12;score_normalization=train_quantile;raw_border_score=0.166571;border_score=0.882867",0.22915130853652954,0.23258568346500397,0.5382629632949829
test_Seq_222,0,2,"benchmark=nucleotide_transformer_downstream_tasks;dataset=splice_sites_all;matching=kmer_balanced;matching_signature=(7, 'TTT');border_estimator=center_window_kmer_jsd;estimator=center_jsd;window=48;search_radius=24;kmer=2;top_ratio=0.25;score_scale=4.0;motif_weight=0.0;motif_radius=12;score_normalization=train_quantile;raw_border_score=0.311792;border_score=1.155400",0.24033290147781372,0.22529573738574982,0.5343713760375977
test_Seq_538,0,2,"benchmark=nucleotide_transformer_downstream_tasks;dataset=splice_sites_all;matching=kmer_balanced;matching_signature=(7, 'TTT');border_estimator=center_window_kmer_jsd;estimator=center_jsd;window=48;search_radius=24;kmer=2;top_ratio=0.25;score_scale=4.0;motif_weight=0.0;motif_radius=12;score_normalization=train_quantile;raw_border_score=0.227841;border_score=1.035756",0.10073544830083847,0.10697609186172485,0.7922884225845337
test_Seq_1859,1,2,"benchmark=nucleotide_transformer_downstream_tasks;dataset=splice_sites_all;matching=kmer_balanced;matching_signature=(8, 'TTT');border_estimator=center_window_kmer_jsd;estimator=center_jsd;window=48;search_radius=24;kmer=2;top_ratio=0.25;score_scale=4.0;motif_weight=0.0;motif_radius=12;score_normalization=train_quantile;raw_border_score=0.172662;border_score=0.897844",0.1966545134782791,0.19421173632144928,0.6091337203979492
test_Seq_1622,1,2,"benchmark=nucleotide_transformer_downstream_tasks;dataset=splice_sites_all;matching=kmer_balanced;matching_signature=(11, 'CTC');border_estimator=center_window_kmer_jsd;estimator=center_jsd;window=48;search_radius=24;kmer=2;top_ratio=0.25;score_scale=4.0;motif_weight=0.0;motif_radius=12;score_normalization=train_quantile;raw_border_score=0.242078;border_score=1.063489",0.2987561523914337,0.2934674024581909,0.40777647495269775
test_Seq_2329,2,2,"benchmark=nucleotide_transformer_downstream_tasks;dataset=splice_sites_all;matching=kmer_balanced;matching_signature=(6, 'AAA');border_estimator=center_window_kmer_jsd;estimator=center_jsd;window=48;search_radius=24;kmer=2;top_ratio=0.25;score_scale=4.0;motif_weight=0.0;motif_radius=12;score_normalization=train_quantile;raw_border_score=0.116989;border_score=0.809267",0.13165190815925598,0.1348734349012375,0.733474612236023
test_Seq_102,0,2,"benchmark=nucleotide_transformer_downstream_tasks;dataset=splice_sites_all;matching=kmer_balanced;matching_signature=(7, 'TTT');border_estimator=center_window_kmer_jsd;estimator=center_jsd;window=48;search_radius=24;kmer=2;top_ratio=0.25;score_scale=4.0;motif_weight=0.0;motif_radius=12;score_normalization=train_quantile;raw_border_score=0.124444;border_score=0.814022",0.24545854330062866,0.238149493932724,0.516391932964325
test_Seq_881,0,2,"benchmark=nucleotide_transformer_downstream_tasks;dataset=splice_sites_all;matching=kmer_balanced;matching_signature=(6, 'TTT');border_estimator=center_window_kmer_jsd;estimator=center_jsd;window=48;search_radius=24;kmer=2;top_ratio=0.25;score_scale=4.0;motif_weight=0.0;motif_radius=12;score_normalization=train_quantile;raw_border_score=0.334816;border_score=1.168911",0.22641468048095703,0.22180306911468506,0.5517822504043579
test_Seq_978,0,2,"benchmark=nucleotide_transformer_downstream_tasks;dataset=splice_sites_all;matching=kmer_balanced;matching_signature=(7, 'TTT');border_estimator=center_window_kmer_jsd;estimator=center_jsd;window=48;search_radius=24;kmer=2;top_ratio=0.25;score_scale=4.0;motif_weight=0.0;motif_radius=12;score_normalization=train_quantile;raw_border_score=0.239479;border_score=1.057133",0.2448304295539856,0.23375284671783447,0.5214167237281799
test_Seq_2373,2,2,"benchmark=nucleotide_transformer_downstream_tasks;dataset=splice_sites_all;matching=kmer_balanced;matching_signature=(10, 'AAA');border_estimator=center_window_kmer_jsd;estimator=center_jsd;window=48;search_radius=24;kmer=2;top_ratio=0.25;score_scale=4.0;motif_weight=0.0;motif_radius=12;score_normalization=train_quantile;raw_border_score=0.300031;border_score=1.146289",0.10309449583292007,0.10205770283937454,0.794847846031189
test_Seq_8,0,2,"benchmark=nucleotide_transformer_downstream_tasks;dataset=splice_sites_all;matching=kmer_balanced;matching_signature=(7, 'TTT');border_estimator=center_window_kmer_jsd;estimator=center_jsd;window=48;search_radius=24;kmer=2;top_ratio=0.25;score_scale=4.0;motif_weight=0.0;motif_radius=12;score_normalization=train_quantile;raw_border_score=0.239194;border_score=1.056556",0.2799135446548462,0.28555095195770264,0.43453550338745117
test_Seq_2523,2,2,"benchmark=nucleotide_transformer_downstream_tasks;dataset=splice_sites_all;matching=kmer_balanced;matching_signature=(6, 'AAA');border_estimator=center_window_kmer_jsd;estimator=center_jsd;window=48;search_radius=24;kmer=2;top_ratio=0.25;score_scale=4.0;motif_weight=0.0;motif_radius=12;score_normalization=train_quantile;raw_border_score=0.209843;border_score=0.994822",0.2256477326154709,0.22764988243579865,0.5467023253440857
test_Seq_2392,2,2,"benchmark=nucleotide_transformer_downstream_tasks;dataset=splice_sites_all;matching=kmer_balanced;matching_signature=(9, 'TTT');border_estimator=center_window_kmer_jsd;estimator=center_jsd;window=48;search_radius=24;kmer=2;top_ratio=0.25;score_scale=4.0;motif_weight=0.0;motif_radius=12;score_normalization=train_quantile;raw_border_score=0.405197;border_score=1.190867",0.20493042469024658,0.1997520476579666,0.595317542552948
test_Seq_2137,2,2,"benchmark=nucleotide_transformer_downstream_tasks;dataset=splice_sites_all;matching=kmer_balanced;matching_signature=(6, 'AAA');border_estimator=center_window_kmer_jsd;estimator=center_jsd;window=48;search_radius=24;kmer=2;top_ratio=0.25;score_scale=4.0;motif_weight=0.0;motif_radius=12;score_normalization=train_quantile;raw_border_score=0.179292;border_score=0.916244",0.2223074585199356,0.22213806211948395,0.5555545687675476
test_Seq_393,0,2,"benchmark=nucleotide_transformer_downstream_tasks;dataset=splice_sites_all;matching=kmer_balanced;matching_signature=(8, 'TTT');border_estimator=center_window_kmer_jsd;estimator=center_jsd;window=48;search_radius=24;kmer=2;top_ratio=0.25;score_scale=4.0;motif_weight=0.0;motif_radius=12;score_normalization=train_quantile;raw_border_score=0.312411;border_score=1.155800",0.20532289147377014,0.20568852126598358,0.5889886021614075
test_Seq_808,0,2,"benchmark=nucleotide_transformer_downstream_tasks;dataset=splice_sites_all;matching=kmer_balanced;matching_signature=(14, 'CGG');border_estimator=center_window_kmer_jsd;estimator=center_jsd;window=48;search_radius=24;kmer=2;top_ratio=0.25;score_scale=4.0;motif_weight=0.0;motif_radius=12;score_normalization=train_quantile;raw_border_score=0.169503;border_score=0.889622",0.2713428735733032,0.28119906783103943,0.4474579989910126
test_Seq_775,0,2,"benchmark=nucleotide_transformer_downstream_tasks;dataset=splice_sites_all;matching=kmer_balanced;matching_signature=(8, 'TTT');border_estimator=center_window_kmer_jsd;estimator=center_jsd;window=48;search_radius=24;kmer=2;top_ratio=0.25;score_scale=4.0;motif_weight=0.0;motif_radius=12;score_normalization=train_quantile;raw_border_score=0.378857;border_score=1.186378",0.039494507014751434,0.035718489438295364,0.9247870445251465
test_Seq_2723,2,1,"benchmark=nucleotide_transformer_downstream_tasks;dataset=splice_sites_all;matching=kmer_balanced;matching_signature=(8, 'TTT');border_estimator=center_window_kmer_jsd;estimator=center_jsd;window=48;search_radius=24;kmer=2;top_ratio=0.25;score_scale=4.0;motif_weight=0.0;motif_radius=12;score_normalization=train_quantile;raw_border_score=0.308819;border_score=1.152956",0.32869642972946167,0.3514883518218994,0.3198152184486389
test_Seq_2814,2,2,"benchmark=nucleotide_transformer_downstream_tasks;dataset=splice_sites_all;matching=kmer_balanced;matching_signature=(6, 'AAA');border_estimator=center_window_kmer_jsd;estimator=center_jsd;window=48;search_radius=24;kmer=2;top_ratio=0.25;score_scale=4.0;motif_weight=0.0;motif_radius=12;score_normalization=train_quantile;raw_border_score=0.209630;border_score=0.994289",0.15424291789531708,0.15910053253173828,0.6866565346717834
test_Seq_2167,2,1,"benchmark=nucleotide_transformer_downstream_tasks;dataset=splice_sites_all;matching=kmer_balanced;matching_signature=(8, 'TTT');border_estimator=center_window_kmer_jsd;estimator=center_jsd;window=48;search_radius=24;kmer=2;top_ratio=0.25;score_scale=4.0;motif_weight=0.0;motif_radius=12;score_normalization=train_quantile;raw_border_score=0.171283;border_score=0.894022",0.3594226539134979,0.3845265507698059,0.2560507655143738
test_Seq_1245,1,2,"benchmark=nucleotide_transformer_downstream_tasks;dataset=splice_sites_all;matching=kmer_balanced;matching_signature=(6, 'AAA');border_estimator=center_window_kmer_jsd;estimator=center_jsd;window=48;search_radius=24;kmer=2;top_ratio=0.25;score_scale=4.0;motif_weight=0.0;motif_radius=12;score_normalization=train_quantile;raw_border_score=0.260140;border_score=1.095978",0.3086685240268707,0.31624630093574524,0.37508517503738403
test_Seq_1067,1,2,"benchmark=nucleotide_transformer_downstream_tasks;dataset=splice_sites_all;matching=kmer_balanced;matching_signature=(6, 'TTT');border_estimator=center_window_kmer_jsd;estimator=center_jsd;window=48;search_radius=24;kmer=2;top_ratio=0.25;score_scale=4.0;motif_weight=0.0;motif_radius=12;score_normalization=train_quantile;raw_border_score=0.154917;border_score=0.857400",0.18603616952896118,0.1869429498910904,0.6270208358764648
test_Seq_429,0,2,"benchmark=nucleotide_transformer_downstream_tasks;dataset=splice_sites_all;matching=kmer_balanced;matching_signature=(6, 'TTT');border_estimator=center_window_kmer_jsd;estimator=center_jsd;window=48;search_radius=24;kmer=2;top_ratio=0.25;score_scale=4.0;motif_weight=0.0;motif_radius=12;score_normalization=train_quantile;raw_border_score=0.259821;border_score=1.095311",0.23009289801120758,0.23904936015605927,0.5308577418327332
test_Seq_1910,1,1,"benchmark=nucleotide_transformer_downstream_tasks;dataset=splice_sites_all;matching=kmer_balanced;matching_signature=(8, 'TTT');border_estimator=center_window_kmer_jsd;estimator=center_jsd;window=48;search_radius=24;kmer=2;top_ratio=0.25;score_scale=4.0;motif_weight=0.0;motif_radius=12;score_normalization=train_quantile;raw_border_score=0.171958;border_score=0.896200",0.3673294484615326,0.4001287519931793,0.23254181444644928
test_Seq_2050,2,2,"benchmark=nucleotide_transformer_downstream_tasks;dataset=splice_sites_all;matching=kmer_balanced;matching_signature=(7, 'AAA');border_estimator=center_window_kmer_jsd;estimator=center_jsd;window=48;search_radius=24;kmer=2;top_ratio=0.25;score_scale=4.0;motif_weight=0.0;motif_radius=12;score_normalization=train_quantile;raw_border_score=0.254942;border_score=1.087356",0.2078503668308258,0.21064947545528412,0.5815001130104065
test_Seq_925,0,2,"benchmark=nucleotide_transformer_downstream_tasks;dataset=splice_sites_all;matching=kmer_balanced;matching_signature=(9, 'GAA');border_estimator=center_window_kmer_jsd;estimator=center_jsd;window=48;search_radius=24;kmer=2;top_ratio=0.25;score_scale=4.0;motif_weight=0.0;motif_radius=12;score_normalization=train_quantile;raw_border_score=0.199397;border_score=0.969533",0.25540924072265625,0.26375043392181396,0.4808403551578522
test_Seq_2680,2,2,"benchmark=nucleotide_transformer_downstream_tasks;dataset=splice_sites_all;matching=kmer_balanced;matching_signature=(8, 'TGT');border_estimator=center_window_kmer_jsd;estimator=center_jsd;window=48;search_radius=24;kmer=2;top_ratio=0.25;score_scale=4.0;motif_weight=0.0;motif_radius=12;score_normalization=train_quantile;raw_border_score=0.186750;border_score=0.935311",0.2596304416656494,0.2625423073768616,0.47782719135284424
test_Seq_359,0,2,"benchmark=nucleotide_transformer_downstream_tasks;dataset=splice_sites_all;matching=kmer_balanced;matching_signature=(9, 'AAA');border_estimator=center_window_kmer_jsd;estimator=center_jsd;window=48;search_radius=24;kmer=2;top_ratio=0.25;score_scale=4.0;motif_weight=0.0;motif_radius=12;score_normalization=train_quantile;raw_border_score=0.262397;border_score=1.099844",0.11596999317407608,0.12038690596818924,0.7636430859565735
test_Seq_28,0,2,"benchmark=nucleotide_transformer_downstream_tasks;dataset=splice_sites_all;matching=kmer_balanced;matching_signature=(10, 'CCC');border_estimator=center_window_kmer_jsd;estimator=center_jsd;window=48;search_radius=24;kmer=2;top_ratio=0.25;score_scale=4.0;motif_weight=0.0;motif_radius=12;score_normalization=train_quantile;raw_border_score=0.195227;border_score=0.957800",0.2486938238143921,0.23579970002174377,0.5155064463615417
test_Seq_1739,1,2,"benchmark=nucleotide_transformer_downstream_tasks;dataset=splice_sites_all;matching=kmer_balanced;matching_signature=(9, 'TGA');border_estimator=center_window_kmer_jsd;estimator=center_jsd;window=48;search_radius=24;kmer=2;top_ratio=0.25;score_scale=4.0;motif_weight=0.0;motif_radius=12;score_normalization=train_quantile;raw_border_score=0.217336;border_score=1.011978",0.19809496402740479,0.18745414912700653,0.6144509315490723
test_Seq_985,0,2,"benchmark=nucleotide_transformer_downstream_tasks;dataset=splice_sites_all;matching=kmer_balanced;matching_signature=(9, 'TTT');border_estimator=center_window_kmer_jsd;estimator=center_jsd;window=48;search_radius=24;kmer=2;top_ratio=0.25;score_scale=4.0;motif_weight=0.0;motif_radius=12;score_normalization=train_quantile;raw_border_score=0.250929;border_score=1.080822",0.3242875933647156,0.33412447571754456,0.3415879011154175
test_Seq_240,0,2,"benchmark=nucleotide_transformer_downstream_tasks;dataset=splice_sites_all;matching=kmer_balanced;matching_signature=(6, 'TTT');border_estimator=center_window_kmer_jsd;estimator=center_jsd;window=48;search_radius=24;kmer=2;top_ratio=0.25;score_scale=4.0;motif_weight=0.0;motif_radius=12;score_normalization=train_quantile;raw_border_score=0.234400;border_score=1.048244",0.2646726965904236,0.27236732840538025,0.46295997500419617
test_Seq_100,0,1,"benchmark=nucleotide_transformer_downstream_tasks;dataset=splice_sites_all;matching=kmer_balanced;matching_signature=(8, 'AAA');border_estimator=center_window_kmer_jsd;estimator=center_jsd;window=48;search_radius=24;kmer=2;top_ratio=0.25;score_scale=4.0;motif_weight=0.0;motif_radius=12;score_normalization=train_quantile;raw_border_score=0.371221;border_score=1.184733",0.3419749438762665,0.35509616136550903,0.3029288649559021
test_Seq_2170,2,2,"benchmark=nucleotide_transformer_downstream_tasks;dataset=splice_sites_all;matching=kmer_balanced;matching_signature=(11, 'GGG');border_estimator=center_window_kmer_jsd;estimator=center_jsd;window=48;search_radius=24;kmer=2;top_ratio=0.25;score_scale=4.0;motif_weight=0.0;motif_radius=12;score_normalization=train_quantile;raw_border_score=0.196956;border_score=0.962556",0.20164822041988373,0.1914159208536148,0.6069358587265015
test_Seq_1855,1,2,"benchmark=nucleotide_transformer_downstream_tasks;dataset=splice_sites_all;matching=kmer_balanced;matching_signature=(11, 'GGG');border_estimator=center_window_kmer_jsd;estimator=center_jsd;window=48;search_radius=24;kmer=2;top_ratio=0.25;score_scale=4.0;motif_weight=0.0;motif_radius=12;score_normalization=train_quantile;raw_border_score=0.179821;border_score=0.917311",0.2689473330974579,0.28243255615234375,0.44862014055252075
test_Seq_2530,2,2,"benchmark=nucleotide_transformer_downstream_tasks;dataset=splice_sites_all;matching=kmer_balanced;matching_signature=(5, 'TTT');border_estimator=center_window_kmer_jsd;estimator=center_jsd;window=48;search_radius=24;kmer=2;top_ratio=0.25;score_scale=4.0;motif_weight=0.0;motif_radius=12;score_normalization=train_quantile;raw_border_score=0.175677;border_score=0.907044",0.1882101148366928,0.18485857546329498,0.626931369304657
test_Seq_2197,2,2,"benchmark=nucleotide_transformer_downstream_tasks;dataset=splice_sites_all;matching=kmer_balanced;matching_signature=(8, 'TTT');border_estimator=center_window_kmer_jsd;estimator=center_jsd;window=48;search_radius=24;kmer=2;top_ratio=0.25;score_scale=4.0;motif_weight=0.0;motif_radius=12;score_normalization=train_quantile;raw_border_score=0.136200;border_score=0.826956",0.1677742749452591,0.16575497388839722,0.6664707064628601
test_Seq_536,0,2,"benchmark=nucleotide_transformer_downstream_tasks;dataset=splice_sites_all;matching=kmer_balanced;matching_signature=(9, 'AAA');border_estimator=center_window_kmer_jsd;estimator=center_jsd;window=48;search_radius=24;kmer=2;top_ratio=0.25;score_scale=4.0;motif_weight=0.0;motif_radius=12;score_normalization=train_quantile;raw_border_score=0.314950;border_score=1.157356",0.15728291869163513,0.160493403673172,0.6822236180305481
test_Seq_862,0,2,"benchmark=nucleotide_transformer_downstream_tasks;dataset=splice_sites_all;matching=kmer_balanced;matching_signature=(10, 'TTT');border_estimator=center_window_kmer_jsd;estimator=center_jsd;window=48;search_radius=24;kmer=2;top_ratio=0.25;score_scale=4.0;motif_weight=0.0;motif_radius=12;score_normalization=train_quantile;raw_border_score=0.220227;border_score=1.019222",0.2473849654197693,0.2507961392402649,0.5018188953399658
test_Seq_1619,1,2,"benchmark=nucleotide_transformer_downstream_tasks;dataset=splice_sites_all;matching=kmer_balanced;matching_signature=(8, 'TTT');border_estimator=center_window_kmer_jsd;estimator=center_jsd;window=48;search_radius=24;kmer=2;top_ratio=0.25;score_scale=4.0;motif_weight=0.0;motif_radius=12;score_normalization=train_quantile;raw_border_score=0.220572;border_score=1.019933",0.2839110493659973,0.3040632903575897,0.41202569007873535
test_Seq_1761,1,2,"benchmark=nucleotide_transformer_downstream_tasks;dataset=splice_sites_all;matching=kmer_balanced;matching_signature=(7, 'TTT');border_estimator=center_window_kmer_jsd;estimator=center_jsd;window=48;search_radius=24;kmer=2;top_ratio=0.25;score_scale=4.0;motif_weight=0.0;motif_radius=12;score_normalization=train_quantile;raw_border_score=0.275168;border_score=1.117533",0.2971883714199066,0.2993137836456299,0.4034978747367859
test_Seq_2511,2,2,"benchmark=nucleotide_transformer_downstream_tasks;dataset=splice_sites_all;matching=kmer_balanced;matching_signature=(6, 'TTT');border_estimator=center_window_kmer_jsd;estimator=center_jsd;window=48;search_radius=24;kmer=2;top_ratio=0.25;score_scale=4.0;motif_weight=0.0;motif_radius=12;score_normalization=train_quantile;raw_border_score=0.234223;border_score=1.048022",0.1373130828142166,0.14025162160396576,0.7224352359771729
test_Seq_1207,1,2,"benchmark=nucleotide_transformer_downstream_tasks;dataset=splice_sites_all;matching=kmer_balanced;matching_signature=(10, 'CCC');border_estimator=center_window_kmer_jsd;estimator=center_jsd;window=48;search_radius=24;kmer=2;top_ratio=0.25;score_scale=4.0;motif_weight=0.0;motif_radius=12;score_normalization=train_quantile;raw_border_score=0.205548;border_score=0.985400",0.2291695922613144,0.2353551685810089,0.5354751944541931
test_Seq_2812,2,2,"benchmark=nucleotide_transformer_downstream_tasks;dataset=splice_sites_all;matching=kmer_balanced;matching_signature=(8, 'AAA');border_estimator=center_window_kmer_jsd;estimator=center_jsd;window=48;search_radius=24;kmer=2;top_ratio=0.25;score_scale=4.0;motif_weight=0.0;motif_radius=12;score_normalization=train_quantile;raw_border_score=0.195043;border_score=0.957133",0.235004261136055,0.23093606531620026,0.5340597033500671
test_Seq_1087,1,2,"benchmark=nucleotide_transformer_downstream_tasks;dataset=splice_sites_all;matching=kmer_balanced;matching_signature=(13, 'GGG');border_estimator=center_window_kmer_jsd;estimator=center_jsd;window=48;search_radius=24;kmer=2;top_ratio=0.25;score_scale=4.0;motif_weight=0.0;motif_radius=12;score_normalization=train_quantile;raw_border_score=0.159673;border_score=0.866911",0.2989387512207031,0.30300867557525635,0.3980525732040405
test_Seq_2394,2,2,"benchmark=nucleotide_transformer_downstream_tasks;dataset=splice_sites_all;matching=kmer_balanced;matching_signature=(6, 'TTT');border_estimator=center_window_kmer_jsd;estimator=center_jsd;window=48;search_radius=24;kmer=2;top_ratio=0.25;score_scale=4.0;motif_weight=0.0;motif_radius=12;score_normalization=train_quantile;raw_border_score=0.182920;border_score=0.924644",0.1521172821521759,0.1595308780670166,0.6883518695831299
test_Seq_646,0,2,"benchmark=nucleotide_transformer_downstream_tasks;dataset=splice_sites_all;matching=kmer_balanced;matching_signature=(10, 'TGG');border_estimator=center_window_kmer_jsd;estimator=center_jsd;window=48;search_radius=24;kmer=2;top_ratio=0.25;score_scale=4.0;motif_weight=0.0;motif_radius=12;score_normalization=train_quantile;raw_border_score=0.150119;border_score=0.847889",0.1743115782737732,0.17007197439670563,0.6556165218353271
test_Seq_764,0,2,"benchmark=nucleotide_transformer_downstream_tasks;dataset=splice_sites_all;matching=kmer_balanced;matching_signature=(11, 'CCC');border_estimator=center_window_kmer_jsd;estimator=center_jsd;window=48;search_radius=24;kmer=2;top_ratio=0.25;score_scale=4.0;motif_weight=0.0;motif_radius=12;score_normalization=train_quantile;raw_border_score=0.152277;border_score=0.851444",0.25948232412338257,0.2644737660884857,0.4760439097881317
test_Seq_333,0,2,"benchmark=nucleotide_transformer_downstream_tasks;dataset=splice_sites_all;matching=kmer_balanced;matching_signature=(6, 'TTT');border_estimator=center_window_kmer_jsd;estimator=center_jsd;window=48;search_radius=24;kmer=2;top_ratio=0.25;score_scale=4.0;motif_weight=0.0;motif_radius=12;score_normalization=train_quantile;raw_border_score=0.345808;border_score=1.175311",0.27543169260025024,0.28020527958869934,0.4443630278110504
test_Seq_1715,1,2,"benchmark=nucleotide_transformer_downstream_tasks;dataset=splice_sites_all;matching=kmer_balanced;matching_signature=(11, 'CCT');border_estimator=center_window_kmer_jsd;estimator=center_jsd;window=48;search_radius=24;kmer=2;top_ratio=0.25;score_scale=4.0;motif_weight=0.0;motif_radius=12;score_normalization=train_quantile;raw_border_score=0.110456;border_score=0.805667",0.18382468819618225,0.17474378645420074,0.6414315104484558
test_Seq_1968,1,2,"benchmark=nucleotide_transformer_downstream_tasks;dataset=splice_sites_all;matching=kmer_balanced;matching_signature=(7, 'AAA');border_estimator=center_window_kmer_jsd;estimator=center_jsd;window=48;search_radius=24;kmer=2;top_ratio=0.25;score_scale=4.0;motif_weight=0.0;motif_radius=12;score_normalization=train_quantile;raw_border_score=0.217058;border_score=1.011578",0.10590440034866333,0.1036030724644661,0.7904925346374512
test_Seq_2827,2,2,"benchmark=nucleotide_transformer_downstream_tasks;dataset=splice_sites_all;matching=kmer_balanced;matching_signature=(8, 'AAA');border_estimator=center_window_kmer_jsd;estimator=center_jsd;window=48;search_radius=24;kmer=2;top_ratio=0.25;score_scale=4.0;motif_weight=0.0;motif_radius=12;score_normalization=train_quantile;raw_border_score=0.140022;border_score=0.831622",0.10077956318855286,0.10150644183158875,0.7977139949798584
test_Seq_2094,2,1,"benchmark=nucleotide_transformer_downstream_tasks;dataset=splice_sites_all;matching=kmer_balanced;matching_signature=(8, 'AAG');border_estimator=center_window_kmer_jsd;estimator=center_jsd;window=48;search_radius=24;kmer=2;top_ratio=0.25;score_scale=4.0;motif_weight=0.0;motif_radius=12;score_normalization=train_quantile;raw_border_score=0.293411;border_score=1.139667",0.32574570178985596,0.339074045419693,0.33518022298812866
test_Seq_2161,2,1,"benchmark=nucleotide_transformer_downstream_tasks;dataset=splice_sites_all;matching=kmer_balanced;matching_signature=(8, 'TTT');border_estimator=center_window_kmer_jsd;estimator=center_jsd;window=48;search_radius=24;kmer=2;top_ratio=0.25;score_scale=4.0;motif_weight=0.0;motif_radius=12;score_normalization=train_quantile;raw_border_score=0.318147;border_score=1.159756",0.3520432412624359,0.36155402660369873,0.28640273213386536
test_Seq_1075,1,2,"benchmark=nucleotide_transformer_downstream_tasks;dataset=splice_sites_all;matching=kmer_balanced;matching_signature=(8, 'TTT');border_estimator=center_window_kmer_jsd;estimator=center_jsd;window=48;search_radius=24;kmer=2;top_ratio=0.25;score_scale=4.0;motif_weight=0.0;motif_radius=12;score_normalization=train_quantile;raw_border_score=0.175959;border_score=0.907711",0.21839159727096558,0.20954205095767975,0.5720663666725159
test_Seq_1193,1,1,"benchmark=nucleotide_transformer_downstream_tasks;dataset=splice_sites_all;matching=kmer_balanced;matching_signature=(6, 'TTT');border_estimator=center_window_kmer_jsd;estimator=center_jsd;window=48;search_radius=24;kmer=2;top_ratio=0.25;score_scale=4.0;motif_weight=0.0;motif_radius=12;score_normalization=train_quantile;raw_border_score=0.339185;border_score=1.171489",0.3444744646549225,0.35751891136169434,0.2980065643787384
test_Seq_982,0,1,"benchmark=nucleotide_transformer_downstream_tasks;dataset=splice_sites_all;matching=kmer_balanced;matching_signature=(8, 'AAA');border_estimator=center_window_kmer_jsd;estimator=center_jsd;window=48;search_radius=24;kmer=2;top_ratio=0.25;score_scale=4.0;motif_weight=0.0;motif_radius=12;score_normalization=train_quantile;raw_border_score=0.303004;border_score=1.148911",0.3475590944290161,0.37524646520614624,0.27719438076019287
test_Seq_1847,1,2,"benchmark=nucleotide_transformer_downstream_tasks;dataset=splice_sites_all;matching=kmer_balanced;matching_signature=(10, 'CAG');border_estimator=center_window_kmer_jsd;estimator=center_jsd;window=48;search_radius=24;kmer=2;top_ratio=0.25;score_scale=4.0;motif_weight=0.0;motif_radius=12;score_normalization=train_quantile;raw_border_score=0.333532;border_score=1.168067",0.24678948521614075,0.2320275753736496,0.5211828947067261
test_Seq_2526,2,2,"benchmark=nucleotide_transformer_downstream_tasks;dataset=splice_sites_all;matching=kmer_balanced;matching_signature=(9, 'TTT');border_estimator=center_window_kmer_jsd;estimator=center_jsd;window=48;search_radius=24;kmer=2;top_ratio=0.25;score_scale=4.0;motif_weight=0.0;motif_radius=12;score_normalization=train_quantile;raw_border_score=0.202411;border_score=0.977178",0.09325592964887619,0.09086256474256516,0.8158814907073975
test_Seq_736,0,2,"benchmark=nucleotide_transformer_downstream_tasks;dataset=splice_sites_all;matching=kmer_balanced;matching_signature=(7, 'AAA');border_estimator=center_window_kmer_jsd;estimator=center_jsd;window=48;search_radius=24;kmer=2;top_ratio=0.25;score_scale=4.0;motif_weight=0.0;motif_radius=12;score_normalization=train_quantile;raw_border_score=0.274574;border_score=1.116600",0.3117595314979553,0.31445008516311646,0.3737904131412506
test_Seq_117,0,2,"benchmark=nucleotide_transformer_downstream_tasks;dataset=splice_sites_all;matching=kmer_balanced;matching_signature=(8, 'TGT');border_estimator=center_window_kmer_jsd;estimator=center_jsd;window=48;search_radius=24;kmer=2;top_ratio=0.25;score_scale=4.0;motif_weight=0.0;motif_radius=12;score_normalization=train_quantile;raw_border_score=0.242530;border_score=1.064778",0.1933184564113617,0.1909399926662445,0.6157416105270386
test_Seq_768,0,2,"benchmark=nucleotide_transformer_downstream_tasks;dataset=splice_sites_all;matching=kmer_balanced;matching_signature=(13, 'GGG');border_estimator=center_window_kmer_jsd;estimator=center_jsd;window=48;search_radius=24;kmer=2;top_ratio=0.25;score_scale=4.0;motif_weight=0.0;motif_radius=12;score_normalization=train_quantile;raw_border_score=0.312403;border_score=1.155800",0.2136368751525879,0.21201685070991516,0.5743463039398193
test_Seq_1235,1,2,"benchmark=nucleotide_transformer_downstream_tasks;dataset=splice_sites_all;matching=kmer_balanced;matching_signature=(5, 'TTT');border_estimator=center_window_kmer_jsd;estimator=center_jsd;window=48;search_radius=24;kmer=2;top_ratio=0.25;score_scale=4.0;motif_weight=0.0;motif_radius=12;score_normalization=train_quantile;raw_border_score=0.546578;border_score=1.199356",0.23604504764080048,0.24855056405067444,0.5154044032096863
test_Seq_1936,1,2,"benchmark=nucleotide_transformer_downstream_tasks;dataset=splice_sites_all;matching=kmer_balanced;matching_signature=(6, 'TTT');border_estimator=center_window_kmer_jsd;estimator=center_jsd;window=48;search_radius=24;kmer=2;top_ratio=0.25;score_scale=4.0;motif_weight=0.0;motif_radius=12;score_normalization=train_quantile;raw_border_score=0.201309;border_score=0.974200",0.22561858594417572,0.2288612276315689,0.5455202460289001
test_Seq_850,0,2,"benchmark=nucleotide_transformer_downstream_tasks;dataset=splice_sites_all;matching=kmer_balanced;matching_signature=(7, 'TTT');border_estimator=center_window_kmer_jsd;estimator=center_jsd;window=48;search_radius=24;kmer=2;top_ratio=0.25;score_scale=4.0;motif_weight=0.0;motif_radius=12;score_normalization=train_quantile;raw_border_score=0.140370;border_score=0.832067",0.26626747846603394,0.26979538798332214,0.4639371931552887
test_Seq_1834,1,2,"benchmark=nucleotide_transformer_downstream_tasks;dataset=splice_sites_all;matching=kmer_balanced;matching_signature=(6, 'AAA');border_estimator=center_window_kmer_jsd;estimator=center_jsd;window=48;search_radius=24;kmer=2;top_ratio=0.25;score_scale=4.0;motif_weight=0.0;motif_radius=12;score_normalization=train_quantile;raw_border_score=0.137278;border_score=0.828244",0.2525312900543213,0.257149338722229,0.4903193414211273
test_Seq_2765,2,2,"benchmark=nucleotide_transformer_downstream_tasks;dataset=splice_sites_all;matching=kmer_balanced;matching_signature=(7, 'TTT');border_estimator=center_window_kmer_jsd;estimator=center_jsd;window=48;search_radius=24;kmer=2;top_ratio=0.25;score_scale=4.0;motif_weight=0.0;motif_radius=12;score_normalization=train_quantile;raw_border_score=0.102174;border_score=0.803311",0.301390677690506,0.2920662760734558,0.40654298663139343
test_Seq_2418,2,2,"benchmark=nucleotide_transformer_downstream_tasks;dataset=splice_sites_all;matching=kmer_balanced;matching_signature=(7, 'TTT');border_estimator=center_window_kmer_jsd;estimator=center_jsd;window=48;search_radius=24;kmer=2;top_ratio=0.25;score_scale=4.0;motif_weight=0.0;motif_radius=12;score_normalization=train_quantile;raw_border_score=0.279400;border_score=1.123356",0.193470299243927,0.1847091019153595,0.6218205690383911
test_Seq_1590,1,2,"benchmark=nucleotide_transformer_downstream_tasks;dataset=splice_sites_all;matching=kmer_balanced;matching_signature=(8, 'TTC');border_estimator=center_window_kmer_jsd;estimator=center_jsd;window=48;search_radius=24;kmer=2;top_ratio=0.25;score_scale=4.0;motif_weight=0.0;motif_radius=12;score_normalization=train_quantile;raw_border_score=0.117386;border_score=0.809444",0.293958455324173,0.3038749694824219,0.40216660499572754
test_Seq_654,0,2,"benchmark=nucleotide_transformer_downstream_tasks;dataset=splice_sites_all;matching=kmer_balanced;matching_signature=(8, 'TTT');border_estimator=center_window_kmer_jsd;estimator=center_jsd;window=48;search_radius=24;kmer=2;top_ratio=0.25;score_scale=4.0;motif_weight=0.0;motif_radius=12;score_normalization=train_quantile;raw_border_score=0.261991;border_score=1.098867",0.2624644935131073,0.26487764716148376,0.47265779972076416
test_Seq_1819,1,2,"benchmark=nucleotide_transformer_downstream_tasks;dataset=splice_sites_all;matching=kmer_balanced;matching_signature=(9, 'TTT');border_estimator=center_window_kmer_jsd;estimator=center_jsd;window=48;search_radius=24;kmer=2;top_ratio=0.25;score_scale=4.0;motif_weight=0.0;motif_radius=12;score_normalization=train_quantile;raw_border_score=0.210914;border_score=0.997311",0.21815629303455353,0.21834927797317505,0.5634944438934326
test_Seq_1929,1,2,"benchmark=nucleotide_transformer_downstream_tasks;dataset=splice_sites_all;matching=kmer_balanced;matching_signature=(9, 'TTT');border_estimator=center_window_kmer_jsd;estimator=center_jsd;window=48;search_radius=24;kmer=2;top_ratio=0.25;score_scale=4.0;motif_weight=0.0;motif_radius=12;score_normalization=train_quantile;raw_border_score=0.244879;border_score=1.069222",0.1317324936389923,0.12731784582138062,0.7409496307373047
test_Seq_1432,1,2,"benchmark=nucleotide_transformer_downstream_tasks;dataset=splice_sites_all;matching=kmer_balanced;matching_signature=(9, 'TTT');border_estimator=center_window_kmer_jsd;estimator=center_jsd;window=48;search_radius=24;kmer=2;top_ratio=0.25;score_scale=4.0;motif_weight=0.0;motif_radius=12;score_normalization=train_quantile;raw_border_score=0.201855;border_score=0.975844",0.1896979957818985,0.182880699634552,0.6274213194847107
test_Seq_1049,1,2,"benchmark=nucleotide_transformer_downstream_tasks;dataset=splice_sites_all;matching=kmer_balanced;matching_signature=(6, 'TTA');border_estimator=center_window_kmer_jsd;estimator=center_jsd;window=48;search_radius=24;kmer=2;top_ratio=0.25;score_scale=4.0;motif_weight=0.0;motif_radius=12;score_normalization=train_quantile;raw_border_score=0.146911;border_score=0.842200",0.3178339898586273,0.32486575841903687,0.3573002219200134
test_Seq_2939,2,2,"benchmark=nucleotide_transformer_downstream_tasks;dataset=splice_sites_all;matching=kmer_balanced;matching_signature=(10, 'GAG');border_estimator=center_window_kmer_jsd;estimator=center_jsd;window=48;search_radius=24;kmer=2;top_ratio=0.25;score_scale=4.0;motif_weight=0.0;motif_radius=12;score_normalization=train_quantile;raw_border_score=0.150504;border_score=0.848378",0.24070428311824799,0.2358042150735855,0.5234915018081665
test_Seq_2002,2,2,"benchmark=nucleotide_transformer_downstream_tasks;dataset=splice_sites_all;matching=kmer_balanced;matching_signature=(9, 'AGG');border_estimator=center_window_kmer_jsd;estimator=center_jsd;window=48;search_radius=24;kmer=2;top_ratio=0.25;score_scale=4.0;motif_weight=0.0;motif_radius=12;score_normalization=train_quantile;raw_border_score=0.188176;border_score=0.939267",0.2775871753692627,0.2920776307582855,0.4303351938724518
test_Seq_2743,2,2,"benchmark=nucleotide_transformer_downstream_tasks;dataset=splice_sites_all;matching=kmer_balanced;matching_signature=(7, 'TTT');border_estimator=center_window_kmer_jsd;estimator=center_jsd;window=48;search_radius=24;kmer=2;top_ratio=0.25;score_scale=4.0;motif_weight=0.0;motif_radius=12;score_normalization=train_quantile;raw_border_score=0.154474;border_score=0.856289",0.21474754810333252,0.21344293653964996,0.5718095302581787
test_Seq_1850,1,2,"benchmark=nucleotide_transformer_downstream_tasks;dataset=splice_sites_all;matching=kmer_balanced;matching_signature=(7, 'TTT');border_estimator=center_window_kmer_jsd;estimator=center_jsd;window=48;search_radius=24;kmer=2;top_ratio=0.25;score_scale=4.0;motif_weight=0.0;motif_radius=12;score_normalization=train_quantile;raw_border_score=0.300597;border_score=1.146911",0.17149674892425537,0.1717424988746643,0.6567607522010803
test_Seq_1545,1,2,"benchmark=nucleotide_transformer_downstream_tasks;dataset=splice_sites_all;matching=kmer_balanced;matching_signature=(6, 'AAA');border_estimator=center_window_kmer_jsd;estimator=center_jsd;window=48;search_radius=24;kmer=2;top_ratio=0.25;score_scale=4.0;motif_weight=0.0;motif_radius=12;score_normalization=train_quantile;raw_border_score=0.120733;border_score=0.811400",0.31655293703079224,0.32987985014915466,0.3535672128200531
test_Seq_1184,1,2,"benchmark=nucleotide_transformer_downstream_tasks;dataset=splice_sites_all;matching=kmer_balanced;matching_signature=(9, 'TTT');border_estimator=center_window_kmer_jsd;estimator=center_jsd;window=48;search_radius=24;kmer=2;top_ratio=0.25;score_scale=4.0;motif_weight=0.0;motif_radius=12;score_normalization=train_quantile;raw_border_score=0.170295;border_score=0.891311",0.2699103355407715,0.2658766210079193,0.4642130732536316
test_Seq_820,0,2,"benchmark=nucleotide_transformer_downstream_tasks;dataset=splice_sites_all;matching=kmer_balanced;matching_signature=(8, 'ATT');border_estimator=center_window_kmer_jsd;estimator=center_jsd;window=48;search_radius=24;kmer=2;top_ratio=0.25;score_scale=4.0;motif_weight=0.0;motif_radius=12;score_normalization=train_quantile;raw_border_score=0.232487;border_score=1.044511",0.32287663221359253,0.3379589319229126,0.33916446566581726
test_Seq_1788,1,1,"benchmark=nucleotide_transformer_downstream_tasks;dataset=splice_sites_all;matching=kmer_balanced;matching_signature=(11, 'GGG');border_estimator=center_window_kmer_jsd;estimator=center_jsd;window=48;search_radius=24;kmer=2;top_ratio=0.25;score_scale=4.0;motif_weight=0.0;motif_radius=12;score_normalization=train_quantile;raw_border_score=0.336024;border_score=1.169622",0.3455560505390167,0.3673141896724701,0.28712978959083557
test_Seq_2504,2,2,"benchmark=nucleotide_transformer_downstream_tasks;dataset=splice_sites_all;matching=kmer_balanced;matching_signature=(7, 'TTT');border_estimator=center_window_kmer_jsd;estimator=center_jsd;window=48;search_radius=24;kmer=2;top_ratio=0.25;score_scale=4.0;motif_weight=0.0;motif_radius=12;score_normalization=train_quantile;raw_border_score=0.178170;border_score=0.913622",0.26220589876174927,0.26290348172187805,0.47489064931869507
test_Seq_2181,2,2,"benchmark=nucleotide_transformer_downstream_tasks;dataset=splice_sites_all;matching=kmer_balanced;matching_signature=(5, 'TTT');border_estimator=center_window_kmer_jsd;estimator=center_jsd;window=48;search_radius=24;kmer=2;top_ratio=0.25;score_scale=4.0;motif_weight=0.0;motif_radius=12;score_normalization=train_quantile;raw_border_score=0.212012;border_score=0.999711",0.30205437541007996,0.29705071449279785,0.4008949398994446
test_Seq_1395,1,2,"benchmark=nucleotide_transformer_downstream_tasks;dataset=splice_sites_all;matching=kmer_balanced;matching_signature=(7, 'TTT');border_estimator=center_window_kmer_jsd;estimator=center_jsd;window=48;search_radius=24;kmer=2;top_ratio=0.25;score_scale=4.0;motif_weight=0.0;motif_radius=12;score_normalization=train_quantile;raw_border_score=0.166381;border_score=0.882244",0.14470629394054413,0.14237810671329498,0.7129155993461609
test_Seq_2187,2,1,"benchmark=nucleotide_transformer_downstream_tasks;dataset=splice_sites_all;matching=kmer_balanced;matching_signature=(6, 'TTT');border_estimator=center_window_kmer_jsd;estimator=center_jsd;window=48;search_radius=24;kmer=2;top_ratio=0.25;score_scale=4.0;motif_weight=0.0;motif_radius=12;score_normalization=train_quantile;raw_border_score=0.182484;border_score=0.923667",0.3249005377292633,0.3421470522880554,0.3329523801803589
test_Seq_2335,2,2,"benchmark=nucleotide_transformer_downstream_tasks;dataset=splice_sites_all;matching=kmer_balanced;matching_signature=(8, 'AAA');border_estimator=center_window_kmer_jsd;estimator=center_jsd;window=48;search_radius=24;kmer=2;top_ratio=0.25;score_scale=4.0;motif_weight=0.0;motif_radius=12;score_normalization=train_quantile;raw_border_score=0.195119;border_score=0.957489",0.3056159019470215,0.3145924210548401,0.37979164719581604
test_Seq_1002,1,2,"benchmark=nucleotide_transformer_downstream_tasks;dataset=splice_sites_all;matching=kmer_balanced;matching_signature=(12, 'CCC');border_estimator=center_window_kmer_jsd;estimator=center_jsd;window=48;search_radius=24;kmer=2;top_ratio=0.25;score_scale=4.0;motif_weight=0.0;motif_radius=12;score_normalization=train_quantile;raw_border_score=0.446625;border_score=1.195089",0.3018072545528412,0.30804482102394104,0.3901478946208954
test_Seq_2132,2,2,"benchmark=nucleotide_transformer_downstream_tasks;dataset=splice_sites_all;matching=kmer_balanced;matching_signature=(10, 'TTT');border_estimator=center_window_kmer_jsd;estimator=center_jsd;window=48;search_radius=24;kmer=2;top_ratio=0.25;score_scale=4.0;motif_weight=0.0;motif_radius=12;score_normalization=train_quantile;raw_border_score=0.245525;border_score=1.070156",0.09470561891794205,0.09002026915550232,0.8152741193771362
test_Seq_830,0,2,"benchmark=nucleotide_transformer_downstream_tasks;dataset=splice_sites_all;matching=kmer_balanced;matching_signature=(11, 'CTG');border_estimator=center_window_kmer_jsd;estimator=center_jsd;window=48;search_radius=24;kmer=2;top_ratio=0.25;score_scale=4.0;motif_weight=0.0;motif_radius=12;score_normalization=train_quantile;raw_border_score=0.333838;border_score=1.168244",0.2851189374923706,0.28663986921310425,0.42824119329452515
test_Seq_1861,1,2,"benchmark=nucleotide_transformer_downstream_tasks;dataset=splice_sites_all;matching=kmer_balanced;matching_signature=(6, 'TTT');border_estimator=center_window_kmer_jsd;estimator=center_jsd;window=48;search_radius=24;kmer=2;top_ratio=0.25;score_scale=4.0;motif_weight=0.0;motif_radius=12;score_normalization=train_quantile;raw_border_score=0.210412;border_score=0.996156",0.20924578607082367,0.2060815840959549,0.5846726298332214
test_Seq_528,0,2,"benchmark=nucleotide_transformer_downstream_tasks;dataset=splice_sites_all;matching=kmer_balanced;matching_signature=(9, 'CTG');border_estimator=center_window_kmer_jsd;estimator=center_jsd;window=48;search_radius=24;kmer=2;top_ratio=0.25;score_scale=4.0;motif_weight=0.0;motif_radius=12;score_normalization=train_quantile;raw_border_score=0.205979;border_score=0.986022",0.19466757774353027,0.19276973605155945,0.6125627160072327
test_Seq_2333,2,2,"benchmark=nucleotide_transformer_downstream_tasks;dataset=splice_sites_all;matching=kmer_balanced;matching_signature=(7, 'AAA');border_estimator=center_window_kmer_jsd;estimator=center_jsd;window=48;search_radius=24;kmer=2;top_ratio=0.25;score_scale=4.0;motif_weight=0.0;motif_radius=12;score_normalization=train_quantile;raw_border_score=0.156126;border_score=0.859489",0.19109845161437988,0.18766780197620392,0.6212337613105774
test_Seq_1864,1,2,"benchmark=nucleotide_transformer_downstream_tasks;dataset=splice_sites_all;matching=kmer_balanced;matching_signature=(11, 'CAG');border_estimator=center_window_kmer_jsd;estimator=center_jsd;window=48;search_radius=24;kmer=2;top_ratio=0.25;score_scale=4.0;motif_weight=0.0;motif_radius=12;score_normalization=train_quantile;raw_border_score=0.235490;border_score=1.049978",0.2084081768989563,0.20739562809467316,0.5841962099075317
test_Seq_2734,2,2,"benchmark=nucleotide_transformer_downstream_tasks;dataset=splice_sites_all;matching=kmer_balanced;matching_signature=(10, 'CCC');border_estimator=center_window_kmer_jsd;estimator=center_jsd;window=48;search_radius=24;kmer=2;top_ratio=0.25;score_scale=4.0;motif_weight=0.0;motif_radius=12;score_normalization=train_quantile;raw_border_score=0.285539;border_score=1.130867",0.2215532660484314,0.20452825725078583,0.5739184617996216
test_Seq_858,0,2,"benchmark=nucleotide_transformer_downstream_tasks;dataset=splice_sites_all;matching=kmer_balanced;matching_signature=(12, 'GGG');border_estimator=center_window_kmer_jsd;estimator=center_jsd;window=48;search_radius=24;kmer=2;top_ratio=0.25;score_scale=4.0;motif_weight=0.0;motif_radius=12;score_normalization=train_quantile;raw_border_score=0.319991;border_score=1.161089",0.24069638550281525,0.24218769371509552,0.5171158909797668
test_Seq_104,0,2,"benchmark=nucleotide_transformer_downstream_tasks;dataset=splice_sites_all;matching=kmer_balanced;matching_signature=(13, 'GGG');border_estimator=center_window_kmer_jsd;estimator=center_jsd;window=48;search_radius=24;kmer=2;top_ratio=0.25;score_scale=4.0;motif_weight=0.0;motif_radius=12;score_normalization=train_quantile;raw_border_score=0.228473;border_score=1.036956",0.3105950653553009,0.3135976195335388,0.3758072555065155
test_Seq_2198,2,2,"benchmark=nucleotide_transformer_downstream_tasks;dataset=splice_sites_all;matching=kmer_balanced;matching_signature=(5, 'TTT');border_estimator=center_window_kmer_jsd;estimator=center_jsd;window=48;search_radius=24;kmer=2;top_ratio=0.25;score_scale=4.0;motif_weight=0.0;motif_radius=12;score_normalization=train_quantile;raw_border_score=0.096805;border_score=0.802111",0.23664359748363495,0.24035464227199554,0.5230017900466919
test_Seq_387,0,2,"benchmark=nucleotide_transformer_downstream_tasks;dataset=splice_sites_all;matching=kmer_balanced;matching_signature=(7, 'AAA');border_estimator=center_window_kmer_jsd;estimator=center_jsd;window=48;search_radius=24;kmer=2;top_ratio=0.25;score_scale=4.0;motif_weight=0.0;motif_radius=12;score_normalization=train_quantile;raw_border_score=0.241243;border_score=1.061444",0.24976588785648346,0.25360843539237976,0.4966256320476532
test_Seq_505,0,2,"benchmark=nucleotide_transformer_downstream_tasks;dataset=splice_sites_all;matching=kmer_balanced;matching_signature=(7, 'TTT');border_estimator=center_window_kmer_jsd;estimator=center_jsd;window=48;search_radius=24;kmer=2;top_ratio=0.25;score_scale=4.0;motif_weight=0.0;motif_radius=12;score_normalization=train_quantile;raw_border_score=0.295281;border_score=1.140956",0.22253967821598053,0.22567574679851532,0.5517845749855042
test_Seq_1857,1,2,"benchmark=nucleotide_transformer_downstream_tasks;dataset=splice_sites_all;matching=kmer_balanced;matching_signature=(8, 'TCT');border_estimator=center_window_kmer_jsd;estimator=center_jsd;window=48;search_radius=24;kmer=2;top_ratio=0.25;score_scale=4.0;motif_weight=0.0;motif_radius=12;score_normalization=train_quantile;raw_border_score=0.161603;border_score=0.870378",0.1957058608531952,0.19075822830200195,0.6135359406471252
test_Seq_1853,1,2,"benchmark=nucleotide_transformer_downstream_tasks;dataset=splice_sites_all;matching=kmer_balanced;matching_signature=(5, 'TTT');border_estimator=center_window_kmer_jsd;estimator=center_jsd;window=48;search_radius=24;kmer=2;top_ratio=0.25;score_scale=4.0;motif_weight=0.0;motif_radius=12;score_normalization=train_quantile;raw_border_score=0.240391;border_score=1.059844",0.17686890065670013,0.16696304082870483,0.6561680436134338
test_Seq_404,0,2,"benchmark=nucleotide_transformer_downstream_tasks;dataset=splice_sites_all;matching=kmer_balanced;matching_signature=(9, 'CTT');border_estimator=center_window_kmer_jsd;estimator=center_jsd;window=48;search_radius=24;kmer=2;top_ratio=0.25;score_scale=4.0;motif_weight=0.0;motif_radius=12;score_normalization=train_quantile;raw_border_score=0.163655;border_score=0.875311",0.2686383128166199,0.2824057340621948,0.4489559531211853
test_Seq_1010,1,2,"benchmark=nucleotide_transformer_downstream_tasks;dataset=splice_sites_all;matching=kmer_balanced;matching_signature=(7, 'TTT');border_estimator=center_window_kmer_jsd;estimator=center_jsd;window=48;search_radius=24;kmer=2;top_ratio=0.25;score_scale=4.0;motif_weight=0.0;motif_radius=12;score_normalization=train_quantile;raw_border_score=0.194247;border_score=0.955356",0.2410755753517151,0.23566065728664398,0.5232637524604797
test_Seq_2435,2,2,"benchmark=nucleotide_transformer_downstream_tasks;dataset=splice_sites_all;matching=kmer_balanced;matching_signature=(8, 'TTT');border_estimator=center_window_kmer_jsd;estimator=center_jsd;window=48;search_radius=24;kmer=2;top_ratio=0.25;score_scale=4.0;motif_weight=0.0;motif_radius=12;score_normalization=train_quantile;raw_border_score=0.146916;border_score=0.842200",0.07927008718252182,0.07403888553380966,0.8466910123825073
test_Seq_132,0,2,"benchmark=nucleotide_transformer_downstream_tasks;dataset=splice_sites_all;matching=kmer_balanced;matching_signature=(8, 'AAA');border_estimator=center_window_kmer_jsd;estimator=center_jsd;window=48;search_radius=24;kmer=2;top_ratio=0.25;score_scale=4.0;motif_weight=0.0;motif_radius=12;score_normalization=train_quantile;raw_border_score=0.266005;border_score=1.104822",0.278411328792572,0.2944057285785675,0.42718297243118286
test_Seq_1131,1,2,"benchmark=nucleotide_transformer_downstream_tasks;dataset=splice_sites_all;matching=kmer_balanced;matching_signature=(12, 'CCC');border_estimator=center_window_kmer_jsd;estimator=center_jsd;window=48;search_radius=24;kmer=2;top_ratio=0.25;score_scale=4.0;motif_weight=0.0;motif_radius=12;score_normalization=train_quantile;raw_border_score=0.357015;border_score=1.179400",0.21637339890003204,0.19682203233242035,0.5868045687675476
test_Seq_2888,2,1,"benchmark=nucleotide_transformer_downstream_tasks;dataset=splice_sites_all;matching=kmer_balanced;matching_signature=(12, 'CTG');border_estimator=center_window_kmer_jsd;estimator=center_jsd;window=48;search_radius=24;kmer=2;top_ratio=0.25;score_scale=4.0;motif_weight=0.0;motif_radius=12;score_normalization=train_quantile;raw_border_score=0.244527;border_score=1.068422",0.3838382065296173,0.43439576029777527,0.18176603317260742
test_Seq_1297,1,2,"benchmark=nucleotide_transformer_downstream_tasks;dataset=splice_sites_all;matching=kmer_balanced;matching_signature=(10, 'GGG');border_estimator=center_window_kmer_jsd;estimator=center_jsd;window=48;search_radius=24;kmer=2;top_ratio=0.25;score_scale=4.0;motif_weight=0.0;motif_radius=12;score_normalization=train_quantile;raw_border_score=0.324962;border_score=1.163622",0.18091121315956116,0.17311695218086243,0.6459718346595764
test_Seq_75,0,2,"benchmark=nucleotide_transformer_downstream_tasks;dataset=splice_sites_all;matching=kmer_balanced;matching_signature=(7, 'TTT');border_estimator=center_window_kmer_jsd;estimator=center_jsd;window=48;search_radius=24;kmer=2;top_ratio=0.25;score_scale=4.0;motif_weight=0.0;motif_radius=12;score_normalization=train_quantile;raw_border_score=0.235161;border_score=1.049444",0.23198796808719635,0.22761690616607666,0.5403951406478882
test_Seq_532,0,2,"benchmark=nucleotide_transformer_downstream_tasks;dataset=splice_sites_all;matching=kmer_balanced;matching_signature=(8, 'AAA');border_estimator=center_window_kmer_jsd;estimator=center_jsd;window=48;search_radius=24;kmer=2;top_ratio=0.25;score_scale=4.0;motif_weight=0.0;motif_radius=12;score_normalization=train_quantile;raw_border_score=0.323675;border_score=1.163044",0.09278659522533417,0.0920470803976059,0.8151663541793823
test_Seq_1903,1,2,"benchmark=nucleotide_transformer_downstream_tasks;dataset=splice_sites_all;matching=kmer_balanced;matching_signature=(8, 'TTT');border_estimator=center_window_kmer_jsd;estimator=center_jsd;window=48;search_radius=24;kmer=2;top_ratio=0.25;score_scale=4.0;motif_weight=0.0;motif_radius=12;score_normalization=train_quantile;raw_border_score=0.275271;border_score=1.117578",0.24870601296424866,0.2540634870529175,0.49723052978515625
test_Seq_695,0,2,"benchmark=nucleotide_transformer_downstream_tasks;dataset=splice_sites_all;matching=kmer_balanced;matching_signature=(8, 'AAA');border_estimator=center_window_kmer_jsd;estimator=center_jsd;window=48;search_radius=24;kmer=2;top_ratio=0.25;score_scale=4.0;motif_weight=0.0;motif_radius=12;score_normalization=train_quantile;raw_border_score=0.271469;border_score=1.112244",0.23983146250247955,0.23040273785591125,0.5297658443450928
test_Seq_2396,2,1,"benchmark=nucleotide_transformer_downstream_tasks;dataset=splice_sites_all;matching=kmer_balanced;matching_signature=(5, 'TTT');border_estimator=center_window_kmer_jsd;estimator=center_jsd;window=48;search_radius=24;kmer=2;top_ratio=0.25;score_scale=4.0;motif_weight=0.0;motif_radius=12;score_normalization=train_quantile;raw_border_score=0.219635;border_score=1.017622",0.3178849518299103,0.34194931387901306,0.34016576409339905
test_Seq_527,0,1,"benchmark=nucleotide_transformer_downstream_tasks;dataset=splice_sites_all;matching=kmer_balanced;matching_signature=(8, 'TTT');border_estimator=center_window_kmer_jsd;estimator=center_jsd;window=48;search_radius=24;kmer=2;top_ratio=0.25;score_scale=4.0;motif_weight=0.0;motif_radius=12;score_normalization=train_quantile;raw_border_score=0.245604;border_score=1.070333",0.3343958854675293,0.3359786868095398,0.3296254277229309
test_Seq_1711,1,1,"benchmark=nucleotide_transformer_downstream_tasks;dataset=splice_sites_all;matching=kmer_balanced;matching_signature=(13, 'GGC');border_estimator=center_window_kmer_jsd;estimator=center_jsd;window=48;search_radius=24;kmer=2;top_ratio=0.25;score_scale=4.0;motif_weight=0.0;motif_radius=12;score_normalization=train_quantile;raw_border_score=0.181662;border_score=0.921800",0.327399343252182,0.3736877143383026,0.2989129424095154
test_Seq_2661,2,2,"benchmark=nucleotide_transformer_downstream_tasks;dataset=splice_sites_all;matching=kmer_balanced;matching_signature=(7, 'TTT');border_estimator=center_window_kmer_jsd;estimator=center_jsd;window=48;search_radius=24;kmer=2;top_ratio=0.25;score_scale=4.0;motif_weight=0.0;motif_radius=12;score_normalization=train_quantile;raw_border_score=0.218100;border_score=1.014022",0.2369503229856491,0.2356977015733719,0.527351975440979
test_Seq_124,0,2,"benchmark=nucleotide_transformer_downstream_tasks;dataset=splice_sites_all;matching=kmer_balanced;matching_signature=(8, 'TTT');border_estimator=center_window_kmer_jsd;estimator=center_jsd;window=48;search_radius=24;kmer=2;top_ratio=0.25;score_scale=4.0;motif_weight=0.0;motif_radius=12;score_normalization=train_quantile;raw_border_score=0.163410;border_score=0.874822",0.27559587359428406,0.27960366010665894,0.4448004364967346
test_Seq_2371,2,2,"benchmark=nucleotide_transformer_downstream_tasks;dataset=splice_sites_all;matching=kmer_balanced;matching_signature=(7, 'TTT');border_estimator=center_window_kmer_jsd;estimator=center_jsd;window=48;search_radius=24;kmer=2;top_ratio=0.25;score_scale=4.0;motif_weight=0.0;motif_radius=12;score_normalization=train_quantile;raw_border_score=0.161063;border_score=0.869444",0.11090729385614395,0.11187908798456192,0.7772136330604553
test_Seq_1974,1,2,"benchmark=nucleotide_transformer_downstream_tasks;dataset=splice_sites_all;matching=kmer_balanced;matching_signature=(11, 'CCT');border_estimator=center_window_kmer_jsd;estimator=center_jsd;window=48;search_radius=24;kmer=2;top_ratio=0.25;score_scale=4.0;motif_weight=0.0;motif_radius=12;score_normalization=train_quantile;raw_border_score=0.232528;border_score=1.044556",0.20832571387290955,0.19966457784175873,0.5920096635818481
test_Seq_2668,2,2,"benchmark=nucleotide_transformer_downstream_tasks;dataset=splice_sites_all;matching=kmer_balanced;matching_signature=(6, 'TTT');border_estimator=center_window_kmer_jsd;estimator=center_jsd;window=48;search_radius=24;kmer=2;top_ratio=0.25;score_scale=4.0;motif_weight=0.0;motif_radius=12;score_normalization=train_quantile;raw_border_score=0.197704;border_score=0.964822",0.1454339474439621,0.15074418485164642,0.7038218379020691
test_Seq_1568,1,2,"benchmark=nucleotide_transformer_downstream_tasks;dataset=splice_sites_all;matching=kmer_balanced;matching_signature=(7, 'TTT');border_estimator=center_window_kmer_jsd;estimator=center_jsd;window=48;search_radius=24;kmer=2;top_ratio=0.25;score_scale=4.0;motif_weight=0.0;motif_radius=12;score_normalization=train_quantile;raw_border_score=0.201748;border_score=0.975311",0.23793239891529083,0.2550504505634308,0.5070171356201172
test_Seq_440,0,2,"benchmark=nucleotide_transformer_downstream_tasks;dataset=splice_sites_all;matching=kmer_balanced;matching_signature=(6, 'TTT');border_estimator=center_window_kmer_jsd;estimator=center_jsd;window=48;search_radius=24;kmer=2;top_ratio=0.25;score_scale=4.0;motif_weight=0.0;motif_radius=12;score_normalization=train_quantile;raw_border_score=0.299526;border_score=1.145756",0.19465672969818115,0.19385717809200287,0.6114860773086548
test_Seq_152,0,2,"benchmark=nucleotide_transformer_downstream_tasks;dataset=splice_sites_all;matching=kmer_balanced;matching_signature=(12, 'CTG');border_estimator=center_window_kmer_jsd;estimator=center_jsd;window=48;search_radius=24;kmer=2;top_ratio=0.25;score_scale=4.0;motif_weight=0.0;motif_radius=12;score_normalization=train_quantile;raw_border_score=0.172490;border_score=0.897489",0.295683890581131,0.3127177953720093,0.39159828424453735
test_Seq_294,0,2,"benchmark=nucleotide_transformer_downstream_tasks;dataset=splice_sites_all;matching=kmer_balanced;matching_signature=(9, 'TGA');border_estimator=center_window_kmer_jsd;estimator=center_jsd;window=48;search_radius=24;kmer=2;top_ratio=0.25;score_scale=4.0;motif_weight=0.0;motif_radius=12;score_normalization=train_quantile;raw_border_score=0.180822;border_score=0.919978",0.24014826118946075,0.25181320309638977,0.5080385208129883
test_Seq_2232,2,2,"benchmark=nucleotide_transformer_downstream_tasks;dataset=splice_sites_all;matching=kmer_balanced;matching_signature=(8, 'TTT');border_estimator=center_window_kmer_jsd;estimator=center_jsd;window=48;search_radius=24;kmer=2;top_ratio=0.25;score_scale=4.0;motif_weight=0.0;motif_radius=12;score_normalization=train_quantile;raw_border_score=0.252063;border_score=1.082333",0.09693147242069244,0.09604182839393616,0.807026743888855
test_Seq_145,0,2,"benchmark=nucleotide_transformer_downstream_tasks;dataset=splice_sites_all;matching=kmer_balanced;matching_signature=(13, 'GGC');border_estimator=center_window_kmer_jsd;estimator=center_jsd;window=48;search_radius=24;kmer=2;top_ratio=0.25;score_scale=4.0;motif_weight=0.0;motif_radius=12;score_normalization=train_quantile;raw_border_score=0.255320;border_score=1.087889",0.15319830179214478,0.1437530219554901,0.7030487060546875
test_Seq_2492,2,2,"benchmark=nucleotide_transformer_downstream_tasks;dataset=splice_sites_all;matching=kmer_balanced;matching_signature=(10, 'AAA');border_estimator=center_window_kmer_jsd;estimator=center_jsd;window=48;search_radius=24;kmer=2;top_ratio=0.25;score_scale=4.0;motif_weight=0.0;motif_radius=12;score_normalization=train_quantile;raw_border_score=0.181298;border_score=0.921222",0.06976925581693649,0.06969127058982849,0.8605394959449768
test_Seq_2912,2,1,"benchmark=nucleotide_transformer_downstream_tasks;dataset=splice_sites_all;matching=kmer_balanced;matching_signature=(10, 'GGG');border_estimator=center_window_kmer_jsd;estimator=center_jsd;window=48;search_radius=24;kmer=2;top_ratio=0.25;score_scale=4.0;motif_weight=0.0;motif_radius=12;score_normalization=train_quantile;raw_border_score=0.185715;border_score=0.932556",0.3422832190990448,0.3505234122276306,0.3071933388710022
test_Seq_1943,1,2,"benchmark=nucleotide_transformer_downstream_tasks;dataset=splice_sites_all;matching=kmer_balanced;matching_signature=(9, 'AAG');border_estimator=center_window_kmer_jsd;estimator=center_jsd;window=48;search_radius=24;kmer=2;top_ratio=0.25;score_scale=4.0;motif_weight=0.0;motif_radius=12;score_normalization=train_quantile;raw_border_score=0.338236;border_score=1.170956",0.25456148386001587,0.25204411149024963,0.4933944046497345
test_Seq_1518,1,2,"benchmark=nucleotide_transformer_downstream_tasks;dataset=splice_sites_all;matching=kmer_balanced;matching_signature=(12, 'GGG');border_estimator=center_window_kmer_jsd;estimator=center_jsd;window=48;search_radius=24;kmer=2;top_ratio=0.25;score_scale=4.0;motif_weight=0.0;motif_radius=12;score_normalization=train_quantile;raw_border_score=0.175729;border_score=0.907089",0.11345630884170532,0.10485974699258804,0.7816839218139648
test_Seq_2004,2,2,"benchmark=nucleotide_transformer_downstream_tasks;dataset=splice_sites_all;matching=kmer_balanced;matching_signature=(8, 'TTT');border_estimator=center_window_kmer_jsd;estimator=center_jsd;window=48;search_radius=24;kmer=2;top_ratio=0.25;score_scale=4.0;motif_weight=0.0;motif_radius=12;score_normalization=train_quantile;raw_border_score=0.295989;border_score=1.141844",0.277116596698761,0.28032320737838745,0.44256022572517395
test_Seq_2535,2,2,"benchmark=nucleotide_transformer_downstream_tasks;dataset=splice_sites_all;matching=kmer_balanced;matching_signature=(9, 'TTT');border_estimator=center_window_kmer_jsd;estimator=center_jsd;window=48;search_radius=24;kmer=2;top_ratio=0.25;score_scale=4.0;motif_weight=0.0;motif_radius=12;score_normalization=train_quantile;raw_border_score=0.240269;border_score=1.059489",0.3081458806991577,0.3027989864349365,0.389055073261261
test_Seq_740,0,1,"benchmark=nucleotide_transformer_downstream_tasks;dataset=splice_sites_all;matching=kmer_balanced;matching_signature=(9, 'CTG');border_estimator=center_window_kmer_jsd;estimator=center_jsd;window=48;search_radius=24;kmer=2;top_ratio=0.25;score_scale=4.0;motif_weight=0.0;motif_radius=12;score_normalization=train_quantile;raw_border_score=0.201802;border_score=0.975578",0.3452991545200348,0.36465662717819214,0.29004421830177307
test_Seq_876,0,2,"benchmark=nucleotide_transformer_downstream_tasks;dataset=splice_sites_all;matching=kmer_balanced;matching_signature=(11, 'CTG');border_estimator=center_window_kmer_jsd;estimator=center_jsd;window=48;search_radius=24;kmer=2;top_ratio=0.25;score_scale=4.0;motif_weight=0.0;motif_radius=12;score_normalization=train_quantile;raw_border_score=0.123762;border_score=0.813356",0.3142888844013214,0.33970579504966736,0.3460053503513336
test_Seq_498,0,2,"benchmark=nucleotide_transformer_downstream_tasks;dataset=splice_sites_all;matching=kmer_balanced;matching_signature=(10, 'CCC');border_estimator=center_window_kmer_jsd;estimator=center_jsd;window=48;search_radius=24;kmer=2;top_ratio=0.25;score_scale=4.0;motif_weight=0.0;motif_radius=12;score_normalization=train_quantile;raw_border_score=0.304853;border_score=1.150156",0.24500134587287903,0.23911213874816895,0.5158865451812744
test_Seq_66,0,2,"benchmark=nucleotide_transformer_downstream_tasks;dataset=splice_sites_all;matching=kmer_balanced;matching_signature=(9, 'TTT');border_estimator=center_window_kmer_jsd;estimator=center_jsd;window=48;search_radius=24;kmer=2;top_ratio=0.25;score_scale=4.0;motif_weight=0.0;motif_radius=12;score_normalization=train_quantile;raw_border_score=0.331985;border_score=1.167267",0.14326980710029602,0.1358698308467865,0.7208603620529175
test_Seq_2069,2,2,"benchmark=nucleotide_transformer_downstream_tasks;dataset=splice_sites_all;matching=kmer_balanced;matching_signature=(7, 'TTT');border_estimator=center_window_kmer_jsd;estimator=center_jsd;window=48;search_radius=24;kmer=2;top_ratio=0.25;score_scale=4.0;motif_weight=0.0;motif_radius=12;score_normalization=train_quantile;raw_border_score=0.154540;border_score=0.856511",0.24007612466812134,0.23978528380393982,0.5201385617256165
test_Seq_2889,2,2,"benchmark=nucleotide_transformer_downstream_tasks;dataset=splice_sites_all;matching=kmer_balanced;matching_signature=(7, 'TTT');border_estimator=center_window_kmer_jsd;estimator=center_jsd;window=48;search_radius=24;kmer=2;top_ratio=0.25;score_scale=4.0;motif_weight=0.0;motif_radius=12;score_normalization=train_quantile;raw_border_score=0.286915;border_score=1.132867",0.24578426778316498,0.2382064312696457,0.5160093307495117
test_Seq_2328,2,2,"benchmark=nucleotide_transformer_downstream_tasks;dataset=splice_sites_all;matching=kmer_balanced;matching_signature=(14, 'GGG');border_estimator=center_window_kmer_jsd;estimator=center_jsd;window=48;search_radius=24;kmer=2;top_ratio=0.25;score_scale=4.0;motif_weight=0.0;motif_radius=12;score_normalization=train_quantile;raw_border_score=0.187740;border_score=0.938022",0.3006131947040558,0.3132346272468567,0.3861521780490875
test_Seq_1191,1,2,"benchmark=nucleotide_transformer_downstream_tasks;dataset=splice_sites_all;matching=kmer_balanced;matching_signature=(7, 'TTT');border_estimator=center_window_kmer_jsd;estimator=center_jsd;window=48;search_radius=24;kmer=2;top_ratio=0.25;score_scale=4.0;motif_weight=0.0;motif_radius=12;score_normalization=train_quantile;raw_border_score=0.306595;border_score=1.151178",0.19671574234962463,0.19505712389945984,0.6082271337509155
test_Seq_1243,1,2,"benchmark=nucleotide_transformer_downstream_tasks;dataset=splice_sites_all;matching=kmer_balanced;matching_signature=(12, 'CTG');border_estimator=center_window_kmer_jsd;estimator=center_jsd;window=48;search_radius=24;kmer=2;top_ratio=0.25;score_scale=4.0;motif_weight=0.0;motif_radius=12;score_normalization=train_quantile;raw_border_score=0.226098;border_score=1.032022",0.24678939580917358,0.24384792149066925,0.5093626976013184
test_Seq_50,0,2,"benchmark=nucleotide_transformer_downstream_tasks;dataset=splice_sites_all;matching=kmer_balanced;matching_signature=(10, 'TCT');border_estimator=center_window_kmer_jsd;estimator=center_jsd;window=48;search_radius=24;kmer=2;top_ratio=0.25;score_scale=4.0;motif_weight=0.0;motif_radius=12;score_normalization=train_quantile;raw_border_score=0.175413;border_score=0.906067",0.2115699201822281,0.20363715291023254,0.584792971611023
test_Seq_732,0,2,"benchmark=nucleotide_transformer_downstream_tasks;dataset=splice_sites_all;matching=kmer_balanced;matching_signature=(12, 'CTG');border_estimator=center_window_kmer_jsd;estimator=center_jsd;window=48;search_radius=24;kmer=2;top_ratio=0.25;score_scale=4.0;motif_weight=0.0;motif_radius=12;score_normalization=train_quantile;raw_border_score=0.150172;border_score=0.847933",0.17420759797096252,0.16742756962776184,0.6583648324012756
test_Seq_2193,2,1,"benchmark=nucleotide_transformer_downstream_tasks;dataset=splice_sites_all;matching=kmer_balanced;matching_signature=(7, 'TTT');border_estimator=center_window_kmer_jsd;estimator=center_jsd;window=48;search_radius=24;kmer=2;top_ratio=0.25;score_scale=4.0;motif_weight=0.0;motif_radius=12;score_normalization=train_quantile;raw_border_score=0.363578;border_score=1.181800",0.3423149287700653,0.37092751264572144,0.28675758838653564
test_Seq_680,0,2,"benchmark=nucleotide_transformer_downstream_tasks;dataset=splice_sites_all;matching=kmer_balanced;matching_signature=(10, 'TGG');border_estimator=center_window_kmer_jsd;estimator=center_jsd;window=48;search_radius=24;kmer=2;top_ratio=0.25;score_scale=4.0;motif_weight=0.0;motif_radius=12;score_normalization=train_quantile;raw_border_score=0.218920;border_score=1.016200",0.16434815526008606,0.16167275607585907,0.6739791035652161
test_Seq_564,0,2,"benchmark=nucleotide_transformer_downstream_tasks;dataset=splice_sites_all;matching=kmer_balanced;matching_signature=(7, 'AAA');border_estimator=center_window_kmer_jsd;estimator=center_jsd;window=48;search_radius=24;kmer=2;top_ratio=0.25;score_scale=4.0;motif_weight=0.0;motif_radius=12;score_normalization=train_quantile;raw_border_score=0.188768;border_score=0.940689",0.21420429646968842,0.21686673164367676,0.5689289569854736
test_Seq_666,0,1,"benchmark=nucleotide_transformer_downstream_tasks;dataset=splice_sites_all;matching=kmer_balanced;matching_signature=(12, 'CAG');border_estimator=center_window_kmer_jsd;estimator=center_jsd;window=48;search_radius=24;kmer=2;top_ratio=0.25;score_scale=4.0;motif_weight=0.0;motif_radius=12;score_normalization=train_quantile;raw_border_score=0.236166;border_score=1.051133",0.366199791431427,0.3913826048374176,0.24241755902767181
test_Seq_191,0,2,"benchmark=nucleotide_transformer_downstream_tasks;dataset=splice_sites_all;matching=kmer_balanced;matching_signature=(11, 'GGG');border_estimator=center_window_kmer_jsd;estimator=center_jsd;window=48;search_radius=24;kmer=2;top_ratio=0.25;score_scale=4.0;motif_weight=0.0;motif_radius=12;score_normalization=train_quantile;raw_border_score=0.122728;border_score=0.812511",0.3204885721206665,0.32929253578186035,0.35021889209747314
test_Seq_965,0,2,"benchmark=nucleotide_transformer_downstream_tasks;dataset=splice_sites_all;matching=kmer_balanced;matching_signature=(11, 'CTG');border_estimator=center_window_kmer_jsd;estimator=center_jsd;window=48;search_radius=24;kmer=2;top_ratio=0.25;score_scale=4.0;motif_weight=0.0;motif_radius=12;score_normalization=train_quantile;raw_border_score=0.302003;border_score=1.147933",0.20311595499515533,0.1960834115743637,0.6008006930351257
test_Seq_2454,2,2,"benchmark=nucleotide_transformer_downstream_tasks;dataset=splice_sites_all;matching=kmer_balanced;matching_signature=(8, 'TTT');border_estimator=center_window_kmer_jsd;estimator=center_jsd;window=48;search_radius=24;kmer=2;top_ratio=0.25;score_scale=4.0;motif_weight=0.0;motif_radius=12;score_normalization=train_quantile;raw_border_score=0.225643;border_score=1.031311",0.11189472675323486,0.11267084628343582,0.7754344344139099
test_Seq_2705,2,2,"benchmark=nucleotide_transformer_downstream_tasks;dataset=splice_sites_all;matching=kmer_balanced;matching_signature=(10, 'CCT');border_estimator=center_window_kmer_jsd;estimator=center_jsd;window=48;search_radius=24;kmer=2;top_ratio=0.25;score_scale=4.0;motif_weight=0.0;motif_radius=12;score_normalization=train_quantile;raw_border_score=0.151588;border_score=0.849933",0.09465290606021881,0.0911598652601242,0.8141872882843018
test_Seq_1016,1,2,"benchmark=nucleotide_transformer_downstream_tasks;dataset=splice_sites_all;matching=kmer_balanced;matching_signature=(14, 'GGG');border_estimator=center_window_kmer_jsd;estimator=center_jsd;window=48;search_radius=24;kmer=2;top_ratio=0.25;score_scale=4.0;motif_weight=0.0;motif_radius=12;score_normalization=train_quantile;raw_border_score=0.197589;border_score=0.964511",0.29286250472068787,0.31218263506889343,0.3949548602104187
test_Seq_1407,1,2,"benchmark=nucleotide_transformer_downstream_tasks;dataset=splice_sites_all;matching=kmer_balanced;matching_signature=(10, 'TCT');border_estimator=center_window_kmer_jsd;estimator=center_jsd;window=48;search_radius=24;kmer=2;top_ratio=0.25;score_scale=4.0;motif_weight=0.0;motif_radius=12;score_normalization=train_quantile;raw_border_score=0.296642;border_score=1.142511",0.19069336354732513,0.1904340237379074,0.6188726425170898
test_Seq_16,0,2,"benchmark=nucleotide_transformer_downstream_tasks;dataset=splice_sites_all;matching=kmer_balanced;matching_signature=(12, 'CCC');border_estimator=center_window_kmer_jsd;estimator=center_jsd;window=48;search_radius=24;kmer=2;top_ratio=0.25;score_scale=4.0;motif_weight=0.0;motif_radius=12;score_normalization=train_quantile;raw_border_score=0.197542;border_score=0.964422",0.27658313512802124,0.2840937674045563,0.4393230378627777
test_Seq_2764,2,2,"benchmark=nucleotide_transformer_downstream_tasks;dataset=splice_sites_all;matching=kmer_balanced;matching_signature=(6, 'TTT');border_estimator=center_window_kmer_jsd;estimator=center_jsd;window=48;search_radius=24;kmer=2;top_ratio=0.25;score_scale=4.0;motif_weight=0.0;motif_radius=12;score_normalization=train_quantile;raw_border_score=0.126789;border_score=0.816244",0.22562642395496368,0.22033943235874176,0.5540341734886169
test_Seq_773,0,2,"benchmark=nucleotide_transformer_downstream_tasks;dataset=splice_sites_all;matching=kmer_balanced;matching_signature=(7, 'TTT');border_estimator=center_window_kmer_jsd;estimator=center_jsd;window=48;search_radius=24;kmer=2;top_ratio=0.25;score_scale=4.0;motif_weight=0.0;motif_radius=12;score_normalization=train_quantile;raw_border_score=0.193275;border_score=0.952778",0.3277612328529358,0.3282026946544647,0.3440360128879547
test_Seq_2555,2,2,"benchmark=nucleotide_transformer_downstream_tasks;dataset=splice_sites_all;matching=kmer_balanced;matching_signature=(7, 'TTT');border_estimator=center_window_kmer_jsd;estimator=center_jsd;window=48;search_radius=24;kmer=2;top_ratio=0.25;score_scale=4.0;motif_weight=0.0;motif_radius=12;score_normalization=train_quantile;raw_border_score=0.165449;border_score=0.879933",0.27692940831184387,0.26498594880104065,0.45808467268943787
test_Seq_789,0,2,"benchmark=nucleotide_transformer_downstream_tasks;dataset=splice_sites_all;matching=kmer_balanced;matching_signature=(6, 'TTT');border_estimator=center_window_kmer_jsd;estimator=center_jsd;window=48;search_radius=24;kmer=2;top_ratio=0.25;score_scale=4.0;motif_weight=0.0;motif_radius=12;score_normalization=train_quantile;raw_border_score=0.331575;border_score=1.167089",0.2969456613063812,0.30541300773620605,0.39764130115509033
test_Seq_2694,2,2,"benchmark=nucleotide_transformer_downstream_tasks;dataset=splice_sites_all;matching=kmer_balanced;matching_signature=(12, 'CAG');border_estimator=center_window_kmer_jsd;estimator=center_jsd;window=48;search_radius=24;kmer=2;top_ratio=0.25;score_scale=4.0;motif_weight=0.0;motif_radius=12;score_normalization=train_quantile;raw_border_score=0.245468;border_score=1.070111",0.2801631987094879,0.27812111377716064,0.4417157471179962
test_Seq_2717,2,2,"benchmark=nucleotide_transformer_downstream_tasks;dataset=splice_sites_all;matching=kmer_balanced;matching_signature=(8, 'TTT');border_estimator=center_window_kmer_jsd;estimator=center_jsd;window=48;search_radius=24;kmer=2;top_ratio=0.25;score_scale=4.0;motif_weight=0.0;motif_radius=12;score_normalization=train_quantile;raw_border_score=0.182839;border_score=0.924467",0.21245551109313965,0.2212463915348053,0.5662981271743774
test_Seq_2103,2,2,"benchmark=nucleotide_transformer_downstream_tasks;dataset=splice_sites_all;matching=kmer_balanced;matching_signature=(5, 'TTT');border_estimator=center_window_kmer_jsd;estimator=center_jsd;window=48;search_radius=24;kmer=2;top_ratio=0.25;score_scale=4.0;motif_weight=0.0;motif_radius=12;score_normalization=train_quantile;raw_border_score=0.187902;border_score=0.938644",0.16136643290519714,0.15415525436401367,0.6844782829284668
test_Seq_2838,2,2,"benchmark=nucleotide_transformer_downstream_tasks;dataset=splice_sites_all;matching=kmer_balanced;matching_signature=(8, 'TTT');border_estimator=center_window_kmer_jsd;estimator=center_jsd;window=48;search_radius=24;kmer=2;top_ratio=0.25;score_scale=4.0;motif_weight=0.0;motif_radius=12;score_normalization=train_quantile;raw_border_score=0.133892;border_score=0.824067",0.1619255095720291,0.16032572090625763,0.6777487397193909
test_Seq_1142,1,2,"benchmark=nucleotide_transformer_downstream_tasks;dataset=splice_sites_all;matching=kmer_balanced;matching_signature=(11, 'AGG');border_estimator=center_window_kmer_jsd;estimator=center_jsd;window=48;search_radius=24;kmer=2;top_ratio=0.25;score_scale=4.0;motif_weight=0.0;motif_radius=12;score_normalization=train_quantile;raw_border_score=0.151050;border_score=0.849089",0.17859695851802826,0.17486442625522614,0.6465386152267456
test_Seq_305,0,2,"benchmark=nucleotide_transformer_downstream_tasks;dataset=splice_sites_all;matching=kmer_balanced;matching_signature=(9, 'TTT');border_estimator=center_window_kmer_jsd;estimator=center_jsd;window=48;search_radius=24;kmer=2;top_ratio=0.25;score_scale=4.0;motif_weight=0.0;motif_radius=12;score_normalization=train_quantile;raw_border_score=0.249682;border_score=1.078511",0.17985960841178894,0.17559586465358734,0.6445445418357849
test_Seq_229,0,1,"benchmark=nucleotide_transformer_downstream_tasks;dataset=splice_sites_all;matching=kmer_balanced;matching_signature=(10, 'TCT');border_estimator=center_window_kmer_jsd;estimator=center_jsd;window=48;search_radius=24;kmer=2;top_ratio=0.25;score_scale=4.0;motif_weight=0.0;motif_radius=12;score_normalization=train_quantile;raw_border_score=0.316770;border_score=1.158689",0.3291209042072296,0.3524196445941925,0.3184594213962555
test_Seq_2299,2,2,"benchmark=nucleotide_transformer_downstream_tasks;dataset=splice_sites_all;matching=kmer_balanced;matching_signature=(6, 'AAA');border_estimator=center_window_kmer_jsd;estimator=center_jsd;window=48;search_radius=24;kmer=2;top_ratio=0.25;score_scale=4.0;motif_weight=0.0;motif_radius=12;score_normalization=train_quantile;raw_border_score=0.245963;border_score=1.071044",0.2482800930738449,0.2573270797729492,0.4943928122520447
test_Seq_1906,1,2,"benchmark=nucleotide_transformer_downstream_tasks;dataset=splice_sites_all;matching=kmer_balanced;matching_signature=(8, 'AAA');border_estimator=center_window_kmer_jsd;estimator=center_jsd;window=48;search_radius=24;kmer=2;top_ratio=0.25;score_scale=4.0;motif_weight=0.0;motif_radius=12;score_normalization=train_quantile;raw_border_score=0.134484;border_score=0.824600",0.2405356764793396,0.24330194294452667,0.5161623954772949
test_Seq_2722,2,2,"benchmark=nucleotide_transformer_downstream_tasks;dataset=splice_sites_all;matching=kmer_balanced;matching_signature=(10, 'CTG');border_estimator=center_window_kmer_jsd;estimator=center_jsd;window=48;search_radius=24;kmer=2;top_ratio=0.25;score_scale=4.0;motif_weight=0.0;motif_radius=12;score_normalization=train_quantile;raw_border_score=0.281655;border_score=1.125889",0.12638449668884277,0.1252998411655426,0.748315691947937
test_Seq_2618,2,2,"benchmark=nucleotide_transformer_downstream_tasks;dataset=splice_sites_all;matching=kmer_balanced;matching_signature=(10, 'AGG');border_estimator=center_window_kmer_jsd;estimator=center_jsd;window=48;search_radius=24;kmer=2;top_ratio=0.25;score_scale=4.0;motif_weight=0.0;motif_radius=12;score_normalization=train_quantile;raw_border_score=0.208006;border_score=0.990111",0.23911957442760468,0.2392987310886383,0.5215816497802734
test_Seq_1381,1,2,"benchmark=nucleotide_transformer_downstream_tasks;dataset=splice_sites_all;matching=kmer_balanced;matching_signature=(13, 'CCC');border_estimator=center_window_kmer_jsd;estimator=center_jsd;window=48;search_radius=24;kmer=2;top_ratio=0.25;score_scale=4.0;motif_weight=0.0;motif_radius=12;score_normalization=train_quantile;raw_border_score=0.237324;border_score=1.053267",0.30705726146698,0.3236648440361023,0.3692779242992401
test_Seq_2336,2,2,"benchmark=nucleotide_transformer_downstream_tasks;dataset=splice_sites_all;matching=kmer_balanced;matching_signature=(9, 'TGA');border_estimator=center_window_kmer_jsd;estimator=center_jsd;window=48;search_radius=24;kmer=2;top_ratio=0.25;score_scale=4.0;motif_weight=0.0;motif_radius=12;score_normalization=train_quantile;raw_border_score=0.176257;border_score=0.908867",0.306404709815979,0.30900150537490845,0.38459378480911255
test_Seq_1175,1,1,"benchmark=nucleotide_transformer_downstream_tasks;dataset=splice_sites_all;matching=kmer_balanced;matching_signature=(13, 'CCC');border_estimator=center_window_kmer_jsd;estimator=center_jsd;window=48;search_radius=24;kmer=2;top_ratio=0.25;score_scale=4.0;motif_weight=0.0;motif_radius=12;score_normalization=train_quantile;raw_border_score=0.214646;border_score=1.005356",0.3226979672908783,0.3577936589717865,0.31950843334198
test_Seq_421,0,2,"benchmark=nucleotide_transformer_downstream_tasks;dataset=splice_sites_all;matching=kmer_balanced;matching_signature=(7, 'TTT');border_estimator=center_window_kmer_jsd;estimator=center_jsd;window=48;search_radius=24;kmer=2;top_ratio=0.25;score_scale=4.0;motif_weight=0.0;motif_radius=12;score_normalization=train_quantile;raw_border_score=0.282499;border_score=1.127044",0.32539063692092896,0.33464568853378296,0.33996373414993286
test_Seq_2636,2,2,"benchmark=nucleotide_transformer_downstream_tasks;dataset=splice_sites_all;matching=kmer_balanced;matching_signature=(7, 'TTT');border_estimator=center_window_kmer_jsd;estimator=center_jsd;window=48;search_radius=24;kmer=2;top_ratio=0.25;score_scale=4.0;motif_weight=0.0;motif_radius=12;score_normalization=train_quantile;raw_border_score=0.242604;border_score=1.065000",0.16666418313980103,0.16375619173049927,0.6695796847343445
test_Seq_2411,2,2,"benchmark=nucleotide_transformer_downstream_tasks;dataset=splice_sites_all;matching=kmer_balanced;matching_signature=(8, 'TTT');border_estimator=center_window_kmer_jsd;estimator=center_jsd;window=48;search_radius=24;kmer=2;top_ratio=0.25;score_scale=4.0;motif_weight=0.0;motif_radius=12;score_normalization=train_quantile;raw_border_score=0.258854;border_score=1.093533",0.11013828963041306,0.10445322096347809,0.7854084372520447
test_Seq_2175,2,2,"benchmark=nucleotide_transformer_downstream_tasks;dataset=splice_sites_all;matching=kmer_balanced;matching_signature=(7, 'TTT');border_estimator=center_window_kmer_jsd;estimator=center_jsd;window=48;search_radius=24;kmer=2;top_ratio=0.25;score_scale=4.0;motif_weight=0.0;motif_radius=12;score_normalization=train_quantile;raw_border_score=0.323970;border_score=1.163178",0.18614502251148224,0.17780183255672455,0.6360531449317932
test_Seq_2437,2,2,"benchmark=nucleotide_transformer_downstream_tasks;dataset=splice_sites_all;matching=kmer_balanced;matching_signature=(12, 'GGG');border_estimator=center_window_kmer_jsd;estimator=center_jsd;window=48;search_radius=24;kmer=2;top_ratio=0.25;score_scale=4.0;motif_weight=0.0;motif_radius=12;score_normalization=train_quantile;raw_border_score=0.240353;border_score=1.059667",0.3187524080276489,0.3334595263004303,0.34778809547424316
test_Seq_2613,2,2,"benchmark=nucleotide_transformer_downstream_tasks;dataset=splice_sites_all;matching=kmer_balanced;matching_signature=(6, 'AAA');border_estimator=center_window_kmer_jsd;estimator=center_jsd;window=48;search_radius=24;kmer=2;top_ratio=0.25;score_scale=4.0;motif_weight=0.0;motif_radius=12;score_normalization=train_quantile;raw_border_score=0.129470;border_score=0.818867",0.293053537607193,0.30484527349472046,0.4021012485027313
test_Seq_1948,1,2,"benchmark=nucleotide_transformer_downstream_tasks;dataset=splice_sites_all;matching=kmer_balanced;matching_signature=(7, 'TTT');border_estimator=center_window_kmer_jsd;estimator=center_jsd;window=48;search_radius=24;kmer=2;top_ratio=0.25;score_scale=4.0;motif_weight=0.0;motif_radius=12;score_normalization=train_quantile;raw_border_score=0.185158;border_score=0.931044",0.24832801520824432,0.25229689478874207,0.4993751049041748
test_Seq_2049,2,2,"benchmark=nucleotide_transformer_downstream_tasks;dataset=splice_sites_all;matching=kmer_balanced;matching_signature=(8, 'TCT');border_estimator=center_window_kmer_jsd;estimator=center_jsd;window=48;search_radius=24;kmer=2;top_ratio=0.25;score_scale=4.0;motif_weight=0.0;motif_radius=12;score_normalization=train_quantile;raw_border_score=0.197340;border_score=0.963889",0.19515788555145264,0.17924346029758453,0.625598669052124
test_Seq_1255,1,2,"benchmark=nucleotide_transformer_downstream_tasks;dataset=splice_sites_all;matching=kmer_balanced;matching_signature=(8, 'AAA');border_estimator=center_window_kmer_jsd;estimator=center_jsd;window=48;search_radius=24;kmer=2;top_ratio=0.25;score_scale=4.0;motif_weight=0.0;motif_radius=12;score_normalization=train_quantile;raw_border_score=0.270272;border_score=1.110689",0.22169645130634308,0.22048604488372803,0.5578175187110901
test_Seq_265,0,2,"benchmark=nucleotide_transformer_downstream_tasks;dataset=splice_sites_all;matching=kmer_balanced;matching_signature=(13, 'CCC');border_estimator=center_window_kmer_jsd;estimator=center_jsd;window=48;search_radius=24;kmer=2;top_ratio=0.25;score_scale=4.0;motif_weight=0.0;motif_radius=12;score_normalization=train_quantile;raw_border_score=0.156140;border_score=0.859578",0.1811194270849228,0.17374253273010254,0.6451380252838135
test_Seq_1505,1,2,"benchmark=nucleotide_transformer_downstream_tasks;dataset=splice_sites_all;matching=kmer_balanced;matching_signature=(11, 'CTG');border_estimator=center_window_kmer_jsd;estimator=center_jsd;window=48;search_radius=24;kmer=2;top_ratio=0.25;score_scale=4.0;motif_weight=0.0;motif_radius=12;score_normalization=train_quantile;raw_border_score=0.213842;border_score=1.003933",0.3054501414299011,0.3091898262500763,0.3853600025177002
test_Seq_2068,2,1,"benchmark=nucleotide_transformer_downstream_tasks;dataset=splice_sites_all;matching=kmer_balanced;matching_signature=(12, 'GGG');border_estimator=center_window_kmer_jsd;estimator=center_jsd;window=48;search_radius=24;kmer=2;top_ratio=0.25;score_scale=4.0;motif_weight=0.0;motif_radius=12;score_normalization=train_quantile;raw_border_score=0.229585;border_score=1.038956",0.35794490575790405,0.37682437896728516,0.2652306854724884
test_Seq_1547,1,2,"benchmark=nucleotide_transformer_downstream_tasks;dataset=splice_sites_all;matching=kmer_balanced;matching_signature=(7, 'AAA');border_estimator=center_window_kmer_jsd;estimator=center_jsd;window=48;search_radius=24;kmer=2;top_ratio=0.25;score_scale=4.0;motif_weight=0.0;motif_radius=12;score_normalization=train_quantile;raw_border_score=0.127649;border_score=0.816956",0.21186721324920654,0.20761024951934814,0.5805225968360901
test_Seq_1283,1,2,"benchmark=nucleotide_transformer_downstream_tasks;dataset=splice_sites_all;matching=kmer_balanced;matching_signature=(7, 'TGA');border_estimator=center_window_kmer_jsd;estimator=center_jsd;window=48;search_radius=24;kmer=2;top_ratio=0.25;score_scale=4.0;motif_weight=0.0;motif_radius=12;score_normalization=train_quantile;raw_border_score=0.217897;border_score=1.013489",0.2818484306335449,0.29532286524772644,0.42282870411872864
test_Seq_2948,2,2,"benchmark=nucleotide_transformer_downstream_tasks;dataset=splice_sites_all;matching=kmer_balanced;matching_signature=(7, 'TTT');border_estimator=center_window_kmer_jsd;estimator=center_jsd;window=48;search_radius=24;kmer=2;top_ratio=0.25;score_scale=4.0;motif_weight=0.0;motif_radius=12;score_normalization=train_quantile;raw_border_score=0.159035;border_score=0.865444",0.20369821786880493,0.19812704622745514,0.5981746912002563
test_Seq_630,0,2,"benchmark=nucleotide_transformer_downstream_tasks;dataset=splice_sites_all;matching=kmer_balanced;matching_signature=(12, 'CTG');border_estimator=center_window_kmer_jsd;estimator=center_jsd;window=48;search_radius=24;kmer=2;top_ratio=0.25;score_scale=4.0;motif_weight=0.0;motif_radius=12;score_normalization=train_quantile;raw_border_score=0.310232;border_score=1.154289",0.25788530707359314,0.2515365183353424,0.49057817459106445
test_Seq_1096,1,2,"benchmark=nucleotide_transformer_downstream_tasks;dataset=splice_sites_all;matching=kmer_balanced;matching_signature=(7, 'AAA');border_estimator=center_window_kmer_jsd;estimator=center_jsd;window=48;search_radius=24;kmer=2;top_ratio=0.25;score_scale=4.0;motif_weight=0.0;motif_radius=12;score_normalization=train_quantile;raw_border_score=0.148297;border_score=0.844422",0.28676655888557434,0.282621294260025,0.43061214685440063
test_Seq_2697,2,2,"benchmark=nucleotide_transformer_downstream_tasks;dataset=splice_sites_all;matching=kmer_balanced;matching_signature=(14, 'GGG');border_estimator=center_window_kmer_jsd;estimator=center_jsd;window=48;search_radius=24;kmer=2;top_ratio=0.25;score_scale=4.0;motif_weight=0.0;motif_radius=12;score_normalization=train_quantile;raw_border_score=0.258345;border_score=1.092733",0.14777642488479614,0.1393814980983734,0.7128420472145081
test_Seq_2314,2,2,"benchmark=nucleotide_transformer_downstream_tasks;dataset=splice_sites_all;matching=kmer_balanced;matching_signature=(9, 'CTC');border_estimator=center_window_kmer_jsd;estimator=center_jsd;window=48;search_radius=24;kmer=2;top_ratio=0.25;score_scale=4.0;motif_weight=0.0;motif_radius=12;score_normalization=train_quantile;raw_border_score=0.289728;border_score=1.136156",0.06927032768726349,0.06365681439638138,0.8670728206634521
test_Seq_1870,1,2,"benchmark=nucleotide_transformer_downstream_tasks;dataset=splice_sites_all;matching=kmer_balanced;matching_signature=(8, 'AAA');border_estimator=center_window_kmer_jsd;estimator=center_jsd;window=48;search_radius=24;kmer=2;top_ratio=0.25;score_scale=4.0;motif_weight=0.0;motif_radius=12;score_normalization=train_quantile;raw_border_score=0.216170;border_score=1.009444",0.18272557854652405,0.17433783411979675,0.6429365277290344
test_Seq_2604,2,2,"benchmark=nucleotide_transformer_downstream_tasks;dataset=splice_sites_all;matching=kmer_balanced;matching_signature=(7, 'TTT');border_estimator=center_window_kmer_jsd;estimator=center_jsd;window=48;search_radius=24;kmer=2;top_ratio=0.25;score_scale=4.0;motif_weight=0.0;motif_radius=12;score_normalization=train_quantile;raw_border_score=0.209504;border_score=0.994156",0.19532054662704468,0.1942393183708191,0.6104400753974915
test_Seq_1572,1,2,"benchmark=nucleotide_transformer_downstream_tasks;dataset=splice_sites_all;matching=kmer_balanced;matching_signature=(10, 'GGG');border_estimator=center_window_kmer_jsd;estimator=center_jsd;window=48;search_radius=24;kmer=2;top_ratio=0.25;score_scale=4.0;motif_weight=0.0;motif_radius=12;score_normalization=train_quantile;raw_border_score=0.320997;border_score=1.161622",0.25355568528175354,0.2583651542663574,0.48807916045188904
test_Seq_809,0,2,"benchmark=nucleotide_transformer_downstream_tasks;dataset=splice_sites_all;matching=kmer_balanced;matching_signature=(12, 'GGG');border_estimator=center_window_kmer_jsd;estimator=center_jsd;window=48;search_radius=24;kmer=2;top_ratio=0.25;score_scale=4.0;motif_weight=0.0;motif_radius=12;score_normalization=train_quantile;raw_border_score=0.142163;border_score=0.834289",0.22876283526420593,0.24034559726715088,0.5308915376663208
test_Seq_2684,2,2,"benchmark=nucleotide_transformer_downstream_tasks;dataset=splice_sites_all;matching=kmer_balanced;matching_signature=(7, 'TTT');border_estimator=center_window_kmer_jsd;estimator=center_jsd;window=48;search_radius=24;kmer=2;top_ratio=0.25;score_scale=4.0;motif_weight=0.0;motif_radius=12;score_normalization=train_quantile;raw_border_score=0.274862;border_score=1.117000",0.23904486000537872,0.24373562633991241,0.5172195434570312
test_Seq_2724,2,2,"benchmark=nucleotide_transformer_downstream_tasks;dataset=splice_sites_all;matching=kmer_balanced;matching_signature=(6, 'AAA');border_estimator=center_window_kmer_jsd;estimator=center_jsd;window=48;search_radius=24;kmer=2;top_ratio=0.25;score_scale=4.0;motif_weight=0.0;motif_radius=12;score_normalization=train_quantile;raw_border_score=0.123477;border_score=0.813044",0.31771838665008545,0.32219576835632324,0.3600859045982361
test_Seq_1820,1,2,"benchmark=nucleotide_transformer_downstream_tasks;dataset=splice_sites_all;matching=kmer_balanced;matching_signature=(9, 'TGG');border_estimator=center_window_kmer_jsd;estimator=center_jsd;window=48;search_radius=24;kmer=2;top_ratio=0.25;score_scale=4.0;motif_weight=0.0;motif_radius=12;score_normalization=train_quantile;raw_border_score=0.154561;border_score=0.856511",0.19123052060604095,0.1903248280286789,0.6184446811676025
test_Seq_1093,1,2,"benchmark=nucleotide_transformer_downstream_tasks;dataset=splice_sites_all;matching=kmer_balanced;matching_signature=(6, 'AAA');border_estimator=center_window_kmer_jsd;estimator=center_jsd;window=48;search_radius=24;kmer=2;top_ratio=0.25;score_scale=4.0;motif_weight=0.0;motif_radius=12;score_normalization=train_quantile;raw_border_score=0.188083;border_score=0.939133",0.26988255977630615,0.26981163024902344,0.4603058397769928
test_Seq_1053,1,2,"benchmark=nucleotide_transformer_downstream_tasks;dataset=splice_sites_all;matching=kmer_balanced;matching_signature=(8, 'AAA');border_estimator=center_window_kmer_jsd;estimator=center_jsd;window=48;search_radius=24;kmer=2;top_ratio=0.25;score_scale=4.0;motif_weight=0.0;motif_radius=12;score_normalization=train_quantile;raw_border_score=0.188704;border_score=0.940422",0.28395217657089233,0.27534642815589905,0.4407014846801758
test_Seq_1418,1,2,"benchmark=nucleotide_transformer_downstream_tasks;dataset=splice_sites_all;matching=kmer_balanced;matching_signature=(9, 'AAA');border_estimator=center_window_kmer_jsd;estimator=center_jsd;window=48;search_radius=24;kmer=2;top_ratio=0.25;score_scale=4.0;motif_weight=0.0;motif_radius=12;score_normalization=train_quantile;raw_border_score=0.341972;border_score=1.172911",0.2334814965724945,0.22725355625152588,0.5392649173736572
test_Seq_419,0,2,"benchmark=nucleotide_transformer_downstream_tasks;dataset=splice_sites_all;matching=kmer_balanced;matching_signature=(13, 'CCC');border_estimator=center_window_kmer_jsd;estimator=center_jsd;window=48;search_radius=24;kmer=2;top_ratio=0.25;score_scale=4.0;motif_weight=0.0;motif_radius=12;score_normalization=train_quantile;raw_border_score=0.192129;border_score=0.949978",0.14150667190551758,0.1302061676979065,0.7282871603965759
test_Seq_609,0,2,"benchmark=nucleotide_transformer_downstream_tasks;dataset=splice_sites_all;matching=kmer_balanced;matching_signature=(8, 'TTT');border_estimator=center_window_kmer_jsd;estimator=center_jsd;window=48;search_radius=24;kmer=2;top_ratio=0.25;score_scale=4.0;motif_weight=0.0;motif_radius=12;score_normalization=train_quantile;raw_border_score=0.397926;border_score=1.189756",0.12654295563697815,0.12382785975933075,0.7496291995048523
test_Seq_2991,2,2,"benchmark=nucleotide_transformer_downstream_tasks;dataset=splice_sites_all;matching=kmer_balanced;matching_signature=(6, 'AAA');border_estimator=center_window_kmer_jsd;estimator=center_jsd;window=48;search_radius=24;kmer=2;top_ratio=0.25;score_scale=4.0;motif_weight=0.0;motif_radius=12;score_normalization=train_quantile;raw_border_score=0.170047;border_score=0.890956",0.2093997448682785,0.19704189896583557,0.5935583114624023
test_Seq_2470,2,2,"benchmark=nucleotide_transformer_downstream_tasks;dataset=splice_sites_all;matching=kmer_balanced;matching_signature=(12, 'GGG');border_estimator=center_window_kmer_jsd;estimator=center_jsd;window=48;search_radius=24;kmer=2;top_ratio=0.25;score_scale=4.0;motif_weight=0.0;motif_radius=12;score_normalization=train_quantile;raw_border_score=0.264449;border_score=1.102733",0.06009276956319809,0.060823339968919754,0.8790838718414307
test_Seq_1829,1,2,"benchmark=nucleotide_transformer_downstream_tasks;dataset=splice_sites_all;matching=kmer_balanced;matching_signature=(11, 'AGG');border_estimator=center_window_kmer_jsd;estimator=center_jsd;window=48;search_radius=24;kmer=2;top_ratio=0.25;score_scale=4.0;motif_weight=0.0;motif_radius=12;score_normalization=train_quantile;raw_border_score=0.189491;border_score=0.942644",0.23899145424365997,0.24007155001163483,0.5209370255470276
test_Seq_980,0,2,"benchmark=nucleotide_transformer_downstream_tasks;dataset=splice_sites_all;matching=kmer_balanced;matching_signature=(8, 'TTT');border_estimator=center_window_kmer_jsd;estimator=center_jsd;window=48;search_radius=24;kmer=2;top_ratio=0.25;score_scale=4.0;motif_weight=0.0;motif_radius=12;score_normalization=train_quantile;raw_border_score=0.432908;border_score=1.193444",0.1492144912481308,0.14540624618530273,0.7053792476654053
test_Seq_1068,1,1,"benchmark=nucleotide_transformer_downstream_tasks;dataset=splice_sites_all;matching=kmer_balanced;matching_signature=(9, 'TTT');border_estimator=center_window_kmer_jsd;estimator=center_jsd;window=48;search_radius=24;kmer=2;top_ratio=0.25;score_scale=4.0;motif_weight=0.0;motif_radius=12;score_normalization=train_quantile;raw_border_score=0.289205;border_score=1.135711",0.34421882033348083,0.35329630970954895,0.302484929561615
test_Seq_1361,1,2,"benchmark=nucleotide_transformer_downstream_tasks;dataset=splice_sites_all;matching=kmer_balanced;matching_signature=(10, 'CCT');border_estimator=center_window_kmer_jsd;estimator=center_jsd;window=48;search_radius=24;kmer=2;top_ratio=0.25;score_scale=4.0;motif_weight=0.0;motif_radius=12;score_normalization=train_quantile;raw_border_score=0.135135;border_score=0.825311",0.26939645409584045,0.2729454040527344,0.4576580822467804
test_Seq_2342,2,2,"benchmark=nucleotide_transformer_downstream_tasks;dataset=splice_sites_all;matching=kmer_balanced;matching_signature=(9, 'TTT');border_estimator=center_window_kmer_jsd;estimator=center_jsd;window=48;search_radius=24;kmer=2;top_ratio=0.25;score_scale=4.0;motif_weight=0.0;motif_radius=12;score_normalization=train_quantile;raw_border_score=0.290335;border_score=1.136556",0.25699296593666077,0.25503161549568176,0.48797541856765747
test_Seq_625,0,2,"benchmark=nucleotide_transformer_downstream_tasks;dataset=splice_sites_all;matching=kmer_balanced;matching_signature=(10, 'TTT');border_estimator=center_window_kmer_jsd;estimator=center_jsd;window=48;search_radius=24;kmer=2;top_ratio=0.25;score_scale=4.0;motif_weight=0.0;motif_radius=12;score_normalization=train_quantile;raw_border_score=0.290833;border_score=1.137044",0.3121783435344696,0.32272812724113464,0.36509352922439575
test_Seq_1947,1,2,"benchmark=nucleotide_transformer_downstream_tasks;dataset=splice_sites_all;matching=kmer_balanced;matching_signature=(8, 'AAG');border_estimator=center_window_kmer_jsd;estimator=center_jsd;window=48;search_radius=24;kmer=2;top_ratio=0.25;score_scale=4.0;motif_weight=0.0;motif_radius=12;score_normalization=train_quantile;raw_border_score=0.162362;border_score=0.872244",0.2407529503107071,0.2577030658721924,0.5015440583229065
test_Seq_2296,2,2,"benchmark=nucleotide_transformer_downstream_tasks;dataset=splice_sites_all;matching=kmer_balanced;matching_signature=(6, 'TTT');border_estimator=center_window_kmer_jsd;estimator=center_jsd;window=48;search_radius=24;kmer=2;top_ratio=0.25;score_scale=4.0;motif_weight=0.0;motif_radius=12;score_normalization=train_quantile;raw_border_score=0.168150;border_score=0.886911",0.32294169068336487,0.3311104476451874,0.34594786167144775
test_Seq_269,0,2,"benchmark=nucleotide_transformer_downstream_tasks;dataset=splice_sites_all;matching=kmer_balanced;matching_signature=(5, 'TTT');border_estimator=center_window_kmer_jsd;estimator=center_jsd;window=48;search_radius=24;kmer=2;top_ratio=0.25;score_scale=4.0;motif_weight=0.0;motif_radius=12;score_normalization=train_quantile;raw_border_score=0.307332;border_score=1.151667",0.21200135350227356,0.21812255680561066,0.5698760747909546
test_Seq_150,0,2,"benchmark=nucleotide_transformer_downstream_tasks;dataset=splice_sites_all;matching=kmer_balanced;matching_signature=(10, 'CTC');border_estimator=center_window_kmer_jsd;estimator=center_jsd;window=48;search_radius=24;kmer=2;top_ratio=0.25;score_scale=4.0;motif_weight=0.0;motif_radius=12;score_normalization=train_quantile;raw_border_score=0.279688;border_score=1.123667",0.18283790349960327,0.17550532519817352,0.6416568160057068
test_Seq_799,0,2,"benchmark=nucleotide_transformer_downstream_tasks;dataset=splice_sites_all;matching=kmer_balanced;matching_signature=(12, 'CAG');border_estimator=center_window_kmer_jsd;estimator=center_jsd;window=48;search_radius=24;kmer=2;top_ratio=0.25;score_scale=4.0;motif_weight=0.0;motif_radius=12;score_normalization=train_quantile;raw_border_score=0.393340;border_score=1.188867",0.14179247617721558,0.13539853692054749,0.7228089570999146
test_Seq_1664,1,2,"benchmark=nucleotide_transformer_downstream_tasks;dataset=splice_sites_all;matching=kmer_balanced;matching_signature=(11, 'GGG');border_estimator=center_window_kmer_jsd;estimator=center_jsd;window=48;search_radius=24;kmer=2;top_ratio=0.25;score_scale=4.0;motif_weight=0.0;motif_radius=12;score_normalization=train_quantile;raw_border_score=0.290580;border_score=1.136644",0.15340746939182281,0.14723753929138184,0.6993549466133118
test_Seq_652,0,1,"benchmark=nucleotide_transformer_downstream_tasks;dataset=splice_sites_all;matching=kmer_balanced;matching_signature=(6, 'TTT');border_estimator=center_window_kmer_jsd;estimator=center_jsd;window=48;search_radius=24;kmer=2;top_ratio=0.25;score_scale=4.0;motif_weight=0.0;motif_radius=12;score_normalization=train_quantile;raw_border_score=0.248916;border_score=1.077000",0.34864291548728943,0.36324986815452576,0.2881072163581848
test_Seq_32,0,2,"benchmark=nucleotide_transformer_downstream_tasks;dataset=splice_sites_all;matching=kmer_balanced;matching_signature=(13, 'GGG');border_estimator=center_window_kmer_jsd;estimator=center_jsd;window=48;search_radius=24;kmer=2;top_ratio=0.25;score_scale=4.0;motif_weight=0.0;motif_radius=12;score_normalization=train_quantile;raw_border_score=0.308898;border_score=1.153133",0.22138611972332,0.2293540984392166,0.5492597222328186
test_Seq_784,0,2,"benchmark=nucleotide_transformer_downstream_tasks;dataset=splice_sites_all;matching=kmer_balanced;matching_signature=(11, 'CAG');border_estimator=center_window_kmer_jsd;estimator=center_jsd;window=48;search_radius=24;kmer=2;top_ratio=0.25;score_scale=4.0;motif_weight=0.0;motif_radius=12;score_normalization=train_quantile;raw_border_score=0.183543;border_score=0.926200",0.2926000952720642,0.29444584250450134,0.41295403242111206
test_Seq_755,0,2,"benchmark=nucleotide_transformer_downstream_tasks;dataset=splice_sites_all;matching=kmer_balanced;matching_signature=(13, 'CCC');border_estimator=center_window_kmer_jsd;estimator=center_jsd;window=48;search_radius=24;kmer=2;top_ratio=0.25;score_scale=4.0;motif_weight=0.0;motif_radius=12;score_normalization=train_quantile;raw_border_score=0.211976;border_score=0.999667",0.31267398595809937,0.32963287830352783,0.3576931357383728
test_Seq_864,0,2,"benchmark=nucleotide_transformer_downstream_tasks;dataset=splice_sites_all;matching=kmer_balanced;matching_signature=(7, 'AAA');border_estimator=center_window_kmer_jsd;estimator=center_jsd;window=48;search_radius=24;kmer=2;top_ratio=0.25;score_scale=4.0;motif_weight=0.0;motif_radius=12;score_normalization=train_quantile;raw_border_score=0.251519;border_score=1.081622",0.21307425200939178,0.21644042432308197,0.5704852938652039
test_Seq_2860,2,2,"benchmark=nucleotide_transformer_downstream_tasks;dataset=splice_sites_all;matching=kmer_balanced;matching_signature=(6, 'TTT');border_estimator=center_window_kmer_jsd;estimator=center_jsd;window=48;search_radius=24;kmer=2;top_ratio=0.25;score_scale=4.0;motif_weight=0.0;motif_radius=12;score_normalization=train_quantile;raw_border_score=0.325545;border_score=1.164067",0.16534745693206787,0.15349739789962769,0.6811552047729492
test_Seq_685,0,2,"benchmark=nucleotide_transformer_downstream_tasks;dataset=splice_sites_all;matching=kmer_balanced;matching_signature=(7, 'AAA');border_estimator=center_window_kmer_jsd;estimator=center_jsd;window=48;search_radius=24;kmer=2;top_ratio=0.25;score_scale=4.0;motif_weight=0.0;motif_radius=12;score_normalization=train_quantile;raw_border_score=0.317078;border_score=1.159000",0.22652943432331085,0.23354053497314453,0.539929986000061
test_Seq_1937,1,2,"benchmark=nucleotide_transformer_downstream_tasks;dataset=splice_sites_all;matching=kmer_balanced;matching_signature=(9, 'TTT');border_estimator=center_window_kmer_jsd;estimator=center_jsd;window=48;search_radius=24;kmer=2;top_ratio=0.25;score_scale=4.0;motif_weight=0.0;motif_radius=12;score_normalization=train_quantile;raw_border_score=0.287423;border_score=1.133267",0.29124513268470764,0.2937242090702057,0.4150305688381195
test_Seq_759,0,2,"benchmark=nucleotide_transformer_downstream_tasks;dataset=splice_sites_all;matching=kmer_balanced;matching_signature=(7, 'TTT');border_estimator=center_window_kmer_jsd;estimator=center_jsd;window=48;search_radius=24;kmer=2;top_ratio=0.25;score_scale=4.0;motif_weight=0.0;motif_radius=12;score_normalization=train_quantile;raw_border_score=0.245788;border_score=1.070778",0.3330885171890259,0.32611894607543945,0.34079256653785706
test_Seq_2924,2,2,"benchmark=nucleotide_transformer_downstream_tasks;dataset=splice_sites_all;matching=kmer_balanced;matching_signature=(6, 'TTT');border_estimator=center_window_kmer_jsd;estimator=center_jsd;window=48;search_radius=24;kmer=2;top_ratio=0.25;score_scale=4.0;motif_weight=0.0;motif_radius=12;score_normalization=train_quantile;raw_border_score=0.179475;border_score=0.916467",0.19312715530395508,0.1958286166191101,0.6110442280769348
test_Seq_2360,2,2,"benchmark=nucleotide_transformer_downstream_tasks;dataset=splice_sites_all;matching=kmer_balanced;matching_signature=(11, 'AGG');border_estimator=center_window_kmer_jsd;estimator=center_jsd;window=48;search_radius=24;kmer=2;top_ratio=0.25;score_scale=4.0;motif_weight=0.0;motif_radius=12;score_normalization=train_quantile;raw_border_score=0.238104;border_score=1.054822",0.07570303976535797,0.07176907360553741,0.852527916431427
test_Seq_832,0,2,"benchmark=nucleotide_transformer_downstream_tasks;dataset=splice_sites_all;matching=kmer_balanced;matching_signature=(8, 'TTT');border_estimator=center_window_kmer_jsd;estimator=center_jsd;window=48;search_radius=24;kmer=2;top_ratio=0.25;score_scale=4.0;motif_weight=0.0;motif_radius=12;score_normalization=train_quantile;raw_border_score=0.154184;border_score=0.855800",0.3290049135684967,0.3321950137615204,0.3388000726699829
test_Seq_188,0,2,"benchmark=nucleotide_transformer_downstream_tasks;dataset=splice_sites_all;matching=kmer_balanced;matching_signature=(7, 'TTT');border_estimator=center_window_kmer_jsd;estimator=center_jsd;window=48;search_radius=24;kmer=2;top_ratio=0.25;score_scale=4.0;motif_weight=0.0;motif_radius=12;score_normalization=train_quantile;raw_border_score=0.274403;border_score=1.116467",0.2118692845106125,0.21436840295791626,0.5737622976303101
test_Seq_2736,2,2,"benchmark=nucleotide_transformer_downstream_tasks;dataset=splice_sites_all;matching=kmer_balanced;matching_signature=(6, 'TTT');border_estimator=center_window_kmer_jsd;estimator=center_jsd;window=48;search_radius=24;kmer=2;top_ratio=0.25;score_scale=4.0;motif_weight=0.0;motif_radius=12;score_normalization=train_quantile;raw_border_score=0.204948;border_score=0.984067",0.25490522384643555,0.26059168577194214,0.4845031499862671
test_Seq_287,0,2,"benchmark=nucleotide_transformer_downstream_tasks;dataset=splice_sites_all;matching=kmer_balanced;matching_signature=(7, 'TTT');border_estimator=center_window_kmer_jsd;estimator=center_jsd;window=48;search_radius=24;kmer=2;top_ratio=0.25;score_scale=4.0;motif_weight=0.0;motif_radius=12;score_normalization=train_quantile;raw_border_score=0.248768;border_score=1.076733",0.2965555489063263,0.2958976626396179,0.4075467884540558
test_Seq_2034,2,2,"benchmark=nucleotide_transformer_downstream_tasks;dataset=splice_sites_all;matching=kmer_balanced;matching_signature=(11, 'CAG');border_estimator=center_window_kmer_jsd;estimator=center_jsd;window=48;search_radius=24;kmer=2;top_ratio=0.25;score_scale=4.0;motif_weight=0.0;motif_radius=12;score_normalization=train_quantile;raw_border_score=0.218158;border_score=1.014111",0.32379117608070374,0.33742469549179077,0.3387841284275055
test_Seq_1972,1,2,"benchmark=nucleotide_transformer_downstream_tasks;dataset=splice_sites_all;matching=kmer_balanced;matching_signature=(8, 'TTT');border_estimator=center_window_kmer_jsd;estimator=center_jsd;window=48;search_radius=24;kmer=2;top_ratio=0.25;score_scale=4.0;motif_weight=0.0;motif_radius=12;score_normalization=train_quantile;raw_border_score=0.195567;border_score=0.958822",0.16663575172424316,0.17264243960380554,0.6607218384742737
test_Seq_2363,2,2,"benchmark=nucleotide_transformer_downstream_tasks;dataset=splice_sites_all;matching=kmer_balanced;matching_signature=(11, 'CTG');border_estimator=center_window_kmer_jsd;estimator=center_jsd;window=48;search_radius=24;kmer=2;top_ratio=0.25;score_scale=4.0;motif_weight=0.0;motif_radius=12;score_normalization=train_quantile;raw_border_score=0.219935;border_score=1.018644",0.15973277390003204,0.1546420454978943,0.6856251358985901
test_Seq_2728,2,2,"benchmark=nucleotide_transformer_downstream_tasks;dataset=splice_sites_all;matching=kmer_balanced;matching_signature=(7, 'AAA');border_estimator=center_window_kmer_jsd;estimator=center_jsd;window=48;search_radius=24;kmer=2;top_ratio=0.25;score_scale=4.0;motif_weight=0.0;motif_radius=12;score_normalization=train_quantile;raw_border_score=0.162807;border_score=0.873667",0.13868671655654907,0.13658176362514496,0.7247315049171448
test_Seq_2304,2,2,"benchmark=nucleotide_transformer_downstream_tasks;dataset=splice_sites_all;matching=kmer_balanced;matching_signature=(9, 'AAA');border_estimator=center_window_kmer_jsd;estimator=center_jsd;window=48;search_radius=24;kmer=2;top_ratio=0.25;score_scale=4.0;motif_weight=0.0;motif_radius=12;score_normalization=train_quantile;raw_border_score=0.288822;border_score=1.135267",0.16319376230239868,0.16820453107357025,0.6686016917228699
test_Seq_1515,1,2,"benchmark=nucleotide_transformer_downstream_tasks;dataset=splice_sites_all;matching=kmer_balanced;matching_signature=(6, 'TTT');border_estimator=center_window_kmer_jsd;estimator=center_jsd;window=48;search_radius=24;kmer=2;top_ratio=0.25;score_scale=4.0;motif_weight=0.0;motif_radius=12;score_normalization=train_quantile;raw_border_score=0.290882;border_score=1.137178",0.21068225800991058,0.20571058988571167,0.5836071968078613
test_Seq_2755,2,2,"benchmark=nucleotide_transformer_downstream_tasks;dataset=splice_sites_all;matching=kmer_balanced;matching_signature=(6, 'TTT');border_estimator=center_window_kmer_jsd;estimator=center_jsd;window=48;search_radius=24;kmer=2;top_ratio=0.25;score_scale=4.0;motif_weight=0.0;motif_radius=12;score_normalization=train_quantile;raw_border_score=0.157051;border_score=0.861489",0.18283045291900635,0.17677678167819977,0.6403927206993103
test_Seq_339,0,1,"benchmark=nucleotide_transformer_downstream_tasks;dataset=splice_sites_all;matching=kmer_balanced;matching_signature=(6, 'TTT');border_estimator=center_window_kmer_jsd;estimator=center_jsd;window=48;search_radius=24;kmer=2;top_ratio=0.25;score_scale=4.0;motif_weight=0.0;motif_radius=12;score_normalization=train_quantile;raw_border_score=0.163038;border_score=0.873889",0.32231801748275757,0.34174495935440063,0.3359370231628418
test_Seq_1604,1,2,"benchmark=nucleotide_transformer_downstream_tasks;dataset=splice_sites_all;matching=kmer_balanced;matching_signature=(8, 'TTT');border_estimator=center_window_kmer_jsd;estimator=center_jsd;window=48;search_radius=24;kmer=2;top_ratio=0.25;score_scale=4.0;motif_weight=0.0;motif_radius=12;score_normalization=train_quantile;raw_border_score=0.221078;border_score=1.021444",0.16725268959999084,0.1610356569290161,0.6717116236686707
test_Seq_366,0,2,"benchmark=nucleotide_transformer_downstream_tasks;dataset=splice_sites_all;matching=kmer_balanced;matching_signature=(6, 'AAA');border_estimator=center_window_kmer_jsd;estimator=center_jsd;window=48;search_radius=24;kmer=2;top_ratio=0.25;score_scale=4.0;motif_weight=0.0;motif_radius=12;score_normalization=train_quantile;raw_border_score=0.269678;border_score=1.109756",0.3082982301712036,0.32794803380966187,0.3637537360191345
test_Seq_2098,2,2,"benchmark=nucleotide_transformer_downstream_tasks;dataset=splice_sites_all;matching=kmer_balanced;matching_signature=(6, 'AAA');border_estimator=center_window_kmer_jsd;estimator=center_jsd;window=48;search_radius=24;kmer=2;top_ratio=0.25;score_scale=4.0;motif_weight=0.0;motif_radius=12;score_normalization=train_quantile;raw_border_score=0.306002;border_score=1.151089",0.26635169982910156,0.2728012204170227,0.4608471095561981
test_Seq_2093,2,2,"benchmark=nucleotide_transformer_downstream_tasks;dataset=splice_sites_all;matching=kmer_balanced;matching_signature=(8, 'TTT');border_estimator=center_window_kmer_jsd;estimator=center_jsd;window=48;search_radius=24;kmer=2;top_ratio=0.25;score_scale=4.0;motif_weight=0.0;motif_radius=12;score_normalization=train_quantile;raw_border_score=0.167370;border_score=0.885133",0.2402302324771881,0.23489587008953094,0.5248739123344421
test_Seq_1669,1,2,"benchmark=nucleotide_transformer_downstream_tasks;dataset=splice_sites_all;matching=kmer_balanced;matching_signature=(11, 'CCT');border_estimator=center_window_kmer_jsd;estimator=center_jsd;window=48;search_radius=24;kmer=2;top_ratio=0.25;score_scale=4.0;motif_weight=0.0;motif_radius=12;score_normalization=train_quantile;raw_border_score=0.250411;border_score=1.079978",0.2747490406036377,0.2698855698108673,0.455365389585495
test_Seq_741,0,2,"benchmark=nucleotide_transformer_downstream_tasks;dataset=splice_sites_all;matching=kmer_balanced;matching_signature=(12, 'GGG');border_estimator=center_window_kmer_jsd;estimator=center_jsd;window=48;search_radius=24;kmer=2;top_ratio=0.25;score_scale=4.0;motif_weight=0.0;motif_radius=12;score_normalization=train_quantile;raw_border_score=0.146067;border_score=0.840911",0.20455670356750488,0.2036086618900299,0.5918346047401428
test_Seq_2174,2,2,"benchmark=nucleotide_transformer_downstream_tasks;dataset=splice_sites_all;matching=kmer_balanced;matching_signature=(11, 'GGG');border_estimator=center_window_kmer_jsd;estimator=center_jsd;window=48;search_radius=24;kmer=2;top_ratio=0.25;score_scale=4.0;motif_weight=0.0;motif_radius=12;score_normalization=train_quantile;raw_border_score=0.254174;border_score=1.085978",0.23246975243091583,0.2340240329504013,0.5335062146186829
test_Seq_1832,1,2,"benchmark=nucleotide_transformer_downstream_tasks;dataset=splice_sites_all;matching=kmer_balanced;matching_signature=(11, 'GGG');border_estimator=center_window_kmer_jsd;estimator=center_jsd;window=48;search_radius=24;kmer=2;top_ratio=0.25;score_scale=4.0;motif_weight=0.0;motif_radius=12;score_normalization=train_quantile;raw_border_score=0.351943;border_score=1.177578",0.2769075930118561,0.27381664514541626,0.4492757320404053
test_Seq_1914,1,2,"benchmark=nucleotide_transformer_downstream_tasks;dataset=splice_sites_all;matching=kmer_balanced;matching_signature=(10, 'TCT');border_estimator=center_window_kmer_jsd;estimator=center_jsd;window=48;search_radius=24;kmer=2;top_ratio=0.25;score_scale=4.0;motif_weight=0.0;motif_radius=12;score_normalization=train_quantile;raw_border_score=0.190728;border_score=0.945889",0.21924643218517303,0.22228898108005524,0.5584645867347717
test_Seq_1180,1,2,"benchmark=nucleotide_transformer_downstream_tasks;dataset=splice_sites_all;matching=kmer_balanced;matching_signature=(6, 'AAA');border_estimator=center_window_kmer_jsd;estimator=center_jsd;window=48;search_radius=24;kmer=2;top_ratio=0.25;score_scale=4.0;motif_weight=0.0;motif_radius=12;score_normalization=train_quantile;raw_border_score=0.207294;border_score=0.988911",0.16485944390296936,0.16051378846168518,0.6746267676353455
test_Seq_1036,1,1,"benchmark=nucleotide_transformer_downstream_tasks;dataset=splice_sites_all;matching=kmer_balanced;matching_signature=(6, 'TTT');border_estimator=center_window_kmer_jsd;estimator=center_jsd;window=48;search_radius=24;kmer=2;top_ratio=0.25;score_scale=4.0;motif_weight=0.0;motif_radius=12;score_normalization=train_quantile;raw_border_score=0.196169;border_score=0.960467",0.3487755358219147,0.3615017831325531,0.28972265124320984
test_Seq_347,0,2,"benchmark=nucleotide_transformer_downstream_tasks;dataset=splice_sites_all;matching=kmer_balanced;matching_signature=(11, 'CCT');border_estimator=center_window_kmer_jsd;estimator=center_jsd;window=48;search_radius=24;kmer=2;top_ratio=0.25;score_scale=4.0;motif_weight=0.0;motif_radius=12;score_normalization=train_quantile;raw_border_score=0.283419;border_score=1.128378",0.310856431722641,0.3053320646286011,0.38381150364875793
test_Seq_1510,1,2,"benchmark=nucleotide_transformer_downstream_tasks;dataset=splice_sites_all;matching=kmer_balanced;matching_signature=(11, 'CTG');border_estimator=center_window_kmer_jsd;estimator=center_jsd;window=48;search_radius=24;kmer=2;top_ratio=0.25;score_scale=4.0;motif_weight=0.0;motif_radius=12;score_normalization=train_quantile;raw_border_score=0.276186;border_score=1.118867",0.24605906009674072,0.23357883095741272,0.520362138748169
test_Seq_803,0,2,"benchmark=nucleotide_transformer_downstream_tasks;dataset=splice_sites_all;matching=kmer_balanced;matching_signature=(6, 'AAA');border_estimator=center_window_kmer_jsd;estimator=center_jsd;window=48;search_radius=24;kmer=2;top_ratio=0.25;score_scale=4.0;motif_weight=0.0;motif_radius=12;score_normalization=train_quantile;raw_border_score=0.185594;border_score=0.932244",0.17514578998088837,0.1667575091123581,0.6580966711044312
test_Seq_919,0,2,"benchmark=nucleotide_transformer_downstream_tasks;dataset=splice_sites_all;matching=kmer_balanced;matching_signature=(9, 'TTT');border_estimator=center_window_kmer_jsd;estimator=center_jsd;window=48;search_radius=24;kmer=2;top_ratio=0.25;score_scale=4.0;motif_weight=0.0;motif_radius=12;score_normalization=train_quantile;raw_border_score=0.306219;border_score=1.151089",0.31523028016090393,0.3166571855545044,0.3681125044822693
test_Seq_783,0,2,"benchmark=nucleotide_transformer_downstream_tasks;dataset=splice_sites_all;matching=kmer_balanced;matching_signature=(6, 'ATT');border_estimator=center_window_kmer_jsd;estimator=center_jsd;window=48;search_radius=24;kmer=2;top_ratio=0.25;score_scale=4.0;motif_weight=0.0;motif_radius=12;score_normalization=train_quantile;raw_border_score=0.326678;border_score=1.164733",0.19860120117664337,0.19667364656925201,0.6047251224517822
test_Seq_2931,2,2,"benchmark=nucleotide_transformer_downstream_tasks;dataset=splice_sites_all;matching=kmer_balanced;matching_signature=(9, 'TTT');border_estimator=center_window_kmer_jsd;estimator=center_jsd;window=48;search_radius=24;kmer=2;top_ratio=0.25;score_scale=4.0;motif_weight=0.0;motif_radius=12;score_normalization=train_quantile;raw_border_score=0.238481;border_score=1.055311",0.04522285237908363,0.040334757417440414,0.9144423604011536
test_Seq_903,0,2,"benchmark=nucleotide_transformer_downstream_tasks;dataset=splice_sites_all;matching=kmer_balanced;matching_signature=(7, 'TGT');border_estimator=center_window_kmer_jsd;estimator=center_jsd;window=48;search_radius=24;kmer=2;top_ratio=0.25;score_scale=4.0;motif_weight=0.0;motif_radius=12;score_normalization=train_quantile;raw_border_score=0.247389;border_score=1.073844",0.2537258267402649,0.2561207711696625,0.49015340209007263
test_Seq_2959,2,2,"benchmark=nucleotide_transformer_downstream_tasks;dataset=splice_sites_all;matching=kmer_balanced;matching_signature=(6, 'TTT');border_estimator=center_window_kmer_jsd;estimator=center_jsd;window=48;search_radius=24;kmer=2;top_ratio=0.25;score_scale=4.0;motif_weight=0.0;motif_radius=12;score_normalization=train_quantile;raw_border_score=0.113148;border_score=0.807178",0.25161680579185486,0.2539576590061188,0.4944254457950592
test_Seq_2976,2,2,"benchmark=nucleotide_transformer_downstream_tasks;dataset=splice_sites_all;matching=kmer_balanced;matching_signature=(8, 'TGA');border_estimator=center_window_kmer_jsd;estimator=center_jsd;window=48;search_radius=24;kmer=2;top_ratio=0.25;score_scale=4.0;motif_weight=0.0;motif_radius=12;score_normalization=train_quantile;raw_border_score=0.205106;border_score=0.984556",0.27268749475479126,0.2791975736618042,0.44811490178108215
test_Seq_1176,1,2,"benchmark=nucleotide_transformer_downstream_tasks;dataset=splice_sites_all;matching=kmer_balanced;matching_signature=(7, 'AAA');border_estimator=center_window_kmer_jsd;estimator=center_jsd;window=48;search_radius=24;kmer=2;top_ratio=0.25;score_scale=4.0;motif_weight=0.0;motif_radius=12;score_normalization=train_quantile;raw_border_score=0.252548;border_score=1.083222",0.15882833302021027,0.15836858749389648,0.6828031539916992
test_Seq_1379,1,2,"benchmark=nucleotide_transformer_downstream_tasks;dataset=splice_sites_all;matching=kmer_balanced;matching_signature=(11, 'CCC');border_estimator=center_window_kmer_jsd;estimator=center_jsd;window=48;search_radius=24;kmer=2;top_ratio=0.25;score_scale=4.0;motif_weight=0.0;motif_radius=12;score_normalization=train_quantile;raw_border_score=0.343527;border_score=1.173622",0.18963056802749634,0.18047811090946198,0.6298913359642029
test_Seq_81,0,2,"benchmark=nucleotide_transformer_downstream_tasks;dataset=splice_sites_all;matching=kmer_balanced;matching_signature=(12, 'CCC');border_estimator=center_window_kmer_jsd;estimator=center_jsd;window=48;search_radius=24;kmer=2;top_ratio=0.25;score_scale=4.0;motif_weight=0.0;motif_radius=12;score_normalization=train_quantile;raw_border_score=0.362683;border_score=1.181400",0.3063328266143799,0.3101108968257904,0.3835562765598297
test_Seq_2609,2,2,"benchmark=nucleotide_transformer_downstream_tasks;dataset=splice_sites_all;matching=kmer_balanced;matching_signature=(7, 'TAT');border_estimator=center_window_kmer_jsd;estimator=center_jsd;window=48;search_radius=24;kmer=2;top_ratio=0.25;score_scale=4.0;motif_weight=0.0;motif_radius=12;score_normalization=train_quantile;raw_border_score=0.291847;border_score=1.138200",0.2057279348373413,0.2012881338596344,0.5929839015007019
test_Seq_1078,1,2,"benchmark=nucleotide_transformer_downstream_tasks;dataset=splice_sites_all;matching=kmer_balanced;matching_signature=(5, 'TTT');border_estimator=center_window_kmer_jsd;estimator=center_jsd;window=48;search_radius=24;kmer=2;top_ratio=0.25;score_scale=4.0;motif_weight=0.0;motif_radius=12;score_normalization=train_quantile;raw_border_score=0.329631;border_score=1.166022",0.20200181007385254,0.20657016336917877,0.5914281010627747
test_Seq_1199,1,1,"benchmark=nucleotide_transformer_downstream_tasks;dataset=splice_sites_all;matching=kmer_balanced;matching_signature=(10, 'CAG');border_estimator=center_window_kmer_jsd;estimator=center_jsd;window=48;search_radius=24;kmer=2;top_ratio=0.25;score_scale=4.0;motif_weight=0.0;motif_radius=12;score_normalization=train_quantile;raw_border_score=0.203021;border_score=0.979044",0.32754769921302795,0.3498173654079437,0.32263487577438354
test_Seq_1757,1,2,"benchmark=nucleotide_transformer_downstream_tasks;dataset=splice_sites_all;matching=kmer_balanced;matching_signature=(7, 'AAA');border_estimator=center_window_kmer_jsd;estimator=center_jsd;window=48;search_radius=24;kmer=2;top_ratio=0.25;score_scale=4.0;motif_weight=0.0;motif_radius=12;score_normalization=train_quantile;raw_border_score=0.188386;border_score=0.939800",0.19667333364486694,0.19706246256828308,0.6062642335891724
test_Seq_1413,1,2,"benchmark=nucleotide_transformer_downstream_tasks;dataset=splice_sites_all;matching=kmer_balanced;matching_signature=(6, 'TTT');border_estimator=center_window_kmer_jsd;estimator=center_jsd;window=48;search_radius=24;kmer=2;top_ratio=0.25;score_scale=4.0;motif_weight=0.0;motif_radius=12;score_normalization=train_quantile;raw_border_score=0.239888;border_score=1.058022",0.212862029671669,0.21970997750759125,0.5674280524253845
test_Seq_337,0,2,"benchmark=nucleotide_transformer_downstream_tasks;dataset=splice_sites_all;matching=kmer_balanced;matching_signature=(13, 'GGG');border_estimator=center_window_kmer_jsd;estimator=center_jsd;window=48;search_radius=24;kmer=2;top_ratio=0.25;score_scale=4.0;motif_weight=0.0;motif_radius=12;score_normalization=train_quantile;raw_border_score=0.168884;border_score=0.888422",0.18281830847263336,0.17441672086715698,0.6427649855613708
test_Seq_1148,1,2,"benchmark=nucleotide_transformer_downstream_tasks;dataset=splice_sites_all;matching=kmer_balanced;matching_signature=(8, 'TTT');border_estimator=center_window_kmer_jsd;estimator=center_jsd;window=48;search_radius=24;kmer=2;top_ratio=0.25;score_scale=4.0;motif_weight=0.0;motif_radius=12;score_normalization=train_quantile;raw_border_score=0.136095;border_score=0.826822",0.23059199750423431,0.22877290844917297,0.5406351089477539
test_Seq_2008,2,2,"benchmark=nucleotide_transformer_downstream_tasks;dataset=splice_sites_all;matching=kmer_balanced;matching_signature=(11, 'CTG');border_estimator=center_window_kmer_jsd;estimator=center_jsd;window=48;search_radius=24;kmer=2;top_ratio=0.25;score_scale=4.0;motif_weight=0.0;motif_radius=12;score_normalization=train_quantile;raw_border_score=0.242146;border_score=1.063978",0.24145221710205078,0.24930761754512787,0.5092401504516602
test_Seq_898,0,2,"benchmark=nucleotide_transformer_downstream_tasks;dataset=splice_sites_all;matching=kmer_balanced;matching_signature=(8, 'TTT');border_estimator=center_window_kmer_jsd;estimator=center_jsd;window=48;search_radius=24;kmer=2;top_ratio=0.25;score_scale=4.0;motif_weight=0.0;motif_radius=12;score_normalization=train_quantile;raw_border_score=0.264040;border_score=1.102378",0.09692492336034775,0.09521865844726562,0.8078563809394836
test_Seq_252,0,2,"benchmark=nucleotide_transformer_downstream_tasks;dataset=splice_sites_all;matching=kmer_balanced;matching_signature=(6, 'TTT');border_estimator=center_window_kmer_jsd;estimator=center_jsd;window=48;search_radius=24;kmer=2;top_ratio=0.25;score_scale=4.0;motif_weight=0.0;motif_radius=12;score_normalization=train_quantile;raw_border_score=0.389260;border_score=1.188156",0.2611777186393738,0.26102328300476074,0.47779911756515503
test_Seq_836,0,2,"benchmark=nucleotide_transformer_downstream_tasks;dataset=splice_sites_all;matching=kmer_balanced;matching_signature=(6, 'TTT');border_estimator=center_window_kmer_jsd;estimator=center_jsd;window=48;search_radius=24;kmer=2;top_ratio=0.25;score_scale=4.0;motif_weight=0.0;motif_radius=12;score_normalization=train_quantile;raw_border_score=0.213295;border_score=1.002911",0.2864968776702881,0.2918994128704071,0.4216036796569824
test_Seq_471,0,2,"benchmark=nucleotide_transformer_downstream_tasks;dataset=splice_sites_all;matching=kmer_balanced;matching_signature=(6, 'TTT');border_estimator=center_window_kmer_jsd;estimator=center_jsd;window=48;search_radius=24;kmer=2;top_ratio=0.25;score_scale=4.0;motif_weight=0.0;motif_radius=12;score_normalization=train_quantile;raw_border_score=0.192998;border_score=0.952067",0.21875187754631042,0.23450884222984314,0.5467392802238464
test_Seq_754,0,2,"benchmark=nucleotide_transformer_downstream_tasks;dataset=splice_sites_all;matching=kmer_balanced;matching_signature=(10, 'CAG');border_estimator=center_window_kmer_jsd;estimator=center_jsd;window=48;search_radius=24;kmer=2;top_ratio=0.25;score_scale=4.0;motif_weight=0.0;motif_radius=12;score_normalization=train_quantile;raw_border_score=0.307427;border_score=1.151711",0.2969031035900116,0.2994428873062134,0.4036540687084198
test_Seq_556,0,2,"benchmark=nucleotide_transformer_downstream_tasks;dataset=splice_sites_all;matching=kmer_balanced;matching_signature=(7, 'AAA');border_estimator=center_window_kmer_jsd;estimator=center_jsd;window=48;search_radius=24;kmer=2;top_ratio=0.25;score_scale=4.0;motif_weight=0.0;motif_radius=12;score_normalization=train_quantile;raw_border_score=0.310750;border_score=1.154822",0.2538226246833801,0.25613343715667725,0.490043967962265
test_Seq_1899,1,2,"benchmark=nucleotide_transformer_downstream_tasks;dataset=splice_sites_all;matching=kmer_balanced;matching_signature=(7, 'TTT');border_estimator=center_window_kmer_jsd;estimator=center_jsd;window=48;search_radius=24;kmer=2;top_ratio=0.25;score_scale=4.0;motif_weight=0.0;motif_radius=12;score_normalization=train_quantile;raw_border_score=0.216822;border_score=1.011044",0.25898978114128113,0.25664228200912476,0.4843679666519165
test_Seq_2612,2,2,"benchmark=nucleotide_transformer_downstream_tasks;dataset=splice_sites_all;matching=kmer_balanced;matching_signature=(8, 'GAA');border_estimator=center_window_kmer_jsd;estimator=center_jsd;window=48;search_radius=24;kmer=2;top_ratio=0.25;score_scale=4.0;motif_weight=0.0;motif_radius=12;score_normalization=train_quantile;raw_border_score=0.139101;border_score=0.830689",0.18912476301193237,0.1890142261981964,0.6218610405921936
test_Seq_2623,2,2,"benchmark=nucleotide_transformer_downstream_tasks;dataset=splice_sites_all;matching=kmer_balanced;matching_signature=(7, 'AAA');border_estimator=center_window_kmer_jsd;estimator=center_jsd;window=48;search_radius=24;kmer=2;top_ratio=0.25;score_scale=4.0;motif_weight=0.0;motif_radius=12;score_normalization=train_quantile;raw_border_score=0.234800;border_score=1.049089",0.0937601700425148,0.09653035551309586,0.809709370136261
test_Seq_1842,1,2,"benchmark=nucleotide_transformer_downstream_tasks;dataset=splice_sites_all;matching=kmer_balanced;matching_signature=(6, 'TTT');border_estimator=center_window_kmer_jsd;estimator=center_jsd;window=48;search_radius=24;kmer=2;top_ratio=0.25;score_scale=4.0;motif_weight=0.0;motif_radius=12;score_normalization=train_quantile;raw_border_score=0.179415;border_score=0.916422",0.23818515241146088,0.2359020709991455,0.5259127616882324
test_Seq_2455,2,2,"benchmark=nucleotide_transformer_downstream_tasks;dataset=splice_sites_all;matching=kmer_balanced;matching_signature=(8, 'TTT');border_estimator=center_window_kmer_jsd;estimator=center_jsd;window=48;search_radius=24;kmer=2;top_ratio=0.25;score_scale=4.0;motif_weight=0.0;motif_radius=12;score_normalization=train_quantile;raw_border_score=0.204898;border_score=0.984022",0.10001550614833832,0.09719444066286087,0.8027899861335754
test_Seq_1860,1,2,"benchmark=nucleotide_transformer_downstream_tasks;dataset=splice_sites_all;matching=kmer_balanced;matching_signature=(10, 'TCC');border_estimator=center_window_kmer_jsd;estimator=center_jsd;window=48;search_radius=24;kmer=2;top_ratio=0.25;score_scale=4.0;motif_weight=0.0;motif_radius=12;score_normalization=train_quantile;raw_border_score=0.243479;border_score=1.066689",0.19093556702136993,0.1893121749162674,0.6197522282600403
test_Seq_171,0,2,"benchmark=nucleotide_transformer_downstream_tasks;dataset=splice_sites_all;matching=kmer_balanced;matching_signature=(12, 'CTG');border_estimator=center_window_kmer_jsd;estimator=center_jsd;window=48;search_radius=24;kmer=2;top_ratio=0.25;score_scale=4.0;motif_weight=0.0;motif_radius=12;score_normalization=train_quantile;raw_border_score=0.229709;border_score=1.039178",0.19851242005825043,0.19712671637535095,0.6043609380722046
test_Seq_742,0,2,"benchmark=nucleotide_transformer_downstream_tasks;dataset=splice_sites_all;matching=kmer_balanced;matching_signature=(10, 'GGG');border_estimator=center_window_kmer_jsd;estimator=center_jsd;window=48;search_radius=24;kmer=2;top_ratio=0.25;score_scale=4.0;motif_weight=0.0;motif_radius=12;score_normalization=train_quantile;raw_border_score=0.170399;border_score=0.891578",0.31167733669281006,0.3163151144981384,0.3720075488090515
test_Seq_2019,2,2,"benchmark=nucleotide_transformer_downstream_tasks;dataset=splice_sites_all;matching=kmer_balanced;matching_signature=(10, 'CAG');border_estimator=center_window_kmer_jsd;estimator=center_jsd;window=48;search_radius=24;kmer=2;top_ratio=0.25;score_scale=4.0;motif_weight=0.0;motif_radius=12;score_normalization=train_quantile;raw_border_score=0.116657;border_score=0.809089",0.10165269672870636,0.10045608878135681,0.7978912591934204
test_Seq_2824,2,2,"benchmark=nucleotide_transformer_downstream_tasks;dataset=splice_sites_all;matching=kmer_balanced;matching_signature=(10, 'CCA');border_estimator=center_window_kmer_jsd;estimator=center_jsd;window=48;search_radius=24;kmer=2;top_ratio=0.25;score_scale=4.0;motif_weight=0.0;motif_radius=12;score_normalization=train_quantile;raw_border_score=0.208785;border_score=0.992067",0.26175305247306824,0.27887317538261414,0.4593737721443176
test_Seq_1236,1,2,"benchmark=nucleotide_transformer_downstream_tasks;dataset=splice_sites_all;matching=kmer_balanced;matching_signature=(10, 'CTG');border_estimator=center_window_kmer_jsd;estimator=center_jsd;window=48;search_radius=24;kmer=2;top_ratio=0.25;score_scale=4.0;motif_weight=0.0;motif_radius=12;score_normalization=train_quantile;raw_border_score=0.119928;border_score=0.810956",0.2114672213792801,0.21400155127048492,0.5745311975479126
test_Seq_1478,1,2,"benchmark=nucleotide_transformer_downstream_tasks;dataset=splice_sites_all;matching=kmer_balanced;matching_signature=(9, 'TTT');border_estimator=center_window_kmer_jsd;estimator=center_jsd;window=48;search_radius=24;kmer=2;top_ratio=0.25;score_scale=4.0;motif_weight=0.0;motif_radius=12;score_normalization=train_quantile;raw_border_score=0.170863;border_score=0.892778",0.22227686643600464,0.22054867446422577,0.5571745038032532
test_Seq_1892,1,2,"benchmark=nucleotide_transformer_downstream_tasks;dataset=splice_sites_all;matching=kmer_balanced;matching_signature=(8, 'TGT');border_estimator=center_window_kmer_jsd;estimator=center_jsd;window=48;search_radius=24;kmer=2;top_ratio=0.25;score_scale=4.0;motif_weight=0.0;motif_radius=12;score_normalization=train_quantile;raw_border_score=0.263835;border_score=1.102067",0.23220737278461456,0.23147441446781158,0.5363182425498962
test_Seq_1833,1,2,"benchmark=nucleotide_transformer_downstream_tasks;dataset=splice_sites_all;matching=kmer_balanced;matching_signature=(6, 'AAA');border_estimator=center_window_kmer_jsd;estimator=center_jsd;window=48;search_radius=24;kmer=2;top_ratio=0.25;score_scale=4.0;motif_weight=0.0;motif_radius=12;score_normalization=train_quantile;raw_border_score=0.251950;border_score=1.082200",0.22364547848701477,0.2182132601737976,0.5581412315368652
test_Seq_2295,2,2,"benchmark=nucleotide_transformer_downstream_tasks;dataset=splice_sites_all;matching=kmer_balanced;matching_signature=(9, 'TTT');border_estimator=center_window_kmer_jsd;estimator=center_jsd;window=48;search_radius=24;kmer=2;top_ratio=0.25;score_scale=4.0;motif_weight=0.0;motif_radius=12;score_normalization=train_quantile;raw_border_score=0.150891;border_score=0.848867",0.1758696734905243,0.17847071588039398,0.6456595659255981
test_Seq_597,0,2,"benchmark=nucleotide_transformer_downstream_tasks;dataset=splice_sites_all;matching=kmer_balanced;matching_signature=(6, 'TTT');border_estimator=center_window_kmer_jsd;estimator=center_jsd;window=48;search_radius=24;kmer=2;top_ratio=0.25;score_scale=4.0;motif_weight=0.0;motif_radius=12;score_normalization=train_quantile;raw_border_score=0.177440;border_score=0.912156",0.23922069370746613,0.23456428945064545,0.5262150168418884
test_Seq_1551,1,2,"benchmark=nucleotide_transformer_downstream_tasks;dataset=splice_sites_all;matching=kmer_balanced;matching_signature=(9, 'AAA');border_estimator=center_window_kmer_jsd;estimator=center_jsd;window=48;search_radius=24;kmer=2;top_ratio=0.25;score_scale=4.0;motif_weight=0.0;motif_radius=12;score_normalization=train_quantile;raw_border_score=0.179406;border_score=0.916422",0.20437368750572205,0.20177577435970306,0.5938505530357361
test_Seq_1665,1,2,"benchmark=nucleotide_transformer_downstream_tasks;dataset=splice_sites_all;matching=kmer_balanced;matching_signature=(7, 'AAA');border_estimator=center_window_kmer_jsd;estimator=center_jsd;window=48;search_radius=24;kmer=2;top_ratio=0.25;score_scale=4.0;motif_weight=0.0;motif_radius=12;score_normalization=train_quantile;raw_border_score=0.183298;border_score=0.925667",0.22663581371307373,0.23120178282260895,0.5421624779701233
test_Seq_516,0,2,"benchmark=nucleotide_transformer_downstream_tasks;dataset=splice_sites_all;matching=kmer_balanced;matching_signature=(7, 'AAA');border_estimator=center_window_kmer_jsd;estimator=center_jsd;window=48;search_radius=24;kmer=2;top_ratio=0.25;score_scale=4.0;motif_weight=0.0;motif_radius=12;score_normalization=train_quantile;raw_border_score=0.260579;border_score=1.096822",0.1600799709558487,0.16564667224884033,0.6742733120918274
test_Seq_383,0,2,"benchmark=nucleotide_transformer_downstream_tasks;dataset=splice_sites_all;matching=kmer_balanced;matching_signature=(6, 'TTT');border_estimator=center_window_kmer_jsd;estimator=center_jsd;window=48;search_radius=24;kmer=2;top_ratio=0.25;score_scale=4.0;motif_weight=0.0;motif_radius=12;score_normalization=train_quantile;raw_border_score=0.340203;border_score=1.172022",0.2174108475446701,0.21628151834011078,0.5663076043128967
test_Seq_328,0,2,"benchmark=nucleotide_transformer_downstream_tasks;dataset=splice_sites_all;matching=kmer_balanced;matching_signature=(7, 'TTT');border_estimator=center_window_kmer_jsd;estimator=center_jsd;window=48;search_radius=24;kmer=2;top_ratio=0.25;score_scale=4.0;motif_weight=0.0;motif_radius=12;score_normalization=train_quantile;raw_border_score=0.274403;border_score=1.116467",0.21186907589435577,0.21436820924282074,0.5737627148628235
test_Seq_23,0,2,"benchmark=nucleotide_transformer_downstream_tasks;dataset=splice_sites_all;matching=kmer_balanced;matching_signature=(7, 'TTT');border_estimator=center_window_kmer_jsd;estimator=center_jsd;window=48;search_radius=24;kmer=2;top_ratio=0.25;score_scale=4.0;motif_weight=0.0;motif_radius=12;score_normalization=train_quantile;raw_border_score=0.200507;border_score=0.972333",0.24647949635982513,0.24627962708473206,0.5072408318519592
test_Seq_825,0,2,"benchmark=nucleotide_transformer_downstream_tasks;dataset=splice_sites_all;matching=kmer_balanced;matching_signature=(13, 'GGG');border_estimator=center_window_kmer_jsd;estimator=center_jsd;window=48;search_radius=24;kmer=2;top_ratio=0.25;score_scale=4.0;motif_weight=0.0;motif_radius=12;score_normalization=train_quantile;raw_border_score=0.150767;border_score=0.848778",0.3015196621417999,0.31162798404693604,0.3868524134159088
test_Seq_1837,1,2,"benchmark=nucleotide_transformer_downstream_tasks;dataset=splice_sites_all;matching=kmer_balanced;matching_signature=(6, 'AAT');border_estimator=center_window_kmer_jsd;estimator=center_jsd;window=48;search_radius=24;kmer=2;top_ratio=0.25;score_scale=4.0;motif_weight=0.0;motif_radius=12;score_normalization=train_quantile;raw_border_score=0.220803;border_score=1.020644",0.23229312896728516,0.22747524082660675,0.5402317047119141
test_Seq_485,0,2,"benchmark=nucleotide_transformer_downstream_tasks;dataset=splice_sites_all;matching=kmer_balanced;matching_signature=(5, 'AAA');border_estimator=center_window_kmer_jsd;estimator=center_jsd;window=48;search_radius=24;kmer=2;top_ratio=0.25;score_scale=4.0;motif_weight=0.0;motif_radius=12;score_normalization=train_quantile;raw_border_score=0.195434;border_score=0.958378",0.24928027391433716,0.25136399269104004,0.4993557929992676
test_Seq_1827,1,2,"benchmark=nucleotide_transformer_downstream_tasks;dataset=splice_sites_all;matching=kmer_balanced;matching_signature=(7, 'TTT');border_estimator=center_window_kmer_jsd;estimator=center_jsd;window=48;search_radius=24;kmer=2;top_ratio=0.25;score_scale=4.0;motif_weight=0.0;motif_radius=12;score_normalization=train_quantile;raw_border_score=0.214077;border_score=1.004511",0.17632484436035156,0.16886907815933228,0.6548060774803162
test_Seq_1465,1,2,"benchmark=nucleotide_transformer_downstream_tasks;dataset=splice_sites_all;matching=kmer_balanced;matching_signature=(9, 'TTT');border_estimator=center_window_kmer_jsd;estimator=center_jsd;window=48;search_radius=24;kmer=2;top_ratio=0.25;score_scale=4.0;motif_weight=0.0;motif_radius=12;score_normalization=train_quantile;raw_border_score=0.267897;border_score=1.107044",0.1460193693637848,0.13493125140666962,0.719049334526062
test_Seq_436,0,1,"benchmark=nucleotide_transformer_downstream_tasks;dataset=splice_sites_all;matching=kmer_balanced;matching_signature=(11, 'CCT');border_estimator=center_window_kmer_jsd;estimator=center_jsd;window=48;search_radius=24;kmer=2;top_ratio=0.25;score_scale=4.0;motif_weight=0.0;motif_radius=12;score_normalization=train_quantile;raw_border_score=0.119457;border_score=0.810556",0.33603936433792114,0.3504311442375183,0.31352949142456055
test_Seq_1189,1,2,"benchmark=nucleotide_transformer_downstream_tasks;dataset=splice_sites_all;matching=kmer_balanced;matching_signature=(10, 'CTC');border_estimator=center_window_kmer_jsd;estimator=center_jsd;window=48;search_radius=24;kmer=2;top_ratio=0.25;score_scale=4.0;motif_weight=0.0;motif_radius=12;score_normalization=train_quantile;raw_border_score=0.240060;border_score=1.058644",0.32403504848480225,0.3326611816883087,0.34330371022224426
test_Seq_1772,1,2,"benchmark=nucleotide_transformer_downstream_tasks;dataset=splice_sites_all;matching=kmer_balanced;matching_signature=(6, 'AAA');border_estimator=center_window_kmer_jsd;estimator=center_jsd;window=48;search_radius=24;kmer=2;top_ratio=0.25;score_scale=4.0;motif_weight=0.0;motif_radius=12;score_normalization=train_quantile;raw_border_score=0.183547;border_score=0.926200",0.275804728269577,0.2854922115802765,0.4387030303478241
test_Seq_1313,1,2,"benchmark=nucleotide_transformer_downstream_tasks;dataset=splice_sites_all;matching=kmer_balanced;matching_signature=(9, 'AGG');border_estimator=center_window_kmer_jsd;estimator=center_jsd;window=48;search_radius=24;kmer=2;top_ratio=0.25;score_scale=4.0;motif_weight=0.0;motif_radius=12;score_normalization=train_quantile;raw_border_score=0.301798;border_score=1.147622",0.17081183195114136,0.16375595331192017,0.6654322147369385
test_Seq_1898,1,2,"benchmark=nucleotide_transformer_downstream_tasks;dataset=splice_sites_all;matching=kmer_balanced;matching_signature=(6, 'TTT');border_estimator=center_window_kmer_jsd;estimator=center_jsd;window=48;search_radius=24;kmer=2;top_ratio=0.25;score_scale=4.0;motif_weight=0.0;motif_radius=12;score_normalization=train_quantile;raw_border_score=0.201082;border_score=0.973622",0.2262052297592163,0.22890079021453857,0.5448940396308899
test_Seq_1681,1,1,"benchmark=nucleotide_transformer_downstream_tasks;dataset=splice_sites_all;matching=kmer_balanced;matching_signature=(10, 'TTT');border_estimator=center_window_kmer_jsd;estimator=center_jsd;window=48;search_radius=24;kmer=2;top_ratio=0.25;score_scale=4.0;motif_weight=0.0;motif_radius=12;score_normalization=train_quantile;raw_border_score=0.239817;border_score=1.057889",0.36793404817581177,0.39477527141571045,0.2372906506061554
test_Seq_266,0,2,"benchmark=nucleotide_transformer_downstream_tasks;dataset=splice_sites_all;matching=kmer_balanced;matching_signature=(9, 'TTT');border_estimator=center_window_kmer_jsd;estimator=center_jsd;window=48;search_radius=24;kmer=2;top_ratio=0.25;score_scale=4.0;motif_weight=0.0;motif_radius=12;score_normalization=train_quantile;raw_border_score=0.237254;border_score=1.053133",0.30771639943122864,0.3038683831691742,0.38841521739959717
test_Seq_160,0,2,"benchmark=nucleotide_transformer_downstream_tasks;dataset=splice_sites_all;matching=kmer_balanced;matching_signature=(9, 'TTT');border_estimator=center_window_kmer_jsd;estimator=center_jsd;window=48;search_radius=24;kmer=2;top_ratio=0.25;score_scale=4.0;motif_weight=0.0;motif_radius=12;score_normalization=train_quantile;raw_border_score=0.187843;border_score=0.938333",0.17781104147434235,0.17939305305480957,0.6427959203720093
test_Seq_1453,1,2,"benchmark=nucleotide_transformer_downstream_tasks;dataset=splice_sites_all;matching=kmer_balanced;matching_signature=(7, 'ATT');border_estimator=center_window_kmer_jsd;estimator=center_jsd;window=48;search_radius=24;kmer=2;top_ratio=0.25;score_scale=4.0;motif_weight=0.0;motif_radius=12;score_normalization=train_quantile;raw_border_score=0.094228;border_score=0.801489",0.31826353073120117,0.32590633630752563,0.3558301031589508
test_Seq_2007,2,2,"benchmark=nucleotide_transformer_downstream_tasks;dataset=splice_sites_all;matching=kmer_balanced;matching_signature=(9, 'AAA');border_estimator=center_window_kmer_jsd;estimator=center_jsd;window=48;search_radius=24;kmer=2;top_ratio=0.25;score_scale=4.0;motif_weight=0.0;motif_radius=12;score_normalization=train_quantile;raw_border_score=0.194235;border_score=0.955356",0.15298035740852356,0.15668372809886932,0.6903358697891235
test_Seq_1603,1,1,"benchmark=nucleotide_transformer_downstream_tasks;dataset=splice_sites_all;matching=kmer_balanced;matching_signature=(7, 'AAA');border_estimator=center_window_kmer_jsd;estimator=center_jsd;window=48;search_radius=24;kmer=2;top_ratio=0.25;score_scale=4.0;motif_weight=0.0;motif_radius=12;score_normalization=train_quantile;raw_border_score=0.159262;border_score=0.866022",0.3437243402004242,0.3464668393135071,0.30980879068374634
test_Seq_2028,2,2,"benchmark=nucleotide_transformer_downstream_tasks;dataset=splice_sites_all;matching=kmer_balanced;matching_signature=(9, 'GGG');border_estimator=center_window_kmer_jsd;estimator=center_jsd;window=48;search_radius=24;kmer=2;top_ratio=0.25;score_scale=4.0;motif_weight=0.0;motif_radius=12;score_normalization=train_quantile;raw_border_score=0.312400;border_score=1.155800",0.18497532606124878,0.18561983108520508,0.6294048428535461
test_Seq_2334,2,2,"benchmark=nucleotide_transformer_downstream_tasks;dataset=splice_sites_all;matching=kmer_balanced;matching_signature=(9, 'AAA');border_estimator=center_window_kmer_jsd;estimator=center_jsd;window=48;search_radius=24;kmer=2;top_ratio=0.25;score_scale=4.0;motif_weight=0.0;motif_radius=12;score_normalization=train_quantile;raw_border_score=0.493129;border_score=1.198111",0.09409516304731369,0.09185004234313965,0.8140548467636108
test_Seq_2225,2,2,"benchmark=nucleotide_transformer_downstream_tasks;dataset=splice_sites_all;matching=kmer_balanced;matching_signature=(6, 'TTT');border_estimator=center_window_kmer_jsd;estimator=center_jsd;window=48;search_radius=24;kmer=2;top_ratio=0.25;score_scale=4.0;motif_weight=0.0;motif_radius=12;score_normalization=train_quantile;raw_border_score=0.349557;border_score=1.176822",0.18106891214847565,0.1725621521472931,0.6463689804077148
test_Seq_2343,2,2,"benchmark=nucleotide_transformer_downstream_tasks;dataset=splice_sites_all;matching=kmer_balanced;matching_signature=(11, 'GGG');border_estimator=center_window_kmer_jsd;estimator=center_jsd;window=48;search_radius=24;kmer=2;top_ratio=0.25;score_scale=4.0;motif_weight=0.0;motif_radius=12;score_normalization=train_quantile;raw_border_score=0.291167;border_score=1.137489",0.10121417790651321,0.09288962930440903,0.8058961629867554
test_Seq_944,0,2,"benchmark=nucleotide_transformer_downstream_tasks;dataset=splice_sites_all;matching=kmer_balanced;matching_signature=(8, 'TTT');border_estimator=center_window_kmer_jsd;estimator=center_jsd;window=48;search_radius=24;kmer=2;top_ratio=0.25;score_scale=4.0;motif_weight=0.0;motif_radius=12;score_normalization=train_quantile;raw_border_score=0.237937;border_score=1.054689",0.18669842183589935,0.18054422736167908,0.632757306098938
test_Seq_126,0,2,"benchmark=nucleotide_transformer_downstream_tasks;dataset=splice_sites_all;matching=kmer_balanced;matching_signature=(10, 'CCC');border_estimator=center_window_kmer_jsd;estimator=center_jsd;window=48;search_radius=24;kmer=2;top_ratio=0.25;score_scale=4.0;motif_weight=0.0;motif_radius=12;score_normalization=train_quantile;raw_border_score=0.187981;border_score=0.938911",0.23876868188381195,0.23949921131134033,0.5217320919036865
test_Seq_829,0,1,"benchmark=nucleotide_transformer_downstream_tasks;dataset=splice_sites_all;matching=kmer_balanced;matching_signature=(6, 'TTT');border_estimator=center_window_kmer_jsd;estimator=center_jsd;window=48;search_radius=24;kmer=2;top_ratio=0.25;score_scale=4.0;motif_weight=0.0;motif_radius=12;score_normalization=train_quantile;raw_border_score=0.189535;border_score=0.942733",0.33385977149009705,0.36276039481163025,0.3033798336982727
test_Seq_2977,2,2,"benchmark=nucleotide_transformer_downstream_tasks;dataset=splice_sites_all;matching=kmer_balanced;matching_signature=(6, 'TTT');border_estimator=center_window_kmer_jsd;estimator=center_jsd;window=48;search_radius=24;kmer=2;top_ratio=0.25;score_scale=4.0;motif_weight=0.0;motif_radius=12;score_normalization=train_quantile;raw_border_score=0.196352;border_score=0.961133",0.20107907056808472,0.1918790638446808,0.6070418357849121
test_Seq_2288,2,2,"benchmark=nucleotide_transformer_downstream_tasks;dataset=splice_sites_all;matching=kmer_balanced;matching_signature=(6, 'TTT');border_estimator=center_window_kmer_jsd;estimator=center_jsd;window=48;search_radius=24;kmer=2;top_ratio=0.25;score_scale=4.0;motif_weight=0.0;motif_radius=12;score_normalization=train_quantile;raw_border_score=0.166768;border_score=0.883533",0.20785774290561676,0.20063279569149017,0.5915094017982483
test_Seq_2473,2,2,"benchmark=nucleotide_transformer_downstream_tasks;dataset=splice_sites_all;matching=kmer_balanced;matching_signature=(7, 'TTA');border_estimator=center_window_kmer_jsd;estimator=center_jsd;window=48;search_radius=24;kmer=2;top_ratio=0.25;score_scale=4.0;motif_weight=0.0;motif_radius=12;score_normalization=train_quantile;raw_border_score=0.244487;border_score=1.068289",0.19984595477581024,0.19555975496768951,0.6045942902565002
test_Seq_760,0,2,"benchmark=nucleotide_transformer_downstream_tasks;dataset=splice_sites_all;matching=kmer_balanced;matching_signature=(7, 'AAA');border_estimator=center_window_kmer_jsd;estimator=center_jsd;window=48;search_radius=24;kmer=2;top_ratio=0.25;score_scale=4.0;motif_weight=0.0;motif_radius=12;score_normalization=train_quantile;raw_border_score=0.152748;border_score=0.852911",0.20549124479293823,0.21115101873874664,0.5833577513694763
test_Seq_2367,2,2,"benchmark=nucleotide_transformer_downstream_tasks;dataset=splice_sites_all;matching=kmer_balanced;matching_signature=(7, 'TTT');border_estimator=center_window_kmer_jsd;estimator=center_jsd;window=48;search_radius=24;kmer=2;top_ratio=0.25;score_scale=4.0;motif_weight=0.0;motif_radius=12;score_normalization=train_quantile;raw_border_score=0.121812;border_score=0.812067",0.2691524922847748,0.27073919773101807,0.4601083993911743
test_Seq_488,0,2,"benchmark=nucleotide_transformer_downstream_tasks;dataset=splice_sites_all;matching=kmer_balanced;matching_signature=(6, 'TTT');border_estimator=center_window_kmer_jsd;estimator=center_jsd;window=48;search_radius=24;kmer=2;top_ratio=0.25;score_scale=4.0;motif_weight=0.0;motif_radius=12;score_normalization=train_quantile;raw_border_score=0.213825;border_score=1.003889",0.18003016710281372,0.1834113448858261,0.636558473110199
test_Seq_2013,2,2,"benchmark=nucleotide_transformer_downstream_tasks;dataset=splice_sites_all;matching=kmer_balanced;matching_signature=(7, 'TTT');border_estimator=center_window_kmer_jsd;estimator=center_jsd;window=48;search_radius=24;kmer=2;top_ratio=0.25;score_scale=4.0;motif_weight=0.0;motif_radius=12;score_normalization=train_quantile;raw_border_score=0.169820;border_score=0.890422",0.18050363659858704,0.17747701704502106,0.6420193314552307
test_Seq_1575,1,2,"benchmark=nucleotide_transformer_downstream_tasks;dataset=splice_sites_all;matching=kmer_balanced;matching_signature=(10, 'TTT');border_estimator=center_window_kmer_jsd;estimator=center_jsd;window=48;search_radius=24;kmer=2;top_ratio=0.25;score_scale=4.0;motif_weight=0.0;motif_radius=12;score_normalization=train_quantile;raw_border_score=0.365555;border_score=1.182733",0.3275473713874817,0.3257851004600525,0.3466675579547882
test_Seq_2399,2,2,"benchmark=nucleotide_transformer_downstream_tasks;dataset=splice_sites_all;matching=kmer_balanced;matching_signature=(8, 'AAA');border_estimator=center_window_kmer_jsd;estimator=center_jsd;window=48;search_radius=24;kmer=2;top_ratio=0.25;score_scale=4.0;motif_weight=0.0;motif_radius=12;score_normalization=train_quantile;raw_border_score=0.271960;border_score=1.113000",0.20780862867832184,0.2110409438610077,0.581150472164154
test_Seq_2459,2,2,"benchmark=nucleotide_transformer_downstream_tasks;dataset=splice_sites_all;matching=kmer_balanced;matching_signature=(7, 'TTT');border_estimator=center_window_kmer_jsd;estimator=center_jsd;window=48;search_radius=24;kmer=2;top_ratio=0.25;score_scale=4.0;motif_weight=0.0;motif_radius=12;score_normalization=train_quantile;raw_border_score=0.166782;border_score=0.883578",0.20903675258159637,0.21187680959701538,0.579086422920227
test_Seq_2275,2,2,"benchmark=nucleotide_transformer_downstream_tasks;dataset=splice_sites_all;matching=kmer_balanced;matching_signature=(10, 'CAG');border_estimator=center_window_kmer_jsd;estimator=center_jsd;window=48;search_radius=24;kmer=2;top_ratio=0.25;score_scale=4.0;motif_weight=0.0;motif_radius=12;score_normalization=train_quantile;raw_border_score=0.270860;border_score=1.111533",0.2963884472846985,0.3143223524093628,0.3892892301082611
test_Seq_2484,2,2,"benchmark=nucleotide_transformer_downstream_tasks;dataset=splice_sites_all;matching=kmer_balanced;matching_signature=(12, 'CCC');border_estimator=center_window_kmer_jsd;estimator=center_jsd;window=48;search_radius=24;kmer=2;top_ratio=0.25;score_scale=4.0;motif_weight=0.0;motif_radius=12;score_normalization=train_quantile;raw_border_score=0.214717;border_score=1.005444",0.17687372863292694,0.17394448816776276,0.6491817831993103
test_Seq_293,0,2,"benchmark=nucleotide_transformer_downstream_tasks;dataset=splice_sites_all;matching=kmer_balanced;matching_signature=(8, 'AAA');border_estimator=center_window_kmer_jsd;estimator=center_jsd;window=48;search_radius=24;kmer=2;top_ratio=0.25;score_scale=4.0;motif_weight=0.0;motif_radius=12;score_normalization=train_quantile;raw_border_score=0.231502;border_score=1.042511",0.24428726732730865,0.2439577579498291,0.5117549896240234
test_Seq_1921,1,1,"benchmark=nucleotide_transformer_downstream_tasks;dataset=splice_sites_all;matching=kmer_balanced;matching_signature=(7, 'AAA');border_estimator=center_window_kmer_jsd;estimator=center_jsd;window=48;search_radius=24;kmer=2;top_ratio=0.25;score_scale=4.0;motif_weight=0.0;motif_radius=12;score_normalization=train_quantile;raw_border_score=0.317401;border_score=1.159267",0.326539546251297,0.36005473136901855,0.31340572237968445
test_Seq_1443,1,2,"benchmark=nucleotide_transformer_downstream_tasks;dataset=splice_sites_all;matching=kmer_balanced;matching_signature=(7, 'TTT');border_estimator=center_window_kmer_jsd;estimator=center_jsd;window=48;search_radius=24;kmer=2;top_ratio=0.25;score_scale=4.0;motif_weight=0.0;motif_radius=12;score_normalization=train_quantile;raw_border_score=0.270082;border_score=1.110200",0.19628086686134338,0.19186723232269287,0.6118519306182861
test_Seq_921,0,2,"benchmark=nucleotide_transformer_downstream_tasks;dataset=splice_sites_all;matching=kmer_balanced;matching_signature=(11, 'CAG');border_estimator=center_window_kmer_jsd;estimator=center_jsd;window=48;search_radius=24;kmer=2;top_ratio=0.25;score_scale=4.0;motif_weight=0.0;motif_radius=12;score_normalization=train_quantile;raw_border_score=0.342641;border_score=1.173178",0.19738812744617462,0.18737250566482544,0.6152393817901611
test_Seq_1544,1,1,"benchmark=nucleotide_transformer_downstream_tasks;dataset=splice_sites_all;matching=kmer_balanced;matching_signature=(8, 'TGA');border_estimator=center_window_kmer_jsd;estimator=center_jsd;window=48;search_radius=24;kmer=2;top_ratio=0.25;score_scale=4.0;motif_weight=0.0;motif_radius=12;score_normalization=train_quantile;raw_border_score=0.265435;border_score=1.104244",0.4046104848384857,0.4827376902103424,0.11265191435813904
test_Seq_580,0,2,"benchmark=nucleotide_transformer_downstream_tasks;dataset=splice_sites_all;matching=kmer_balanced;matching_signature=(11, 'GGG');border_estimator=center_window_kmer_jsd;estimator=center_jsd;window=48;search_radius=24;kmer=2;top_ratio=0.25;score_scale=4.0;motif_weight=0.0;motif_radius=12;score_normalization=train_quantile;raw_border_score=0.262434;border_score=1.099933",0.22629962861537933,0.22892598807811737,0.5447743535041809
test_Seq_1812,1,2,"benchmark=nucleotide_transformer_downstream_tasks;dataset=splice_sites_all;matching=kmer_balanced;matching_signature=(8, 'ATT');border_estimator=center_window_kmer_jsd;estimator=center_jsd;window=48;search_radius=24;kmer=2;top_ratio=0.25;score_scale=4.0;motif_weight=0.0;motif_radius=12;score_normalization=train_quantile;raw_border_score=0.232341;border_score=1.044378",0.3084913492202759,0.31239959597587585,0.37910908460617065
test_Seq_2882,2,1,"benchmark=nucleotide_transformer_downstream_tasks;dataset=splice_sites_all;matching=kmer_balanced;matching_signature=(12, 'CCC');border_estimator=center_window_kmer_jsd;estimator=center_jsd;window=48;search_radius=24;kmer=2;top_ratio=0.25;score_scale=4.0;motif_weight=0.0;motif_radius=12;score_normalization=train_quantile;raw_border_score=0.239681;border_score=1.057711",0.333332359790802,0.35695987939834595,0.30970779061317444
test_Seq_1292,1,2,"benchmark=nucleotide_transformer_downstream_tasks;dataset=splice_sites_all;matching=kmer_balanced;matching_signature=(10, 'AGG');border_estimator=center_window_kmer_jsd;estimator=center_jsd;window=48;search_radius=24;kmer=2;top_ratio=0.25;score_scale=4.0;motif_weight=0.0;motif_radius=12;score_normalization=train_quantile;raw_border_score=0.250887;border_score=1.080778",0.29894015192985535,0.3021218776702881,0.3989379107952118
test_Seq_397,0,2,"benchmark=nucleotide_transformer_downstream_tasks;dataset=splice_sites_all;matching=kmer_balanced;matching_signature=(6, 'AAA');border_estimator=center_window_kmer_jsd;estimator=center_jsd;window=48;search_radius=24;kmer=2;top_ratio=0.25;score_scale=4.0;motif_weight=0.0;motif_radius=12;score_normalization=train_quantile;raw_border_score=0.266872;border_score=1.105622",0.22152361273765564,0.22345158457756042,0.5550248026847839
test_Seq_2844,2,2,"benchmark=nucleotide_transformer_downstream_tasks;dataset=splice_sites_all;matching=kmer_balanced;matching_signature=(7, 'TTT');border_estimator=center_window_kmer_jsd;estimator=center_jsd;window=48;search_radius=24;kmer=2;top_ratio=0.25;score_scale=4.0;motif_weight=0.0;motif_radius=12;score_normalization=train_quantile;raw_border_score=0.133640;border_score=0.823533",0.24380026757717133,0.24287135899066925,0.5133283734321594
test_Seq_559,0,2,"benchmark=nucleotide_transformer_downstream_tasks;dataset=splice_sites_all;matching=kmer_balanced;matching_signature=(11, 'CCC');border_estimator=center_window_kmer_jsd;estimator=center_jsd;window=48;search_radius=24;kmer=2;top_ratio=0.25;score_scale=4.0;motif_weight=0.0;motif_radius=12;score_normalization=train_quantile;raw_border_score=0.120315;border_score=0.811222",0.22910429537296295,0.2194472700357437,0.551448404788971
test_Seq_2709,2,2,"benchmark=nucleotide_transformer_downstream_tasks;dataset=splice_sites_all;matching=kmer_balanced;matching_signature=(13, 'GGG');border_estimator=center_window_kmer_jsd;estimator=center_jsd;window=48;search_radius=24;kmer=2;top_ratio=0.25;score_scale=4.0;motif_weight=0.0;motif_radius=12;score_normalization=train_quantile;raw_border_score=0.167399;border_score=0.885178",0.16617003083229065,0.1642991453409195,0.6695308089256287
test_Seq_1919,1,2,"benchmark=nucleotide_transformer_downstream_tasks;dataset=splice_sites_all;matching=kmer_balanced;matching_signature=(7, 'TTT');border_estimator=center_window_kmer_jsd;estimator=center_jsd;window=48;search_radius=24;kmer=2;top_ratio=0.25;score_scale=4.0;motif_weight=0.0;motif_radius=12;score_normalization=train_quantile;raw_border_score=0.176086;border_score=0.908200",0.22315211594104767,0.22589053213596344,0.5509573221206665
test_Seq_2450,2,2,"benchmark=nucleotide_transformer_downstream_tasks;dataset=splice_sites_all;matching=kmer_balanced;matching_signature=(9, 'AAA');border_estimator=center_window_kmer_jsd;estimator=center_jsd;window=48;search_radius=24;kmer=2;top_ratio=0.25;score_scale=4.0;motif_weight=0.0;motif_radius=12;score_normalization=train_quantile;raw_border_score=0.230400;border_score=1.040511",0.09035274386405945,0.09375357627868652,0.8158937096595764
test_Seq_2558,2,2,"benchmark=nucleotide_transformer_downstream_tasks;dataset=splice_sites_all;matching=kmer_balanced;matching_signature=(9, 'TTT');border_estimator=center_window_kmer_jsd;estimator=center_jsd;window=48;search_radius=24;kmer=2;top_ratio=0.25;score_scale=4.0;motif_weight=0.0;motif_radius=12;score_normalization=train_quantile;raw_border_score=0.143473;border_score=0.836467",0.25835612416267395,0.2630980312824249,0.4785458445549011
test_Seq_1099,1,2,"benchmark=nucleotide_transformer_downstream_tasks;dataset=splice_sites_all;matching=kmer_balanced;matching_signature=(8, 'TTT');border_estimator=center_window_kmer_jsd;estimator=center_jsd;window=48;search_radius=24;kmer=2;top_ratio=0.25;score_scale=4.0;motif_weight=0.0;motif_radius=12;score_normalization=train_quantile;raw_border_score=0.192880;border_score=0.951622",0.2588237226009369,0.27595141530036926,0.4652248024940491
test_Seq_1945,1,2,"benchmark=nucleotide_transformer_downstream_tasks;dataset=splice_sites_all;matching=kmer_balanced;matching_signature=(7, 'TTT');border_estimator=center_window_kmer_jsd;estimator=center_jsd;window=48;search_radius=24;kmer=2;top_ratio=0.25;score_scale=4.0;motif_weight=0.0;motif_radius=12;score_normalization=train_quantile;raw_border_score=0.257526;border_score=1.091489",0.21282285451889038,0.22049511969089508,0.5666820406913757
test_Seq_1902,1,2,"benchmark=nucleotide_transformer_downstream_tasks;dataset=splice_sites_all;matching=kmer_balanced;matching_signature=(6, 'TTT');border_estimator=center_window_kmer_jsd;estimator=center_jsd;window=48;search_radius=24;kmer=2;top_ratio=0.25;score_scale=4.0;motif_weight=0.0;motif_radius=12;score_normalization=train_quantile;raw_border_score=0.254431;border_score=1.086333",0.3246636688709259,0.33002036809921265,0.34531599283218384
test_Seq_1437,1,2,"benchmark=nucleotide_transformer_downstream_tasks;dataset=splice_sites_all;matching=kmer_balanced;matching_signature=(10, 'GTG');border_estimator=center_window_kmer_jsd;estimator=center_jsd;window=48;search_radius=24;kmer=2;top_ratio=0.25;score_scale=4.0;motif_weight=0.0;motif_radius=12;score_normalization=train_quantile;raw_border_score=0.208901;border_score=0.992244",0.18889686465263367,0.1865074336528778,0.6245957016944885
test_Seq_202,0,2,"benchmark=nucleotide_transformer_downstream_tasks;dataset=splice_sites_all;matching=kmer_balanced;matching_signature=(8, 'TTT');border_estimator=center_window_kmer_jsd;estimator=center_jsd;window=48;search_radius=24;kmer=2;top_ratio=0.25;score_scale=4.0;motif_weight=0.0;motif_radius=12;score_normalization=train_quantile;raw_border_score=0.355109;border_score=1.178689",0.255898654460907,0.2593690752983093,0.48473232984542847
test_Seq_1306,1,2,"benchmark=nucleotide_transformer_downstream_tasks;dataset=splice_sites_all;matching=kmer_balanced;matching_signature=(12, 'CTG');border_estimator=center_window_kmer_jsd;estimator=center_jsd;window=48;search_radius=24;kmer=2;top_ratio=0.25;score_scale=4.0;motif_weight=0.0;motif_radius=12;score_normalization=train_quantile;raw_border_score=0.135083;border_score=0.825267",0.17867814004421234,0.17291896045207977,0.6484028697013855
test_Seq_105,0,2,"benchmark=nucleotide_transformer_downstream_tasks;dataset=splice_sites_all;matching=kmer_balanced;matching_signature=(6, 'TTT');border_estimator=center_window_kmer_jsd;estimator=center_jsd;window=48;search_radius=24;kmer=2;top_ratio=0.25;score_scale=4.0;motif_weight=0.0;motif_radius=12;score_normalization=train_quantile;raw_border_score=0.298664;border_score=1.144956",0.2522428631782532,0.24830545485019684,0.4994516968727112
test_Seq_1582,1,2,"benchmark=nucleotide_transformer_downstream_tasks;dataset=splice_sites_all;matching=kmer_balanced;matching_signature=(5, 'TTT');border_estimator=center_window_kmer_jsd;estimator=center_jsd;window=48;search_radius=24;kmer=2;top_ratio=0.25;score_scale=4.0;motif_weight=0.0;motif_radius=12;score_normalization=train_quantile;raw_border_score=0.200660;border_score=0.972689",0.1714351773262024,0.1717662662267685,0.6567985415458679
test_Seq_712,0,2,"benchmark=nucleotide_transformer_downstream_tasks;dataset=splice_sites_all;matching=kmer_balanced;matching_signature=(7, 'TTA');border_estimator=center_window_kmer_jsd;estimator=center_jsd;window=48;search_radius=24;kmer=2;top_ratio=0.25;score_scale=4.0;motif_weight=0.0;motif_radius=12;score_normalization=train_quantile;raw_border_score=0.215966;border_score=1.008733",0.21311745047569275,0.20914408564567566,0.5777384042739868
test_Seq_993,0,1,"benchmark=nucleotide_transformer_downstream_tasks;dataset=splice_sites_all;matching=kmer_balanced;matching_signature=(8, 'TTT');border_estimator=center_window_kmer_jsd;estimator=center_jsd;window=48;search_radius=24;kmer=2;top_ratio=0.25;score_scale=4.0;motif_weight=0.0;motif_radius=12;score_normalization=train_quantile;raw_border_score=0.200270;border_score=0.971978",0.3490504026412964,0.36539602279663086,0.28555354475975037
test_Seq_118,0,2,"benchmark=nucleotide_transformer_downstream_tasks;dataset=splice_sites_all;matching=kmer_balanced;matching_signature=(13, 'GCC');border_estimator=center_window_kmer_jsd;estimator=center_jsd;window=48;search_radius=24;kmer=2;top_ratio=0.25;score_scale=4.0;motif_weight=0.0;motif_radius=12;score_normalization=train_quantile;raw_border_score=0.236458;border_score=1.051844",0.27457424998283386,0.27195310592651367,0.45347267389297485
test_Seq_2374,2,2,"benchmark=nucleotide_transformer_downstream_tasks;dataset=splice_sites_all;matching=kmer_balanced;matching_signature=(11, 'CCC');border_estimator=center_window_kmer_jsd;estimator=center_jsd;window=48;search_radius=24;kmer=2;top_ratio=0.25;score_scale=4.0;motif_weight=0.0;motif_radius=12;score_normalization=train_quantile;raw_border_score=0.186084;border_score=0.933400",0.281811386346817,0.28667545318603516,0.4315131604671478
test_Seq_782,0,2,"benchmark=nucleotide_transformer_downstream_tasks;dataset=splice_sites_all;matching=kmer_balanced;matching_signature=(8, 'TTT');border_estimator=center_window_kmer_jsd;estimator=center_jsd;window=48;search_radius=24;kmer=2;top_ratio=0.25;score_scale=4.0;motif_weight=0.0;motif_radius=12;score_normalization=train_quantile;raw_border_score=0.260364;border_score=1.096467",0.1833057999610901,0.17884522676467896,0.637848973274231
test_Seq_1170,1,1,"benchmark=nucleotide_transformer_downstream_tasks;dataset=splice_sites_all;matching=kmer_balanced;matching_signature=(13, 'GGC');border_estimator=center_window_kmer_jsd;estimator=center_jsd;window=48;search_radius=24;kmer=2;top_ratio=0.25;score_scale=4.0;motif_weight=0.0;motif_radius=12;score_normalization=train_quantile;raw_border_score=0.148609;border_score=0.845267",0.3722354471683502,0.4144057631492615,0.21335874497890472
test_Seq_1,0,2,"benchmark=nucleotide_transformer_downstream_tasks;dataset=splice_sites_all;matching=kmer_balanced;matching_signature=(9, 'TTT');border_estimator=center_window_kmer_jsd;estimator=center_jsd;window=48;search_radius=24;kmer=2;top_ratio=0.25;score_scale=4.0;motif_weight=0.0;motif_radius=12;score_normalization=train_quantile;raw_border_score=0.314159;border_score=1.156778",0.28066378831863403,0.2954557538032532,0.4238804578781128
test_Seq_2359,2,2,"benchmark=nucleotide_transformer_downstream_tasks;dataset=splice_sites_all;matching=kmer_balanced;matching_signature=(10, 'CCC');border_estimator=center_window_kmer_jsd;estimator=center_jsd;window=48;search_radius=24;kmer=2;top_ratio=0.25;score_scale=4.0;motif_weight=0.0;motif_radius=12;score_normalization=train_quantile;raw_border_score=0.280147;border_score=1.124244",0.12409421801567078,0.11885514855384827,0.7570505738258362
test_Seq_1815,1,2,"benchmark=nucleotide_transformer_downstream_tasks;dataset=splice_sites_all;matching=kmer_balanced;matching_signature=(7, 'TTT');border_estimator=center_window_kmer_jsd;estimator=center_jsd;window=48;search_radius=24;kmer=2;top_ratio=0.25;score_scale=4.0;motif_weight=0.0;motif_radius=12;score_normalization=train_quantile;raw_border_score=0.182277;border_score=0.922956",0.1631043255329132,0.1583142727613449,0.6785813570022583
test_Seq_314,0,2,"benchmark=nucleotide_transformer_downstream_tasks;dataset=splice_sites_all;matching=kmer_balanced;matching_signature=(7, 'TTT');border_estimator=center_window_kmer_jsd;estimator=center_jsd;window=48;search_radius=24;kmer=2;top_ratio=0.25;score_scale=4.0;motif_weight=0.0;motif_radius=12;score_normalization=train_quantile;raw_border_score=0.180100;border_score=0.917978",0.20222827792167664,0.19935230910778046,0.5984194278717041
test_Seq_1150,1,2,"benchmark=nucleotide_transformer_downstream_tasks;dataset=splice_sites_all;matching=kmer_balanced;matching_signature=(7, 'TTT');border_estimator=center_window_kmer_jsd;estimator=center_jsd;window=48;search_radius=24;kmer=2;top_ratio=0.25;score_scale=4.0;motif_weight=0.0;motif_radius=12;score_normalization=train_quantile;raw_border_score=0.223849;border_score=1.027889",0.2939679026603699,0.3206785023212433,0.38535362482070923
test_Seq_1587,1,1,"benchmark=nucleotide_transformer_downstream_tasks;dataset=splice_sites_all;matching=kmer_balanced;matching_signature=(13, 'GGG');border_estimator=center_window_kmer_jsd;estimator=center_jsd;window=48;search_radius=24;kmer=2;top_ratio=0.25;score_scale=4.0;motif_weight=0.0;motif_radius=12;score_normalization=train_quantile;raw_border_score=0.232562;border_score=1.044600",0.34605106711387634,0.37813520431518555,0.2758137285709381
test_Seq_2168,2,2,"benchmark=nucleotide_transformer_downstream_tasks;dataset=splice_sites_all;matching=kmer_balanced;matching_signature=(9, 'CAG');border_estimator=center_window_kmer_jsd;estimator=center_jsd;window=48;search_radius=24;kmer=2;top_ratio=0.25;score_scale=4.0;motif_weight=0.0;motif_radius=12;score_normalization=train_quantile;raw_border_score=0.167094;border_score=0.884422",0.27195078134536743,0.26330772042274475,0.464741587638855
test_Seq_750,0,2,"benchmark=nucleotide_transformer_downstream_tasks;dataset=splice_sites_all;matching=kmer_balanced;matching_signature=(6, 'AAA');border_estimator=center_window_kmer_jsd;estimator=center_jsd;window=48;search_radius=24;kmer=2;top_ratio=0.25;score_scale=4.0;motif_weight=0.0;motif_radius=12;score_normalization=train_quantile;raw_border_score=0.250288;border_score=1.079844",0.28213900327682495,0.3009868264198303,0.4168742001056671
test_Seq_2676,2,2,"benchmark=nucleotide_transformer_downstream_tasks;dataset=splice_sites_all;matching=kmer_balanced;matching_signature=(11, 'CTC');border_estimator=center_window_kmer_jsd;estimator=center_jsd;window=48;search_radius=24;kmer=2;top_ratio=0.25;score_scale=4.0;motif_weight=0.0;motif_radius=12;score_normalization=train_quantile;raw_border_score=0.308806;border_score=1.152956",0.2015872299671173,0.19793009757995605,0.600482702255249
test_Seq_2256,2,2,"benchmark=nucleotide_transformer_downstream_tasks;dataset=splice_sites_all;matching=kmer_balanced;matching_signature=(9, 'TTT');border_estimator=center_window_kmer_jsd;estimator=center_jsd;window=48;search_radius=24;kmer=2;top_ratio=0.25;score_scale=4.0;motif_weight=0.0;motif_radius=12;score_normalization=train_quantile;raw_border_score=0.147695;border_score=0.843489",0.16769245266914368,0.17195835709571838,0.6603491902351379
test_Seq_1357,1,2,"benchmark=nucleotide_transformer_downstream_tasks;dataset=splice_sites_all;matching=kmer_balanced;matching_signature=(6, 'TTT');border_estimator=center_window_kmer_jsd;estimator=center_jsd;window=48;search_radius=24;kmer=2;top_ratio=0.25;score_scale=4.0;motif_weight=0.0;motif_radius=12;score_normalization=train_quantile;raw_border_score=0.333805;border_score=1.168200",0.20331884920597076,0.20060263574123383,0.5960785746574402
test_Seq_2252,2,2,"benchmark=nucleotide_transformer_downstream_tasks;dataset=splice_sites_all;matching=kmer_balanced;matching_signature=(9, 'TTT');border_estimator=center_window_kmer_jsd;estimator=center_jsd;window=48;search_radius=24;kmer=2;top_ratio=0.25;score_scale=4.0;motif_weight=0.0;motif_radius=12;score_normalization=train_quantile;raw_border_score=0.170116;border_score=0.891089",0.09041740745306015,0.08996843546628952,0.8196142315864563
test_Seq_1409,1,2,"benchmark=nucleotide_transformer_downstream_tasks;dataset=splice_sites_all;matching=kmer_balanced;matching_signature=(12, 'CCC');border_estimator=center_window_kmer_jsd;estimator=center_jsd;window=48;search_radius=24;kmer=2;top_ratio=0.25;score_scale=4.0;motif_weight=0.0;motif_radius=12;score_normalization=train_quantile;raw_border_score=0.199756;border_score=0.970644",0.18952220678329468,0.1772482544183731,0.6332294940948486
test_Seq_2688,2,2,"benchmark=nucleotide_transformer_downstream_tasks;dataset=splice_sites_all;matching=kmer_balanced;matching_signature=(11, 'CTG');border_estimator=center_window_kmer_jsd;estimator=center_jsd;window=48;search_radius=24;kmer=2;top_ratio=0.25;score_scale=4.0;motif_weight=0.0;motif_radius=12;score_normalization=train_quantile;raw_border_score=0.203207;border_score=0.979267",0.30764928460121155,0.30814141035079956,0.3842093050479889
test_Seq_2905,2,2,"benchmark=nucleotide_transformer_downstream_tasks;dataset=splice_sites_all;matching=kmer_balanced;matching_signature=(10, 'CTG');border_estimator=center_window_kmer_jsd;estimator=center_jsd;window=48;search_radius=24;kmer=2;top_ratio=0.25;score_scale=4.0;motif_weight=0.0;motif_radius=12;score_normalization=train_quantile;raw_border_score=0.259028;border_score=1.093933",0.27920621633529663,0.2749037444591522,0.44589003920555115
test_Seq_98,0,2,"benchmark=nucleotide_transformer_downstream_tasks;dataset=splice_sites_all;matching=kmer_balanced;matching_signature=(7, 'AAA');border_estimator=center_window_kmer_jsd;estimator=center_jsd;window=48;search_radius=24;kmer=2;top_ratio=0.25;score_scale=4.0;motif_weight=0.0;motif_radius=12;score_normalization=train_quantile;raw_border_score=0.182605;border_score=0.924244",0.27512356638908386,0.28385427594184875,0.441022127866745
test_Seq_1003,1,2,"benchmark=nucleotide_transformer_downstream_tasks;dataset=splice_sites_all;matching=kmer_balanced;matching_signature=(6, 'TTT');border_estimator=center_window_kmer_jsd;estimator=center_jsd;window=48;search_radius=24;kmer=2;top_ratio=0.25;score_scale=4.0;motif_weight=0.0;motif_radius=12;score_normalization=train_quantile;raw_border_score=0.179608;border_score=0.916822",0.17830273509025574,0.17547984421253204,0.6462174654006958
test_Seq_2302,2,2,"benchmark=nucleotide_transformer_downstream_tasks;dataset=splice_sites_all;matching=kmer_balanced;matching_signature=(11, 'CAG');border_estimator=center_window_kmer_jsd;estimator=center_jsd;window=48;search_radius=24;kmer=2;top_ratio=0.25;score_scale=4.0;motif_weight=0.0;motif_radius=12;score_normalization=train_quantile;raw_border_score=0.188025;border_score=0.939044",0.16366592049598694,0.15835155546665192,0.6779824495315552
test_Seq_959,0,2,"benchmark=nucleotide_transformer_downstream_tasks;dataset=splice_sites_all;matching=kmer_balanced;matching_signature=(6, 'TTT');border_estimator=center_window_kmer_jsd;estimator=center_jsd;window=48;search_radius=24;kmer=2;top_ratio=0.25;score_scale=4.0;motif_weight=0.0;motif_radius=12;score_normalization=train_quantile;raw_border_score=0.220574;border_score=1.019933",0.30234163999557495,0.29841792583465576,0.3992404043674469
test_Seq_1337,1,2,"benchmark=nucleotide_transformer_downstream_tasks;dataset=splice_sites_all;matching=kmer_balanced;matching_signature=(7, 'TTT');border_estimator=center_window_kmer_jsd;estimator=center_jsd;window=48;search_radius=24;kmer=2;top_ratio=0.25;score_scale=4.0;motif_weight=0.0;motif_radius=12;score_normalization=train_quantile;raw_border_score=0.186984;border_score=0.935978",0.19737225770950317,0.2012576460838318,0.6013700366020203
test_Seq_114,0,2,"benchmark=nucleotide_transformer_downstream_tasks;dataset=splice_sites_all;matching=kmer_balanced;matching_signature=(10, 'CAG');border_estimator=center_window_kmer_jsd;estimator=center_jsd;window=48;search_radius=24;kmer=2;top_ratio=0.25;score_scale=4.0;motif_weight=0.0;motif_radius=12;score_normalization=train_quantile;raw_border_score=0.163630;border_score=0.875267",0.2115788608789444,0.20554785430431366,0.5828732848167419
test_Seq_874,0,2,"benchmark=nucleotide_transformer_downstream_tasks;dataset=splice_sites_all;matching=kmer_balanced;matching_signature=(5, 'AAA');border_estimator=center_window_kmer_jsd;estimator=center_jsd;window=48;search_radius=24;kmer=2;top_ratio=0.25;score_scale=4.0;motif_weight=0.0;motif_radius=12;score_normalization=train_quantile;raw_border_score=0.305248;border_score=1.150467",0.24733929336071014,0.25210392475128174,0.5005568265914917
test_Seq_2553,2,2,"benchmark=nucleotide_transformer_downstream_tasks;dataset=splice_sites_all;matching=kmer_balanced;matching_signature=(9, 'AAA');border_estimator=center_window_kmer_jsd;estimator=center_jsd;window=48;search_radius=24;kmer=2;top_ratio=0.25;score_scale=4.0;motif_weight=0.0;motif_radius=12;score_normalization=train_quantile;raw_border_score=0.232826;border_score=1.045311",0.2922542095184326,0.3007620871067047,0.40698370337486267
test_Seq_385,0,2,"benchmark=nucleotide_transformer_downstream_tasks;dataset=splice_sites_all;matching=kmer_balanced;matching_signature=(7, 'AAA');border_estimator=center_window_kmer_jsd;estimator=center_jsd;window=48;search_radius=24;kmer=2;top_ratio=0.25;score_scale=4.0;motif_weight=0.0;motif_radius=12;score_normalization=train_quantile;raw_border_score=0.193755;border_score=0.954022",0.189292311668396,0.1924152672290802,0.6182923913002014
test_Seq_531,0,2,"benchmark=nucleotide_transformer_downstream_tasks;dataset=splice_sites_all;matching=kmer_balanced;matching_signature=(9, 'GTG');border_estimator=center_window_kmer_jsd;estimator=center_jsd;window=48;search_radius=24;kmer=2;top_ratio=0.25;score_scale=4.0;motif_weight=0.0;motif_radius=12;score_normalization=train_quantile;raw_border_score=0.272971;border_score=1.114467",0.1976202428340912,0.19253849983215332,0.6098412871360779
test_Seq_576,0,1,"benchmark=nucleotide_transformer_downstream_tasks;dataset=splice_sites_all;matching=kmer_balanced;matching_signature=(11, 'GTG');border_estimator=center_window_kmer_jsd;estimator=center_jsd;window=48;search_radius=24;kmer=2;top_ratio=0.25;score_scale=4.0;motif_weight=0.0;motif_radius=12;score_normalization=train_quantile;raw_border_score=0.314264;border_score=1.156911",0.3402552306652069,0.34240540862083435,0.31733939051628113
test_Seq_237,0,2,"benchmark=nucleotide_transformer_downstream_tasks;dataset=splice_sites_all;matching=kmer_balanced;matching_signature=(13, 'CTG');border_estimator=center_window_kmer_jsd;estimator=center_jsd;window=48;search_radius=24;kmer=2;top_ratio=0.25;score_scale=4.0;motif_weight=0.0;motif_radius=12;score_normalization=train_quantile;raw_border_score=0.183578;border_score=0.926200",0.25263798236846924,0.24608854949474335,0.5012734532356262
test_Seq_2120,2,2,"benchmark=nucleotide_transformer_downstream_tasks;dataset=splice_sites_all;matching=kmer_balanced;matching_signature=(8, 'TGT');border_estimator=center_window_kmer_jsd;estimator=center_jsd;window=48;search_radius=24;kmer=2;top_ratio=0.25;score_scale=4.0;motif_weight=0.0;motif_radius=12;score_normalization=train_quantile;raw_border_score=0.262206;border_score=1.099444",0.07338114082813263,0.07118475437164307,0.8554341793060303
test_Seq_1120,1,2,"benchmark=nucleotide_transformer_downstream_tasks;dataset=splice_sites_all;matching=kmer_balanced;matching_signature=(8, 'GTG');border_estimator=center_window_kmer_jsd;estimator=center_jsd;window=48;search_radius=24;kmer=2;top_ratio=0.25;score_scale=4.0;motif_weight=0.0;motif_radius=12;score_normalization=train_quantile;raw_border_score=0.192960;border_score=0.951978",0.32032066583633423,0.3339965045452118,0.34568285942077637
test_Seq_2408,2,2,"benchmark=nucleotide_transformer_downstream_tasks;dataset=splice_sites_all;matching=kmer_balanced;matching_signature=(12, 'CCC');border_estimator=center_window_kmer_jsd;estimator=center_jsd;window=48;search_radius=24;kmer=2;top_ratio=0.25;score_scale=4.0;motif_weight=0.0;motif_radius=12;score_normalization=train_quantile;raw_border_score=0.139817;border_score=0.831400",0.31627774238586426,0.3292540907859802,0.35446813702583313
test_Seq_2088,2,2,"benchmark=nucleotide_transformer_downstream_tasks;dataset=splice_sites_all;matching=kmer_balanced;matching_signature=(8, 'TTT');border_estimator=center_window_kmer_jsd;estimator=center_jsd;window=48;search_radius=24;kmer=2;top_ratio=0.25;score_scale=4.0;motif_weight=0.0;motif_radius=12;score_normalization=train_quantile;raw_border_score=0.289464;border_score=1.135933",0.24889329075813293,0.2562389373779297,0.494867742061615
test_Seq_2703,2,2,"benchmark=nucleotide_transformer_downstream_tasks;dataset=splice_sites_all;matching=kmer_balanced;matching_signature=(9, 'CTG');border_estimator=center_window_kmer_jsd;estimator=center_jsd;window=48;search_radius=24;kmer=2;top_ratio=0.25;score_scale=4.0;motif_weight=0.0;motif_radius=12;score_normalization=train_quantile;raw_border_score=0.273985;border_score=1.115933",0.2105615884065628,0.20874987542629242,0.5806885361671448
test_Seq_1368,1,2,"benchmark=nucleotide_transformer_downstream_tasks;dataset=splice_sites_all;matching=kmer_balanced;matching_signature=(8, 'TTT');border_estimator=center_window_kmer_jsd;estimator=center_jsd;window=48;search_radius=24;kmer=2;top_ratio=0.25;score_scale=4.0;motif_weight=0.0;motif_radius=12;score_normalization=train_quantile;raw_border_score=0.147594;border_score=0.843356",0.22831261157989502,0.2359725832939148,0.5357148051261902
test_Seq_1784,1,2,"benchmark=nucleotide_transformer_downstream_tasks;dataset=splice_sites_all;matching=kmer_balanced;matching_signature=(13, 'CCC');border_estimator=center_window_kmer_jsd;estimator=center_jsd;window=48;search_radius=24;kmer=2;top_ratio=0.25;score_scale=4.0;motif_weight=0.0;motif_radius=12;score_normalization=train_quantile;raw_border_score=0.273385;border_score=1.115133",0.22654098272323608,0.21738538146018982,0.5560736060142517
test_Seq_2043,2,2,"benchmark=nucleotide_transformer_downstream_tasks;dataset=splice_sites_all;matching=kmer_balanced;matching_signature=(10, 'CCC');border_estimator=center_window_kmer_jsd;estimator=center_jsd;window=48;search_radius=24;kmer=2;top_ratio=0.25;score_scale=4.0;motif_weight=0.0;motif_radius=12;score_normalization=train_quantile;raw_border_score=0.505878;border_score=1.198778",0.16395318508148193,0.15260007977485657,0.6834467649459839
test_Seq_939,0,1,"benchmark=nucleotide_transformer_downstream_tasks;dataset=splice_sites_all;matching=kmer_balanced;matching_signature=(5, 'TTT');border_estimator=center_window_kmer_jsd;estimator=center_jsd;window=48;search_radius=24;kmer=2;top_ratio=0.25;score_scale=4.0;motif_weight=0.0;motif_radius=12;score_normalization=train_quantile;raw_border_score=0.162977;border_score=0.873800",0.33689990639686584,0.3561323881149292,0.30696770548820496
test_Seq_460,0,2,"benchmark=nucleotide_transformer_downstream_tasks;dataset=splice_sites_all;matching=kmer_balanced;matching_signature=(12, 'CCC');border_estimator=center_window_kmer_jsd;estimator=center_jsd;window=48;search_radius=24;kmer=2;top_ratio=0.25;score_scale=4.0;motif_weight=0.0;motif_radius=12;score_normalization=train_quantile;raw_border_score=0.447797;border_score=1.195133",0.17960476875305176,0.1726888120174408,0.6477064490318298
test_Seq_2210,2,2,"benchmark=nucleotide_transformer_downstream_tasks;dataset=splice_sites_all;matching=kmer_balanced;matching_signature=(7, 'AAA');border_estimator=center_window_kmer_jsd;estimator=center_jsd;window=48;search_radius=24;kmer=2;top_ratio=0.25;score_scale=4.0;motif_weight=0.0;motif_radius=12;score_normalization=train_quantile;raw_border_score=0.241679;border_score=1.062467",0.16837699711322784,0.16264119744300842,0.6689818501472473
test_Seq_1197,1,2,"benchmark=nucleotide_transformer_downstream_tasks;dataset=splice_sites_all;matching=kmer_balanced;matching_signature=(8, 'TTT');border_estimator=center_window_kmer_jsd;estimator=center_jsd;window=48;search_radius=24;kmer=2;top_ratio=0.25;score_scale=4.0;motif_weight=0.0;motif_radius=12;score_normalization=train_quantile;raw_border_score=0.229817;border_score=1.039356",0.21064577996730804,0.21168623864650726,0.5776679515838623
test_Seq_1901,1,2,"benchmark=nucleotide_transformer_downstream_tasks;dataset=splice_sites_all;matching=kmer_balanced;matching_signature=(11, 'CCT');border_estimator=center_window_kmer_jsd;estimator=center_jsd;window=48;search_radius=24;kmer=2;top_ratio=0.25;score_scale=4.0;motif_weight=0.0;motif_radius=12;score_normalization=train_quantile;raw_border_score=0.179953;border_score=0.917667",0.2768227159976959,0.2676559388637543,0.4555214047431946
test_Seq_2866,2,2,"benchmark=nucleotide_transformer_downstream_tasks;dataset=splice_sites_all;matching=kmer_balanced;matching_signature=(7, 'TTT');border_estimator=center_window_kmer_jsd;estimator=center_jsd;window=48;search_radius=24;kmer=2;top_ratio=0.25;score_scale=4.0;motif_weight=0.0;motif_radius=12;score_normalization=train_quantile;raw_border_score=0.202932;border_score=0.978778",0.26185840368270874,0.27237004041671753,0.46577149629592896
test_Seq_976,0,1,"benchmark=nucleotide_transformer_downstream_tasks;dataset=splice_sites_all;matching=kmer_balanced;matching_signature=(8, 'TTT');border_estimator=center_window_kmer_jsd;estimator=center_jsd;window=48;search_radius=24;kmer=2;top_ratio=0.25;score_scale=4.0;motif_weight=0.0;motif_radius=12;score_normalization=train_quantile;raw_border_score=0.208025;border_score=0.990200",0.3467113971710205,0.3580240309238434,0.2952645719051361
test_Seq_584,0,1,"benchmark=nucleotide_transformer_downstream_tasks;dataset=splice_sites_all;matching=kmer_balanced;matching_signature=(6, 'AAA');border_estimator=center_window_kmer_jsd;estimator=center_jsd;window=48;search_radius=24;kmer=2;top_ratio=0.25;score_scale=4.0;motif_weight=0.0;motif_radius=12;score_normalization=train_quantile;raw_border_score=0.256469;border_score=1.089844",0.3666795790195465,0.40612754225730896,0.2271929234266281
test_Seq_2196,2,2,"benchmark=nucleotide_transformer_downstream_tasks;dataset=splice_sites_all;matching=kmer_balanced;matching_signature=(8, 'TTT');border_estimator=center_window_kmer_jsd;estimator=center_jsd;window=48;search_radius=24;kmer=2;top_ratio=0.25;score_scale=4.0;motif_weight=0.0;motif_radius=12;score_normalization=train_quantile;raw_border_score=0.279828;border_score=1.123756",0.1304953247308731,0.1263163834810257,0.7431883215904236
test_Seq_1637,1,2,"benchmark=nucleotide_transformer_downstream_tasks;dataset=splice_sites_all;matching=kmer_balanced;matching_signature=(12, 'CCC');border_estimator=center_window_kmer_jsd;estimator=center_jsd;window=48;search_radius=24;kmer=2;top_ratio=0.25;score_scale=4.0;motif_weight=0.0;motif_radius=12;score_normalization=train_quantile;raw_border_score=0.304285;border_score=1.149933",0.09708955883979797,0.08729755878448486,0.81561279296875
test_Seq_477,0,1,"benchmark=nucleotide_transformer_downstream_tasks;dataset=splice_sites_all;matching=kmer_balanced;matching_signature=(10, 'TGT');border_estimator=center_window_kmer_jsd;estimator=center_jsd;window=48;search_radius=24;kmer=2;top_ratio=0.25;score_scale=4.0;motif_weight=0.0;motif_radius=12;score_normalization=train_quantile;raw_border_score=0.308540;border_score=1.152689",0.3570820987224579,0.4059685170650482,0.2369493842124939
test_Seq_302,0,2,"benchmark=nucleotide_transformer_downstream_tasks;dataset=splice_sites_all;matching=kmer_balanced;matching_signature=(7, 'TTT');border_estimator=center_window_kmer_jsd;estimator=center_jsd;window=48;search_radius=24;kmer=2;top_ratio=0.25;score_scale=4.0;motif_weight=0.0;motif_radius=12;score_normalization=train_quantile;raw_border_score=0.286651;border_score=1.132200",0.27084508538246155,0.2719103693962097,0.45724451541900635
test_Seq_2100,2,2,"benchmark=nucleotide_transformer_downstream_tasks;dataset=splice_sites_all;matching=kmer_balanced;matching_signature=(5, 'TTT');border_estimator=center_window_kmer_jsd;estimator=center_jsd;window=48;search_radius=24;kmer=2;top_ratio=0.25;score_scale=4.0;motif_weight=0.0;motif_radius=12;score_normalization=train_quantile;raw_border_score=0.139664;border_score=0.831222",0.31165990233421326,0.3039189875125885,0.38442113995552063
test_Seq_405,0,2,"benchmark=nucleotide_transformer_downstream_tasks;dataset=splice_sites_all;matching=kmer_balanced;matching_signature=(7, 'TTT');border_estimator=center_window_kmer_jsd;estimator=center_jsd;window=48;search_radius=24;kmer=2;top_ratio=0.25;score_scale=4.0;motif_weight=0.0;motif_radius=12;score_normalization=train_quantile;raw_border_score=0.155026;border_score=0.857489",0.25982165336608887,0.2595237195491791,0.48065465688705444
test_Seq_1563,1,2,"benchmark=nucleotide_transformer_downstream_tasks;dataset=splice_sites_all;matching=kmer_balanced;matching_signature=(6, 'AAA');border_estimator=center_window_kmer_jsd;estimator=center_jsd;window=48;search_radius=24;kmer=2;top_ratio=0.25;score_scale=4.0;motif_weight=0.0;motif_radius=12;score_normalization=train_quantile;raw_border_score=0.292661;border_score=1.138911",0.28324148058891296,0.28737062215805054,0.4293878674507141
test_Seq_704,0,2,"benchmark=nucleotide_transformer_downstream_tasks;dataset=splice_sites_all;matching=kmer_balanced;matching_signature=(6, 'AAA');border_estimator=center_window_kmer_jsd;estimator=center_jsd;window=48;search_radius=24;kmer=2;top_ratio=0.25;score_scale=4.0;motif_weight=0.0;motif_radius=12;score_normalization=train_quantile;raw_border_score=0.356365;border_score=1.179311",0.22648917138576508,0.22499433159828186,0.5485165119171143
test_Seq_1580,1,2,"benchmark=nucleotide_transformer_downstream_tasks;dataset=splice_sites_all;matching=kmer_balanced;matching_signature=(8, 'TTT');border_estimator=center_window_kmer_jsd;estimator=center_jsd;window=48;search_radius=24;kmer=2;top_ratio=0.25;score_scale=4.0;motif_weight=0.0;motif_radius=12;score_normalization=train_quantile;raw_border_score=0.355131;border_score=1.178689",0.30406638979911804,0.32166293263435364,0.37427061796188354
test_Seq_341,0,2,"benchmark=nucleotide_transformer_downstream_tasks;dataset=splice_sites_all;matching=kmer_balanced;matching_signature=(10, 'CCT');border_estimator=center_window_kmer_jsd;estimator=center_jsd;window=48;search_radius=24;kmer=2;top_ratio=0.25;score_scale=4.0;motif_weight=0.0;motif_radius=12;score_normalization=train_quantile;raw_border_score=0.196921;border_score=0.962556",0.21268689632415771,0.20642897486686707,0.5808840990066528
test_Seq_182,0,2,"benchmark=nucleotide_transformer_downstream_tasks;dataset=splice_sites_all;matching=kmer_balanced;matching_signature=(7, 'AGA');border_estimator=center_window_kmer_jsd;estimator=center_jsd;window=48;search_radius=24;kmer=2;top_ratio=0.25;score_scale=4.0;motif_weight=0.0;motif_radius=12;score_normalization=train_quantile;raw_border_score=0.163679;border_score=0.875356",0.18147920072078705,0.17821617424488068,0.6403046250343323
test_Seq_322,0,2,"benchmark=nucleotide_transformer_downstream_tasks;dataset=splice_sites_all;matching=kmer_balanced;matching_signature=(5, 'TTT');border_estimator=center_window_kmer_jsd;estimator=center_jsd;window=48;search_radius=24;kmer=2;top_ratio=0.25;score_scale=4.0;motif_weight=0.0;motif_radius=12;score_normalization=train_quantile;raw_border_score=0.338827;border_score=1.171222",0.24740567803382874,0.24272988736629486,0.5098644495010376
test_Seq_945,0,2,"benchmark=nucleotide_transformer_downstream_tasks;dataset=splice_sites_all;matching=kmer_balanced;matching_signature=(10, 'GGA');border_estimator=center_window_kmer_jsd;estimator=center_jsd;window=48;search_radius=24;kmer=2;top_ratio=0.25;score_scale=4.0;motif_weight=0.0;motif_radius=12;score_normalization=train_quantile;raw_border_score=0.181592;border_score=0.921756",0.18125209212303162,0.18295793235301971,0.6357899308204651
test_Seq_135,0,2,"benchmark=nucleotide_transformer_downstream_tasks;dataset=splice_sites_all;matching=kmer_balanced;matching_signature=(6, 'TTT');border_estimator=center_window_kmer_jsd;estimator=center_jsd;window=48;search_radius=24;kmer=2;top_ratio=0.25;score_scale=4.0;motif_weight=0.0;motif_radius=12;score_normalization=train_quantile;raw_border_score=0.262035;border_score=1.099000",0.2319498062133789,0.22779230773448944,0.5402578711509705
test_Seq_377,0,2,"benchmark=nucleotide_transformer_downstream_tasks;dataset=splice_sites_all;matching=kmer_balanced;matching_signature=(6, 'AAA');border_estimator=center_window_kmer_jsd;estimator=center_jsd;window=48;search_radius=24;kmer=2;top_ratio=0.25;score_scale=4.0;motif_weight=0.0;motif_radius=12;score_normalization=train_quantile;raw_border_score=0.353821;border_score=1.178111",0.25989022850990295,0.25707536935806274,0.4830344319343567
test_Seq_2669,2,2,"benchmark=nucleotide_transformer_downstream_tasks;dataset=splice_sites_all;matching=kmer_balanced;matching_signature=(7, 'AAA');border_estimator=center_window_kmer_jsd;estimator=center_jsd;window=48;search_radius=24;kmer=2;top_ratio=0.25;score_scale=4.0;motif_weight=0.0;motif_radius=12;score_normalization=train_quantile;raw_border_score=0.165524;border_score=0.880111",0.2832263708114624,0.307477742433548,0.40929585695266724
test_Seq_1978,1,2,"benchmark=nucleotide_transformer_downstream_tasks;dataset=splice_sites_all;matching=kmer_balanced;matching_signature=(7, 'TTT');border_estimator=center_window_kmer_jsd;estimator=center_jsd;window=48;search_radius=24;kmer=2;top_ratio=0.25;score_scale=4.0;motif_weight=0.0;motif_radius=12;score_normalization=train_quantile;raw_border_score=0.209800;border_score=0.994733",0.2299400120973587,0.2282266616821289,0.5418334007263184
test_Seq_2235,2,2,"benchmark=nucleotide_transformer_downstream_tasks;dataset=splice_sites_all;matching=kmer_balanced;matching_signature=(10, 'CAG');border_estimator=center_window_kmer_jsd;estimator=center_jsd;window=48;search_radius=24;kmer=2;top_ratio=0.25;score_scale=4.0;motif_weight=0.0;motif_radius=12;score_normalization=train_quantile;raw_border_score=0.157919;border_score=0.862822",0.138201504945755,0.12664832174777985,0.735150158405304
test_Seq_879,0,1,"benchmark=nucleotide_transformer_downstream_tasks;dataset=splice_sites_all;matching=kmer_balanced;matching_signature=(9, 'TCT');border_estimator=center_window_kmer_jsd;estimator=center_jsd;window=48;search_radius=24;kmer=2;top_ratio=0.25;score_scale=4.0;motif_weight=0.0;motif_radius=12;score_normalization=train_quantile;raw_border_score=0.261660;border_score=1.098378",0.34212684631347656,0.37019452452659607,0.287678599357605
test_Seq_1433,1,2,"benchmark=nucleotide_transformer_downstream_tasks;dataset=splice_sites_all;matching=kmer_balanced;matching_signature=(9, 'TTT');border_estimator=center_window_kmer_jsd;estimator=center_jsd;window=48;search_radius=24;kmer=2;top_ratio=0.25;score_scale=4.0;motif_weight=0.0;motif_radius=12;score_normalization=train_quantile;raw_border_score=0.241480;border_score=1.061889",0.11483509838581085,0.10911130905151367,0.7760535478591919
test_Seq_2796,2,1,"benchmark=nucleotide_transformer_downstream_tasks;dataset=splice_sites_all;matching=kmer_balanced;matching_signature=(11, 'CAG');border_estimator=center_window_kmer_jsd;estimator=center_jsd;window=48;search_radius=24;kmer=2;top_ratio=0.25;score_scale=4.0;motif_weight=0.0;motif_radius=12;score_normalization=train_quantile;raw_border_score=0.251843;border_score=1.082067",0.346760630607605,0.35584700107574463,0.2973923087120056
test_Seq_1982,1,2,"benchmark=nucleotide_transformer_downstream_tasks;dataset=splice_sites_all;matching=kmer_balanced;matching_signature=(10, 'CTG');border_estimator=center_window_kmer_jsd;estimator=center_jsd;window=48;search_radius=24;kmer=2;top_ratio=0.25;score_scale=4.0;motif_weight=0.0;motif_radius=12;score_normalization=train_quantile;raw_border_score=0.220829;border_score=1.020689",0.2302783727645874,0.22864119708538055,0.5410803556442261
test_Seq_2279,2,2,"benchmark=nucleotide_transformer_downstream_tasks;dataset=splice_sites_all;matching=kmer_balanced;matching_signature=(12, 'CCC');border_estimator=center_window_kmer_jsd;estimator=center_jsd;window=48;search_radius=24;kmer=2;top_ratio=0.25;score_scale=4.0;motif_weight=0.0;motif_radius=12;score_normalization=train_quantile;raw_border_score=0.220306;border_score=1.019356",0.21496981382369995,0.20337872207164764,0.581651508808136
test_Seq_2542,2,2,"benchmark=nucleotide_transformer_downstream_tasks;dataset=splice_sites_all;matching=kmer_balanced;matching_signature=(7, 'AAA');border_estimator=center_window_kmer_jsd;estimator=center_jsd;window=48;search_radius=24;kmer=2;top_ratio=0.25;score_scale=4.0;motif_weight=0.0;motif_radius=12;score_normalization=train_quantile;raw_border_score=0.196878;border_score=0.962378",0.1935095340013504,0.19501377642154694,0.611476719379425
test_Seq_1979,1,2,"benchmark=nucleotide_transformer_downstream_tasks;dataset=splice_sites_all;matching=kmer_balanced;matching_signature=(12, 'GGG');border_estimator=center_window_kmer_jsd;estimator=center_jsd;window=48;search_radius=24;kmer=2;top_ratio=0.25;score_scale=4.0;motif_weight=0.0;motif_radius=12;score_normalization=train_quantile;raw_border_score=0.185841;border_score=0.932733",0.14900325238704681,0.13573908805847168,0.7152576446533203
test_Seq_895,0,1,"benchmark=nucleotide_transformer_downstream_tasks;dataset=splice_sites_all;matching=kmer_balanced;matching_signature=(8, 'TTT');border_estimator=center_window_kmer_jsd;estimator=center_jsd;window=48;search_radius=24;kmer=2;top_ratio=0.25;score_scale=4.0;motif_weight=0.0;motif_radius=12;score_normalization=train_quantile;raw_border_score=0.154048;border_score=0.855489",0.3294277787208557,0.345760703086853,0.32481148838996887
test_Seq_1995,1,1,"benchmark=nucleotide_transformer_downstream_tasks;dataset=splice_sites_all;matching=kmer_balanced;matching_signature=(12, 'GGG');border_estimator=center_window_kmer_jsd;estimator=center_jsd;window=48;search_radius=24;kmer=2;top_ratio=0.25;score_scale=4.0;motif_weight=0.0;motif_radius=12;score_normalization=train_quantile;raw_border_score=0.159370;border_score=0.866378",0.32167720794677734,0.35452699661254883,0.32379576563835144
test_Seq_2901,2,2,"benchmark=nucleotide_transformer_downstream_tasks;dataset=splice_sites_all;matching=kmer_balanced;matching_signature=(9, 'TTT');border_estimator=center_window_kmer_jsd;estimator=center_jsd;window=48;search_radius=24;kmer=2;top_ratio=0.25;score_scale=4.0;motif_weight=0.0;motif_radius=12;score_normalization=train_quantile;raw_border_score=0.282765;border_score=1.127400",0.24356196820735931,0.2402367889881134,0.5162012577056885
test_Seq_2910,2,2,"benchmark=nucleotide_transformer_downstream_tasks;dataset=splice_sites_all;matching=kmer_balanced;matching_signature=(5, 'TTT');border_estimator=center_window_kmer_jsd;estimator=center_jsd;window=48;search_radius=24;kmer=2;top_ratio=0.25;score_scale=4.0;motif_weight=0.0;motif_radius=12;score_normalization=train_quantile;raw_border_score=0.193574;border_score=0.953711",0.13038255274295807,0.13383439183235168,0.735783040523529
test_Seq_2124,2,2,"benchmark=nucleotide_transformer_downstream_tasks;dataset=splice_sites_all;matching=kmer_balanced;matching_signature=(6, 'TTT');border_estimator=center_window_kmer_jsd;estimator=center_jsd;window=48;search_radius=24;kmer=2;top_ratio=0.25;score_scale=4.0;motif_weight=0.0;motif_radius=12;score_normalization=train_quantile;raw_border_score=0.228955;border_score=1.037978",0.27861613035202026,0.28263089060783386,0.4387528896331787
test_Seq_659,0,2,"benchmark=nucleotide_transformer_downstream_tasks;dataset=splice_sites_all;matching=kmer_balanced;matching_signature=(6, 'TTT');border_estimator=center_window_kmer_jsd;estimator=center_jsd;window=48;search_radius=24;kmer=2;top_ratio=0.25;score_scale=4.0;motif_weight=0.0;motif_radius=12;score_normalization=train_quantile;raw_border_score=0.231442;border_score=1.042378",0.2643214464187622,0.2706220746040344,0.465056449174881
test_Seq_2195,2,2,"benchmark=nucleotide_transformer_downstream_tasks;dataset=splice_sites_all;matching=kmer_balanced;matching_signature=(6, 'TTT');border_estimator=center_window_kmer_jsd;estimator=center_jsd;window=48;search_radius=24;kmer=2;top_ratio=0.25;score_scale=4.0;motif_weight=0.0;motif_radius=12;score_normalization=train_quantile;raw_border_score=0.155550;border_score=0.858467",0.2202438861131668,0.21957369148731232,0.5601823925971985
test_Seq_1753,1,2,"benchmark=nucleotide_transformer_downstream_tasks;dataset=splice_sites_all;matching=kmer_balanced;matching_signature=(8, 'TTT');border_estimator=center_window_kmer_jsd;estimator=center_jsd;window=48;search_radius=24;kmer=2;top_ratio=0.25;score_scale=4.0;motif_weight=0.0;motif_radius=12;score_normalization=train_quantile;raw_border_score=0.158252;border_score=0.863267",0.15920960903167725,0.1535274088382721,0.6872629523277283
test_Seq_1380,1,1,"benchmark=nucleotide_transformer_downstream_tasks;dataset=splice_sites_all;matching=kmer_balanced;matching_signature=(10, 'CAG');border_estimator=center_window_kmer_jsd;estimator=center_jsd;window=48;search_radius=24;kmer=2;top_ratio=0.25;score_scale=4.0;motif_weight=0.0;motif_radius=12;score_normalization=train_quantile;raw_border_score=0.190882;border_score=0.946422",0.33648595213890076,0.3625505864620209,0.30096346139907837
test_Seq_2048,2,1,"benchmark=nucleotide_transformer_downstream_tasks;dataset=splice_sites_all;matching=kmer_balanced;matching_signature=(13, 'CCC');border_estimator=center_window_kmer_jsd;estimator=center_jsd;window=48;search_radius=24;kmer=2;top_ratio=0.25;score_scale=4.0;motif_weight=0.0;motif_radius=12;score_normalization=train_quantile;raw_border_score=0.099402;border_score=0.802733",0.3416512906551361,0.37285465002059937,0.28549402952194214
test_Seq_1275,1,2,"benchmark=nucleotide_transformer_downstream_tasks;dataset=splice_sites_all;matching=kmer_balanced;matching_signature=(7, 'AAA');border_estimator=center_window_kmer_jsd;estimator=center_jsd;window=48;search_radius=24;kmer=2;top_ratio=0.25;score_scale=4.0;motif_weight=0.0;motif_radius=12;score_normalization=train_quantile;raw_border_score=0.263974;border_score=1.102333",0.24636021256446838,0.2378046214580536,0.515835165977478
test_Seq_2046,2,2,"benchmark=nucleotide_transformer_downstream_tasks;dataset=splice_sites_all;matching=kmer_balanced;matching_signature=(10, 'CAG');border_estimator=center_window_kmer_jsd;estimator=center_jsd;window=48;search_radius=24;kmer=2;top_ratio=0.25;score_scale=4.0;motif_weight=0.0;motif_radius=12;score_normalization=train_quantile;raw_border_score=0.194949;border_score=0.956822",0.1392960548400879,0.13027679920196533,0.7304271459579468
test_Seq_2823,2,2,"benchmark=nucleotide_transformer_downstream_tasks;dataset=splice_sites_all;matching=kmer_balanced;matching_signature=(6, 'TTT');border_estimator=center_window_kmer_jsd;estimator=center_jsd;window=48;search_radius=24;kmer=2;top_ratio=0.25;score_scale=4.0;motif_weight=0.0;motif_radius=12;score_normalization=train_quantile;raw_border_score=0.248381;border_score=1.075756",0.2808609902858734,0.27720391750335693,0.44193509221076965
test_Seq_690,0,2,"benchmark=nucleotide_transformer_downstream_tasks;dataset=splice_sites_all;matching=kmer_balanced;matching_signature=(8, 'TTT');border_estimator=center_window_kmer_jsd;estimator=center_jsd;window=48;search_radius=24;kmer=2;top_ratio=0.25;score_scale=4.0;motif_weight=0.0;motif_radius=12;score_normalization=train_quantile;raw_border_score=0.325479;border_score=1.164067",0.2989693284034729,0.3023673892021179,0.3986632823944092
test_Seq_1173,1,2,"benchmark=nucleotide_transformer_downstream_tasks;dataset=splice_sites_all;matching=kmer_balanced;matching_signature=(8, 'TGT');border_estimator=center_window_kmer_jsd;estimator=center_jsd;window=48;search_radius=24;kmer=2;top_ratio=0.25;score_scale=4.0;motif_weight=0.0;motif_radius=12;score_normalization=train_quantile;raw_border_score=0.187630;border_score=0.937489",0.2933354675769806,0.3036082684993744,0.4030563235282898
test_Seq_2707,2,2,"benchmark=nucleotide_transformer_downstream_tasks;dataset=splice_sites_all;matching=kmer_balanced;matching_signature=(13, 'GGG');border_estimator=center_window_kmer_jsd;estimator=center_jsd;window=48;search_radius=24;kmer=2;top_ratio=0.25;score_scale=4.0;motif_weight=0.0;motif_radius=12;score_normalization=train_quantile;raw_border_score=0.064251;border_score=0.800156",0.15446576476097107,0.1611853539943695,0.6843488812446594
test_Seq_151,0,2,"benchmark=nucleotide_transformer_downstream_tasks;dataset=splice_sites_all;matching=kmer_balanced;matching_signature=(7, 'TTT');border_estimator=center_window_kmer_jsd;estimator=center_jsd;window=48;search_radius=24;kmer=2;top_ratio=0.25;score_scale=4.0;motif_weight=0.0;motif_radius=12;score_normalization=train_quantile;raw_border_score=0.160025;border_score=0.867667",0.2495572715997696,0.24359525740146637,0.5068475008010864
test_Seq_892,0,2,"benchmark=nucleotide_transformer_downstream_tasks;dataset=splice_sites_all;matching=kmer_balanced;matching_signature=(8, 'TTT');border_estimator=center_window_kmer_jsd;estimator=center_jsd;window=48;search_radius=24;kmer=2;top_ratio=0.25;score_scale=4.0;motif_weight=0.0;motif_radius=12;score_normalization=train_quantile;raw_border_score=0.181775;border_score=0.922022",0.16450530290603638,0.15384158492088318,0.6816531419754028
test_Seq_2545,2,2,"benchmark=nucleotide_transformer_downstream_tasks;dataset=splice_sites_all;matching=kmer_balanced;matching_signature=(6, 'TTT');border_estimator=center_window_kmer_jsd;estimator=center_jsd;window=48;search_radius=24;kmer=2;top_ratio=0.25;score_scale=4.0;motif_weight=0.0;motif_radius=12;score_normalization=train_quantile;raw_border_score=0.133049;border_score=0.822733",0.1814378798007965,0.17456363141536713,0.6439985036849976
test_Seq_2870,2,2,"benchmark=nucleotide_transformer_downstream_tasks;dataset=splice_sites_all;matching=kmer_balanced;matching_signature=(7, 'TTT');border_estimator=center_window_kmer_jsd;estimator=center_jsd;window=48;search_radius=24;kmer=2;top_ratio=0.25;score_scale=4.0;motif_weight=0.0;motif_radius=12;score_normalization=train_quantile;raw_border_score=0.285355;border_score=1.130733",0.317571222782135,0.31022173166275024,0.37220704555511475
test_Seq_734,0,2,"benchmark=nucleotide_transformer_downstream_tasks;dataset=splice_sites_all;matching=kmer_balanced;matching_signature=(12, 'CTG');border_estimator=center_window_kmer_jsd;estimator=center_jsd;window=48;search_radius=24;kmer=2;top_ratio=0.25;score_scale=4.0;motif_weight=0.0;motif_radius=12;score_normalization=train_quantile;raw_border_score=0.178904;border_score=0.915311",0.32422178983688354,0.3334173858165741,0.34236079454421997
test_Seq_2184,2,2,"benchmark=nucleotide_transformer_downstream_tasks;dataset=splice_sites_all;matching=kmer_balanced;matching_signature=(8, 'TTT');border_estimator=center_window_kmer_jsd;estimator=center_jsd;window=48;search_radius=24;kmer=2;top_ratio=0.25;score_scale=4.0;motif_weight=0.0;motif_radius=12;score_normalization=train_quantile;raw_border_score=0.388816;border_score=1.188067",0.10575506836175919,0.10261061787605286,0.7916342616081238
test_Seq_1186,1,2,"benchmark=nucleotide_transformer_downstream_tasks;dataset=splice_sites_all;matching=kmer_balanced;matching_signature=(6, 'TTT');border_estimator=center_window_kmer_jsd;estimator=center_jsd;window=48;search_radius=24;kmer=2;top_ratio=0.25;score_scale=4.0;motif_weight=0.0;motif_radius=12;score_normalization=train_quantile;raw_border_score=0.252033;border_score=1.082333",0.1808776557445526,0.18298394978046417,0.636138379573822
test_Seq_2254,2,2,"benchmark=nucleotide_transformer_downstream_tasks;dataset=splice_sites_all;matching=kmer_balanced;matching_signature=(9, 'TCT');border_estimator=center_window_kmer_jsd;estimator=center_jsd;window=48;search_radius=24;kmer=2;top_ratio=0.25;score_scale=4.0;motif_weight=0.0;motif_radius=12;score_normalization=train_quantile;raw_border_score=0.243268;border_score=1.066244",0.22056497633457184,0.21402491629123688,0.5654100775718689
test_Seq_1326,1,2,"benchmark=nucleotide_transformer_downstream_tasks;dataset=splice_sites_all;matching=kmer_balanced;matching_signature=(8, 'AAA');border_estimator=center_window_kmer_jsd;estimator=center_jsd;window=48;search_radius=24;kmer=2;top_ratio=0.25;score_scale=4.0;motif_weight=0.0;motif_radius=12;score_normalization=train_quantile;raw_border_score=0.225603;border_score=1.031267",0.27191829681396484,0.2803812026977539,0.44770050048828125
test_Seq_878,0,2,"benchmark=nucleotide_transformer_downstream_tasks;dataset=splice_sites_all;matching=kmer_balanced;matching_signature=(6, 'TTT');border_estimator=center_window_kmer_jsd;estimator=center_jsd;window=48;search_radius=24;kmer=2;top_ratio=0.25;score_scale=4.0;motif_weight=0.0;motif_radius=12;score_normalization=train_quantile;raw_border_score=0.323461;border_score=1.162956",0.19865818321704865,0.19509965181350708,0.6062421798706055
test_Seq_2754,2,2,"benchmark=nucleotide_transformer_downstream_tasks;dataset=splice_sites_all;matching=kmer_balanced;matching_signature=(11, 'CTG');border_estimator=center_window_kmer_jsd;estimator=center_jsd;window=48;search_radius=24;kmer=2;top_ratio=0.25;score_scale=4.0;motif_weight=0.0;motif_radius=12;score_normalization=train_quantile;raw_border_score=0.193950;border_score=0.954644",0.32520925998687744,0.32479381561279297,0.3499968945980072
test_Seq_703,0,2,"benchmark=nucleotide_transformer_downstream_tasks;dataset=splice_sites_all;matching=kmer_balanced;matching_signature=(12, 'GGG');border_estimator=center_window_kmer_jsd;estimator=center_jsd;window=48;search_radius=24;kmer=2;top_ratio=0.25;score_scale=4.0;motif_weight=0.0;motif_radius=12;score_normalization=train_quantile;raw_border_score=0.477438;border_score=1.197267",0.27847254276275635,0.2832280695438385,0.43829935789108276
test_Seq_1007,1,2,"benchmark=nucleotide_transformer_downstream_tasks;dataset=splice_sites_all;matching=kmer_balanced;matching_signature=(8, 'TTT');border_estimator=center_window_kmer_jsd;estimator=center_jsd;window=48;search_radius=24;kmer=2;top_ratio=0.25;score_scale=4.0;motif_weight=0.0;motif_radius=12;score_normalization=train_quantile;raw_border_score=0.320189;border_score=1.161267",0.2682090103626251,0.26339802145957947,0.4683929681777954
test_Seq_2955,2,2,"benchmark=nucleotide_transformer_downstream_tasks;dataset=splice_sites_all;matching=kmer_balanced;matching_signature=(6, 'TTT');border_estimator=center_window_kmer_jsd;estimator=center_jsd;window=48;search_radius=24;kmer=2;top_ratio=0.25;score_scale=4.0;motif_weight=0.0;motif_radius=12;score_normalization=train_quantile;raw_border_score=0.171584;border_score=0.895178",0.24747581779956818,0.24476197361946106,0.5077621936798096
test_Seq_1823,1,2,"benchmark=nucleotide_transformer_downstream_tasks;dataset=splice_sites_all;matching=kmer_balanced;matching_signature=(9, 'GAA');border_estimator=center_window_kmer_jsd;estimator=center_jsd;window=48;search_radius=24;kmer=2;top_ratio=0.25;score_scale=4.0;motif_weight=0.0;motif_radius=12;score_normalization=train_quantile;raw_border_score=0.162663;border_score=0.873311",0.2061256468296051,0.21485047042369843,0.5790238976478577
test_Seq_2616,2,2,"benchmark=nucleotide_transformer_downstream_tasks;dataset=splice_sites_all;matching=kmer_balanced;matching_signature=(12, 'CCC');border_estimator=center_window_kmer_jsd;estimator=center_jsd;window=48;search_radius=24;kmer=2;top_ratio=0.25;score_scale=4.0;motif_weight=0.0;motif_radius=12;score_normalization=train_quantile;raw_border_score=0.153022;border_score=0.853489",0.21248121559619904,0.19820526242256165,0.5893135666847229
test_Seq_1253,1,1,"benchmark=nucleotide_transformer_downstream_tasks;dataset=splice_sites_all;matching=kmer_balanced;matching_signature=(13, 'GGG');border_estimator=center_window_kmer_jsd;estimator=center_jsd;window=48;search_radius=24;kmer=2;top_ratio=0.25;score_scale=4.0;motif_weight=0.0;motif_radius=12;score_normalization=train_quantile;raw_border_score=0.230790;border_score=1.041044",0.3364108204841614,0.36678919196128845,0.29679998755455017
test_Seq_2916,2,2,"benchmark=nucleotide_transformer_downstream_tasks;dataset=splice_sites_all;matching=kmer_balanced;matching_signature=(10, 'CTG');border_estimator=center_window_kmer_jsd;estimator=center_jsd;window=48;search_radius=24;kmer=2;top_ratio=0.25;score_scale=4.0;motif_weight=0.0;motif_radius=12;score_normalization=train_quantile;raw_border_score=0.209638;border_score=0.994289",0.20296268165111542,0.20712223649024963,0.5899150371551514
test_Seq_1382,1,2,"benchmark=nucleotide_transformer_downstream_tasks;dataset=splice_sites_all;matching=kmer_balanced;matching_signature=(9, 'CCT');border_estimator=center_window_kmer_jsd;estimator=center_jsd;window=48;search_radius=24;kmer=2;top_ratio=0.25;score_scale=4.0;motif_weight=0.0;motif_radius=12;score_normalization=train_quantile;raw_border_score=0.193390;border_score=0.953222",0.15633893013000488,0.15156304836273193,0.6920979619026184
test_Seq_2442,2,2,"benchmark=nucleotide_transformer_downstream_tasks;dataset=splice_sites_all;matching=kmer_balanced;matching_signature=(9, 'GAA');border_estimator=center_window_kmer_jsd;estimator=center_jsd;window=48;search_radius=24;kmer=2;top_ratio=0.25;score_scale=4.0;motif_weight=0.0;motif_radius=12;score_normalization=train_quantile;raw_border_score=0.205029;border_score=0.984244",0.3111076354980469,0.33184781670570374,0.3570445775985718
test_Seq_2773,2,2,"benchmark=nucleotide_transformer_downstream_tasks;dataset=splice_sites_all;matching=kmer_balanced;matching_signature=(6, 'TTT');border_estimator=center_window_kmer_jsd;estimator=center_jsd;window=48;search_radius=24;kmer=2;top_ratio=0.25;score_scale=4.0;motif_weight=0.0;motif_radius=12;score_normalization=train_quantile;raw_border_score=0.171686;border_score=0.895711",0.23895859718322754,0.23487983644008636,0.5261615514755249
test_Seq_2533,2,2,"benchmark=nucleotide_transformer_downstream_tasks;dataset=splice_sites_all;matching=kmer_balanced;matching_signature=(6, 'TTT');border_estimator=center_window_kmer_jsd;estimator=center_jsd;window=48;search_radius=24;kmer=2;top_ratio=0.25;score_scale=4.0;motif_weight=0.0;motif_radius=12;score_normalization=train_quantile;raw_border_score=0.232495;border_score=1.044511",0.20361383259296417,0.1979026347398758,0.5984835028648376
test_Seq_1980,1,2,"benchmark=nucleotide_transformer_downstream_tasks;dataset=splice_sites_all;matching=kmer_balanced;matching_signature=(11, 'CTG');border_estimator=center_window_kmer_jsd;estimator=center_jsd;window=48;search_radius=24;kmer=2;top_ratio=0.25;score_scale=4.0;motif_weight=0.0;motif_radius=12;score_normalization=train_quantile;raw_border_score=0.341254;border_score=1.172733",0.13051660358905792,0.12518596649169922,0.744297444820404
test_Seq_506,0,2,"benchmark=nucleotide_transformer_downstream_tasks;dataset=splice_sites_all;matching=kmer_balanced;matching_signature=(8, 'TTT');border_estimator=center_window_kmer_jsd;estimator=center_jsd;window=48;search_radius=24;kmer=2;top_ratio=0.25;score_scale=4.0;motif_weight=0.0;motif_radius=12;score_normalization=train_quantile;raw_border_score=0.272069;border_score=1.113178",0.22021189332008362,0.22826384007930756,0.5515242218971252
test_Seq_2747,2,2,"benchmark=nucleotide_transformer_downstream_tasks;dataset=splice_sites_all;matching=kmer_balanced;matching_signature=(8, 'AAA');border_estimator=center_window_kmer_jsd;estimator=center_jsd;window=48;search_radius=24;kmer=2;top_ratio=0.25;score_scale=4.0;motif_weight=0.0;motif_radius=12;score_normalization=train_quantile;raw_border_score=0.155711;border_score=0.858733",0.20424458384513855,0.2042706161737442,0.591484785079956
test_Seq_1925,1,2,"benchmark=nucleotide_transformer_downstream_tasks;dataset=splice_sites_all;matching=kmer_balanced;matching_signature=(11, 'CCT');border_estimator=center_window_kmer_jsd;estimator=center_jsd;window=48;search_radius=24;kmer=2;top_ratio=0.25;score_scale=4.0;motif_weight=0.0;motif_radius=12;score_normalization=train_quantile;raw_border_score=0.170875;border_score=0.892778",0.21571041643619537,0.2141326516866684,0.5701569318771362
test_Seq_553,0,2,"benchmark=nucleotide_transformer_downstream_tasks;dataset=splice_sites_all;matching=kmer_balanced;matching_signature=(11, 'TGG');border_estimator=center_window_kmer_jsd;estimator=center_jsd;window=48;search_radius=24;kmer=2;top_ratio=0.25;score_scale=4.0;motif_weight=0.0;motif_radius=12;score_normalization=train_quantile;raw_border_score=0.324711;border_score=1.163489",0.30526161193847656,0.30511581897735596,0.38962262868881226
test_Seq_1107,1,2,"benchmark=nucleotide_transformer_downstream_tasks;dataset=splice_sites_all;matching=kmer_balanced;matching_signature=(12, 'CTG');border_estimator=center_window_kmer_jsd;estimator=center_jsd;window=48;search_radius=24;kmer=2;top_ratio=0.25;score_scale=4.0;motif_weight=0.0;motif_radius=12;score_normalization=train_quantile;raw_border_score=0.153889;border_score=0.855267",0.14977656304836273,0.13745461404323578,0.7127687931060791
test_Seq_2848,2,2,"benchmark=nucleotide_transformer_downstream_tasks;dataset=splice_sites_all;matching=kmer_balanced;matching_signature=(7, 'TTT');border_estimator=center_window_kmer_jsd;estimator=center_jsd;window=48;search_radius=24;kmer=2;top_ratio=0.25;score_scale=4.0;motif_weight=0.0;motif_radius=12;score_normalization=train_quantile;raw_border_score=0.227161;border_score=1.034778",0.22418195009231567,0.21676504611968994,0.5590530037879944
test_Seq_1559,1,2,"benchmark=nucleotide_transformer_downstream_tasks;dataset=splice_sites_all;matching=kmer_balanced;matching_signature=(11, 'CCC');border_estimator=center_window_kmer_jsd;estimator=center_jsd;window=48;search_radius=24;kmer=2;top_ratio=0.25;score_scale=4.0;motif_weight=0.0;motif_radius=12;score_normalization=train_quantile;raw_border_score=0.322485;border_score=1.162467",0.30569911003112793,0.30800455808639526,0.3862963020801544
test_Seq_13,0,2,"benchmark=nucleotide_transformer_downstream_tasks;dataset=splice_sites_all;matching=kmer_balanced;matching_signature=(12, 'GGG');border_estimator=center_window_kmer_jsd;estimator=center_jsd;window=48;search_radius=24;kmer=2;top_ratio=0.25;score_scale=4.0;motif_weight=0.0;motif_radius=12;score_normalization=train_quantile;raw_border_score=0.137800;border_score=0.828956",0.2282181829214096,0.2487725466489792,0.5230092406272888
test_Seq_1344,1,2,"benchmark=nucleotide_transformer_downstream_tasks;dataset=splice_sites_all;matching=kmer_balanced;matching_signature=(7, 'TTT');border_estimator=center_window_kmer_jsd;estimator=center_jsd;window=48;search_radius=24;kmer=2;top_ratio=0.25;score_scale=4.0;motif_weight=0.0;motif_radius=12;score_normalization=train_quantile;raw_border_score=0.207398;border_score=0.989133",0.2938690483570099,0.2949449121952057,0.4111860394477844
test_Seq_1064,1,2,"benchmark=nucleotide_transformer_downstream_tasks;dataset=splice_sites_all;matching=kmer_balanced;matching_signature=(10, 'CCC');border_estimator=center_window_kmer_jsd;estimator=center_jsd;window=48;search_radius=24;kmer=2;top_ratio=0.25;score_scale=4.0;motif_weight=0.0;motif_radius=12;score_normalization=train_quantile;raw_border_score=0.266645;border_score=1.105489",0.14074064791202545,0.1351260542869568,0.724133312702179
test_Seq_2777,2,2,"benchmark=nucleotide_transformer_downstream_tasks;dataset=splice_sites_all;matching=kmer_balanced;matching_signature=(8, 'AAA');border_estimator=center_window_kmer_jsd;estimator=center_jsd;window=48;search_radius=24;kmer=2;top_ratio=0.25;score_scale=4.0;motif_weight=0.0;motif_radius=12;score_normalization=train_quantile;raw_border_score=0.231468;border_score=1.042422",0.2317950278520584,0.23772931098937988,0.5304756164550781
test_Seq_2695,2,1,"benchmark=nucleotide_transformer_downstream_tasks;dataset=splice_sites_all;matching=kmer_balanced;matching_signature=(9, 'CTG');border_estimator=center_window_kmer_jsd;estimator=center_jsd;window=48;search_radius=24;kmer=2;top_ratio=0.25;score_scale=4.0;motif_weight=0.0;motif_radius=12;score_normalization=train_quantile;raw_border_score=0.145778;border_score=0.840022",0.3780316412448883,0.4018869996070862,0.22008132934570312
test_Seq_722,0,1,"benchmark=nucleotide_transformer_downstream_tasks;dataset=splice_sites_all;matching=kmer_balanced;matching_signature=(6, 'TTT');border_estimator=center_window_kmer_jsd;estimator=center_jsd;window=48;search_radius=24;kmer=2;top_ratio=0.25;score_scale=4.0;motif_weight=0.0;motif_radius=12;score_normalization=train_quantile;raw_border_score=0.212433;border_score=1.000511",0.34568706154823303,0.3485664129257202,0.30574652552604675
test_Seq_1955,1,2,"benchmark=nucleotide_transformer_downstream_tasks;dataset=splice_sites_all;matching=kmer_balanced;matching_signature=(9, 'CTT');border_estimator=center_window_kmer_jsd;estimator=center_jsd;window=48;search_radius=24;kmer=2;top_ratio=0.25;score_scale=4.0;motif_weight=0.0;motif_radius=12;score_normalization=train_quantile;raw_border_score=0.214812;border_score=1.005578",0.2066376507282257,0.2123645544052124,0.5809977650642395
test_Seq_495,0,2,"benchmark=nucleotide_transformer_downstream_tasks;dataset=splice_sites_all;matching=kmer_balanced;matching_signature=(6, 'TTT');border_estimator=center_window_kmer_jsd;estimator=center_jsd;window=48;search_radius=24;kmer=2;top_ratio=0.25;score_scale=4.0;motif_weight=0.0;motif_radius=12;score_normalization=train_quantile;raw_border_score=0.304143;border_score=1.149844",0.2253495752811432,0.21555893123149872,0.5590915083885193
test_Seq_1992,1,2,"benchmark=nucleotide_transformer_downstream_tasks;dataset=splice_sites_all;matching=kmer_balanced;matching_signature=(10, 'CCT');border_estimator=center_window_kmer_jsd;estimator=center_jsd;window=48;search_radius=24;kmer=2;top_ratio=0.25;score_scale=4.0;motif_weight=0.0;motif_radius=12;score_normalization=train_quantile;raw_border_score=0.171337;border_score=0.894378",0.18338772654533386,0.17870435118675232,0.6379079222679138
test_Seq_658,0,2,"benchmark=nucleotide_transformer_downstream_tasks;dataset=splice_sites_all;matching=kmer_balanced;matching_signature=(13, 'GGG');border_estimator=center_window_kmer_jsd;estimator=center_jsd;window=48;search_radius=24;kmer=2;top_ratio=0.25;score_scale=4.0;motif_weight=0.0;motif_radius=12;score_normalization=train_quantile;raw_border_score=0.176745;border_score=0.910378",0.1333695948123932,0.12579986453056335,0.7408305406570435
test_Seq_686,0,2,"benchmark=nucleotide_transformer_downstream_tasks;dataset=splice_sites_all;matching=kmer_balanced;matching_signature=(6, 'TTT');border_estimator=center_window_kmer_jsd;estimator=center_jsd;window=48;search_radius=24;kmer=2;top_ratio=0.25;score_scale=4.0;motif_weight=0.0;motif_radius=12;score_normalization=train_quantile;raw_border_score=0.347600;border_score=1.176022",0.2193281054496765,0.22297358512878418,0.5576982498168945
test_Seq_2412,2,2,"benchmark=nucleotide_transformer_downstream_tasks;dataset=splice_sites_all;matching=kmer_balanced;matching_signature=(7, 'AAA');border_estimator=center_window_kmer_jsd;estimator=center_jsd;window=48;search_radius=24;kmer=2;top_ratio=0.25;score_scale=4.0;motif_weight=0.0;motif_radius=12;score_normalization=train_quantile;raw_border_score=0.257458;border_score=1.091356",0.23954802751541138,0.23808543384075165,0.5223665833473206
